so_bao_danh,ma_tinh,diem_toan,diem_van,diem_anh
54000001,54,4.5,7.75,2.25
48000002,48,7.75,6.0,5.0
06000003,06,9.0,6.25,7.25
42000004,42,8.5,6.75,7.75
30000005,30,7.5,6.0,4.0
45000006,45,6.25,7.75,6.5
51000007,51,5.25,6.75,5.5
25000008,25,8.0,6.5,6.75
45000009,45,6.0,7.75,7.5
44000010,44,8.5,6.75,6.0
46000011,46,9.75,8.0,5.75
05000012,05,2.5,7.25,4.25
26000013,26,5.0,5.0,6.5
61000014,61,5.75,7.25,4.25
62000015,62,7.0,6.75,8.75
44000016,44,6.25,4.0,2.5
38000017,38,8.5,7.5,4.25
33000018,33,6.75,8.0,2.25
34000019,34,6.75,6.75,4.25
25000020,25,7.5,7.0,2.0
54000021,54,7.25,5.5,7.25
11000022,11,5.25,7.0,5.5
05000023,05,5.75,6.5,6.5
01000024,01,7.0,5.5,6.5
58000025,58,3.75,6.0,6.25
15000026,15,5.5,4.25,4.25
40000027,40,4.75,6.25,5.5
08000028,08,6.25,6.5,6.25
62000029,62,5.0,6.0,7.75
55000030,55,6.75,5.0,9.25
51000031,51,5.0,6.25,5.25
22000032,22,10.0,5.75,6.5
45000033,45,6.75,6.5,3.25
37000034,37,6.5,8.5,9.25
45000035,45,8.25,7.0,4.25
62000036,62,8.0,8.5,4.0
63000037,63,7.25,5.0,6.5
08000038,08,6.5,5.5,5.5
23000039,23,7.75,5.25,5.25
45000040,45,5.0,5.75,7.5
49000041,49,5.5,7.25,7.75
23000042,23,3.25,7.75,5.5
61000043,61,7.0,6.5,6.75
35000044,35,3.25,6.25,3.0
53000045,53,7.5,7.75,6.5
06000046,06,7.0,9.0,8.25
22000047,22,9.25,8.0,7.25
61000048,61,6.5,7.75,5.0
38000049,38,2.5,5.0,9.75
19000050,19,7.75,7.0,2.0
35000051,35,6.0,6.0,1.75
22000052,22,5.25,7.5,6.25
44000053,44,7.5,7.5,8.25
24000054,24,6.5,7.25,7.0
47000055,47,3.5,6.25,4.25
50000056,50,5.75,7.5,7.0
58000057,58,8.25,8.25,3.75
53000058,53,9.0,7.75,5.25
59000059,59,3.0,8.5,3.25
57000060,57,7.25,8.75,5.75
18000061,18,9.0,4.25,7.25
33000062,33,3.25,7.0,7.0
62000063,62,8.0,6.5,7.5
58000064,58,4.75,8.25,4.5
57000065,57,6.5,7.0,8.75
42000066,42,5.75,6.75,7.25
35000067,35,8.75,7.0,4.25
10000068,10,8.75,7.75,3.25
16000069,16,4.25,8.5,4.75
21000070,21,8.0,4.75,7.75
29000071,29,7.5,6.0,6.25
06000072,06,9.25,7.75,2.75
45000073,45,4.25,5.75,7.75
10000074,10,6.0,7.25,3.5
26000075,26,7.0,7.0,6.0
21000076,21,3.0,7.0,4.75
09000077,09,8.25,6.5,4.75
60000078,60,8.5,5.5,4.0
08000079,08,8.25,9.5,4.5
15000080,15,5.5,6.0,4.5
26000081,26,9.0,8.5,7.0
52000082,52,8.75,4.5,6.25
24000083,24,2.75,6.5,5.75
08000084,08,7.75,7.0,7.0
28000085,28,6.25,7.0,6.5
22000086,22,6.0,5.75,5.0
21000087,21,8.75,6.75,5.25
04000088,04,7.75,4.5,5.25
09000089,09,5.75,6.75,2.25
18000090,18,5.5,7.5,7.5
36000091,36,7.5,7.5,4.0
45000092,45,8.0,4.5,8.0
22000093,22,9.0,5.5,2.75
22000094,22,4.25,9.75,5.25
34000095,34,6.0,8.0,6.75
10000096,10,5.0,8.0,5.5
34000097,34,7.0,4.5,4.75
19000098,19,7.0,7.25,4.25
30000099,30,7.25,7.75,5.0
41000100,41,4.5,6.0,5.75
26000101,26,5.25,9.0,6.25
58000102,58,5.5,6.5,8.75
20000103,20,4.75,7.75,3.0
04000104,04,6.0,7.25,7.5
17000105,17,7.75,6.25,4.75
48000106,48,10.0,6.5,5.5
08000107,08,10.0,7.5,5.0
18000108,18,7.0,7.0,5.25
16000109,16,6.75,4.25,9.0
06000110,06,4.5,6.25,6.5
32000111,32,9.0,8.25,4.5
10000112,10,8.25,8.5,7.25
04000113,04,5.0,8.75,0.0
05000114,05,8.75,7.5,2.25
03000115,03,7.75,6.75,9.25
55000116,55,6.0,5.75,2.75
23000117,23,3.25,7.25,6.0
24000118,24,7.75,6.25,5.5
57000119,57,4.75,7.5,5.25
34000120,34,5.25,8.0,8.75
07000121,07,3.5,7.5,7.0
25000122,25,8.5,6.5,4.25
55000123,55,6.25,6.75,10.0
23000124,23,5.0,8.0,4.5
55000125,55,6.25,7.25,5.25
43000126,43,6.0,7.25,6.25
37000127,37,6.25,7.0,8.0
03000128,03,5.5,6.25,6.75
19000129,19,7.75,6.25,6.0
02000130,02,4.0,7.5,4.0
35000131,35,10.0,7.5,3.5
53000132,53,5.75,3.0,10.0
40000133,40,5.0,8.25,5.5
33000134,33,7.0,7.75,4.75
37000135,37,4.5,7.75,5.5
51000136,51,7.0,7.0,5.75
42000137,42,6.0,7.0,3.25
34000138,34,7.5,5.5,6.5
02000139,02,5.25,7.0,5.5
57000140,57,4.75,8.0,5.25
29000141,29,6.0,7.0,4.75
23000142,23,7.75,6.5,6.5
33000143,33,4.25,6.0,5.25
47000144,47,5.0,4.0,4.25
21000145,21,4.25,8.0,6.0
47000146,47,6.75,5.5,9.25
48000147,48,6.0,7.75,6.0
32000148,32,4.75,7.75,7.0
63000149,63,4.0,6.25,3.25
33000150,33,5.25,6.5,7.25
10000151,10,7.25,6.75,7.25
24000152,24,4.25,8.75,7.5
08000153,08,5.75,8.0,4.5
16000154,16,7.5,7.75,8.75
32000155,32,7.75,8.0,7.25
55000156,55,6.5,5.5,8.75
43000157,43,7.5,6.5,8.75
01000158,01,6.5,7.25,6.25
05000159,05,3.75,7.5,9.0
05000160,05,5.5,7.75,9.25
20000161,20,6.75,7.75,6.0
60000162,60,5.75,7.5,4.0
37000163,37,6.5,9.75,5.5
41000164,41,7.5,9.0,5.75
29000165,29,8.75,9.25,5.75
21000166,21,6.25,8.75,4.25
05000167,05,5.0,3.75,7.25
57000168,57,7.0,7.25,4.5
41000169,41,8.75,4.5,2.25
40000170,40,5.5,6.75,5.0
58000171,58,8.0,8.0,0.0
53000172,53,6.5,5.25,5.0
32000173,32,8.0,5.25,6.75
35000174,35,5.75,8.25,5.75
53000175,53,7.0,7.0,5.0
20000176,20,8.0,7.75,4.5
20000177,20,4.75,5.0,7.25
40000178,40,5.75,7.25,4.25
37000179,37,9.75,5.75,4.5
56000180,56,6.25,7.25,4.25
26000181,26,6.0,6.0,6.5
55000182,55,3.25,8.5,6.5
41000183,41,5.75,6.5,6.0
30000184,30,7.0,6.5,7.75
48000185,48,5.75,6.25,4.5
40000186,40,7.75,6.0,9.0
11000187,11,6.25,7.25,4.25
42000188,42,4.5,8.5,5.0
39000189,39,6.25,7.5,5.0
19000190,19,9.0,6.5,6.5
42000191,42,6.25,6.5,7.0
02000192,02,8.0,6.0,7.5
03000193,03,8.25,6.75,8.5
58000194,58,6.5,6.5,7.25
52000195,52,6.75,5.25,8.0
04000196,04,4.5,7.0,9.0
05000197,05,10.0,8.0,6.5
52000198,52,5.0,7.75,6.25
58000199,58,6.75,8.5,5.75
35000200,35,4.0,7.5,9.5
21000201,21,7.25,6.0,5.0
36000202,36,7.0,7.25,4.25
08000203,08,7.75,5.5,9.75
54000204,54,6.5,6.5,6.0
50000205,50,5.5,6.75,3.25
58000206,58,4.5,6.5,5.25
43000207,43,4.5,6.75,6.75
51000208,51,3.25,8.5,4.0
14000209,14,4.5,5.5,6.25
41000210,41,7.25,8.0,5.25
43000211,43,8.0,7.0,5.0
13000212,13,5.5,5.5,3.75
49000213,49,2.25,7.0,5.5
11000214,11,6.75,6.5,6.0
27000215,27,6.0,5.25,5.25
02000216,02,4.25,7.25,6.5
37000217,37,6.0,6.0,4.0
16000218,16,7.0,7.75,7.75
13000219,13,4.75,6.75,5.25
05000220,05,5.25,6.75,7.25
33000221,33,7.5,7.5,5.25
06000222,06,7.0,5.75,6.5
60000223,60,6.5,6.0,8.0
63000224,63,4.75,6.75,7.25
25000225,25,6.0,6.25,5.0
50000226,50,6.5,5.75,4.75
43000227,43,6.75,8.5,7.25
12000228,12,6.5,6.75,4.25
39000229,39,7.0,5.5,4.5
09000230,09,5.75,7.75,8.0
24000231,24,7.25,7.5,3.25
27000232,27,7.0,9.0,6.75
01000233,01,4.5,7.0,6.25
40000234,40,4.5,5.5,5.5
30000235,30,7.5,8.25,6.25
52000236,52,10.0,5.75,5.0
42000237,42,7.75,4.5,7.75
62000238,62,5.75,4.25,7.25
58000239,58,6.0,6.5,5.5
22000240,22,5.75,7.25,6.25
22000241,22,7.5,8.0,6.25
42000242,42,6.75,6.25,6.5
54000243,54,6.25,9.0,4.0
12000244,12,8.5,7.25,4.5
17000245,17,5.75,8.0,6.5
22000246,22,6.0,7.5,9.25
53000247,53,6.5,7.5,2.75
44000248,44,4.5,8.25,7.0
42000249,42,4.5,7.25,4.75
45000250,45,7.25,8.25,5.5
61000251,61,4.5,8.25,3.25
41000252,41,4.75,5.0,8.0
60000253,60,9.75,7.5,4.0
09000254,09,5.0,7.25,7.0
48000255,48,9.25,8.75,5.5
21000256,21,7.75,6.25,6.25
15000257,15,1.5,7.0,8.0
63000258,63,5.25,6.75,5.25
23000259,23,5.5,5.5,10.0
45000260,45,5.0,8.0,4.0
06000261,06,8.25,5.25,4.25
28000262,28,7.5,5.5,3.0
25000263,25,4.25,6.0,7.0
49000264,49,7.25,5.75,8.25
44000265,44,6.75,7.5,10.0
20000266,20,7.5,8.5,4.5
06000267,06,7.5,7.0,4.25
25000268,25,4.25,6.0,6.5
48000269,48,7.75,6.75,1.25
42000270,42,6.5,8.5,5.25
42000271,42,8.75,7.75,5.5
15000272,15,5.75,6.75,3.75
22000273,22,7.75,6.0,6.75
52000274,52,8.25,7.75,2.5
16000275,16,5.5,5.0,7.5
23000276,23,6.5,6.5,5.75
16000277,16,2.75,7.5,4.5
32000278,32,8.25,8.5,2.75
02000279,02,7.25,5.5,8.0
44000280,44,9.0,6.5,7.75
40000281,40,5.25,8.25,6.25
27000282,27,5.75,5.0,3.25
06000283,06,7.25,7.0,8.5
56000284,56,9.0,7.75,8.0
46000285,46,5.5,5.5,4.5
62000286,62,8.75,5.5,5.75
39000287,39,8.75,3.75,5.5
09000288,09,6.5,5.75,7.75
25000289,25,6.75,8.0,4.0
58000290,58,6.25,5.25,5.5
58000291,58,6.5,8.75,6.75
09000292,09,2.25,7.75,4.75
43000293,43,5.25,7.25,5.0
06000294,06,6.25,4.75,7.0
33000295,33,6.25,7.75,5.0
48000296,48,6.25,7.25,5.0
30000297,30,6.25,6.5,9.25
46000298,46,8.0,7.5,3.5
11000299,11,8.75,8.0,6.0
21000300,21,4.25,9.25,6.0
51000301,51,4.75,6.75,3.5
47000302,47,8.5,6.25,3.5
43000303,43,5.25,6.5,7.75
26000304,26,2.75,7.0,3.0
37000305,37,4.0,6.75,7.0
03000306,03,6.75,6.25,5.75
20000307,20,9.75,7.0,4.75
24000308,24,7.0,5.25,4.0
19000309,19,4.5,7.75,5.75
31000310,31,7.5,8.0,5.0
53000311,53,4.75,10.0,5.25
44000312,44,5.0,6.5,4.0
47000313,47,9.0,5.75,3.0
51000314,51,4.5,7.25,6.5
14000315,14,7.75,5.5,5.75
28000316,28,8.0,6.5,7.75
26000317,26,6.5,8.25,6.0
25000318,25,7.5,4.5,5.5
40000319,40,4.25,4.5,10.0
22000320,22,6.5,5.5,6.75
32000321,32,3.0,5.75,5.0
23000322,23,5.5,7.25,5.75
54000323,54,8.25,7.5,6.0
17000324,17,7.0,5.75,1.75
47000325,47,5.5,7.5,3.75
39000326,39,5.5,8.75,5.5
62000327,62,8.5,6.0,3.75
59000328,59,8.25,8.0,6.25
10000329,10,7.5,7.25,3.25
26000330,26,3.75,6.0,8.75
09000331,09,5.0,8.25,5.0
05000332,05,8.75,8.0,5.5
10000333,10,9.25,5.5,7.0
45000334,45,5.25,6.75,7.0
35000335,35,8.0,5.25,6.25
22000336,22,2.5,6.0,7.75
52000337,52,7.0,5.5,6.75
13000338,13,10.0,8.0,3.75
28000339,28,8.0,6.5,0.25
12000340,12,7.25,6.5,6.5
10000341,10,6.75,6.25,5.5
20000342,20,3.25,8.0,2.25
03000343,03,4.75,7.5,4.0
23000344,23,7.75,5.75,4.25
03000345,03,6.75,7.5,3.75
23000346,23,6.5,6.5,6.5
17000347,17,8.0,7.25,4.75
06000348,06,8.0,8.25,7.0
14000349,14,6.0,6.0,3.25
22000350,22,6.0,6.75,5.0
40000351,40,3.75,7.25,6.0
30000352,30,5.25,7.5,3.5
40000353,40,6.75,8.75,8.75
59000354,59,7.25,6.5,4.75
09000355,09,7.0,5.75,6.0
52000356,52,7.25,6.0,6.25
05000357,05,8.75,5.25,6.0
44000358,44,5.75,6.5,7.75
57000359,57,6.0,5.75,6.0
54000360,54,7.75,7.5,3.75
12000361,12,5.25,8.0,8.25
08000362,08,6.75,6.5,8.5
61000363,61,7.75,5.25,6.0
26000364,26,6.75,7.0,10.0
21000365,21,5.75,5.75,5.5
01000366,01,3.0,7.25,5.0
20000367,20,5.75,8.0,2.5
24000368,24,3.5,6.0,6.5
53000369,53,5.75,6.5,3.5
11000370,11,6.75,7.25,4.25
54000371,54,4.75,5.25,3.75
49000372,49,8.25,8.0,5.75
45000373,45,6.25,5.5,5.0
43000374,43,5.25,6.75,5.0
14000375,14,6.5,7.25,9.75
30000376,30,7.25,6.75,5.5
08000377,08,5.5,4.5,4.5
46000378,46,10.0,6.0,5.5
08000379,08,5.5,6.0,4.5
58000380,58,7.5,7.75,4.0
55000381,55,4.75,5.5,5.25
60000382,60,7.5,7.75,5.0
03000383,03,7.5,9.0,7.25
50000384,50,3.25,7.5,5.0
08000385,08,7.0,6.75,5.75
57000386,57,8.25,8.25,7.0
46000387,46,5.5,7.25,6.75
54000388,54,6.25,6.0,4.0
50000389,50,7.5,7.0,8.25
17000390,17,7.25,6.75,2.5
23000391,23,7.25,6.5,8.25
59000392,59,6.25,7.0,8.0
40000393,40,7.75,6.0,6.25
20000394,20,10.0,6.75,10.0
57000395,57,4.25,8.75,7.25
41000396,41,8.0,6.0,5.5
42000397,42,4.0,6.5,5.0
36000398,36,4.5,6.25,3.5
10000399,10,5.0,6.75,5.5
62000400,62,5.75,5.25,4.25
13000401,13,7.5,7.25,2.75
55000402,55,3.25,9.25,2.25
41000403,41,10.0,6.75,5.75
18000404,18,5.0,7.25,8.5
41000405,41,10.0,6.25,6.5
25000406,25,7.5,8.0,3.25
21000407,21,4.25,6.5,8.5
49000408,49,5.25,8.5,7.75
51000409,51,4.5,6.75,6.75
54000410,54,10.0,6.5,8.5
35000411,35,6.25,7.25,7.75
29000412,29,5.75,6.75,6.25
09000413,09,4.25,5.25,3.75
08000414,08,4.25,7.75,6.25
61000415,61,7.25,5.5,7.0
06000416,06,7.25,8.75,5.75
43000417,43,7.0,6.25,1.75
19000418,19,8.0,6.5,6.25
15000419,15,7.0,6.75,7.25
21000420,21,7.75,5.5,8.0
40000421,40,7.5,6.0,4.0
29000422,29,6.5,6.5,3.0
52000423,52,7.25,7.0,5.25
16000424,16,8.0,7.0,4.5
32000425,32,6.25,6.0,6.25
63000426,63,3.5,7.5,4.0
23000427,23,6.75,6.25,6.0
06000428,06,7.25,4.5,4.75
52000429,52,3.75,4.5,5.25
09000430,09,6.0,5.75,5.0
42000431,42,7.5,7.75,9.0
40000432,40,4.25,6.25,6.5
05000433,05,7.25,7.75,5.0
14000434,14,7.25,8.75,5.25
22000435,22,7.5,6.5,1.75
42000436,42,3.25,6.25,7.5
60000437,60,8.25,6.5,9.0
27000438,27,7.5,7.75,3.75
21000439,21,6.0,5.5,7.75
44000440,44,5.5,6.5,5.75
28000441,28,7.0,7.5,7.25
30000442,30,5.75,5.0,0.0
52000443,52,5.75,6.25,4.0
43000444,43,6.5,5.25,4.5
23000445,23,5.25,7.0,4.5
43000446,43,6.5,7.0,5.5
45000447,45,4.75,7.0,6.5
57000448,57,4.5,5.5,3.5
18000449,18,5.5,7.75,6.75
53000450,53,6.5,7.0,7.25
51000451,51,6.75,5.25,4.25
46000452,46,7.0,7.5,8.0
46000453,46,7.25,8.0,5.25
52000454,52,8.0,7.0,5.0
49000455,49,7.5,7.5,7.5
58000456,58,6.0,6.0,6.25
48000457,48,5.5,8.75,1.75
19000458,19,7.5,8.5,5.75
21000459,21,6.25,8.75,6.75
35000460,35,6.75,6.25,3.25
23000461,23,7.75,6.25,6.0
06000462,06,3.0,8.75,8.75
43000463,43,5.75,5.25,5.75
60000464,60,5.75,7.25,3.25
02000465,02,6.25,7.25,6.0
53000466,53,7.25,9.0,4.75
13000467,13,5.0,6.5,9.25
32000468,32,9.25,9.75,8.0
33000469,33,9.75,8.25,3.5
61000470,61,7.0,7.75,9.75
15000471,15,7.75,7.75,6.0
36000472,36,9.75,7.0,9.5
55000473,55,8.25,8.0,5.5
17000474,17,5.25,6.5,2.5
54000475,54,6.5,7.0,3.75
02000476,02,7.25,7.25,3.5
11000477,11,7.75,5.75,7.25
51000478,51,6.25,6.75,3.5
07000479,07,6.0,7.75,7.5
24000480,24,5.0,8.0,4.5
06000481,06,10.0,6.75,5.5
60000482,60,7.75,9.25,6.5
58000483,58,5.25,6.0,4.0
34000484,34,6.25,8.5,4.75
17000485,17,7.75,7.0,7.5
57000486,57,6.25,5.75,6.5
25000487,25,7.75,7.0,4.25
40000488,40,8.5,5.5,2.25
20000489,20,6.5,6.0,9.25
41000490,41,7.0,4.5,4.0
57000491,57,8.75,8.0,7.5
01000492,01,5.0,9.75,4.25
18000493,18,4.25,9.5,6.25
34000494,34,6.75,4.75,2.25
26000495,26,10.0,4.75,5.0
55000496,55,4.75,4.75,7.25
51000497,51,6.75,6.25,3.25
10000498,10,7.5,4.25,5.0
11000499,11,5.75,6.75,6.75
56000500,56,5.0,6.5,5.5
37000501,37,5.75,5.75,6.0
50000502,50,6.25,8.0,8.5
49000503,49,4.75,6.25,4.25
39000504,39,5.25,6.0,3.5
05000505,05,5.5,7.75,8.5
62000506,62,2.5,6.0,9.25
08000507,08,5.0,6.25,3.0
24000508,24,5.75,5.75,7.0
07000509,07,6.5,7.25,3.75
15000510,15,5.0,6.25,6.25
05000511,05,6.0,6.0,5.25
63000512,63,6.0,8.0,0.0
25000513,25,2.75,8.0,5.5
43000514,43,7.75,4.75,9.0
42000515,42,5.5,8.5,5.25
40000516,40,6.0,7.25,5.75
14000517,14,7.0,6.5,5.0
16000518,16,7.25,7.0,5.5
34000519,34,5.5,7.5,3.5
52000520,52,8.0,8.0,8.25
54000521,54,7.75,7.75,8.5
19000522,19,10.0,5.5,7.0
08000523,08,5.0,5.25,7.5
59000524,59,7.5,8.25,5.0
39000525,39,6.75,7.25,1.75
15000526,15,7.5,7.25,5.75
20000527,20,6.0,7.0,3.25
41000528,41,6.25,7.5,4.25
02000529,02,6.75,9.5,6.25
08000530,08,9.25,7.5,6.0
05000531,05,4.25,6.75,3.25
56000532,56,7.75,7.5,7.0
02000533,02,6.5,8.25,7.5
32000534,32,9.25,8.25,8.5
55000535,55,6.75,7.0,1.25
05000536,05,5.5,8.0,3.75
35000537,35,3.75,7.0,2.75
41000538,41,9.0,8.0,6.75
25000539,25,5.5,7.0,6.5
33000540,33,8.0,5.25,8.25
37000541,37,7.25,7.25,4.5
45000542,45,6.75,4.25,5.25
29000543,29,5.25,4.75,3.25
05000544,05,4.75,8.0,5.25
09000545,09,4.75,7.0,5.75
53000546,53,7.0,4.75,7.75
08000547,08,7.0,7.5,4.75
49000548,49,4.0,7.0,3.25
50000549,50,7.5,7.25,8.5
30000550,30,5.5,7.25,6.0
59000551,59,5.25,6.5,1.75
09000552,09,5.5,7.75,6.75
11000553,11,4.25,5.5,7.75
39000554,39,7.25,6.5,2.5
21000555,21,4.75,8.75,6.25
36000556,36,5.75,5.25,3.5
20000557,20,6.0,6.25,4.75
08000558,08,9.0,6.25,8.25
51000559,51,7.25,9.0,0.25
33000560,33,7.5,5.5,4.5
51000561,51,8.5,8.0,7.5
52000562,52,8.0,6.75,9.75
30000563,30,5.5,7.75,2.75
38000564,38,5.5,7.75,3.75
41000565,41,6.25,7.5,6.25
01000566,01,5.75,9.0,3.25
29000567,29,6.5,7.5,6.25
22000568,22,9.75,6.25,9.25
45000569,45,9.0,7.25,5.5
47000570,47,7.0,7.0,5.75
51000571,51,6.25,5.0,5.75
17000572,17,6.0,6.25,7.25
06000573,06,5.75,5.5,6.0
14000574,14,8.0,6.5,7.0
49000575,49,10.0,7.25,5.5
47000576,47,5.0,6.25,6.5
61000577,61,5.75,7.75,4.5
08000578,08,7.5,8.5,4.25
24000579,24,6.75,6.0,7.0
38000580,38,4.25,7.5,3.25
41000581,41,2.75,6.0,4.0
01000582,01,8.0,7.5,7.0
15000583,15,4.75,5.75,7.0
32000584,32,2.5,6.75,4.5
08000585,08,8.0,8.5,5.0
29000586,29,3.25,4.75,7.0
35000587,35,4.5,8.25,4.5
29000588,29,6.75,8.25,8.25
49000589,49,5.75,6.0,7.75
39000590,39,6.25,7.0,5.5
32000591,32,5.25,6.75,3.5
44000592,44,6.75,5.75,9.5
16000593,16,5.0,7.25,4.25
11000594,11,7.0,6.25,5.25
22000595,22,6.0,8.0,10.0
54000596,54,9.25,8.5,3.5
60000597,60,9.5,8.25,6.0
39000598,39,5.5,3.75,8.0
03000599,03,8.25,6.5,4.25
62000600,62,5.5,6.25,2.5
40000601,40,7.0,7.0,5.75
55000602,55,7.0,7.75,4.5
21000603,21,6.75,6.0,6.5
57000604,57,7.25,7.5,6.25
19000605,19,7.75,5.5,6.5
20000606,20,1.75,4.75,7.25
01000607,01,5.0,7.25,3.75
23000608,23,5.75,7.25,5.0
46000609,46,6.0,6.75,4.25
24000610,24,6.5,7.5,5.25
50000611,50,5.25,6.5,4.5
35000612,35,5.5,7.5,6.0
62000613,62,7.0,6.75,8.0
15000614,15,7.0,8.5,7.25
60000615,60,6.5,6.0,8.0
27000616,27,8.5,8.0,8.25
13000617,13,6.75,7.75,5.0
12000618,12,7.0,9.0,4.25
52000619,52,7.25,9.75,5.5
09000620,09,9.25,6.75,6.5
56000621,56,5.25,8.25,3.0
50000622,50,7.5,6.0,7.75
18000623,18,7.0,7.75,4.5
41000624,41,6.25,7.0,5.0
57000625,57,6.75,5.5,6.25
15000626,15,7.75,6.5,3.5
54000627,54,6.5,6.0,10.0
44000628,44,5.5,9.0,5.0
08000629,08,7.0,8.5,5.75
46000630,46,6.0,6.5,4.0
47000631,47,7.75,9.0,3.75
31000632,31,7.75,6.5,5.5
52000633,52,7.75,7.25,4.25
05000634,05,4.0,6.0,6.25
02000635,02,10.0,7.25,6.0
27000636,27,6.75,3.5,7.0
42000637,42,6.75,4.75,5.25
07000638,07,10.0,5.25,6.5
30000639,30,5.75,6.25,3.25
27000640,27,7.75,7.0,9.25
51000641,51,7.75,6.75,6.5
01000642,01,6.5,6.75,2.75
18000643,18,5.25,7.25,4.5
23000644,23,6.5,7.5,5.75
04000645,04,5.75,9.0,6.0
22000646,22,3.5,5.0,7.5
55000647,55,6.25,5.25,1.0
61000648,61,5.25,7.5,3.5
32000649,32,7.5,5.0,1.75
44000650,44,7.25,6.25,6.5
61000651,61,8.25,7.5,7.5
45000652,45,6.25,7.75,6.5
02000653,02,9.25,7.25,5.5
31000654,31,8.0,8.75,1.0
50000655,50,7.0,4.75,5.0
63000656,63,6.25,5.75,5.25
23000657,23,7.0,6.25,4.25
21000658,21,5.75,6.0,3.5
59000659,59,6.25,7.25,8.5
24000660,24,7.5,9.25,4.5
14000661,14,5.5,7.25,7.75
62000662,62,5.75,6.25,4.0
57000663,57,6.75,7.0,4.75
08000664,08,8.25,6.0,9.0
45000665,45,5.75,6.25,8.25
38000666,38,8.25,8.0,8.5
29000667,29,5.75,5.75,4.5
49000668,49,5.5,5.0,4.75
28000669,28,5.0,6.75,6.5
46000670,46,5.25,10.0,8.0
14000671,14,6.75,6.5,6.5
22000672,22,9.25,9.25,6.25
39000673,39,7.5,7.5,5.75
02000674,02,6.75,7.0,5.0
13000675,13,5.0,6.25,4.25
63000676,63,8.5,7.5,2.25
61000677,61,7.0,5.5,5.25
18000678,18,7.75,7.0,6.25
24000679,24,5.25,9.0,8.75
04000680,04,3.5,8.25,5.75
25000681,25,6.75,7.25,5.25
09000682,09,7.25,5.25,7.0
33000683,33,3.75,5.25,5.5
15000684,15,6.0,6.5,1.75
33000685,33,10.0,7.25,5.75
47000686,47,6.25,6.75,2.75
39000687,39,9.25,9.75,6.5
30000688,30,6.75,8.0,7.5
33000689,33,9.25,6.5,5.0
56000690,56,5.5,6.0,5.5
38000691,38,5.75,5.75,4.25
45000692,45,9.75,7.5,4.75
35000693,35,4.5,6.25,7.0
46000694,46,5.25,6.5,8.5
17000695,17,5.0,7.25,4.25
35000696,35,5.25,7.0,5.5
54000697,54,5.75,5.5,5.25
24000698,24,6.0,4.5,3.75
35000699,35,3.5,5.5,8.0
38000700,38,5.0,6.25,5.5
21000701,21,7.75,7.5,3.75
28000702,28,7.0,5.75,7.5
42000703,42,7.0,7.0,3.75
40000704,40,8.5,4.5,6.75
59000705,59,5.0,7.75,4.0
02000706,02,6.25,5.75,5.5
35000707,35,6.5,4.75,5.25
58000708,58,8.5,5.0,5.75
36000709,36,10.0,7.75,0.75
52000710,52,7.5,6.0,5.5
02000711,02,3.25,5.5,8.25
21000712,21,5.25,6.25,3.5
39000713,39,7.5,7.0,3.25
61000714,61,4.5,6.75,6.0
46000715,46,6.25,6.0,8.0
38000716,38,6.25,7.25,2.75
52000717,52,8.25,5.0,4.0
21000718,21,5.25,6.5,6.0
11000719,11,6.25,7.0,7.25
03000720,03,6.0,7.0,3.5
25000721,25,7.0,7.5,3.75
51000722,51,7.0,6.75,4.75
58000723,58,9.25,6.0,8.25
46000724,46,6.75,7.0,6.0
46000725,46,3.5,5.25,6.0
48000726,48,7.25,5.75,6.75
50000727,50,6.75,7.75,4.25
30000728,30,5.75,6.25,5.0
40000729,40,7.25,5.75,5.25
27000730,27,8.25,6.25,2.75
14000731,14,6.0,6.75,6.5
47000732,47,4.5,7.25,4.25
62000733,62,8.75,6.75,6.25
04000734,04,6.75,8.75,10.0
20000735,20,5.75,8.0,6.5
29000736,29,6.75,5.0,1.5
19000737,19,4.0,9.5,4.75
42000738,42,6.75,6.75,2.5
42000739,42,3.75,6.75,2.75
08000740,08,7.0,8.5,4.25
12000741,12,3.0,6.75,8.0
31000742,31,7.75,6.25,4.5
15000743,15,4.5,6.5,5.0
44000744,44,4.0,7.25,7.5
38000745,38,5.5,7.75,6.5
47000746,47,7.75,7.25,9.25
57000747,57,5.5,7.75,6.5
62000748,62,7.5,6.75,5.5
12000749,12,6.0,5.75,4.5
38000750,38,9.25,6.5,7.5
21000751,21,6.5,6.75,4.5
27000752,27,7.0,7.75,5.25
60000753,60,7.5,6.25,2.0
57000754,57,6.5,4.75,8.0
45000755,45,6.75,6.75,6.5
57000756,57,6.5,7.25,8.0
31000757,31,7.25,7.5,6.5
49000758,49,7.0,6.0,2.75
45000759,45,7.25,7.25,9.0
04000760,04,6.0,6.0,5.0
27000761,27,9.0,5.0,6.25
09000762,09,6.25,7.5,6.5
35000763,35,5.5,6.0,3.25
18000764,18,6.75,6.0,6.75
43000765,43,7.0,5.25,4.0
26000766,26,6.75,7.5,6.0
04000767,04,3.75,5.0,7.75
63000768,63,6.25,5.75,5.0
56000769,56,5.5,8.25,1.25
55000770,55,4.25,6.0,6.0
06000771,06,6.75,4.75,9.5
07000772,07,3.75,5.25,3.75
48000773,48,7.75,8.75,6.5
39000774,39,8.5,6.5,6.75
08000775,08,5.25,4.25,4.75
08000776,08,5.0,7.0,5.5
12000777,12,6.25,4.75,3.0
32000778,32,7.5,6.5,4.75
17000779,17,7.25,4.5,4.75
13000780,13,7.75,5.5,5.75
30000781,30,6.75,6.5,5.75
43000782,43,3.25,8.75,5.5
11000783,11,6.75,9.5,1.5
48000784,48,7.0,8.5,7.75
51000785,51,5.75,6.0,4.0
28000786,28,4.5,7.5,5.75
11000787,11,7.0,8.25,8.5
31000788,31,6.0,6.75,4.25
22000789,22,3.75,5.5,10.0
20000790,20,6.25,8.0,4.75
60000791,60,7.75,6.25,6.5
32000792,32,5.75,8.0,6.75
05000793,05,9.5,7.5,2.75
12000794,12,5.75,7.75,4.75
37000795,37,5.0,5.25,8.5
31000796,31,5.5,6.25,3.25
53000797,53,6.25,6.0,7.5
25000798,25,3.75,5.25,5.25
10000799,10,8.25,5.25,5.0
11000800,11,3.5,7.75,3.75
24000801,24,7.0,7.75,5.0
19000802,19,5.0,6.0,6.75
39000803,39,5.75,7.75,4.0
07000804,07,4.75,6.5,6.25
14000805,14,6.25,7.0,8.25
21000806,21,10.0,6.75,4.25
40000807,40,7.25,5.0,8.25
28000808,28,4.75,6.0,7.5
09000809,09,6.5,6.25,3.25
15000810,15,9.0,7.5,7.25
04000811,04,8.25,8.5,6.25
41000812,41,6.0,6.5,4.5
38000813,38,4.0,5.75,4.75
15000814,15,6.25,7.75,6.5
04000815,04,6.0,7.0,8.5
47000816,47,8.5,4.75,6.25
02000817,02,5.5,7.25,7.75
02000818,02,5.25,6.0,5.75
28000819,28,4.25,9.0,7.25
51000820,51,8.25,4.5,4.5
20000821,20,2.5,6.75,4.75
38000822,38,9.5,6.5,6.25
59000823,59,6.75,3.5,5.75
16000824,16,6.75,6.5,2.5
23000825,23,6.75,8.0,6.75
07000826,07,7.5,8.5,2.75
28000827,28,7.0,10.0,4.0
30000828,30,5.0,6.5,9.0
11000829,11,6.5,6.25,5.75
50000830,50,6.75,5.0,6.0
60000831,60,9.25,7.5,5.5
15000832,15,5.0,7.25,2.25
37000833,37,6.75,6.75,3.5
06000834,06,4.5,5.75,5.75
23000835,23,5.25,6.0,7.75
47000836,47,5.25,5.0,8.75
09000837,09,5.25,5.0,4.0
02000838,02,7.0,6.75,1.75
47000839,47,7.5,7.0,8.5
06000840,06,7.25,6.5,6.5
56000841,56,7.75,5.5,3.75
17000842,17,7.0,6.0,4.75
62000843,62,6.5,5.75,6.25
61000844,61,8.5,8.25,4.25
45000845,45,6.75,4.5,8.25
58000846,58,5.25,8.0,3.75
59000847,59,6.25,5.75,5.75
59000848,59,5.5,6.75,4.25
30000849,30,5.0,5.75,7.75
19000850,19,9.75,6.75,5.25
55000851,55,9.75,5.25,6.75
27000852,27,7.75,6.25,4.75
18000853,18,5.0,6.0,6.0
38000854,38,7.25,5.25,6.75
08000855,08,6.25,5.75,6.5
32000856,32,7.25,7.75,1.75
45000857,45,7.0,6.0,8.25
06000858,06,5.75,6.25,6.75
33000859,33,7.0,7.0,4.25
11000860,11,7.5,7.75,8.5
35000861,35,2.25,4.25,4.25
47000862,47,4.5,7.25,5.75
12000863,12,4.75,5.75,5.75
16000864,16,7.75,7.5,6.25
24000865,24,8.25,7.0,7.0
44000866,44,5.5,6.25,4.75
50000867,50,5.5,8.25,3.5
63000868,63,4.25,7.75,5.25
02000869,02,6.75,6.0,8.5
38000870,38,5.25,6.5,2.5
42000871,42,8.75,5.0,3.5
41000872,41,6.0,9.25,6.75
54000873,54,7.75,7.25,7.25
12000874,12,3.75,5.0,5.0
39000875,39,6.5,6.5,7.25
29000876,29,6.75,6.5,4.0
59000877,59,4.5,7.75,8.25
49000878,49,6.25,6.75,5.25
41000879,41,7.0,6.75,5.5
31000880,31,6.75,7.0,4.5
36000881,36,5.25,8.75,9.0
43000882,43,8.5,7.25,4.25
48000883,48,5.0,6.25,8.0
53000884,53,3.25,7.75,8.75
04000885,04,5.75,8.75,3.5
02000886,02,4.5,7.25,3.0
06000887,06,8.0,7.75,1.5
08000888,08,8.0,7.5,4.25
34000889,34,6.0,7.5,6.75
41000890,41,8.25,8.25,9.0
08000891,08,1.5,7.25,2.5
25000892,25,5.0,7.75,8.5
37000893,37,6.0,6.0,7.0
40000894,40,4.25,6.75,7.75
14000895,14,4.5,7.0,3.5
57000896,57,6.0,5.5,5.75
56000897,56,6.0,5.25,5.75
45000898,45,5.5,5.5,4.75
46000899,46,3.75,5.5,8.75
02000900,02,6.25,7.5,5.0
25000901,25,5.0,6.75,5.0
56000902,56,7.75,6.75,7.5
02000903,02,6.25,6.25,1.25
54000904,54,6.25,7.0,2.75
09000905,09,5.5,5.75,7.0
51000906,51,7.5,8.5,4.25
18000907,18,5.25,6.25,7.5
02000908,02,7.75,4.75,4.5
54000909,54,10.0,6.25,4.75
08000910,08,9.25,5.75,4.75
22000911,22,6.25,6.5,9.5
39000912,39,5.75,5.75,4.0
30000913,30,5.25,5.75,5.0
09000914,09,5.0,7.25,5.25
41000915,41,3.0,9.5,3.75
63000916,63,9.5,7.75,9.5
46000917,46,5.75,4.75,6.75
36000918,36,8.25,5.5,6.5
47000919,47,7.75,7.0,4.5
16000920,16,8.25,8.0,4.75
18000921,18,8.0,5.5,8.25
29000922,29,7.5,6.25,8.5
38000923,38,9.5,8.5,8.25
21000924,21,5.5,8.25,8.0
14000925,14,8.0,7.25,8.75
46000926,46,6.0,6.75,5.0
56000927,56,7.75,10.0,6.75
30000928,30,8.25,7.25,7.5
24000929,24,6.75,6.25,4.25
05000930,05,7.0,8.25,5.75
03000931,03,8.0,6.5,2.75
12000932,12,5.0,7.0,6.75
37000933,37,5.0,5.5,6.25
34000934,34,5.5,6.25,5.5
50000935,50,7.25,7.25,4.75
01000936,01,5.5,6.25,6.25
16000937,16,9.0,6.5,6.0
53000938,53,5.5,6.25,3.25
21000939,21,9.75,6.75,4.0
13000940,13,5.25,6.0,4.25
57000941,57,8.5,6.5,10.0
39000942,39,4.5,8.25,5.25
51000943,51,6.25,6.25,3.25
26000944,26,7.75,4.75,5.75
28000945,28,8.0,8.25,8.0
30000946,30,9.0,8.0,6.25
07000947,07,6.0,5.0,2.0
35000948,35,7.25,4.5,6.5
36000949,36,7.5,7.0,5.75
63000950,63,4.25,6.25,0.75
16000951,16,7.5,7.25,6.75
40000952,40,5.0,5.75,2.75
10000953,10,6.0,8.0,2.5
45000954,45,10.0,10.0,6.0
27000955,27,5.25,6.0,7.75
45000956,45,6.75,6.5,5.25
11000957,11,5.75,6.25,6.5
19000958,19,6.25,7.75,1.75
23000959,23,5.0,7.25,3.75
47000960,47,7.5,7.75,6.5
17000961,17,4.75,6.5,7.25
62000962,62,9.75,8.5,3.5
32000963,32,5.75,6.0,6.0
08000964,08,9.0,3.5,4.0
26000965,26,5.75,7.0,3.75
09000966,09,8.0,4.5,4.5
13000967,13,5.0,6.5,4.75
04000968,04,4.75,7.5,6.25
42000969,42,7.5,6.25,6.25
31000970,31,7.0,7.0,4.75
49000971,49,4.5,6.5,5.25
16000972,16,3.25,8.0,4.5
44000973,44,7.5,8.0,3.75
47000974,47,5.5,7.25,5.0
43000975,43,8.25,7.0,7.25
25000976,25,5.75,6.25,5.25
09000977,09,4.75,5.5,7.25
08000978,08,7.25,9.0,4.0
46000979,46,5.25,7.0,6.25
40000980,40,5.25,7.25,5.5
34000981,34,7.25,8.0,5.5
63000982,63,4.5,6.0,3.25
01000983,01,6.5,7.0,5.25
41000984,41,10.0,4.5,8.5
35000985,35,6.5,5.25,5.25
36000986,36,4.25,7.75,5.25
34000987,34,6.75,7.25,1.0
01000988,01,6.25,7.25,4.25
08000989,08,6.25,6.25,6.5
30000990,30,4.75,6.5,7.5
12000991,12,4.75,7.5,4.75
33000992,33,5.25,2.75,7.25
57000993,57,4.25,7.0,7.5
18000994,18,7.0,5.25,5.5
39000995,39,6.0,5.25,4.0
38000996,38,5.5,6.5,6.25
49000997,49,4.0,6.25,9.0
08000998,08,5.5,8.5,6.25
43000999,43,5.25,8.75,6.0
55001000,55,3.25,8.5,5.5
06001001,06,5.75,4.75,5.75
47001002,47,8.5,6.5,6.75
22001003,22,4.25,6.25,4.25
13001004,13,8.0,7.5,5.5
31001005,31,4.0,6.0,3.75
22001006,22,8.75,6.75,8.0
27001007,27,4.5,6.5,8.0
46001008,46,5.25,7.5,4.25
41001009,41,6.25,6.25,5.25
04001010,04,8.25,7.5,7.5
53001011,53,7.25,6.5,6.25
05001012,05,6.75,8.0,5.75
20001013,20,6.75,8.5,6.5
53001014,53,5.0,7.25,6.25
19001015,19,6.75,7.0,7.25
56001016,56,5.75,8.75,5.5
33001017,33,8.75,7.25,3.75
51001018,51,5.25,7.5,7.0
08001019,08,6.5,6.5,4.25
49001020,49,4.75,5.75,5.5
46001021,46,3.5,4.25,4.5
53001022,53,4.75,7.0,4.75
06001023,06,9.5,5.75,5.25
10001024,10,9.5,5.0,5.0
01001025,01,4.5,7.75,4.5
28001026,28,9.0,6.5,7.0
21001027,21,6.5,6.25,5.75
10001028,10,6.25,6.0,3.0
53001029,53,6.5,6.75,8.75
15001030,15,5.0,6.5,7.0
27001031,27,7.25,7.5,3.75
26001032,26,6.5,6.75,6.75
59001033,59,6.0,6.25,9.5
22001034,22,7.5,7.25,4.25
52001035,52,6.5,5.0,6.75
02001036,02,8.25,6.25,8.25
09001037,09,3.5,9.0,4.25
41001038,41,7.5,6.25,4.25
17001039,17,3.25,6.75,6.25
18001040,18,7.25,7.25,6.25
06001041,06,6.5,6.0,5.5
03001042,03,4.25,5.0,5.0
57001043,57,6.0,6.0,6.0
19001044,19,7.75,6.25,4.25
32001045,32,4.5,5.0,5.75
35001046,35,5.25,6.25,3.25
61001047,61,7.75,6.25,3.75
59001048,59,4.75,8.75,6.0
43001049,43,8.5,8.0,4.0
36001050,36,7.0,8.0,4.25
61001051,61,9.25,7.25,4.0
14001052,14,4.25,6.75,4.25
36001053,36,3.25,6.5,10.0
09001054,09,6.5,6.5,6.0
13001055,13,8.5,5.25,4.5
30001056,30,7.25,6.25,3.5
47001057,47,9.0,8.0,3.5
08001058,08,4.25,7.5,3.75
55001059,55,4.5,7.75,2.25
34001060,34,7.5,7.25,7.0
47001061,47,4.5,9.5,4.75
01001062,01,6.25,7.25,7.0
61001063,61,10.0,4.5,4.0
46001064,46,7.5,8.5,4.75
53001065,53,6.75,7.25,5.75
17001066,17,8.75,7.25,5.5
19001067,19,7.0,6.5,7.75
39001068,39,7.75,6.75,4.5
59001069,59,5.5,7.0,5.25
55001070,55,7.5,6.0,5.75
33001071,33,7.25,7.25,6.0
11001072,11,7.0,8.25,3.25
01001073,01,6.25,7.0,6.25
45001074,45,6.25,8.5,6.25
32001075,32,7.0,7.0,9.75
56001076,56,6.0,5.75,5.25
46001077,46,7.5,7.5,8.25
40001078,40,6.5,7.5,4.5
10001079,10,8.0,8.5,4.75
54001080,54,4.75,7.0,0.0
43001081,43,7.5,7.0,7.25
37001082,37,8.0,5.5,5.0
24001083,24,7.0,7.75,5.75
28001084,28,5.0,5.5,2.5
52001085,52,6.0,5.5,0.0
41001086,41,5.25,7.5,3.75
38001087,38,6.25,7.0,5.0
38001088,38,6.5,7.75,5.0
28001089,28,9.5,7.5,6.25
18001090,18,10.0,6.0,2.75
05001091,05,6.25,7.25,7.25
39001092,39,6.0,6.0,3.0
35001093,35,4.5,8.25,6.0
43001094,43,5.25,6.75,3.5
16001095,16,7.75,6.25,7.0
59001096,59,5.5,6.75,4.0
52001097,52,4.0,4.75,6.5
34001098,34,4.75,5.25,7.75
48001099,48,8.25,6.0,5.5
20001100,20,9.75,7.25,1.75
46001101,46,7.25,9.25,6.5
11001102,11,8.0,7.25,4.75
13001103,13,5.0,7.5,8.0
36001104,36,6.0,6.0,5.25
36001105,36,6.25,6.5,3.75
56001106,56,5.5,7.25,5.0
14001107,14,8.5,6.0,6.5
08001108,08,5.75,5.0,5.5
18001109,18,3.5,8.5,5.5
39001110,39,5.75,8.0,6.75
49001111,49,7.5,7.5,5.25
62001112,62,8.25,6.75,4.25
42001113,42,6.0,7.5,3.75
14001114,14,5.0,8.25,6.25
58001115,58,7.5,6.25,6.25
44001116,44,6.5,5.75,6.75
51001117,51,6.5,4.75,4.0
20001118,20,9.0,7.0,4.5
36001119,36,5.75,7.5,0.75
50001120,50,5.0,6.0,7.0
51001121,51,7.25,6.75,7.75
44001122,44,5.5,6.0,5.5
32001123,32,7.25,5.5,2.75
10001124,10,6.0,6.75,8.25
10001125,10,8.25,6.25,6.0
09001126,09,8.5,7.25,5.0
02001127,02,7.75,8.0,6.5
47001128,47,3.5,9.25,5.0
23001129,23,7.5,8.25,8.25
60001130,60,8.5,6.25,8.25
48001131,48,5.5,6.0,4.75
14001132,14,7.0,6.5,3.0
50001133,50,8.5,10.0,4.5
60001134,60,5.25,8.5,4.75
47001135,47,6.5,7.0,10.0
18001136,18,5.75,6.25,9.5
52001137,52,3.75,5.25,5.5
62001138,62,4.5,6.75,8.75
62001139,62,7.5,6.25,6.0
02001140,02,5.25,8.0,3.5
61001141,61,6.0,7.0,5.75
27001142,27,8.25,6.0,6.75
50001143,50,4.0,6.5,4.0
30001144,30,5.75,7.5,5.5
49001145,49,5.5,7.25,8.75
31001146,31,5.5,7.75,4.25
26001147,26,7.75,4.5,5.75
25001148,25,8.0,9.0,6.25
46001149,46,8.25,7.0,6.0
43001150,43,6.0,8.5,6.5
21001151,21,6.5,6.0,5.75
06001152,06,6.5,7.0,4.5
38001153,38,4.75,7.5,5.75
60001154,60,5.25,6.25,1.0
28001155,28,7.5,7.25,10.0
09001156,09,9.5,7.5,3.75
50001157,50,5.25,7.5,7.75
37001158,37,8.5,10.0,5.0
11001159,11,6.0,6.75,4.75
36001160,36,4.5,4.5,3.5
32001161,32,7.0,6.0,0.0
34001162,34,10.0,6.5,5.25
29001163,29,7.25,6.25,7.5
22001164,22,3.0,6.0,6.25
62001165,62,6.5,7.25,5.25
45001166,45,2.75,6.0,6.0
21001167,21,3.75,6.75,4.0
55001168,55,3.5,4.75,5.25
44001169,44,5.5,5.75,4.5
16001170,16,7.25,7.75,7.25
49001171,49,8.25,5.75,6.0
46001172,46,6.5,3.75,5.0
48001173,48,2.0,6.75,10.0
54001174,54,9.25,6.25,8.25
01001175,01,7.0,8.75,6.5
01001176,01,7.75,7.25,10.0
09001177,09,5.5,6.75,4.5
44001178,44,6.75,6.75,7.25
32001179,32,6.75,6.25,7.75
31001180,31,10.0,6.0,5.25
05001181,05,3.5,5.75,4.25
32001182,32,3.5,7.25,6.25
14001183,14,7.0,7.25,6.0
01001184,01,4.25,6.75,4.75
40001185,40,4.5,5.75,5.0
14001186,14,5.25,6.75,3.25
45001187,45,6.0,8.0,5.25
09001188,09,6.25,6.0,5.5
50001189,50,8.5,8.5,3.0
38001190,38,7.0,7.0,3.0
24001191,24,5.25,6.25,6.0
51001192,51,6.25,6.0,7.25
18001193,18,6.0,6.5,3.25
41001194,41,6.25,7.25,3.25
03001195,03,7.25,6.75,8.25
05001196,05,4.5,8.5,5.5
04001197,04,7.25,6.75,7.75
11001198,11,5.75,4.5,5.75
53001199,53,7.0,7.25,4.5
58001200,58,5.0,8.0,5.75
02001201,02,3.5,6.5,6.0
08001202,08,4.0,7.0,3.0
57001203,57,8.25,8.5,5.5
20001204,20,6.25,9.0,1.5
16001205,16,6.75,7.25,6.75
56001206,56,4.75,8.25,6.25
55001207,55,7.0,8.0,8.0
45001208,45,6.25,6.5,3.5
61001209,61,6.75,6.0,5.0
62001210,62,9.0,8.0,4.5
61001211,61,7.5,6.75,3.5
10001212,10,7.75,5.75,2.25
30001213,30,5.25,7.75,6.0
51001214,51,8.25,6.5,6.25
33001215,33,5.25,7.25,7.0
13001216,13,9.25,7.5,8.25
39001217,39,8.25,6.5,6.5
49001218,49,8.75,6.25,7.25
24001219,24,8.75,7.25,5.0
48001220,48,4.5,7.25,6.75
31001221,31,5.5,7.25,4.0
55001222,55,6.0,8.75,1.5
45001223,45,9.75,6.5,2.75
32001224,32,8.25,6.5,4.25
63001225,63,5.25,7.75,7.25
10001226,10,7.0,6.25,5.75
11001227,11,7.0,6.75,6.75
36001228,36,4.25,8.25,9.0
22001229,22,6.0,7.25,3.0
36001230,36,3.75,5.75,5.0
15001231,15,4.75,5.75,6.5
46001232,46,5.75,7.0,4.5
01001233,01,7.25,8.0,6.25
43001234,43,2.0,5.5,8.0
47001235,47,8.25,6.0,2.75
46001236,46,8.75,7.0,2.75
47001237,47,4.5,7.75,5.75
52001238,52,6.0,6.25,6.75
45001239,45,8.0,7.25,5.75
29001240,29,7.5,6.0,10.0
38001241,38,6.25,6.0,8.0
25001242,25,5.5,5.25,5.25
50001243,50,6.5,7.5,6.0
52001244,52,5.75,5.25,1.75
12001245,12,6.75,5.75,4.0
42001246,42,8.5,7.0,3.25
54001247,54,6.75,6.75,6.25
08001248,08,6.0,9.5,8.5
54001249,54,4.5,6.5,6.25
41001250,41,5.5,7.25,3.5
06001251,06,6.75,9.0,5.5
15001252,15,7.0,7.75,5.25
47001253,47,7.25,7.5,6.25
43001254,43,8.0,7.5,9.0
22001255,22,6.25,5.75,8.75
14001256,14,5.75,7.25,1.5
03001257,03,4.5,7.25,5.25
04001258,04,4.75,8.5,5.5
48001259,48,7.25,4.75,7.25
39001260,39,8.5,5.25,4.25
26001261,26,4.5,6.75,8.25
14001262,14,4.5,7.75,6.25
59001263,59,7.0,6.0,8.25
07001264,07,6.0,7.0,6.25
27001265,27,6.5,6.25,3.75
37001266,37,5.5,6.5,8.0
54001267,54,4.5,8.0,8.0
40001268,40,2.75,7.0,6.75
14001269,14,4.5,6.75,8.25
14001270,14,4.25,5.25,9.25
35001271,35,10.0,8.25,6.0
49001272,49,9.5,5.25,7.75
24001273,24,6.25,6.5,6.75
43001274,43,7.0,6.0,5.25
51001275,51,7.5,5.25,6.5
48001276,48,6.25,6.75,5.5
25001277,25,8.0,6.75,7.5
33001278,33,8.75,6.0,6.25
12001279,12,8.0,5.5,4.5
42001280,42,6.25,8.0,7.25
33001281,33,5.25,6.75,6.0
58001282,58,6.0,4.75,5.5
46001283,46,7.25,6.5,6.75
18001284,18,7.5,6.25,6.0
51001285,51,8.75,5.25,6.5
53001286,53,8.5,7.5,9.5
63001287,63,8.5,7.25,4.75
52001288,52,6.25,8.25,8.0
34001289,34,5.0,6.25,4.75
50001290,50,4.75,7.75,6.25
48001291,48,7.0,6.5,7.25
52001292,52,5.75,5.5,6.5
11001293,11,4.5,6.75,6.25
22001294,22,6.75,5.75,4.75
56001295,56,5.75,8.75,4.0
08001296,08,7.0,6.25,4.75
55001297,55,5.75,7.25,6.5
23001298,23,6.75,5.75,6.75
24001299,24,7.25,8.5,5.5
52001300,52,7.25,8.25,4.0
17001301,17,7.0,8.25,6.0
16001302,16,6.5,7.5,5.0
24001303,24,4.25,8.0,6.0
02001304,02,5.0,8.75,9.25
56001305,56,9.5,5.0,7.5
57001306,57,6.0,7.0,5.75
52001307,52,3.75,5.75,4.75
28001308,28,6.75,7.5,7.75
29001309,29,7.25,3.75,4.25
16001310,16,6.25,7.75,4.0
10001311,10,7.0,9.75,5.25
03001312,03,6.25,7.25,1.5
48001313,48,8.75,5.75,9.25
56001314,56,6.0,3.0,3.75
30001315,30,6.75,8.0,6.0
03001316,03,3.0,7.5,6.0
15001317,15,8.5,10.0,5.5
40001318,40,6.25,6.5,4.5
48001319,48,5.75,8.5,6.0
26001320,26,7.75,7.25,5.25
37001321,37,7.25,8.75,6.75
09001322,09,5.0,6.75,6.25
17001323,17,6.5,6.25,3.0
22001324,22,4.0,6.5,8.0
10001325,10,5.75,5.25,6.25
53001326,53,9.25,4.75,3.75
13001327,13,7.0,8.5,7.75
26001328,26,6.0,7.0,3.5
45001329,45,6.75,5.5,9.25
13001330,13,7.5,8.25,2.25
51001331,51,3.0,8.25,5.5
33001332,33,5.25,6.75,6.25
62001333,62,10.0,8.75,3.5
06001334,06,6.0,5.75,8.25
42001335,42,4.5,6.5,5.25
18001336,18,2.75,5.0,5.5
51001337,51,8.5,7.25,7.0
44001338,44,7.5,7.5,5.25
21001339,21,6.0,7.0,7.25
30001340,30,3.25,7.0,3.5
43001341,43,4.75,7.25,3.5
20001342,20,8.0,4.75,5.5
37001343,37,7.5,9.0,7.25
45001344,45,5.75,6.25,5.25
52001345,52,6.25,8.0,5.25
36001346,36,9.0,7.5,6.75
03001347,03,6.0,7.5,6.25
23001348,23,7.0,8.25,4.25
43001349,43,6.25,7.0,5.5
57001350,57,4.75,5.5,6.75
40001351,40,5.5,8.25,4.25
55001352,55,5.5,6.0,5.0
03001353,03,6.0,7.25,3.0
60001354,60,5.75,8.0,6.0
10001355,10,4.25,5.5,5.5
57001356,57,6.25,7.25,5.0
62001357,62,8.25,4.25,3.5
01001358,01,6.0,7.5,7.0
04001359,04,6.75,7.25,6.5
21001360,21,6.75,6.25,3.75
31001361,31,8.75,8.75,8.75
50001362,50,8.5,6.75,2.5
27001363,27,8.5,6.25,7.75
12001364,12,10.0,7.25,5.5
22001365,22,7.0,6.75,5.0
56001366,56,6.75,7.25,5.75
09001367,09,5.75,6.5,9.5
15001368,15,7.75,7.75,6.5
42001369,42,3.5,7.5,6.0
20001370,20,6.5,5.0,4.5
33001371,33,6.5,5.75,4.75
18001372,18,8.0,5.5,9.25
36001373,36,6.0,6.25,5.25
57001374,57,9.75,6.25,3.5
41001375,41,9.25,8.0,4.5
37001376,37,8.25,9.75,4.0
42001377,42,6.0,8.0,6.25
22001378,22,8.0,6.25,6.5
05001379,05,6.75,7.75,8.0
61001380,61,5.0,3.25,4.0
57001381,57,9.25,8.25,5.5
16001382,16,6.75,4.25,7.25
49001383,49,3.5,6.25,7.5
13001384,13,6.75,4.75,6.5
06001385,06,8.75,5.25,7.0
30001386,30,4.75,8.0,9.0
36001387,36,5.75,4.0,8.0
41001388,41,5.25,7.25,4.75
39001389,39,3.0,7.25,2.75
42001390,42,5.5,5.5,5.5
50001391,50,6.75,6.75,4.5
44001392,44,7.5,8.25,8.0
37001393,37,5.0,7.75,5.25
32001394,32,5.25,8.5,4.75
49001395,49,6.75,7.0,4.25
41001396,41,8.25,7.25,4.5
38001397,38,7.5,7.0,5.0
39001398,39,8.5,8.0,8.0
45001399,45,7.5,7.25,9.5
16001400,16,7.75,5.75,5.75
33001401,33,4.75,7.75,6.25
42001402,42,6.0,8.75,4.25
19001403,19,3.5,6.0,7.5
18001404,18,7.5,7.75,5.75
06001405,06,9.5,7.25,4.75
63001406,63,5.0,6.25,6.75
12001407,12,4.0,4.75,4.5
53001408,53,7.0,6.75,4.25
01001409,01,6.75,5.5,5.25
51001410,51,5.5,7.0,8.25
15001411,15,8.75,7.25,8.5
50001412,50,6.25,7.25,6.0
51001413,51,10.0,8.0,7.25
15001414,15,6.75,7.75,6.25
63001415,63,6.5,4.75,5.5
39001416,39,5.5,6.5,6.75
49001417,49,7.75,7.5,5.75
59001418,59,7.0,4.0,7.0
51001419,51,4.75,7.5,2.25
46001420,46,7.25,8.0,5.25
43001421,43,7.5,7.5,6.0
62001422,62,5.25,5.5,5.25
60001423,60,5.75,9.0,6.0
30001424,30,6.0,5.0,0.25
49001425,49,6.25,7.25,3.75
50001426,50,5.75,7.5,3.5
14001427,14,5.75,6.5,6.25
57001428,57,5.5,5.0,2.5
35001429,35,8.0,8.75,8.0
48001430,48,8.75,5.0,4.25
34001431,34,8.0,6.25,6.0
02001432,02,7.0,7.25,6.5
54001433,54,8.25,7.5,4.75
15001434,15,7.25,5.5,6.25
43001435,43,6.25,7.0,3.75
47001436,47,7.0,8.0,7.75
14001437,14,7.75,8.75,7.0
54001438,54,5.5,9.5,7.25
51001439,51,8.0,7.5,5.0
63001440,63,6.5,6.5,2.75
24001441,24,5.0,6.75,7.0
01001442,01,6.25,8.25,3.25
50001443,50,9.0,6.75,7.5
61001444,61,6.5,6.25,4.75
16001445,16,6.5,6.0,6.75
27001446,27,6.25,6.5,3.5
22001447,22,7.75,9.25,6.25
39001448,39,5.5,8.0,8.5
13001449,13,5.0,6.0,6.5
27001450,27,6.25,7.25,6.0
33001451,33,6.25,5.25,4.5
60001452,60,6.5,8.25,4.75
55001453,55,7.25,7.25,2.0
50001454,50,7.25,8.0,5.75
15001455,15,7.0,6.75,5.0
44001456,44,8.0,7.25,4.5
44001457,44,8.0,9.0,4.0
37001458,37,9.5,8.0,7.0
11001459,11,9.5,6.75,5.25
48001460,48,4.75,5.0,4.5
36001461,36,9.75,6.75,6.75
21001462,21,8.25,6.25,2.25
13001463,13,3.0,5.75,6.75
54001464,54,7.25,8.5,6.75
10001465,10,6.0,8.75,6.25
05001466,05,4.0,6.75,7.25
05001467,05,8.25,6.5,7.25
35001468,35,6.75,6.0,5.75
47001469,47,7.75,6.25,5.25
42001470,42,5.5,7.25,5.75
07001471,07,8.25,6.25,4.0
07001472,07,4.5,3.75,5.5
17001473,17,5.5,5.25,5.5
25001474,25,6.0,10.0,4.0
34001475,34,5.75,6.75,7.0
09001476,09,4.75,6.75,5.75
04001477,04,5.25,7.25,7.0
10001478,10,6.25,9.5,6.0
12001479,12,4.75,7.75,9.25
46001480,46,6.25,6.5,6.75
27001481,27,5.75,7.5,4.75
17001482,17,6.25,6.25,5.5
58001483,58,3.75,5.5,3.75
08001484,08,6.25,8.25,4.25
36001485,36,5.75,5.75,4.5
62001486,62,4.5,7.5,7.5
53001487,53,8.25,6.5,4.75
45001488,45,9.5,5.5,5.5
45001489,45,4.0,8.25,7.0
42001490,42,6.75,7.0,8.0
16001491,16,6.75,8.0,5.25
50001492,50,5.75,9.0,4.25
41001493,41,3.0,9.25,3.0
04001494,04,7.5,6.5,6.75
10001495,10,5.5,7.75,6.75
37001496,37,7.0,5.5,7.75
55001497,55,6.75,8.75,4.75
39001498,39,8.75,7.0,6.75
39001499,39,3.75,6.25,5.0
45001500,45,6.5,6.5,5.0
48001501,48,6.25,7.0,5.5
04001502,04,7.75,7.25,4.5
31001503,31,7.0,6.75,5.25
29001504,29,4.0,6.75,7.25
42001505,42,6.75,7.25,8.0
34001506,34,6.75,7.25,6.0
28001507,28,3.25,7.5,8.25
43001508,43,7.25,5.5,6.5
16001509,16,6.25,6.75,4.25
42001510,42,9.75,7.25,5.25
09001511,09,6.5,7.0,6.75
59001512,59,7.0,5.0,3.5
39001513,39,5.75,8.25,8.5
24001514,24,5.75,6.25,9.5
03001515,03,5.25,7.25,5.5
06001516,06,4.25,8.0,7.5
34001517,34,7.0,5.25,2.25
28001518,28,6.0,7.25,3.0
24001519,24,9.25,5.75,5.5
38001520,38,5.25,5.75,6.25
11001521,11,7.0,5.0,5.25
13001522,13,5.75,8.0,5.75
27001523,27,7.5,6.25,8.25
50001524,50,6.5,6.75,5.25
37001525,37,7.25,5.75,5.5
48001526,48,5.0,8.0,7.75
40001527,40,8.5,6.75,8.5
06001528,06,8.25,5.5,5.25
12001529,12,8.25,5.0,8.5
25001530,25,7.25,4.5,6.5
55001531,55,6.75,6.0,4.5
38001532,38,5.5,7.0,5.0
26001533,26,8.75,8.5,5.5
16001534,16,8.25,6.5,5.0
52001535,52,2.75,7.75,6.25
56001536,56,6.0,7.25,5.75
26001537,26,5.25,7.75,6.75
17001538,17,4.25,6.75,4.25
50001539,50,8.25,7.0,5.5
60001540,60,6.25,10.0,7.5
50001541,50,7.5,5.0,7.75
58001542,58,6.25,7.0,7.5
63001543,63,9.25,8.0,4.0
58001544,58,7.25,6.5,4.75
39001545,39,8.25,7.0,5.25
37001546,37,7.25,7.5,6.5
29001547,29,9.0,8.75,6.75
14001548,14,7.25,5.75,5.5
13001549,13,7.5,6.25,5.0
45001550,45,7.25,8.0,4.0
18001551,18,6.5,7.25,3.75
03001552,03,6.5,6.75,4.75
42001553,42,8.0,5.5,7.0
27001554,27,6.5,5.5,2.5
07001555,07,6.75,9.0,4.5
34001556,34,5.5,6.5,5.75
12001557,12,6.0,8.5,4.0
31001558,31,5.5,9.5,4.25
14001559,14,5.5,6.25,5.5
41001560,41,6.0,5.75,7.0
20001561,20,5.0,7.75,6.0
51001562,51,5.25,8.0,10.0
16001563,16,6.0,6.25,8.0
46001564,46,3.25,8.25,4.5
01001565,01,6.5,6.25,6.25
48001566,48,9.75,6.5,5.75
59001567,59,5.75,8.75,5.75
12001568,12,7.75,6.75,9.5
25001569,25,5.5,5.0,7.25
18001570,18,8.0,7.0,4.5
54001571,54,8.0,7.75,5.25
14001572,14,10.0,6.25,8.25
13001573,13,6.75,6.0,7.75
32001574,32,6.5,5.75,3.5
57001575,57,5.0,6.0,4.5
63001576,63,8.5,6.0,5.75
31001577,31,5.5,6.0,9.25
01001578,01,7.75,6.75,9.5
12001579,12,8.5,4.75,4.25
01001580,01,5.0,7.5,7.25
04001581,04,7.75,7.5,4.0
57001582,57,7.75,7.0,7.25
07001583,07,1.5,6.5,5.25
42001584,42,5.5,7.5,4.75
21001585,21,7.0,5.25,6.25
49001586,49,4.75,7.25,10.0
17001587,17,8.0,6.25,1.25
14001588,14,10.0,7.5,8.75
01001589,01,8.75,6.5,6.5
22001590,22,8.75,8.25,7.25
59001591,59,7.5,7.75,4.0
03001592,03,8.0,8.0,6.75
37001593,37,8.0,7.0,6.25
35001594,35,3.5,6.5,7.75
23001595,23,6.0,7.0,7.25
31001596,31,9.25,5.25,2.5
19001597,19,6.0,7.5,4.75
46001598,46,4.25,6.5,4.25
54001599,54,8.75,6.5,5.5
27001600,27,6.5,8.0,8.25
32001601,32,6.0,8.5,4.5
40001602,40,6.75,8.5,6.5
14001603,14,4.5,5.25,5.5
04001604,04,4.25,4.75,4.0
11001605,11,8.0,8.5,8.0
43001606,43,7.0,7.75,4.0
40001607,40,2.75,6.5,8.0
47001608,47,7.5,4.75,7.75
43001609,43,6.75,7.25,5.25
16001610,16,8.0,5.25,6.75
54001611,54,5.25,7.0,5.75
25001612,25,6.25,6.75,5.0
55001613,55,8.5,6.25,6.75
42001614,42,7.0,8.0,3.25
29001615,29,5.25,8.5,5.5
23001616,23,5.75,6.75,5.0
56001617,56,6.5,3.75,6.25
02001618,02,6.75,6.75,4.25
24001619,24,6.5,6.25,4.0
33001620,33,6.25,5.25,6.75
19001621,19,7.0,5.5,5.0
39001622,39,6.0,5.5,6.0
33001623,33,8.0,5.5,5.0
01001624,01,6.0,5.0,7.75
39001625,39,7.75,7.25,4.5
07001626,07,5.75,4.75,4.5
51001627,51,7.25,5.25,10.0
31001628,31,7.75,8.25,5.75
04001629,04,5.5,8.25,6.5
11001630,11,7.5,8.25,4.75
07001631,07,4.75,6.75,5.0
03001632,03,5.0,6.5,5.0
39001633,39,8.0,8.25,4.25
23001634,23,5.75,6.5,6.25
30001635,30,7.0,5.5,9.5
08001636,08,3.75,5.0,5.5
35001637,35,7.5,5.0,6.5
12001638,12,10.0,7.0,4.5
18001639,18,10.0,6.25,9.75
18001640,18,6.25,4.75,4.25
25001641,25,4.5,8.0,4.75
62001642,62,8.75,5.0,8.0
59001643,59,6.5,6.25,4.25
01001644,01,7.25,7.0,3.75
02001645,02,9.0,8.0,3.25
12001646,12,8.0,5.75,7.25
51001647,51,7.5,8.0,6.75
48001648,48,6.0,7.0,7.25
39001649,39,8.75,7.5,4.5
59001650,59,5.0,4.75,3.25
17001651,17,5.5,4.0,2.0
01001652,01,6.0,6.75,6.25
17001653,17,6.0,6.25,7.0
15001654,15,4.5,8.25,8.25
49001655,49,5.5,7.25,2.75
09001656,09,2.0,7.25,6.75
10001657,10,5.25,5.5,8.5
30001658,30,7.75,6.5,5.0
24001659,24,6.0,5.75,4.0
42001660,42,7.25,7.75,7.5
17001661,17,8.25,5.25,4.75
06001662,06,6.0,8.0,5.25
37001663,37,5.25,7.75,5.75
13001664,13,9.5,6.25,4.25
19001665,19,6.5,5.5,7.5
61001666,61,4.0,7.0,5.0
49001667,49,5.5,5.5,3.75
38001668,38,7.5,6.5,7.75
60001669,60,7.5,6.75,3.25
39001670,39,5.5,5.75,6.0
48001671,48,4.5,7.0,6.25
15001672,15,4.25,8.0,5.25
42001673,42,7.0,6.0,4.0
27001674,27,7.25,7.25,5.0
26001675,26,7.0,6.75,10.0
21001676,21,4.25,7.25,8.75
56001677,56,6.75,6.5,4.5
28001678,28,6.75,9.5,5.25
48001679,48,9.25,6.5,7.75
49001680,49,7.75,4.75,6.25
53001681,53,6.75,6.5,3.75
26001682,26,8.0,5.0,2.0
02001683,02,7.75,7.75,6.75
54001684,54,2.25,8.0,1.5
33001685,33,6.75,6.25,7.75
16001686,16,8.0,8.25,4.5
14001687,14,6.25,9.0,7.0
48001688,48,3.75,7.25,7.75
34001689,34,6.75,4.0,3.75
44001690,44,7.5,7.25,10.0
04001691,04,6.25,4.75,6.5
36001692,36,7.25,6.25,6.5
37001693,37,5.0,8.25,5.75
51001694,51,6.5,5.5,5.75
33001695,33,4.75,7.5,6.25
50001696,50,5.75,7.5,4.0
57001697,57,5.75,6.0,5.5
37001698,37,2.5,8.0,4.0
15001699,15,7.25,9.0,4.75
33001700,33,5.25,7.5,5.75
52001701,52,4.75,5.5,5.5
32001702,32,4.25,5.75,6.75
04001703,04,5.75,6.75,8.75
52001704,52,8.25,5.75,4.25
12001705,12,8.0,5.25,2.5
19001706,19,6.5,6.25,6.0
23001707,23,6.5,6.0,6.5
29001708,29,7.25,6.5,7.75
39001709,39,7.5,5.25,6.5
25001710,25,4.0,5.5,4.0
22001711,22,10.0,7.5,2.0
19001712,19,5.5,6.0,4.0
56001713,56,6.5,8.0,8.5
43001714,43,6.5,7.5,5.75
41001715,41,3.5,5.75,4.75
36001716,36,8.25,7.5,3.25
38001717,38,5.25,8.75,3.5
02001718,02,8.75,7.5,4.25
20001719,20,5.5,7.0,6.0
48001720,48,6.0,9.5,7.25
38001721,38,6.0,7.0,4.0
06001722,06,10.0,8.0,3.5
29001723,29,7.25,5.0,7.25
18001724,18,5.75,6.0,5.75
23001725,23,8.25,5.5,4.5
34001726,34,6.75,9.0,6.0
40001727,40,5.5,7.0,5.5
19001728,19,6.75,5.75,6.0
14001729,14,2.75,6.25,6.75
39001730,39,3.5,3.75,8.75
38001731,38,6.5,6.25,5.5
33001732,33,7.25,6.75,6.5
59001733,59,6.0,8.75,5.0
23001734,23,7.25,6.75,5.0
37001735,37,7.0,6.5,8.0
31001736,31,8.0,7.5,6.75
32001737,32,6.75,7.0,6.5
33001738,33,10.0,7.75,7.25
57001739,57,4.75,5.75,2.75
07001740,07,9.5,6.0,4.75
09001741,09,4.75,7.0,6.75
04001742,04,7.25,4.75,6.5
05001743,05,8.75,6.0,4.25
21001744,21,8.0,7.75,5.75
39001745,39,7.5,4.25,8.75
15001746,15,6.0,8.75,5.5
63001747,63,5.0,6.25,5.5
14001748,14,5.5,4.75,6.0
47001749,47,7.5,6.75,5.0
04001750,04,5.5,4.75,7.75
24001751,24,7.5,7.25,6.5
44001752,44,7.75,8.0,9.0
31001753,31,4.25,7.25,3.25
38001754,38,8.25,6.0,6.5
63001755,63,10.0,7.75,0.75
16001756,16,7.25,6.5,5.75
49001757,49,5.25,7.0,4.5
59001758,59,3.5,8.75,5.75
47001759,47,7.25,8.0,4.25
33001760,33,6.0,6.75,5.25
06001761,06,10.0,6.5,3.75
08001762,08,5.0,6.5,4.25
60001763,60,4.75,7.75,4.5
15001764,15,9.25,4.5,7.25
20001765,20,6.25,8.25,7.5
33001766,33,4.25,7.25,8.0
43001767,43,8.25,6.75,3.75
59001768,59,8.0,7.25,4.5
08001769,08,9.0,9.25,5.75
30001770,30,6.0,5.0,4.75
44001771,44,4.75,6.5,6.5
14001772,14,7.25,9.25,2.25
39001773,39,5.25,5.25,4.25
23001774,23,5.75,5.5,7.5
32001775,32,6.0,5.0,6.5
14001776,14,7.5,8.0,6.75
17001777,17,2.75,4.75,3.75
43001778,43,6.75,8.0,6.25
50001779,50,5.75,6.25,5.25
54001780,54,7.75,5.5,3.25
16001781,16,8.0,7.0,5.5
59001782,59,8.0,8.5,7.0
51001783,51,4.0,7.75,7.0
10001784,10,4.25,8.0,1.75
44001785,44,7.75,8.5,5.75
24001786,24,6.5,6.75,6.0
59001787,59,4.25,6.25,2.25
48001788,48,4.0,8.0,9.5
21001789,21,7.75,7.25,4.75
54001790,54,5.25,8.0,6.0
53001791,53,6.75,6.5,8.5
33001792,33,5.25,6.75,4.25
12001793,12,3.25,7.0,6.5
23001794,23,6.5,5.75,4.5
62001795,62,4.25,5.0,4.75
19001796,19,7.5,7.5,6.0
02001797,02,6.0,7.5,6.0
09001798,09,8.75,6.75,5.5
27001799,27,8.5,7.75,5.0
49001800,49,6.75,6.0,5.75
30001801,30,7.5,5.75,5.25
35001802,35,6.5,9.0,7.0
25001803,25,6.75,8.0,6.0
55001804,55,6.25,7.5,6.5
45001805,45,5.25,7.5,6.75
28001806,28,6.5,7.0,4.75
32001807,32,7.0,7.25,5.75
36001808,36,6.25,6.0,6.0
17001809,17,5.75,6.0,3.0
39001810,39,3.25,6.5,3.75
21001811,21,7.25,7.25,6.25
41001812,41,5.0,6.5,3.5
40001813,40,5.75,6.0,7.0
60001814,60,4.75,7.5,9.25
28001815,28,5.0,5.75,7.25
43001816,43,3.75,5.0,4.75
47001817,47,4.25,7.5,9.0
08001818,08,5.0,8.0,5.75
27001819,27,5.5,7.5,9.0
63001820,63,5.0,8.75,6.5
28001821,28,4.0,8.0,7.5
09001822,09,6.5,5.5,4.75
52001823,52,7.5,6.0,6.5
31001824,31,5.25,6.25,4.0
57001825,57,4.0,5.5,2.5
06001826,06,3.25,7.0,1.25
22001827,22,4.75,5.5,9.0
27001828,27,5.5,6.5,3.5
25001829,25,5.75,7.0,8.5
56001830,56,5.5,8.5,4.5
45001831,45,3.5,5.0,3.75
42001832,42,5.5,7.75,5.5
42001833,42,9.0,5.75,4.25
32001834,32,5.25,7.0,7.0
15001835,15,7.25,7.25,6.5
55001836,55,4.5,6.5,5.25
34001837,34,5.5,6.0,7.25
57001838,57,7.5,6.0,3.75
14001839,14,4.25,7.0,5.5
41001840,41,7.0,6.25,9.0
58001841,58,5.5,6.25,2.25
41001842,41,3.25,8.0,4.25
07001843,07,7.0,6.75,6.75
36001844,36,9.75,6.5,6.25
45001845,45,7.25,5.5,5.25
50001846,50,6.0,7.0,4.5
51001847,51,7.75,7.0,5.0
42001848,42,8.25,7.5,4.5
52001849,52,6.0,8.0,9.5
01001850,01,4.75,8.0,4.5
18001851,18,4.5,7.5,7.25
20001852,20,4.0,6.75,3.25
30001853,30,7.0,7.25,7.0
43001854,43,6.5,7.5,6.75
27001855,27,7.75,6.5,4.75
34001856,34,3.25,5.0,9.0
50001857,50,6.25,8.5,6.75
18001858,18,4.75,7.75,5.75
15001859,15,7.75,8.0,5.25
34001860,34,8.5,5.25,5.25
37001861,37,6.0,8.0,4.0
19001862,19,6.75,6.5,3.75
34001863,34,7.5,6.0,7.5
58001864,58,9.75,5.75,7.25
56001865,56,4.0,7.0,5.25
11001866,11,4.75,8.25,6.0
60001867,60,5.0,6.75,5.0
35001868,35,3.75,6.25,6.5
26001869,26,6.75,7.0,5.25
19001870,19,6.25,7.25,1.75
57001871,57,8.25,7.75,2.75
09001872,09,2.75,7.0,2.75
56001873,56,6.25,5.5,5.25
01001874,01,6.25,7.0,4.5
10001875,10,10.0,6.75,5.25
34001876,34,5.25,7.25,6.0
43001877,43,7.5,6.5,8.25
22001878,22,6.0,7.75,2.25
40001879,40,6.25,8.25,4.0
45001880,45,5.5,7.75,6.0
59001881,59,7.5,5.75,6.0
29001882,29,6.75,6.25,6.5
48001883,48,8.5,6.5,8.0
19001884,19,7.75,5.75,0.0
39001885,39,5.75,5.0,1.5
41001886,41,5.25,8.5,4.75
56001887,56,7.0,7.25,3.5
62001888,62,7.25,6.0,7.75
18001889,18,7.5,6.25,6.75
34001890,34,6.0,7.25,4.5
60001891,60,5.75,8.5,0.25
55001892,55,5.5,7.5,5.25
62001893,62,7.0,5.5,7.75
13001894,13,9.0,3.5,5.0
10001895,10,7.25,5.5,2.0
42001896,42,6.5,4.0,9.0
30001897,30,5.75,5.5,5.5
13001898,13,8.75,6.0,6.25
20001899,20,5.0,6.25,9.0
49001900,49,6.0,6.5,5.5
25001901,25,5.5,6.25,3.75
02001902,02,5.25,7.0,6.75
35001903,35,6.5,9.5,4.25
11001904,11,5.0,6.75,2.75
63001905,63,9.5,9.25,9.75
19001906,19,6.0,6.75,5.0
31001907,31,6.5,8.5,2.75
43001908,43,4.5,5.75,6.75
46001909,46,8.0,5.25,6.75
54001910,54,6.75,7.5,0.25
29001911,29,5.75,6.75,8.5
20001912,20,7.25,6.0,6.75
51001913,51,5.0,5.25,5.25
14001914,14,5.0,7.25,4.75
18001915,18,8.5,7.25,5.25
38001916,38,6.5,7.0,3.0
47001917,47,4.0,6.75,5.25
09001918,09,6.25,5.5,6.25
46001919,46,5.0,7.5,4.0
24001920,24,8.25,6.5,5.5
38001921,38,8.5,6.75,7.25
09001922,09,7.0,6.75,6.0
16001923,16,8.0,8.0,9.25
03001924,03,7.5,7.25,6.25
05001925,05,6.0,10.0,3.75
15001926,15,7.0,8.5,4.5
13001927,13,5.5,9.75,6.25
50001928,50,8.25,5.75,6.5
16001929,16,4.5,8.0,4.75
21001930,21,6.25,4.0,4.75
07001931,07,5.75,6.75,6.75
41001932,41,7.25,8.5,6.75
31001933,31,4.25,7.75,5.0
43001934,43,8.25,6.5,4.5
26001935,26,5.25,7.25,1.25
58001936,58,6.0,6.75,3.0
35001937,35,7.0,7.75,7.5
12001938,12,4.75,6.75,2.75
58001939,58,5.75,6.75,4.75
53001940,53,5.5,7.25,6.25
24001941,24,5.0,8.25,9.0
57001942,57,6.75,6.5,8.75
36001943,36,7.75,6.5,5.5
29001944,29,6.5,8.75,8.5
49001945,49,6.75,7.25,4.25
10001946,10,8.25,6.75,3.5
01001947,01,6.0,9.0,6.75
24001948,24,6.25,6.25,4.5
25001949,25,7.75,6.75,6.5
27001950,27,7.25,4.25,4.5
29001951,29,6.25,6.5,6.0
22001952,22,6.5,6.25,5.25
30001953,30,5.5,5.75,9.25
21001954,21,5.5,7.25,8.25
54001955,54,6.25,4.75,4.0
15001956,15,5.25,4.0,6.25
44001957,44,2.0,5.75,8.75
13001958,13,6.0,7.5,2.75
34001959,34,8.25,7.5,2.0
43001960,43,7.0,8.5,5.0
13001961,13,5.0,5.0,4.0
21001962,21,4.75,5.75,5.25
45001963,45,4.75,6.25,5.25
04001964,04,5.75,6.5,10.0
18001965,18,8.0,6.75,6.5
08001966,08,8.75,7.0,4.25
53001967,53,5.25,5.5,7.75
50001968,50,6.0,6.75,7.75
53001969,53,7.0,6.25,3.75
35001970,35,8.0,5.0,4.5
06001971,06,4.5,6.5,5.25
09001972,09,6.25,7.5,3.5
15001973,15,6.0,5.5,7.0
33001974,33,5.75,6.0,8.75
16001975,16,9.75,6.0,6.75
14001976,14,9.75,7.75,4.25
32001977,32,5.5,5.75,7.0
04001978,04,9.25,5.5,9.5
48001979,48,5.5,8.25,7.5
31001980,31,4.75,5.75,6.75
30001981,30,7.25,7.25,3.75
60001982,60,5.5,6.5,6.75
09001983,09,8.0,4.75,4.75
41001984,41,6.75,6.75,2.75
29001985,29,6.75,6.75,0.75
08001986,08,4.5,5.0,5.0
60001987,60,8.25,6.5,8.75
13001988,13,5.75,9.25,4.5
07001989,07,7.5,8.5,7.5
33001990,33,5.75,6.5,9.25
56001991,56,4.25,7.0,6.25
15001992,15,7.0,7.25,5.25
57001993,57,8.0,8.5,7.25
31001994,31,3.5,4.75,7.25
61001995,61,6.5,5.5,3.25
19001996,19,8.75,5.5,4.0
32001997,32,4.25,10.0,4.75
23001998,23,5.25,5.75,6.25
34001999,34,9.25,9.0,8.0
15002000,15,7.75,6.0,5.5
08002001,08,5.5,5.0,5.0
30002002,30,6.5,8.5,8.25
61002003,61,6.75,7.25,4.5
07002004,07,5.5,5.0,4.25
06002005,06,5.25,6.25,7.75
51002006,51,4.75,5.0,2.25
37002007,37,6.5,8.25,1.75
56002008,56,7.5,7.5,5.75
42002009,42,7.0,8.5,6.0
37002010,37,8.25,6.5,6.25
46002011,46,9.0,6.25,4.0
34002012,34,4.5,10.0,6.0
22002013,22,9.0,7.25,5.25
56002014,56,8.75,6.5,5.25
23002015,23,4.75,7.25,6.25
07002016,07,6.25,6.25,6.0
36002017,36,4.0,6.75,6.75
22002018,22,6.0,6.5,5.75
61002019,61,6.0,7.5,6.25
22002020,22,4.5,8.0,4.0
34002021,34,6.0,6.5,3.75
57002022,57,4.75,6.5,4.25
26002023,26,7.25,6.0,2.5
25002024,25,7.25,6.75,3.5
02002025,02,5.75,6.75,5.5
17002026,17,7.0,8.0,6.25
47002027,47,6.75,5.75,9.0
07002028,07,5.0,6.25,6.5
33002029,33,6.5,7.25,9.5
36002030,36,5.0,6.5,7.25
13002031,13,7.75,6.75,5.75
63002032,63,7.0,7.25,5.0
21002033,21,7.75,8.25,9.75
12002034,12,5.75,6.0,7.5
19002035,19,7.5,6.5,4.25
29002036,29,5.5,7.0,5.0
06002037,06,6.5,6.0,7.25
48002038,48,8.0,7.5,7.75
51002039,51,7.25,6.25,3.25
61002040,61,6.75,7.0,7.25
26002041,26,6.5,7.25,5.5
40002042,40,4.75,7.5,5.75
10002043,10,8.75,5.25,6.0
59002044,59,6.75,6.0,5.5
55002045,55,6.5,6.25,5.25
08002046,08,7.0,8.0,3.75
16002047,16,5.75,6.75,3.0
27002048,27,3.5,6.5,3.25
24002049,24,8.75,6.75,4.75
06002050,06,7.5,5.75,8.0
16002051,16,4.5,5.5,4.25
18002052,18,5.5,7.75,4.5
27002053,27,6.5,7.0,4.5
06002054,06,8.5,6.0,8.25
43002055,43,4.5,7.0,2.75
15002056,15,8.25,5.25,2.25
62002057,62,4.0,7.25,7.75
10002058,10,6.0,5.5,7.5
36002059,36,5.5,7.25,6.5
18002060,18,4.75,5.5,8.0
45002061,45,7.5,6.25,3.75
57002062,57,4.25,8.25,5.25
55002063,55,5.0,6.0,8.5
41002064,41,6.25,6.5,4.5
21002065,21,8.75,8.5,6.0
25002066,25,8.5,6.0,3.25
49002067,49,6.5,7.0,3.5
03002068,03,7.0,7.0,9.25
36002069,36,7.5,7.75,4.0
22002070,22,4.75,7.75,8.0
11002071,11,9.5,7.75,4.0
19002072,19,4.5,6.25,7.25
55002073,55,5.25,6.5,4.75
45002074,45,7.25,7.5,6.0
20002075,20,4.5,7.25,7.0
61002076,61,6.0,7.0,5.5
30002077,30,4.5,7.0,5.5
38002078,38,6.25,8.25,5.75
50002079,50,5.5,6.75,7.25
25002080,25,5.25,4.0,7.5
10002081,10,9.25,6.75,4.75
13002082,13,6.0,7.75,2.0
09002083,09,7.75,6.75,9.0
40002084,40,6.0,4.25,2.75
34002085,34,6.25,6.25,5.0
27002086,27,5.0,7.5,10.0
34002087,34,9.0,9.0,4.0
14002088,14,6.25,7.0,7.75
56002089,56,8.5,6.0,7.5
46002090,46,6.75,9.25,2.0
58002091,58,5.5,7.0,4.5
34002092,34,6.75,6.75,6.5
55002093,55,4.75,5.5,7.0
02002094,02,5.25,6.25,7.5
02002095,02,3.75,7.75,7.25
17002096,17,6.25,9.0,4.0
19002097,19,9.5,8.0,9.25
06002098,06,7.25,7.5,6.25
57002099,57,7.0,6.5,2.0
19002100,19,7.25,7.75,5.25
06002101,06,7.75,5.25,4.5
22002102,22,7.5,5.25,6.5
55002103,55,6.25,8.5,5.0
19002104,19,8.0,5.25,6.0
29002105,29,9.0,6.75,6.5
23002106,23,2.75,6.75,8.0
06002107,06,4.5,8.25,5.5
05002108,05,6.75,6.5,4.5
52002109,52,7.0,7.25,2.5
62002110,62,9.25,6.75,8.25
44002111,44,7.25,7.5,6.0
11002112,11,7.25,8.5,7.25
53002113,53,5.75,8.0,1.75
59002114,59,7.0,7.75,8.25
58002115,58,4.75,6.75,4.5
04002116,04,6.0,7.75,6.25
21002117,21,4.5,7.25,4.25
19002118,19,6.5,5.0,4.0
27002119,27,6.25,7.0,9.25
52002120,52,5.25,8.75,4.0
01002121,01,6.5,4.5,8.25
40002122,40,8.5,8.25,5.25
57002123,57,6.0,6.75,5.5
63002124,63,7.0,4.75,4.75
42002125,42,4.75,7.0,7.0
26002126,26,6.5,6.0,6.25
27002127,27,6.25,6.25,7.75
44002128,44,8.5,5.25,5.5
30002129,30,6.75,6.25,4.5
12002130,12,6.0,8.5,3.75
14002131,14,8.25,6.25,4.25
43002132,43,3.75,7.25,6.75
20002133,20,5.25,9.25,6.25
55002134,55,6.5,5.0,5.0
47002135,47,5.75,8.25,9.0
50002136,50,5.75,8.75,6.5
47002137,47,5.75,7.5,4.75
08002138,08,6.75,5.75,4.75
04002139,04,4.25,6.25,6.0
41002140,41,4.25,8.0,6.25
37002141,37,7.75,7.25,6.25
23002142,23,6.5,6.0,4.75
04002143,04,4.0,7.5,1.0
27002144,27,6.75,7.0,8.0
49002145,49,8.25,6.75,7.25
46002146,46,8.5,4.75,4.5
47002147,47,5.25,6.5,7.25
26002148,26,7.5,6.0,3.0
60002149,60,6.25,8.5,0.25
07002150,07,7.5,7.5,4.5
11002151,11,8.25,6.5,5.25
48002152,48,8.5,6.75,9.25
63002153,63,6.25,6.0,5.75
51002154,51,6.0,7.25,2.5
56002155,56,5.5,8.5,8.75
38002156,38,5.0,7.25,4.25
52002157,52,8.25,6.75,7.5
24002158,24,9.25,7.0,2.5
21002159,21,6.75,6.0,6.5
34002160,34,4.25,7.25,3.0
44002161,44,8.5,6.0,5.25
11002162,11,6.25,6.25,8.0
02002163,02,6.25,8.5,5.0
62002164,62,6.75,5.25,5.75
10002165,10,6.75,5.75,1.25
26002166,26,6.0,6.0,5.0
30002167,30,6.0,7.75,8.0
54002168,54,6.25,5.5,6.75
23002169,23,5.75,5.0,8.0
51002170,51,5.25,7.0,4.0
29002171,29,4.0,6.0,5.75
63002172,63,8.5,6.75,1.5
44002173,44,7.5,3.75,3.75
09002174,09,6.25,6.5,1.25
24002175,24,7.25,7.25,5.0
12002176,12,8.5,7.25,4.75
13002177,13,6.0,6.75,7.75
50002178,50,6.5,6.75,7.25
43002179,43,8.5,8.5,6.5
45002180,45,6.5,7.0,6.5
41002181,41,5.5,6.25,6.25
28002182,28,5.5,6.5,5.75
57002183,57,5.75,5.5,7.0
02002184,02,6.5,5.75,4.75
10002185,10,5.25,6.0,5.5
35002186,35,6.0,7.5,6.25
21002187,21,7.75,5.5,3.5
13002188,13,5.0,7.75,4.0
62002189,62,4.75,8.75,5.75
12002190,12,7.0,6.5,4.75
41002191,41,5.25,8.5,5.5
03002192,03,6.5,7.25,7.0
06002193,06,6.25,7.25,4.0
06002194,06,7.75,6.75,4.5
42002195,42,7.0,7.25,5.0
32002196,32,4.5,5.0,3.75
52002197,52,6.75,9.0,6.75
25002198,25,6.75,6.25,4.25
42002199,42,4.0,7.5,5.75
41002200,41,5.75,8.75,5.5
22002201,22,5.75,6.0,3.5
08002202,08,6.5,7.5,6.75
17002203,17,8.5,5.75,6.5
28002204,28,5.75,7.25,1.0
60002205,60,7.0,8.25,7.25
46002206,46,2.75,8.0,3.75
57002207,57,8.75,8.0,5.25
59002208,59,4.0,5.25,5.25
36002209,36,2.25,8.0,5.0
20002210,20,7.5,7.5,6.75
37002211,37,3.5,7.25,5.0
58002212,58,7.0,5.75,5.25
55002213,55,5.75,6.5,10.0
43002214,43,8.0,7.5,6.0
15002215,15,3.0,5.25,4.25
14002216,14,7.5,7.5,4.75
21002217,21,6.5,6.0,5.25
35002218,35,3.75,9.25,5.25
43002219,43,6.5,6.75,5.25
55002220,55,7.25,6.25,4.25
28002221,28,8.75,6.75,6.25
53002222,53,8.0,5.75,6.75
17002223,17,6.75,6.5,4.75
37002224,37,7.25,6.0,4.25
19002225,19,6.75,7.75,7.25
20002226,20,6.25,7.75,4.75
12002227,12,7.75,5.25,6.5
24002228,24,6.25,6.5,8.0
20002229,20,4.25,7.75,6.25
50002230,50,5.25,7.75,4.5
45002231,45,1.5,4.0,5.75
53002232,53,9.0,6.0,5.0
48002233,48,5.5,6.75,6.25
60002234,60,8.25,8.0,4.25
63002235,63,5.25,9.75,6.5
54002236,54,3.25,7.25,5.75
57002237,57,7.5,6.25,4.75
12002238,12,7.0,7.5,2.75
13002239,13,5.5,7.5,5.75
33002240,33,6.0,6.75,4.5
55002241,55,7.25,7.5,4.25
08002242,08,8.25,5.5,6.5
19002243,19,4.75,6.75,5.75
34002244,34,5.75,7.0,4.75
55002245,55,6.25,10.0,5.25
29002246,29,5.75,7.75,6.25
11002247,11,6.5,7.25,6.75
38002248,38,5.0,6.5,5.75
07002249,07,10.0,6.5,3.25
19002250,19,6.0,8.5,4.25
36002251,36,5.0,6.25,7.0
22002252,22,6.5,4.75,10.0
18002253,18,7.75,6.25,5.0
57002254,57,9.0,8.5,8.75
11002255,11,5.5,8.0,4.5
49002256,49,6.0,8.5,3.5
63002257,63,4.75,5.75,4.25
63002258,63,4.5,4.5,7.25
14002259,14,5.25,6.0,2.75
05002260,05,7.5,8.25,8.5
05002261,05,8.25,4.75,7.0
35002262,35,6.75,8.0,2.0
58002263,58,5.5,7.0,4.75
46002264,46,5.0,5.75,6.75
24002265,24,3.0,4.0,4.75
60002266,60,3.75,7.75,7.0
38002267,38,6.75,6.0,5.25
52002268,52,5.75,7.25,4.75
24002269,24,7.0,7.0,6.5
07002270,07,7.0,8.0,5.25
09002271,09,5.0,5.75,5.25
56002272,56,9.25,7.5,7.25
52002273,52,8.25,6.75,8.25
45002274,45,8.0,7.25,5.75
19002275,19,3.25,7.25,5.25
35002276,35,6.25,7.0,7.25
34002277,34,8.0,5.25,2.25
15002278,15,6.25,7.25,7.75
51002279,51,7.0,8.75,5.0
06002280,06,5.5,4.75,6.0
44002281,44,8.5,6.0,6.25
50002282,50,3.75,6.75,5.5
13002283,13,3.5,7.5,10.0
01002284,01,8.0,5.0,3.25
15002285,15,8.0,8.75,7.25
42002286,42,6.25,5.25,6.0
34002287,34,6.25,7.0,7.5
13002288,13,4.0,5.75,8.0
06002289,06,7.0,5.75,8.0
21002290,21,6.0,9.25,4.0
41002291,41,5.25,6.25,5.75
57002292,57,7.5,9.25,6.0
43002293,43,9.75,6.75,5.75
20002294,20,5.5,8.0,1.25
32002295,32,7.0,8.75,5.5
34002296,34,8.25,6.25,5.25
23002297,23,9.75,5.25,7.25
63002298,63,10.0,8.0,6.25
13002299,13,6.75,8.75,3.5
24002300,24,7.5,6.5,7.0
02002301,02,4.75,8.25,7.75
34002302,34,6.25,7.25,0.25
19002303,19,6.25,7.25,6.25
63002304,63,8.0,5.25,7.5
56002305,56,6.0,7.0,7.5
57002306,57,3.75,6.5,4.5
17002307,17,5.5,5.75,6.5
01002308,01,3.75,5.25,9.5
08002309,08,3.25,7.25,3.5
25002310,25,7.75,4.75,4.0
08002311,08,6.25,7.75,7.75
46002312,46,7.25,8.75,6.25
62002313,62,4.0,6.0,2.75
29002314,29,4.0,6.0,7.75
05002315,05,6.5,8.75,5.75
36002316,36,6.75,5.75,5.0
53002317,53,5.75,7.25,6.5
20002318,20,7.5,7.25,3.75
11002319,11,7.0,7.75,9.0
26002320,26,8.25,5.75,7.75
09002321,09,6.25,8.0,3.25
11002322,11,9.75,8.0,7.0
46002323,46,9.0,6.5,6.5
54002324,54,3.25,8.5,8.25
44002325,44,5.25,7.5,2.5
47002326,47,6.75,9.0,4.5
27002327,27,7.5,5.75,6.25
45002328,45,6.25,6.75,6.75
38002329,38,5.25,8.0,9.0
45002330,45,3.75,6.75,5.5
04002331,04,6.0,6.75,6.25
14002332,14,5.5,7.25,5.5
09002333,09,8.5,4.5,6.0
32002334,32,7.5,8.25,7.75
32002335,32,7.0,7.5,6.25
21002336,21,7.5,5.75,6.5
19002337,19,5.5,5.5,4.0
18002338,18,7.0,4.75,1.75
38002339,38,5.75,6.5,7.0
27002340,27,7.5,8.75,6.25
39002341,39,4.25,5.75,7.25
42002342,42,6.25,4.75,5.5
50002343,50,7.25,7.5,7.0
51002344,51,7.25,7.75,4.5
29002345,29,4.75,8.75,3.75
05002346,05,5.0,8.0,3.25
12002347,12,6.75,7.5,5.5
16002348,16,4.25,9.0,5.0
01002349,01,6.25,7.5,7.0
51002350,51,6.75,8.0,7.25
08002351,08,7.5,7.5,9.5
30002352,30,6.25,6.5,4.75
58002353,58,3.5,7.5,5.5
52002354,52,5.5,6.75,3.75
42002355,42,3.75,6.25,5.75
28002356,28,3.5,4.5,6.25
50002357,50,4.25,5.25,7.25
35002358,35,6.25,7.0,4.0
18002359,18,4.25,6.75,6.0
26002360,26,7.5,5.75,2.5
47002361,47,6.0,4.5,4.0
51002362,51,4.5,9.0,3.5
58002363,58,5.5,6.5,6.5
28002364,28,9.25,7.25,4.75
37002365,37,4.5,6.25,4.0
36002366,36,7.0,7.0,5.75
17002367,17,5.75,9.25,5.25
18002368,18,4.5,5.0,8.25
26002369,26,7.0,7.25,6.75
50002370,50,9.25,7.25,8.5
07002371,07,8.25,6.75,8.0
36002372,36,8.5,5.0,9.0
05002373,05,5.25,5.0,6.75
51002374,51,3.0,8.0,8.75
45002375,45,6.5,5.5,8.25
47002376,47,7.5,7.5,6.75
44002377,44,6.25,5.75,1.75
55002378,55,5.0,8.5,8.5
37002379,37,4.75,7.0,7.25
11002380,11,5.75,7.5,7.25
54002381,54,6.25,7.5,6.25
63002382,63,3.5,8.75,10.0
58002383,58,6.5,6.25,5.25
34002384,34,4.75,6.75,5.5
59002385,59,9.0,7.5,6.0
33002386,33,4.5,8.75,8.75
09002387,09,6.5,4.75,6.75
11002388,11,5.75,8.25,5.0
56002389,56,7.5,5.5,5.75
63002390,63,6.5,6.25,2.5
13002391,13,8.25,6.75,7.75
16002392,16,5.25,7.75,7.0
09002393,09,7.75,8.0,3.5
46002394,46,4.75,9.5,6.75
44002395,44,5.0,7.5,10.0
19002396,19,6.5,8.25,6.75
34002397,34,5.5,6.5,5.25
15002398,15,6.75,6.0,7.5
04002399,04,6.75,6.0,2.25
02002400,02,4.75,6.0,7.0
44002401,44,3.5,5.75,4.0
20002402,20,7.5,6.0,6.25
25002403,25,5.25,8.75,6.5
53002404,53,5.25,6.25,8.0
63002405,63,6.5,4.0,5.25
27002406,27,8.0,6.75,6.25
40002407,40,5.25,5.75,6.25
49002408,49,4.5,4.75,6.5
62002409,62,7.0,8.5,2.5
47002410,47,7.75,6.75,9.25
37002411,37,6.0,8.25,3.0
36002412,36,9.25,6.75,4.75
45002413,45,7.0,7.25,6.75
45002414,45,5.75,4.75,4.0
36002415,36,4.25,7.0,4.5
10002416,10,6.5,5.5,5.25
29002417,29,7.5,8.0,8.0
16002418,16,7.75,9.5,5.0
38002419,38,4.25,6.25,5.25
14002420,14,9.0,5.75,7.75
42002421,42,6.5,5.0,5.5
13002422,13,6.5,8.5,7.25
39002423,39,4.5,6.25,6.5
52002424,52,8.75,7.75,3.75
28002425,28,5.25,6.0,9.25
31002426,31,6.5,8.25,5.25
06002427,06,6.25,7.0,4.25
33002428,33,6.75,6.75,7.0
08002429,08,8.5,7.0,5.25
28002430,28,7.75,6.25,3.25
54002431,54,6.0,6.75,4.0
42002432,42,6.0,7.25,2.5
27002433,27,5.25,7.75,6.5
24002434,24,5.75,5.25,6.5
28002435,28,6.0,6.75,6.5
58002436,58,7.75,6.25,3.75
22002437,22,6.75,5.75,6.25
13002438,13,6.0,6.5,4.25
27002439,27,6.25,4.75,4.25
34002440,34,6.75,6.5,5.75
25002441,25,4.5,5.5,5.75
38002442,38,9.75,6.25,8.0
01002443,01,6.75,5.5,5.75
11002444,11,6.5,4.5,6.25
41002445,41,7.0,6.25,7.0
03002446,03,10.0,9.0,6.0
58002447,58,9.0,6.75,3.5
61002448,61,5.75,6.25,5.5
49002449,49,7.75,6.25,6.0
08002450,08,5.75,7.75,5.75
56002451,56,3.25,8.5,9.5
52002452,52,8.0,6.75,3.5
60002453,60,6.75,8.0,4.5
05002454,05,8.0,5.0,5.75
61002455,61,5.25,7.0,6.75
51002456,51,9.0,4.25,8.75
10002457,10,3.5,6.5,5.5
63002458,63,6.75,5.75,6.75
23002459,23,6.25,5.0,5.5
13002460,13,6.0,6.5,9.0
53002461,53,9.0,7.5,8.5
43002462,43,6.75,7.0,1.75
53002463,53,4.75,7.75,4.25
34002464,34,7.5,7.0,5.5
19002465,19,5.5,7.25,7.5
55002466,55,4.25,6.25,5.5
17002467,17,8.75,5.75,6.0
58002468,58,5.25,6.0,5.0
23002469,23,6.5,8.25,4.5
17002470,17,7.25,6.0,5.5
12002471,12,7.5,7.5,7.5
22002472,22,8.0,8.5,7.75
06002473,06,5.0,6.5,5.0
39002474,39,5.25,7.75,10.0
11002475,11,5.75,7.25,6.5
56002476,56,5.75,8.0,4.75
52002477,52,8.25,6.5,8.25
33002478,33,9.25,4.75,8.0
31002479,31,6.25,7.5,5.5
63002480,63,6.25,7.0,5.0
34002481,34,9.0,6.25,3.5
13002482,13,6.0,7.75,6.5
40002483,40,7.25,6.25,4.75
34002484,34,7.75,5.0,6.0
38002485,38,4.5,6.25,7.5
57002486,57,7.0,7.5,8.0
56002487,56,9.75,6.5,5.25
57002488,57,9.5,6.0,5.5
34002489,34,7.25,6.0,8.0
01002490,01,5.75,6.25,5.0
21002491,21,4.5,7.75,5.75
40002492,40,5.75,7.0,6.75
30002493,30,4.5,5.0,5.0
01002494,01,7.5,5.5,8.0
48002495,48,9.25,5.75,5.75
21002496,21,6.0,8.0,4.0
06002497,06,6.0,7.75,7.5
18002498,18,9.0,4.25,7.0
05002499,05,3.5,6.5,6.75
27002500,27,8.5,7.5,3.5
09002501,09,6.5,6.75,6.25
53002502,53,7.75,5.75,6.0
14002503,14,7.0,6.25,6.0
48002504,48,4.25,4.75,5.25
10002505,10,5.5,6.0,6.5
16002506,16,6.25,6.75,4.25
46002507,46,5.5,6.5,2.5
45002508,45,8.25,6.25,7.0
58002509,58,5.75,9.25,5.0
26002510,26,7.75,7.5,5.0
26002511,26,9.0,6.75,4.5
24002512,24,6.0,8.0,8.5
42002513,42,5.5,8.25,9.75
53002514,53,9.5,6.75,6.75
09002515,09,7.75,7.25,8.75
21002516,21,6.0,5.5,3.75
26002517,26,9.25,7.5,5.25
06002518,06,5.5,8.75,3.5
48002519,48,5.0,6.25,5.0
09002520,09,5.0,8.0,6.25
01002521,01,7.25,7.75,4.25
38002522,38,7.25,5.0,6.75
35002523,35,5.5,7.5,7.0
06002524,06,8.0,7.0,6.25
11002525,11,8.0,6.5,3.5
11002526,11,5.75,7.0,4.0
38002527,38,8.5,6.5,7.75
56002528,56,7.5,6.5,6.0
14002529,14,5.5,9.0,2.0
18002530,18,6.0,10.0,7.0
27002531,27,5.75,5.75,1.75
20002532,20,8.25,6.25,2.75
24002533,24,5.75,5.5,6.25
29002534,29,7.0,5.75,3.5
12002535,12,3.5,5.0,8.5
46002536,46,8.75,6.25,3.5
44002537,44,5.5,5.75,6.75
54002538,54,3.5,5.25,5.25
38002539,38,5.75,4.25,3.5
10002540,10,5.75,8.75,6.0
40002541,40,7.25,6.0,0.25
48002542,48,3.75,6.5,6.0
46002543,46,5.5,6.75,6.75
58002544,58,6.75,7.5,7.25
25002545,25,7.75,8.0,6.25
13002546,13,5.0,7.0,6.25
49002547,49,3.75,8.5,9.5
56002548,56,3.5,5.5,5.75
61002549,61,8.75,5.25,7.5
23002550,23,3.5,6.25,4.25
43002551,43,5.5,4.75,1.5
37002552,37,4.75,8.25,4.25
21002553,21,7.5,6.75,3.25
03002554,03,6.0,7.0,6.25
12002555,12,6.25,9.25,5.5
02002556,02,6.75,7.75,4.5
23002557,23,5.75,6.25,6.75
01002558,01,4.0,7.5,6.5
31002559,31,7.5,8.5,7.25
27002560,27,8.25,7.75,7.75
54002561,54,7.75,5.75,7.5
39002562,39,6.0,8.0,5.75
44002563,44,5.5,5.25,3.5
18002564,18,8.75,4.5,8.0
40002565,40,6.0,7.5,5.5
33002566,33,5.25,9.75,4.75
12002567,12,7.5,7.0,5.75
42002568,42,3.5,10.0,6.75
10002569,10,4.75,7.0,9.25
25002570,25,7.25,6.5,6.5
09002571,09,7.5,5.5,7.75
05002572,05,3.5,8.75,2.0
23002573,23,6.75,6.75,3.5
61002574,61,7.25,9.0,5.75
27002575,27,3.75,8.5,8.25
08002576,08,8.75,5.25,6.75
14002577,14,4.25,6.5,6.75
13002578,13,8.0,8.0,6.25
22002579,22,5.25,7.75,8.25
62002580,62,6.25,8.75,6.75
46002581,46,3.75,6.25,8.75
42002582,42,5.25,6.25,2.5
48002583,48,5.0,4.25,4.5
55002584,55,5.75,7.0,7.5
06002585,06,2.75,8.0,7.0
56002586,56,6.5,7.0,4.0
08002587,08,4.0,7.0,2.5
18002588,18,7.25,7.25,9.0
05002589,05,8.75,4.25,6.25
36002590,36,8.0,6.25,9.0
08002591,08,7.25,8.0,2.25
04002592,04,5.25,6.25,8.5
30002593,30,3.25,6.25,4.5
24002594,24,5.5,8.0,5.25
20002595,20,7.75,7.5,7.75
38002596,38,6.5,5.25,4.5
11002597,11,9.0,6.5,5.0
38002598,38,4.0,8.25,4.25
47002599,47,4.0,7.0,2.5
36002600,36,8.0,6.75,5.0
47002601,47,5.25,7.0,5.0
55002602,55,5.75,6.0,7.25
61002603,61,3.5,5.75,9.25
13002604,13,5.75,8.0,6.75
55002605,55,5.25,5.0,3.75
02002606,02,7.25,6.75,6.25
22002607,22,7.25,8.0,2.5
44002608,44,5.75,6.75,8.0
62002609,62,6.75,7.0,10.0
38002610,38,8.0,7.5,4.5
25002611,25,6.75,9.5,2.25
01002612,01,6.5,6.25,5.5
19002613,19,4.0,5.0,5.25
34002614,34,8.25,4.75,7.0
36002615,36,5.75,3.75,6.25
24002616,24,5.5,8.5,5.0
19002617,19,6.0,3.75,5.0
06002618,06,4.0,6.75,6.0
63002619,63,4.0,7.75,4.25
59002620,59,4.5,6.5,9.5
61002621,61,8.75,8.0,6.25
16002622,16,4.75,10.0,7.0
33002623,33,5.5,5.75,4.0
25002624,25,6.75,5.0,8.25
53002625,53,3.25,8.25,3.75
38002626,38,7.5,6.25,6.0
54002627,54,1.75,5.5,5.0
06002628,06,5.5,7.25,4.0
12002629,12,6.5,5.75,0.0
11002630,11,4.0,5.75,3.75
24002631,24,6.5,7.0,9.75
13002632,13,8.25,7.25,4.5
19002633,19,5.25,8.0,6.5
52002634,52,5.0,6.75,9.25
02002635,02,7.75,4.75,4.0
14002636,14,10.0,5.0,3.25
46002637,46,5.5,7.25,6.75
51002638,51,5.5,5.75,6.5
53002639,53,5.25,6.75,5.0
20002640,20,8.0,10.0,6.0
03002641,03,7.75,6.0,3.75
28002642,28,4.5,7.5,7.0
30002643,30,5.0,5.0,1.75
27002644,27,4.75,9.75,6.25
24002645,24,7.25,7.25,5.75
31002646,31,5.25,6.25,5.75
38002647,38,8.75,6.0,9.25
33002648,33,4.75,8.25,4.5
55002649,55,2.75,8.25,6.5
12002650,12,7.0,8.5,6.5
06002651,06,5.75,6.75,4.75
56002652,56,5.75,5.75,7.0
32002653,32,6.25,7.25,5.0
53002654,53,6.75,6.5,8.75
29002655,29,5.75,6.75,9.0
53002656,53,6.5,6.0,6.0
14002657,14,6.5,7.25,6.5
57002658,57,6.25,6.25,3.75
01002659,01,7.25,6.25,3.25
24002660,24,10.0,8.5,4.5
38002661,38,5.5,5.75,5.5
01002662,01,8.0,5.75,2.5
45002663,45,7.25,7.75,5.5
42002664,42,7.0,7.25,4.5
27002665,27,5.0,5.5,4.75
22002666,22,5.5,5.75,8.0
04002667,04,6.5,6.5,4.0
02002668,02,6.25,4.75,7.0
05002669,05,7.25,5.0,4.25
06002670,06,6.0,7.75,5.0
50002671,50,7.25,6.25,7.0
50002672,50,5.5,8.25,5.25
11002673,11,6.25,6.75,4.0
37002674,37,6.25,5.0,4.5
56002675,56,5.5,7.0,5.0
44002676,44,5.0,7.5,3.5
16002677,16,8.25,6.75,4.5
28002678,28,7.5,4.0,3.75
45002679,45,6.75,6.0,6.75
21002680,21,7.0,5.25,4.75
60002681,60,4.25,5.0,6.0
08002682,08,5.75,4.5,1.75
62002683,62,7.5,7.5,6.0
01002684,01,3.0,6.5,3.75
04002685,04,7.25,7.5,3.0
03002686,03,6.25,8.5,6.0
28002687,28,8.0,5.5,9.5
33002688,33,5.75,9.25,5.5
34002689,34,4.25,5.5,3.0
59002690,59,5.0,6.25,7.5
05002691,05,7.5,7.0,5.25
53002692,53,8.0,8.5,6.5
01002693,01,3.25,6.5,4.25
46002694,46,7.5,6.25,7.5
63002695,63,6.75,4.75,5.25
63002696,63,3.75,6.25,8.25
49002697,49,6.25,5.5,4.5
25002698,25,8.75,5.0,9.25
61002699,61,5.5,7.75,5.25
09002700,09,6.75,8.25,5.5
21002701,21,8.5,8.0,4.75
16002702,16,8.25,6.0,6.0
01002703,01,7.0,6.25,9.0
06002704,06,8.75,7.5,4.0
39002705,39,7.0,5.5,6.25
44002706,44,5.5,6.5,2.75
34002707,34,7.25,5.5,5.5
20002708,20,7.25,8.25,6.75
41002709,41,7.75,8.0,9.0
56002710,56,6.0,8.0,2.5
26002711,26,6.5,8.0,6.25
45002712,45,6.25,9.5,5.0
13002713,13,4.75,5.25,7.25
15002714,15,5.75,7.25,5.25
10002715,10,9.25,5.5,8.75
24002716,24,7.25,7.0,4.5
11002717,11,4.75,6.5,0.75
57002718,57,7.0,8.5,5.0
40002719,40,6.0,6.5,6.75
49002720,49,6.0,7.25,3.75
16002721,16,5.0,7.25,4.0
10002722,10,7.25,8.25,5.75
23002723,23,7.75,6.0,5.5
57002724,57,7.75,5.5,5.75
31002725,31,4.5,8.0,7.25
61002726,61,7.75,6.75,5.25
17002727,17,4.25,5.0,3.25
12002728,12,8.0,8.0,4.75
04002729,04,7.5,8.0,8.75
42002730,42,5.5,6.25,6.75
19002731,19,5.0,6.25,8.0
01002732,01,6.5,8.5,6.75
50002733,50,7.5,8.25,4.25
34002734,34,5.25,6.75,5.75
50002735,50,7.25,5.75,3.25
02002736,02,6.25,7.25,4.0
40002737,40,8.25,6.5,5.75
35002738,35,6.0,6.5,3.25
28002739,28,6.25,6.5,8.0
18002740,18,3.5,5.75,7.0
08002741,08,7.5,6.0,3.5
56002742,56,5.75,7.0,6.0
60002743,60,8.75,6.25,6.5
57002744,57,9.5,6.75,8.75
10002745,10,5.5,6.0,5.25
42002746,42,4.5,4.5,8.75
13002747,13,4.25,8.5,5.75
50002748,50,8.75,6.25,6.5
60002749,60,5.0,3.5,2.25
63002750,63,5.0,9.75,7.75
33002751,33,6.0,6.25,1.75
55002752,55,6.0,5.0,8.75
15002753,15,6.0,7.0,4.75
15002754,15,6.75,4.5,0.75
63002755,63,7.5,4.75,3.0
61002756,61,5.5,6.0,7.75
59002757,59,4.5,8.5,7.0
34002758,34,5.75,8.25,5.5
44002759,44,3.25,7.25,3.0
35002760,35,6.75,6.0,4.75
57002761,57,9.25,6.25,3.5
18002762,18,6.0,8.25,3.25
13002763,13,4.0,7.75,6.5
11002764,11,8.25,6.0,2.25
54002765,54,5.5,6.75,7.75
27002766,27,5.0,6.0,3.5
27002767,27,7.0,6.25,2.0
06002768,06,4.75,7.5,3.0
16002769,16,7.0,7.25,6.5
61002770,61,5.25,6.0,6.5
08002771,08,6.5,7.75,4.75
26002772,26,7.25,5.25,0.25
58002773,58,7.0,9.0,3.75
17002774,17,5.25,5.25,4.5
61002775,61,7.0,8.0,6.5
19002776,19,8.0,6.5,5.5
03002777,03,5.5,7.5,7.0
01002778,01,6.75,7.0,6.75
52002779,52,6.75,8.75,3.5
57002780,57,6.5,7.25,4.0
32002781,32,5.75,7.25,3.5
22002782,22,6.25,6.5,5.0
12002783,12,5.0,8.5,2.5
63002784,63,9.5,6.25,10.0
50002785,50,9.5,8.5,4.75
46002786,46,6.0,6.25,5.5
15002787,15,9.5,7.5,6.0
01002788,01,7.5,5.75,7.25
10002789,10,6.75,4.75,7.75
41002790,41,7.25,5.5,4.5
53002791,53,8.0,4.75,8.0
45002792,45,8.25,6.0,6.0
60002793,60,7.5,8.75,6.75
30002794,30,6.25,6.0,4.25
44002795,44,5.0,7.5,8.0
58002796,58,4.75,5.0,7.25
03002797,03,5.25,4.75,5.0
11002798,11,8.5,7.5,6.75
02002799,02,9.25,6.5,6.0
42002800,42,6.25,6.5,3.75
41002801,41,6.75,6.5,7.75
34002802,34,7.75,5.75,5.0
05002803,05,2.75,7.25,5.25
05002804,05,7.25,9.0,4.5
49002805,49,6.5,7.0,6.5
61002806,61,6.5,7.0,6.5
58002807,58,4.5,7.5,4.5
23002808,23,9.5,7.5,4.25
08002809,08,9.0,7.5,8.0
30002810,30,7.25,6.75,9.25
52002811,52,6.25,6.25,5.25
55002812,55,4.5,7.5,6.25
63002813,63,8.0,5.25,5.25
21002814,21,5.75,7.25,5.75
39002815,39,7.0,7.75,3.0
19002816,19,6.75,5.75,8.25
44002817,44,7.25,7.5,3.75
10002818,10,8.0,6.5,3.0
23002819,23,4.75,7.25,7.25
23002820,23,3.5,6.5,7.0
21002821,21,6.25,7.0,8.0
22002822,22,5.5,6.0,3.5
14002823,14,6.0,4.5,4.25
27002824,27,8.5,6.75,4.25
02002825,02,6.75,7.25,3.5
38002826,38,8.5,6.25,4.75
08002827,08,7.5,7.0,5.5
19002828,19,9.5,7.25,7.75
44002829,44,8.25,8.25,3.25
03002830,03,9.75,4.5,6.75
50002831,50,6.0,6.0,8.0
58002832,58,6.0,9.25,6.75
40002833,40,5.75,8.0,2.0
15002834,15,6.0,6.5,5.0
18002835,18,6.0,7.75,7.75
20002836,20,5.75,7.75,3.0
54002837,54,8.0,6.0,5.0
31002838,31,5.75,5.25,4.0
15002839,15,8.25,6.75,5.75
35002840,35,10.0,5.5,6.5
14002841,14,4.75,6.0,3.25
11002842,11,5.75,8.25,8.75
52002843,52,9.5,7.25,3.0
62002844,62,5.25,6.0,5.5
31002845,31,8.25,7.0,5.0
41002846,41,7.25,6.0,8.75
13002847,13,7.25,7.5,8.25
42002848,42,5.0,7.5,5.0
01002849,01,6.25,5.0,6.0
43002850,43,7.0,8.75,3.75
32002851,32,7.25,5.0,3.5
54002852,54,8.25,6.0,4.5
09002853,09,5.75,7.25,5.75
12002854,12,6.75,7.5,4.25
42002855,42,6.75,8.25,5.75
54002856,54,7.0,6.75,6.5
51002857,51,7.0,7.25,6.25
61002858,61,7.25,7.75,7.0
50002859,50,4.75,6.25,6.0
47002860,47,4.75,5.25,5.75
07002861,07,8.0,6.5,4.5
59002862,59,6.25,7.0,7.25
51002863,51,8.25,6.75,7.5
21002864,21,5.25,6.5,3.75
17002865,17,8.5,7.25,7.75
35002866,35,7.0,6.25,3.0
63002867,63,10.0,3.5,5.5
43002868,43,10.0,9.25,4.0
56002869,56,5.0,9.75,5.0
08002870,08,5.0,7.0,6.25
35002871,35,7.0,6.0,6.5
07002872,07,7.0,6.5,7.75
20002873,20,7.0,6.75,1.75
62002874,62,6.5,8.25,6.25
63002875,63,3.5,4.75,5.0
35002876,35,7.25,5.5,10.0
27002877,27,6.0,7.25,4.5
05002878,05,5.75,6.5,3.5
53002879,53,8.0,5.5,9.0
63002880,63,6.75,8.25,5.0
58002881,58,5.75,6.5,3.5
62002882,62,6.0,6.0,4.75
12002883,12,5.75,7.0,9.25
61002884,61,3.5,6.25,5.25
13002885,13,8.0,6.5,9.0
48002886,48,6.0,5.0,5.0
15002887,15,8.75,8.5,5.0
39002888,39,7.5,5.5,4.75
11002889,11,4.0,3.5,4.25
37002890,37,6.5,6.75,8.25
48002891,48,7.0,6.75,5.5
38002892,38,6.5,7.25,6.0
02002893,02,9.0,7.25,4.5
41002894,41,7.75,6.0,6.25
43002895,43,6.5,7.5,5.75
30002896,30,10.0,7.75,7.5
44002897,44,9.25,6.0,6.75
45002898,45,4.0,7.0,5.5
48002899,48,8.25,6.75,3.25
03002900,03,6.0,4.75,5.25
39002901,39,7.5,5.25,7.0
14002902,14,5.25,7.25,6.5
09002903,09,8.5,4.75,4.25
53002904,53,7.5,6.25,5.5
20002905,20,6.0,8.5,6.25
29002906,29,8.0,6.5,5.0
57002907,57,5.75,7.0,7.0
03002908,03,9.0,4.5,6.25
26002909,26,8.0,7.75,5.0
31002910,31,5.5,4.75,6.25
57002911,57,9.25,6.5,5.75
61002912,61,4.5,8.0,6.75
14002913,14,6.0,6.0,4.75
02002914,02,8.25,7.0,9.5
08002915,08,3.5,8.5,5.5
16002916,16,7.25,4.25,5.75
48002917,48,7.5,7.75,5.75
26002918,26,6.0,5.25,4.75
48002919,48,7.0,8.0,8.75
05002920,05,6.0,6.25,3.0
26002921,26,5.5,7.75,2.0
06002922,06,7.75,7.75,3.25
33002923,33,7.0,8.0,8.0
35002924,35,6.75,5.0,4.0
27002925,27,6.0,6.5,9.25
43002926,43,5.75,8.5,5.75
18002927,18,5.5,6.5,6.0
37002928,37,8.75,5.75,1.25
25002929,25,6.0,8.0,3.5
01002930,01,4.75,5.5,5.75
02002931,02,5.5,6.25,4.5
59002932,59,5.0,7.0,7.25
16002933,16,6.25,4.75,7.25
11002934,11,6.75,5.5,6.25
52002935,52,9.75,7.25,7.75
32002936,32,4.5,5.5,6.0
04002937,04,4.5,5.75,7.25
01002938,01,9.0,5.0,5.5
45002939,45,8.25,4.25,6.0
40002940,40,7.5,7.25,4.0
47002941,47,7.0,5.25,4.25
57002942,57,6.5,6.25,8.25
33002943,33,6.75,5.0,6.5
58002944,58,2.75,6.25,4.5
02002945,02,9.0,4.25,5.75
17002946,17,6.0,6.75,5.25
37002947,37,8.5,4.75,6.75
26002948,26,7.0,9.0,8.25
12002949,12,6.0,6.25,7.75
21002950,21,5.0,6.5,3.75
48002951,48,8.25,8.5,5.5
29002952,29,8.5,6.0,6.75
52002953,52,5.5,5.5,6.0
20002954,20,7.5,6.75,7.0
20002955,20,6.25,8.25,5.75
42002956,42,5.75,8.0,5.0
12002957,12,6.5,7.5,5.75
14002958,14,5.5,8.0,4.75
13002959,13,4.75,7.0,4.5
14002960,14,5.5,5.75,5.25
56002961,56,2.5,6.5,5.5
16002962,16,6.0,7.25,8.5
35002963,35,8.0,4.5,7.5
46002964,46,6.75,6.25,4.5
09002965,09,6.0,5.5,1.5
26002966,26,6.0,5.75,0.75
01002967,01,8.0,6.25,7.5
51002968,51,5.75,5.5,5.0
07002969,07,5.25,8.75,2.5
16002970,16,7.0,6.25,5.25
60002971,60,6.0,5.25,2.5
20002972,20,6.75,7.25,6.75
06002973,06,7.0,7.25,7.0
57002974,57,6.5,8.0,6.75
42002975,42,6.75,8.0,6.5
63002976,63,6.5,7.75,5.0
26002977,26,5.75,5.5,2.0
03002978,03,6.75,8.0,6.0
18002979,18,7.5,7.75,9.5
37002980,37,10.0,5.0,2.5
11002981,11,5.25,6.75,9.25
36002982,36,9.5,9.75,6.5
08002983,08,8.25,4.75,3.25
40002984,40,5.25,4.75,5.75
20002985,20,8.5,7.0,2.0
48002986,48,4.0,7.25,5.25
31002987,31,7.0,6.0,6.0
54002988,54,5.25,7.0,2.25
13002989,13,5.75,5.5,8.75
16002990,16,5.25,7.25,3.25
37002991,37,6.5,7.75,4.75
25002992,25,9.25,6.5,5.25
31002993,31,5.5,8.5,5.25
41002994,41,3.25,5.75,5.0
60002995,60,6.0,8.25,5.75
48002996,48,8.75,7.5,8.5
11002997,11,4.25,7.0,5.5
40002998,40,4.5,6.75,6.0
59002999,59,5.25,7.25,4.75
09003000,09,6.75,8.5,5.75
23003001,23,5.25,5.5,5.0
05003002,05,9.0,7.0,6.75
16003003,16,7.5,7.75,5.25
55003004,55,7.25,6.75,6.75
61003005,61,4.75,7.75,4.75
51003006,51,5.75,7.5,5.25
34003007,34,5.0,7.0,6.75
20003008,20,8.5,9.25,3.0
23003009,23,8.5,7.25,3.75
31003010,31,4.5,8.0,4.75
63003011,63,6.0,7.5,6.75
18003012,18,5.5,8.25,5.25
57003013,57,6.25,6.25,4.0
63003014,63,7.5,6.25,4.5
05003015,05,6.25,7.0,4.0
26003016,26,6.25,6.25,1.25
01003017,01,6.25,7.5,6.25
04003018,04,5.25,8.25,5.0
54003019,54,8.0,5.75,0.25
56003020,56,6.0,7.5,2.75
58003021,58,6.75,8.5,8.75
50003022,50,5.75,6.5,6.25
10003023,10,5.5,6.0,7.0
04003024,04,5.25,6.5,6.5
29003025,29,2.75,5.0,4.5
29003026,29,7.75,7.5,5.75
39003027,39,6.75,8.0,6.5
61003028,61,7.0,8.0,4.0
10003029,10,7.25,5.0,5.0
49003030,49,7.5,5.75,7.5
62003031,62,5.25,5.5,4.75
23003032,23,5.5,5.75,7.0
27003033,27,6.5,4.5,7.5
43003034,43,3.0,5.5,7.25
48003035,48,8.0,7.5,6.25
54003036,54,7.25,5.5,3.25
02003037,02,4.75,6.0,7.25
29003038,29,6.0,5.0,4.75
04003039,04,5.75,5.75,8.0
22003040,22,8.75,8.75,4.0
47003041,47,5.5,5.75,6.75
62003042,62,9.0,6.5,5.25
62003043,62,5.25,6.5,6.0
60003044,60,7.0,4.0,8.0
63003045,63,7.75,7.25,5.25
15003046,15,7.5,9.25,4.5
45003047,45,7.75,7.0,5.75
37003048,37,4.0,6.75,8.75
05003049,05,4.0,5.5,8.0
24003050,24,7.5,5.25,6.5
18003051,18,6.0,7.5,7.25
30003052,30,4.25,7.5,7.25
36003053,36,7.0,7.5,5.75
60003054,60,2.75,9.25,4.25
33003055,33,7.25,6.0,8.0
38003056,38,4.25,8.0,6.25
57003057,57,5.5,4.75,4.5
63003058,63,6.75,5.5,5.5
52003059,52,6.75,6.0,5.75
15003060,15,4.5,7.75,3.0
13003061,13,9.75,7.0,7.5
08003062,08,7.25,6.25,6.25
02003063,02,8.0,5.75,4.75
13003064,13,5.75,6.75,5.75
23003065,23,6.25,6.5,1.75
05003066,05,10.0,6.0,7.5
60003067,60,7.0,4.25,5.5
32003068,32,3.25,5.25,6.75
20003069,20,6.25,7.25,6.75
52003070,52,5.75,8.0,7.75
35003071,35,7.75,6.5,4.25
44003072,44,5.75,8.5,8.5
09003073,09,3.5,7.5,8.0
28003074,28,10.0,5.75,4.25
39003075,39,6.75,8.25,4.75
21003076,21,9.0,8.25,7.75
10003077,10,6.0,6.5,6.75
52003078,52,5.25,9.25,4.0
09003079,09,6.0,8.75,1.0
11003080,11,7.5,7.75,4.5
55003081,55,7.5,5.5,7.75
35003082,35,4.25,8.0,6.0
04003083,04,8.25,6.25,1.0
26003084,26,7.25,6.25,6.5
15003085,15,4.75,6.5,7.0
58003086,58,7.0,7.5,6.75
14003087,14,5.5,7.25,2.5
40003088,40,5.5,5.75,3.0
18003089,18,5.5,5.75,6.75
31003090,31,5.25,4.5,8.5
37003091,37,6.75,7.75,2.25
13003092,13,2.75,7.75,8.75
54003093,54,5.75,8.25,10.0
13003094,13,5.0,6.5,10.0
11003095,11,8.25,4.0,6.5
27003096,27,7.5,8.5,2.25
42003097,42,6.25,6.0,7.0
52003098,52,5.25,7.25,6.0
13003099,13,4.25,8.5,7.75
10003100,10,9.75,7.25,8.75
13003101,13,7.0,5.75,6.0
38003102,38,9.25,7.75,8.25
22003103,22,6.0,8.5,5.5
05003104,05,6.0,7.0,7.5
32003105,32,8.25,8.75,2.25
04003106,04,8.75,6.5,3.5
12003107,12,7.5,7.5,8.5
39003108,39,5.75,6.75,4.75
57003109,57,5.75,8.25,7.75
51003110,51,6.0,4.5,4.75
51003111,51,7.75,6.5,7.25
47003112,47,4.0,7.75,7.0
06003113,06,5.5,7.25,6.25
54003114,54,4.0,7.0,7.5
03003115,03,6.75,5.75,8.25
12003116,12,6.75,5.75,5.75
49003117,49,3.75,6.0,5.5
33003118,33,6.75,5.5,10.0
36003119,36,3.75,6.25,2.75
14003120,14,6.0,6.75,3.0
46003121,46,8.0,7.5,7.5
15003122,15,3.25,7.25,8.0
27003123,27,8.75,5.5,6.25
16003124,16,6.25,8.0,5.75
27003125,27,7.25,7.25,6.75
47003126,47,7.25,6.75,6.25
45003127,45,5.0,8.0,4.0
21003128,21,5.75,6.75,2.5
11003129,11,6.75,7.5,5.5
13003130,13,6.0,7.25,3.0
38003131,38,8.0,5.75,5.5
18003132,18,5.25,8.0,5.75
30003133,30,8.0,4.0,9.5
34003134,34,8.5,6.5,4.5
27003135,27,10.0,6.25,4.0
31003136,31,4.0,6.75,6.25
16003137,16,2.5,5.5,8.5
08003138,08,10.0,7.5,5.25
30003139,30,7.0,6.0,6.0
22003140,22,5.75,5.0,5.25
32003141,32,9.25,6.75,3.5
37003142,37,4.5,4.5,7.25
52003143,52,7.0,7.25,4.5
25003144,25,5.5,8.0,6.25
55003145,55,9.5,6.25,6.5
48003146,48,6.25,6.5,5.5
02003147,02,3.75,7.25,2.25
39003148,39,6.75,5.5,9.0
31003149,31,5.25,8.5,3.75
57003150,57,4.25,7.0,6.5
08003151,08,7.5,4.75,4.5
46003152,46,7.25,7.75,7.5
32003153,32,5.0,6.5,5.75
57003154,57,6.0,5.5,5.0
16003155,16,8.25,7.25,7.5
04003156,04,5.75,7.25,6.25
27003157,27,5.0,7.5,7.25
35003158,35,6.5,7.0,2.5
63003159,63,4.75,8.5,5.75
57003160,57,7.0,7.0,7.5
21003161,21,5.25,7.25,2.25
37003162,37,5.25,5.5,5.75
40003163,40,7.25,6.5,9.75
03003164,03,5.5,5.5,6.5
05003165,05,7.25,6.75,5.5
63003166,63,8.25,7.75,4.75
42003167,42,8.0,7.0,3.5
10003168,10,7.25,7.5,5.0
56003169,56,8.25,7.0,8.5
43003170,43,5.75,5.75,4.5
17003171,17,4.0,8.0,4.75
49003172,49,6.0,7.5,3.5
13003173,13,5.75,6.0,3.0
24003174,24,5.75,5.0,3.5
50003175,50,7.25,6.75,6.75
51003176,51,7.5,6.5,8.5
63003177,63,6.5,4.75,9.25
30003178,30,5.0,5.75,5.5
19003179,19,5.75,7.75,6.0
49003180,49,8.25,5.5,4.25
19003181,19,8.25,10.0,4.0
13003182,13,4.5,5.0,7.0
59003183,59,5.25,8.75,9.0
62003184,62,8.0,5.25,6.5
41003185,41,6.75,7.75,6.25
60003186,60,5.5,5.75,4.25
47003187,47,5.5,8.25,3.5
60003188,60,7.0,6.25,3.25
10003189,10,8.5,7.0,4.75
52003190,52,5.0,4.75,6.25
55003191,55,9.0,5.25,4.75
33003192,33,6.75,8.25,6.5
49003193,49,3.5,5.5,4.5
15003194,15,6.0,7.75,4.0
28003195,28,9.25,5.5,6.75
20003196,20,7.75,7.25,2.75
12003197,12,6.75,8.75,6.0
28003198,28,5.75,6.75,5.25
11003199,11,7.75,6.75,7.0
54003200,54,5.25,5.5,6.25
33003201,33,6.5,7.75,3.5
43003202,43,6.5,6.75,6.25
18003203,18,5.5,7.0,6.75
18003204,18,5.25,6.5,5.25
11003205,11,5.5,5.75,7.5
45003206,45,5.75,6.5,6.5
06003207,06,8.25,7.75,2.75
29003208,29,5.5,5.5,5.25
45003209,45,3.75,7.0,1.5
06003210,06,9.5,6.25,4.0
59003211,59,7.25,8.75,7.25
50003212,50,4.75,7.5,3.75
12003213,12,8.25,6.75,5.25
58003214,58,7.0,8.25,4.75
03003215,03,5.5,8.0,5.75
43003216,43,7.25,6.75,3.75
45003217,45,6.5,8.0,7.5
25003218,25,3.25,9.75,3.25
17003219,17,5.0,7.25,5.25
15003220,15,5.25,7.0,3.25
05003221,05,6.75,4.75,5.25
39003222,39,4.75,6.25,6.25
21003223,21,5.75,6.5,4.25
08003224,08,7.5,7.75,7.0
19003225,19,7.0,7.25,6.5
32003226,32,4.5,7.5,5.0
52003227,52,4.0,7.25,5.5
63003228,63,6.75,6.25,4.75
54003229,54,6.5,6.5,9.25
16003230,16,7.0,7.25,5.5
27003231,27,4.75,6.0,4.25
29003232,29,4.5,6.5,5.25
13003233,13,5.75,7.25,3.75
13003234,13,3.25,7.25,4.25
57003235,57,7.5,4.5,4.25
50003236,50,7.0,7.0,5.0
21003237,21,4.0,8.0,5.25
03003238,03,4.5,9.5,7.75
57003239,57,6.75,6.25,7.5
30003240,30,5.75,7.25,8.5
25003241,25,9.5,8.5,6.0
29003242,29,5.75,7.25,5.75
01003243,01,6.25,7.0,4.75
55003244,55,5.75,5.5,6.5
26003245,26,8.25,5.25,7.5
16003246,16,8.0,5.5,6.5
05003247,05,4.75,8.5,4.5
19003248,19,8.0,7.25,2.0
24003249,24,6.75,5.25,6.25
50003250,50,9.0,6.5,5.0
02003251,02,7.5,9.0,3.5
17003252,17,4.5,7.75,1.5
28003253,28,8.25,5.5,7.25
21003254,21,8.25,5.0,1.25
48003255,48,9.75,7.5,3.75
44003256,44,9.0,8.5,4.75
50003257,50,5.0,9.0,5.75
29003258,29,7.25,8.5,3.75
39003259,39,5.0,4.5,5.75
45003260,45,6.0,8.75,3.75
10003261,10,8.0,5.25,3.0
54003262,54,8.25,7.0,5.0
16003263,16,6.0,7.0,7.25
62003264,62,6.5,7.75,4.75
40003265,40,6.5,5.75,7.25
19003266,19,4.75,8.25,4.75
32003267,32,7.5,9.75,8.75
43003268,43,1.75,7.0,8.0
59003269,59,5.75,6.5,2.5
16003270,16,6.5,7.25,2.0
33003271,33,5.75,5.0,7.5
54003272,54,6.5,4.25,7.0
08003273,08,5.75,7.0,6.75
30003274,30,4.25,6.5,4.5
52003275,52,5.75,5.5,5.0
21003276,21,6.5,6.25,7.75
14003277,14,5.0,8.0,7.25
04003278,04,6.5,6.5,7.5
34003279,34,8.25,6.25,2.75
25003280,25,7.75,8.5,5.0
15003281,15,6.25,8.5,5.0
55003282,55,7.25,5.25,5.5
13003283,13,7.5,7.75,6.5
02003284,02,9.75,6.0,7.75
38003285,38,5.25,7.75,4.75
05003286,05,6.0,7.25,3.75
51003287,51,6.75,9.0,5.0
27003288,27,8.5,5.25,6.25
55003289,55,5.25,5.0,4.0
04003290,04,5.25,9.0,4.0
37003291,37,7.75,6.25,2.75
18003292,18,4.5,5.25,8.5
53003293,53,5.75,6.75,6.25
43003294,43,7.5,5.75,3.75
25003295,25,7.25,8.25,6.25
41003296,41,6.25,6.5,5.5
01003297,01,7.0,8.0,5.0
47003298,47,9.5,7.0,7.75
49003299,49,7.25,6.0,6.0
40003300,40,9.25,6.25,8.25
34003301,34,8.25,5.75,7.25
61003302,61,5.0,6.25,6.75
55003303,55,8.25,6.25,6.75
59003304,59,6.25,6.75,5.0
58003305,58,4.75,4.25,7.75
57003306,57,5.0,6.0,6.25
06003307,06,5.25,7.0,5.5
05003308,05,5.25,8.5,6.75
37003309,37,8.5,4.75,5.75
53003310,53,7.5,7.25,8.5
38003311,38,9.0,8.25,6.75
63003312,63,6.75,6.75,4.25
48003313,48,8.75,9.5,5.75
59003314,59,5.0,8.0,3.75
32003315,32,5.5,7.0,4.25
55003316,55,7.5,7.5,5.75
17003317,17,6.25,6.5,5.5
36003318,36,6.5,6.75,3.0
20003319,20,5.5,5.75,5.25
52003320,52,6.5,4.25,4.75
63003321,63,6.0,6.0,5.75
33003322,33,7.75,7.75,9.75
16003323,16,7.0,7.0,5.0
40003324,40,4.25,6.5,5.5
19003325,19,6.5,7.75,3.0
33003326,33,6.25,7.5,3.25
21003327,21,5.25,7.25,4.75
26003328,26,6.0,7.75,3.75
62003329,62,3.75,8.0,9.5
28003330,28,6.5,6.0,7.5
20003331,20,6.5,8.25,6.5
17003332,17,5.25,4.75,5.75
51003333,51,7.25,7.5,8.25
40003334,40,9.0,7.5,4.75
62003335,62,8.25,8.25,2.25
51003336,51,8.25,5.75,7.25
39003337,39,7.25,6.0,3.75
39003338,39,8.25,6.25,6.25
20003339,20,7.25,6.5,4.25
52003340,52,7.75,7.0,4.0
12003341,12,7.0,7.25,6.5
12003342,12,7.5,6.25,10.0
08003343,08,6.75,4.5,9.75
01003344,01,6.0,7.25,7.25
09003345,09,7.0,7.75,7.0
05003346,05,6.0,8.25,8.5
41003347,41,7.75,6.75,3.25
16003348,16,6.25,5.25,2.75
62003349,62,4.5,5.5,5.0
14003350,14,8.0,9.75,5.5
17003351,17,7.5,7.5,5.5
28003352,28,9.25,7.0,5.25
27003353,27,6.0,6.75,2.75
30003354,30,7.75,6.25,5.25
32003355,32,8.5,8.0,8.0
40003356,40,4.75,7.0,6.25
33003357,33,7.25,6.75,8.75
21003358,21,4.0,6.75,9.25
33003359,33,6.5,5.75,6.5
46003360,46,5.25,7.0,5.25
39003361,39,6.75,8.5,0.5
49003362,49,6.25,5.5,5.75
58003363,58,6.75,7.75,7.5
36003364,36,5.75,6.75,7.25
54003365,54,8.0,7.75,6.75
13003366,13,8.75,4.5,3.75
54003367,54,4.75,9.75,2.25
07003368,07,7.0,7.5,7.0
58003369,58,6.0,6.5,7.0
18003370,18,5.75,4.75,7.25
39003371,39,6.25,8.75,3.5
15003372,15,5.5,7.0,7.75
38003373,38,6.75,6.5,3.5
02003374,02,6.75,6.75,3.0
44003375,44,4.75,7.75,3.5
56003376,56,8.25,7.5,6.75
61003377,61,7.0,6.75,3.75
21003378,21,8.25,5.75,3.75
20003379,20,6.75,8.5,4.0
18003380,18,6.25,6.5,6.5
54003381,54,6.25,5.75,8.25
02003382,02,7.75,6.0,5.25
09003383,09,10.0,5.0,8.0
31003384,31,5.25,4.5,7.5
19003385,19,7.75,6.0,7.0
23003386,23,3.5,6.25,2.0
13003387,13,7.25,5.5,4.75
49003388,49,4.5,6.0,1.75
25003389,25,7.0,6.75,7.0
21003390,21,7.25,4.5,3.5
52003391,52,10.0,7.75,3.0
20003392,20,4.25,7.0,9.0
23003393,23,6.0,7.0,6.0
02003394,02,8.75,9.5,3.75
17003395,17,3.25,6.75,4.75
35003396,35,6.5,5.75,5.25
29003397,29,6.5,6.0,1.5
20003398,20,7.0,7.25,5.0
41003399,41,6.75,5.75,6.0
35003400,35,8.0,6.75,3.25
51003401,51,9.0,6.0,4.75
07003402,07,9.75,5.5,6.75
57003403,57,7.0,6.25,5.0
57003404,57,7.0,7.0,6.0
10003405,10,8.0,6.5,2.75
22003406,22,7.75,6.75,4.5
19003407,19,7.25,6.25,4.0
55003408,55,6.0,7.5,4.0
49003409,49,9.5,4.0,5.25
14003410,14,5.5,7.0,5.75
43003411,43,5.0,8.25,8.0
40003412,40,4.5,5.75,3.0
58003413,58,3.0,6.25,6.5
13003414,13,6.0,5.75,3.25
59003415,59,5.75,7.25,5.0
46003416,46,7.0,7.0,4.75
48003417,48,7.0,8.25,10.0
10003418,10,8.25,6.0,7.25
39003419,39,5.0,6.75,7.5
14003420,14,5.5,7.0,5.5
05003421,05,5.5,8.75,5.25
44003422,44,7.25,7.0,2.25
02003423,02,4.25,8.0,9.25
23003424,23,7.0,7.0,4.25
51003425,51,6.75,7.75,6.5
04003426,04,6.75,4.75,3.75
46003427,46,7.5,6.75,6.75
42003428,42,7.5,7.5,4.25
28003429,28,6.25,6.0,4.75
58003430,58,7.75,6.0,10.0
33003431,33,5.75,7.25,5.25
58003432,58,8.0,6.75,5.5
10003433,10,7.5,4.75,6.75
36003434,36,6.0,7.0,6.75
42003435,42,5.5,5.75,7.25
25003436,25,4.75,8.75,8.0
39003437,39,9.75,7.75,6.0
27003438,27,7.5,5.75,7.25
08003439,08,6.0,8.5,4.0
41003440,41,5.25,5.0,7.5
43003441,43,7.25,5.75,6.75
05003442,05,6.25,8.5,5.5
59003443,59,8.0,8.5,6.75
15003444,15,8.25,9.0,6.25
23003445,23,7.25,6.0,7.0
16003446,16,4.25,6.5,6.5
13003447,13,6.25,8.25,6.5
40003448,40,7.5,8.5,4.25
45003449,45,6.5,7.5,7.75
55003450,55,5.5,5.25,6.0
14003451,14,5.5,4.5,5.75
58003452,58,6.5,7.25,6.25
21003453,21,7.0,7.0,6.5
06003454,06,6.75,7.25,9.0
11003455,11,6.0,8.75,5.25
09003456,09,6.75,4.0,7.25
36003457,36,8.0,6.0,0.5
61003458,61,5.25,6.25,8.25
23003459,23,6.0,6.0,4.0
25003460,25,5.25,6.25,4.5
21003461,21,6.0,5.5,5.0
36003462,36,7.5,6.25,6.25
09003463,09,5.75,10.0,6.25
43003464,43,5.5,5.5,9.0
33003465,33,5.0,7.75,4.5
06003466,06,7.5,7.0,3.75
06003467,06,6.0,6.0,4.0
56003468,56,6.25,6.75,6.25
21003469,21,3.0,7.25,7.0
62003470,62,7.25,8.0,8.0
12003471,12,4.0,6.5,6.25
44003472,44,6.25,8.25,6.75
43003473,43,4.75,6.5,4.0
52003474,52,3.5,4.75,8.75
56003475,56,5.75,8.25,7.25
22003476,22,7.5,6.75,5.0
08003477,08,4.5,6.75,3.0
43003478,43,4.25,6.0,5.5
13003479,13,6.0,5.0,5.75
17003480,17,8.5,7.0,6.25
14003481,14,6.75,4.5,4.5
21003482,21,6.75,7.25,7.0
01003483,01,7.5,4.5,4.0
61003484,61,8.25,6.75,5.5
37003485,37,8.5,8.5,6.75
57003486,57,9.75,8.75,7.25
19003487,19,9.5,7.25,9.0
24003488,24,6.75,7.5,6.75
10003489,10,6.0,7.5,5.75
11003490,11,6.0,7.75,4.0
36003491,36,6.25,6.0,6.25
18003492,18,5.75,7.25,8.0
38003493,38,3.5,5.25,6.5
61003494,61,6.75,6.25,5.0
56003495,56,6.75,7.75,7.75
28003496,28,8.75,6.75,4.5
52003497,52,9.25,7.25,4.25
54003498,54,6.0,4.75,7.75
53003499,53,3.25,8.25,5.0
19003500,19,5.25,3.75,6.5
36003501,36,6.0,7.5,6.5
48003502,48,7.75,6.25,3.75
40003503,40,7.25,4.5,5.0
20003504,20,4.75,7.75,5.5
32003505,32,5.25,4.75,6.5
10003506,10,5.25,7.25,7.5
57003507,57,6.25,7.5,6.75
60003508,60,7.5,7.75,7.5
49003509,49,4.75,6.25,3.0
45003510,45,5.25,7.25,5.75
38003511,38,6.75,9.0,5.25
48003512,48,4.75,6.5,9.5
11003513,11,7.25,6.5,4.0
07003514,07,10.0,8.25,4.75
43003515,43,7.75,5.5,3.75
37003516,37,7.25,8.0,5.25
59003517,59,7.25,8.75,5.25
37003518,37,7.5,7.25,5.0
31003519,31,8.0,7.5,1.75
35003520,35,7.0,5.25,8.25
29003521,29,5.75,9.25,6.0
05003522,05,7.75,6.5,5.5
60003523,60,7.5,7.5,7.25
11003524,11,7.5,6.25,2.75
17003525,17,10.0,6.0,6.0
04003526,04,8.0,7.5,3.0
19003527,19,4.75,6.25,4.5
22003528,22,4.25,8.75,8.75
56003529,56,7.75,7.5,6.75
41003530,41,7.75,7.25,7.5
53003531,53,6.75,6.75,5.75
16003532,16,7.75,6.75,5.0
17003533,17,5.75,6.0,5.0
07003534,07,7.5,6.25,6.25
44003535,44,9.25,6.5,7.5
22003536,22,8.5,8.0,7.0
52003537,52,6.75,4.75,3.5
19003538,19,6.25,6.5,7.75
31003539,31,7.0,6.25,6.25
14003540,14,8.0,6.75,4.75
24003541,24,4.75,7.25,4.0
02003542,02,8.0,5.75,6.75
30003543,30,4.5,6.25,3.0
11003544,11,4.25,6.25,5.25
18003545,18,6.25,5.5,4.75
32003546,32,8.75,5.5,5.0
43003547,43,7.25,6.75,5.25
41003548,41,9.25,5.0,2.5
15003549,15,7.75,6.75,6.25
04003550,04,7.75,3.75,5.5
25003551,25,5.25,8.5,6.5
53003552,53,5.5,4.25,4.75
10003553,10,4.75,6.0,4.25
32003554,32,5.25,8.0,7.5
33003555,33,5.5,8.0,5.75
26003556,26,9.0,7.5,5.0
03003557,03,8.0,6.5,5.5
01003558,01,6.0,7.0,1.5
50003559,50,5.75,7.0,1.5
03003560,03,5.0,9.0,5.5
17003561,17,7.0,6.5,5.25
28003562,28,6.25,6.75,8.0
61003563,61,7.25,7.25,6.25
54003564,54,7.0,7.75,3.75
56003565,56,6.5,5.5,2.75
53003566,53,8.25,7.0,5.0
40003567,40,7.25,7.25,6.0
29003568,29,7.0,7.0,5.5
46003569,46,7.75,5.75,6.25
22003570,22,9.0,4.5,5.25
19003571,19,5.75,8.0,3.0
05003572,05,6.75,6.75,8.5
13003573,13,4.5,8.25,3.5
04003574,04,4.75,5.25,5.0
24003575,24,6.0,6.25,7.0
37003576,37,5.75,6.25,5.25
31003577,31,9.75,5.75,4.0
32003578,32,7.5,6.5,8.0
51003579,51,4.75,6.25,5.0
12003580,12,4.5,8.75,7.5
06003581,06,6.5,8.0,3.75
26003582,26,6.5,7.0,6.5
36003583,36,3.75,7.75,5.75
30003584,30,7.5,7.5,8.0
56003585,56,6.0,8.0,5.0
10003586,10,5.5,5.5,5.0
51003587,51,5.5,6.5,5.5
24003588,24,7.0,8.5,3.75
08003589,08,6.75,7.0,6.25
22003590,22,9.0,8.25,1.75
38003591,38,5.75,4.0,5.75
61003592,61,9.75,6.75,6.75
13003593,13,6.75,6.5,4.0
06003594,06,7.5,7.25,8.75
04003595,04,7.5,8.5,6.0
03003596,03,6.0,5.25,4.5
05003597,05,5.75,6.0,7.25
41003598,41,8.0,7.5,8.5
61003599,61,7.0,8.25,6.25
28003600,28,8.75,7.0,5.75
52003601,52,3.75,6.5,6.25
06003602,06,5.5,8.25,1.5
63003603,63,5.25,8.25,8.0
12003604,12,6.75,6.75,7.75
21003605,21,6.5,5.25,4.25
29003606,29,6.25,6.75,4.5
08003607,08,4.25,5.5,5.5
46003608,46,6.25,7.25,2.5
21003609,21,4.5,6.25,5.25
30003610,30,5.5,8.0,6.5
09003611,09,7.25,6.5,5.0
43003612,43,8.0,5.5,9.75
44003613,44,3.0,7.0,0.75
07003614,07,6.5,7.5,8.25
24003615,24,7.25,5.75,5.0
20003616,20,5.75,6.25,8.75
62003617,62,6.25,6.25,6.75
57003618,57,8.5,7.5,6.75
04003619,04,6.5,7.75,7.0
51003620,51,9.25,6.75,5.25
35003621,35,8.5,8.25,5.25
16003622,16,4.75,5.75,7.25
49003623,49,7.0,8.5,5.75
25003624,25,2.5,7.0,6.0
40003625,40,8.75,7.75,7.25
43003626,43,5.25,8.25,4.0
45003627,45,3.5,5.5,2.75
59003628,59,8.0,5.5,1.75
19003629,19,9.25,8.75,8.25
45003630,45,5.0,7.75,5.5
43003631,43,6.0,5.5,7.75
13003632,13,9.5,6.0,2.5
39003633,39,6.75,5.5,5.5
33003634,33,5.5,7.0,6.0
53003635,53,8.75,4.5,7.25
03003636,03,7.0,6.25,6.0
41003637,41,8.25,5.0,7.0
03003638,03,6.0,7.75,5.5
15003639,15,7.25,6.5,3.5
45003640,45,10.0,8.0,5.75
30003641,30,6.0,6.25,7.0
57003642,57,6.75,8.5,7.5
58003643,58,7.75,7.0,7.75
59003644,59,4.75,7.5,7.75
02003645,02,6.0,6.5,6.25
06003646,06,8.25,6.25,4.5
02003647,02,5.75,8.0,3.75
54003648,54,6.5,9.75,3.75
44003649,44,6.25,5.0,6.0
31003650,31,5.25,7.25,5.25
42003651,42,6.0,8.5,7.5
21003652,21,7.75,7.0,6.75
49003653,49,6.75,6.75,8.75
62003654,62,8.0,7.25,5.5
04003655,04,7.75,7.5,9.25
58003656,58,7.0,7.0,4.75
37003657,37,7.0,6.25,7.0
07003658,07,5.75,6.5,4.0
11003659,11,7.75,6.75,1.25
56003660,56,5.0,7.5,4.75
04003661,04,7.0,6.0,3.25
57003662,57,7.0,8.0,9.25
33003663,33,6.5,6.75,6.25
29003664,29,6.5,6.25,5.0
11003665,11,8.0,6.25,9.0
23003666,23,7.0,9.0,5.0
51003667,51,7.25,6.0,7.5
01003668,01,6.5,8.25,6.5
38003669,38,4.75,8.25,4.75
37003670,37,4.75,6.25,5.5
46003671,46,7.75,5.0,4.75
31003672,31,5.25,4.75,2.0
29003673,29,8.5,7.25,2.25
35003674,35,4.75,5.0,3.75
31003675,31,6.75,8.5,4.0
10003676,10,8.25,7.5,4.5
52003677,52,3.0,6.25,6.0
11003678,11,6.25,8.5,8.25
03003679,03,9.5,6.75,8.5
58003680,58,5.75,7.75,4.0
03003681,03,7.0,8.5,7.0
63003682,63,7.0,9.25,6.75
47003683,47,5.75,3.75,6.5
26003684,26,5.25,9.0,3.5
49003685,49,4.75,6.0,4.0
08003686,08,3.5,9.0,8.0
15003687,15,5.5,6.75,6.5
50003688,50,4.75,9.0,5.5
48003689,48,4.75,6.0,8.25
34003690,34,7.25,5.5,4.75
54003691,54,6.75,6.75,4.5
59003692,59,8.75,7.25,6.75
06003693,06,4.75,7.25,3.0
61003694,61,6.25,7.75,5.75
02003695,02,6.25,6.5,5.25
10003696,10,3.5,5.25,3.5
18003697,18,7.5,7.5,2.5
11003698,11,4.75,6.75,5.75
61003699,61,6.75,5.5,5.75
35003700,35,8.75,5.5,6.25
12003701,12,5.0,6.25,5.5
16003702,16,8.75,5.75,7.5
54003703,54,7.0,8.25,2.75
46003704,46,6.75,8.0,4.0
20003705,20,9.0,8.0,7.25
25003706,25,8.25,5.5,5.25
03003707,03,5.0,7.5,4.5
62003708,62,5.5,5.75,8.0
12003709,12,7.25,7.0,4.75
59003710,59,4.5,6.0,3.5
44003711,44,7.75,9.25,5.0
03003712,03,5.25,8.25,4.5
42003713,42,6.75,4.75,9.0
03003714,03,3.5,9.25,1.5
10003715,10,4.5,5.0,9.0
18003716,18,5.25,7.5,6.75
27003717,27,7.0,9.25,10.0
10003718,10,10.0,8.0,5.0
54003719,54,4.75,8.0,4.25
29003720,29,6.75,9.75,7.25
38003721,38,7.75,7.0,4.0
48003722,48,6.5,7.25,5.0
06003723,06,7.0,5.75,4.25
44003724,44,8.5,6.0,6.75
36003725,36,5.25,6.0,4.25
36003726,36,8.5,6.0,2.75
47003727,47,7.75,7.25,9.25
62003728,62,7.75,7.5,2.5
30003729,30,5.5,7.5,6.25
44003730,44,5.75,5.75,6.0
55003731,55,4.25,6.75,3.75
48003732,48,6.0,5.0,5.0
14003733,14,5.5,8.75,5.5
41003734,41,6.25,6.0,4.0
53003735,53,6.5,8.0,4.5
03003736,03,6.0,4.75,3.5
28003737,28,7.25,8.0,2.5
17003738,17,10.0,5.5,3.75
41003739,41,6.75,5.5,9.25
06003740,06,6.0,7.25,3.5
23003741,23,5.25,7.0,8.75
34003742,34,7.5,5.5,7.25
33003743,33,6.0,5.75,3.25
27003744,27,8.25,8.0,5.5
55003745,55,5.5,6.5,7.25
43003746,43,4.5,5.5,5.75
16003747,16,8.5,8.75,2.75
15003748,15,8.5,8.25,6.5
14003749,14,5.5,8.75,3.75
14003750,14,4.25,8.0,4.25
01003751,01,4.5,5.75,6.25
39003752,39,8.0,7.0,4.5
19003753,19,6.0,6.0,8.0
35003754,35,6.75,5.0,8.0
55003755,55,6.25,9.0,5.0
37003756,37,7.5,5.25,9.75
28003757,28,7.0,6.5,6.0
60003758,60,6.75,6.5,5.5
08003759,08,5.0,6.0,5.5
56003760,56,8.5,7.75,9.25
11003761,11,3.75,6.75,4.0
50003762,50,5.25,7.75,7.0
18003763,18,7.75,7.5,9.75
38003764,38,6.75,8.0,5.75
37003765,37,6.5,7.0,7.75
55003766,55,8.0,7.5,5.75
40003767,40,7.25,5.5,4.25
32003768,32,5.0,6.5,6.5
32003769,32,7.25,6.75,5.75
56003770,56,4.75,6.75,5.0
53003771,53,3.5,6.25,4.25
60003772,60,7.75,5.75,4.75
50003773,50,4.5,6.25,3.25
57003774,57,6.5,5.75,7.0
50003775,50,7.75,6.5,3.25
25003776,25,6.0,6.5,6.5
34003777,34,6.0,5.75,4.25
35003778,35,7.25,8.0,5.0
22003779,22,5.0,6.0,6.75
21003780,21,5.5,6.5,7.5
04003781,04,3.75,7.0,10.0
28003782,28,7.5,8.75,6.75
07003783,07,5.0,7.0,2.75
28003784,28,4.25,7.0,1.5
35003785,35,5.25,7.5,2.75
50003786,50,5.75,6.75,7.75
03003787,03,5.75,5.75,7.25
03003788,03,5.25,8.5,9.25
39003789,39,9.75,6.25,6.75
07003790,07,7.75,7.0,7.25
35003791,35,9.0,6.5,6.75
23003792,23,8.75,6.75,4.25
62003793,62,4.75,4.25,6.75
29003794,29,6.75,5.5,3.5
13003795,13,5.5,6.75,5.25
58003796,58,7.5,5.75,6.0
31003797,31,6.25,5.25,6.0
30003798,30,2.25,6.25,5.25
54003799,54,5.75,6.25,4.75
25003800,25,4.5,7.75,3.75
61003801,61,7.5,7.5,7.0
20003802,20,3.5,9.0,7.25
40003803,40,7.5,6.25,8.25
42003804,42,4.75,6.5,5.75
37003805,37,5.5,5.25,4.0
19003806,19,0.0,6.0,7.75
53003807,53,5.25,6.75,2.75
35003808,35,7.5,7.5,7.75
48003809,48,6.0,6.5,5.0
27003810,27,8.0,8.5,6.75
48003811,48,8.75,7.25,2.25
19003812,19,7.0,5.25,6.25
46003813,46,5.25,7.0,1.75
26003814,26,5.75,7.5,6.75
60003815,60,5.5,7.0,7.5
27003816,27,5.75,6.25,4.0
29003817,29,5.5,6.25,4.5
24003818,24,7.0,8.25,3.5
27003819,27,7.5,8.25,3.5
58003820,58,7.0,6.5,4.0
29003821,29,8.5,7.0,4.5
44003822,44,7.25,7.25,7.25
08003823,08,7.75,6.75,3.0
35003824,35,8.0,4.75,5.0
34003825,34,5.0,6.25,10.0
43003826,43,6.0,5.25,7.5
22003827,22,10.0,7.0,4.25
25003828,25,6.75,7.5,4.75
20003829,20,8.25,5.0,5.5
29003830,29,5.0,7.0,9.0
41003831,41,8.0,6.5,4.5
41003832,41,4.0,8.0,7.75
53003833,53,6.75,7.25,6.25
51003834,51,8.5,7.25,7.0
07003835,07,5.0,8.25,4.25
46003836,46,4.0,6.0,6.0
28003837,28,6.25,6.5,5.25
52003838,52,5.5,6.75,4.5
11003839,11,7.25,6.25,7.75
01003840,01,5.0,7.25,4.75
03003841,03,6.0,7.5,6.5
49003842,49,3.5,6.0,5.0
31003843,31,7.25,6.25,3.25
48003844,48,4.25,8.5,8.5
34003845,34,5.5,4.5,6.0
44003846,44,7.0,5.0,5.0
57003847,57,5.75,8.25,1.75
05003848,05,6.25,7.5,5.75
21003849,21,4.25,7.5,4.75
25003850,25,7.25,6.0,7.75
29003851,29,6.5,6.75,3.5
22003852,22,5.75,8.5,2.5
37003853,37,6.75,7.0,3.5
23003854,23,4.75,7.75,8.0
25003855,25,7.0,7.5,10.0
19003856,19,5.25,8.25,8.75
22003857,22,4.25,6.75,5.0
08003858,08,6.75,8.25,7.25
04003859,04,7.0,10.0,8.5
08003860,08,8.0,8.75,3.25
19003861,19,7.25,7.5,3.5
53003862,53,6.25,8.5,6.5
12003863,12,7.0,6.0,5.0
09003864,09,7.25,8.75,5.0
39003865,39,8.5,7.25,6.5
19003866,19,4.75,4.75,6.75
02003867,02,7.0,6.75,5.75
06003868,06,5.25,6.75,4.25
11003869,11,5.25,8.25,9.0
49003870,49,7.75,5.25,6.5
59003871,59,2.5,7.5,7.25
02003872,02,4.5,7.25,5.5
04003873,04,4.5,7.5,6.25
01003874,01,2.25,5.0,7.5
32003875,32,8.0,7.0,3.25
48003876,48,6.75,5.5,3.75
39003877,39,5.5,5.0,5.25
49003878,49,4.25,7.25,4.75
06003879,06,9.25,6.25,4.5
14003880,14,7.75,6.5,5.25
26003881,26,8.0,6.0,8.25
57003882,57,3.5,5.75,5.0
24003883,24,4.75,6.75,6.0
13003884,13,7.75,7.25,3.75
32003885,32,2.25,8.5,5.5
39003886,39,5.0,7.5,5.25
44003887,44,6.75,8.5,4.0
02003888,02,6.25,6.25,4.25
14003889,14,9.25,7.0,4.25
03003890,03,7.25,6.75,8.0
52003891,52,7.75,4.75,2.25
45003892,45,7.0,5.75,6.75
57003893,57,8.0,7.25,4.75
40003894,40,7.5,5.25,5.75
24003895,24,5.0,5.5,6.5
59003896,59,9.5,7.75,3.5
59003897,59,8.5,6.75,4.75
31003898,31,6.0,5.5,6.25
11003899,11,5.75,5.25,6.0
45003900,45,6.5,8.5,6.25
59003901,59,2.5,7.25,5.25
60003902,60,6.25,6.5,6.25
49003903,49,10.0,5.5,5.25
50003904,50,7.25,6.5,3.75
06003905,06,6.5,4.75,8.25
42003906,42,8.5,4.25,3.25
28003907,28,9.75,6.25,6.75
46003908,46,8.0,6.25,6.5
20003909,20,6.5,8.25,6.25
28003910,28,7.5,5.0,4.75
36003911,36,4.5,5.5,3.75
31003912,31,4.25,6.75,4.25
56003913,56,7.5,5.75,4.25
30003914,30,5.0,7.25,6.25
23003915,23,6.5,7.0,4.5
37003916,37,3.5,6.75,5.25
10003917,10,7.0,7.0,9.0
49003918,49,7.25,7.5,6.25
48003919,48,7.75,7.75,5.75
25003920,25,6.5,9.75,4.5
10003921,10,4.0,6.75,8.0
46003922,46,4.75,5.5,2.75
03003923,03,4.75,9.75,4.25
52003924,52,8.5,6.5,3.25
58003925,58,6.75,6.75,6.25
10003926,10,6.75,7.0,3.75
09003927,09,5.5,6.25,7.75
18003928,18,5.25,5.5,5.0
63003929,63,8.25,6.75,8.5
56003930,56,6.25,6.75,6.5
56003931,56,10.0,7.5,4.5
21003932,21,6.5,6.75,8.0
41003933,41,6.5,7.0,2.75
14003934,14,8.25,8.75,6.75
54003935,54,5.5,8.0,5.5
35003936,35,6.75,7.25,4.25
52003937,52,5.0,5.75,7.5
09003938,09,1.75,5.25,4.5
58003939,58,7.5,6.25,8.75
23003940,23,8.75,6.0,6.25
35003941,35,5.5,7.25,5.25
57003942,57,5.75,6.5,6.25
18003943,18,5.75,7.75,9.75
21003944,21,8.25,7.75,6.5
06003945,06,5.75,7.0,4.75
20003946,20,6.5,7.0,4.75
11003947,11,8.75,4.75,3.25
43003948,43,7.0,7.5,5.5
04003949,04,5.5,5.0,3.25
21003950,21,5.75,8.75,4.75
05003951,05,6.75,7.75,7.25
10003952,10,6.5,8.75,8.5
22003953,22,7.75,6.5,4.5
18003954,18,6.0,7.0,5.25
06003955,06,5.75,8.5,6.25
26003956,26,5.75,7.75,6.0
03003957,03,7.0,6.0,6.75
17003958,17,5.75,6.75,9.25
14003959,14,6.0,9.75,5.5
25003960,25,4.0,7.75,6.75
62003961,62,4.0,6.75,2.75
33003962,33,8.5,6.0,10.0
05003963,05,5.0,8.5,6.25
02003964,02,8.25,5.0,4.25
27003965,27,6.25,5.5,4.25
34003966,34,8.75,7.5,4.25
15003967,15,3.5,5.5,5.75
07003968,07,6.5,6.0,2.0
13003969,13,6.75,9.0,4.75
57003970,57,5.0,6.25,9.75
45003971,45,7.5,5.75,9.0
62003972,62,6.0,9.0,4.5
43003973,43,4.25,7.75,2.75
42003974,42,4.25,7.0,3.75
24003975,24,6.25,7.25,6.0
09003976,09,9.0,5.25,4.25
43003977,43,5.25,5.25,2.75
19003978,19,4.5,6.75,2.75
54003979,54,6.5,7.25,3.5
53003980,53,5.25,6.75,6.0
41003981,41,3.5,6.75,3.25
38003982,38,6.25,7.25,4.25
08003983,08,5.5,6.5,5.5
07003984,07,5.0,6.75,3.75
18003985,18,6.5,5.25,4.75
40003986,40,6.0,7.25,6.0
22003987,22,8.75,6.5,6.25
28003988,28,7.25,6.25,6.5
19003989,19,4.5,6.75,6.25
29003990,29,6.5,7.25,4.25
08003991,08,7.75,7.75,4.5
16003992,16,5.5,6.25,0.0
54003993,54,4.25,6.5,3.5
19003994,19,6.0,5.75,1.0
21003995,21,6.0,6.5,5.75
32003996,32,5.75,5.25,4.75
41003997,41,7.75,7.0,5.25
12003998,12,7.0,9.0,5.5
12003999,12,8.5,7.5,7.5
34004000,34,4.75,6.75,7.75
53004001,53,5.75,6.25,5.25
22004002,22,4.5,6.25,4.5
25004003,25,8.0,5.0,1.75
07004004,07,6.75,5.25,7.5
09004005,09,6.0,8.5,4.5
15004006,15,4.75,7.0,2.75
54004007,54,6.5,5.0,7.75
05004008,05,8.75,4.75,6.25
55004009,55,8.0,4.5,6.75
01004010,01,6.0,6.5,7.0
36004011,36,9.5,7.25,4.25
41004012,41,7.75,4.75,4.75
40004013,40,3.75,5.75,5.75
32004014,32,7.75,7.75,6.75
56004015,56,7.25,8.0,6.5
28004016,28,5.5,5.5,8.0
54004017,54,6.0,7.5,8.0
45004018,45,8.0,5.75,4.75
41004019,41,7.25,7.5,4.75
17004020,17,7.5,6.5,4.5
50004021,50,5.75,7.75,3.0
33004022,33,5.5,7.5,4.75
51004023,51,5.75,6.25,2.75
34004024,34,9.0,7.5,3.25
42004025,42,7.25,6.0,8.5
14004026,14,4.0,6.75,3.75
19004027,19,5.5,7.0,3.0
38004028,38,6.75,7.75,2.0
30004029,30,5.0,7.0,7.5
29004030,29,6.5,9.0,4.75
06004031,06,9.5,7.75,3.0
26004032,26,6.0,7.0,6.5
12004033,12,5.0,7.0,6.75
07004034,07,7.25,6.0,2.0
50004035,50,2.75,7.0,3.5
39004036,39,7.5,7.5,5.0
05004037,05,9.0,7.25,6.75
17004038,17,6.5,8.5,3.5
17004039,17,6.25,5.5,5.0
38004040,38,5.75,5.5,2.25
10004041,10,8.0,7.75,7.5
26004042,26,3.5,7.5,3.75
12004043,12,5.75,6.25,6.5
31004044,31,8.25,8.0,10.0
31004045,31,4.5,6.75,4.0
62004046,62,8.25,6.5,3.5
59004047,59,5.75,9.0,2.5
27004048,27,7.75,6.5,9.25
56004049,56,7.0,9.0,6.25
03004050,03,6.5,6.0,3.5
33004051,33,4.25,7.5,4.5
19004052,19,6.25,5.75,5.75
42004053,42,6.75,7.0,4.75
47004054,47,6.5,7.0,7.0
15004055,15,9.0,4.75,2.75
29004056,29,5.5,7.0,5.0
59004057,59,8.25,5.0,7.25
62004058,62,6.75,6.75,9.0
56004059,56,7.0,6.75,8.25
30004060,30,8.75,8.5,3.5
28004061,28,9.0,6.25,7.75
13004062,13,5.5,7.5,4.0
03004063,03,6.25,8.25,6.5
18004064,18,8.0,7.75,4.5
63004065,63,8.25,6.25,3.25
22004066,22,6.0,5.0,4.0
63004067,63,4.25,6.25,2.5
43004068,43,4.25,5.0,1.25
38004069,38,7.75,7.5,8.25
42004070,42,6.5,7.75,6.5
37004071,37,3.5,9.25,8.5
16004072,16,5.25,4.75,5.0
43004073,43,7.5,8.5,5.0
20004074,20,7.0,6.0,6.75
50004075,50,7.75,7.25,3.5
25004076,25,7.75,6.75,5.75
19004077,19,8.5,7.0,3.0
57004078,57,7.5,7.5,4.0
16004079,16,5.5,8.0,3.0
55004080,55,3.75,5.75,7.0
20004081,20,2.5,8.5,7.0
22004082,22,4.25,6.75,5.0
14004083,14,7.0,6.5,4.25
33004084,33,8.75,8.0,5.75
51004085,51,5.25,6.25,4.5
60004086,60,5.5,7.25,7.25
46004087,46,6.25,5.5,6.0
43004088,43,6.0,2.5,4.5
34004089,34,8.5,5.75,7.25
09004090,09,7.5,7.5,4.25
42004091,42,6.0,6.75,6.5
60004092,60,6.0,8.25,2.25
50004093,50,8.5,7.5,2.5
25004094,25,5.0,7.25,5.5
06004095,06,5.5,7.0,6.75
17004096,17,5.5,8.25,7.0
09004097,09,5.0,7.0,10.0
24004098,24,7.0,7.0,3.5
28004099,28,4.75,7.25,6.25
20004100,20,4.5,9.5,5.0
33004101,33,8.25,6.5,3.75
60004102,60,5.0,5.5,8.5
46004103,46,5.0,8.25,6.25
27004104,27,4.5,6.5,4.25
17004105,17,5.5,6.25,3.0
08004106,08,5.5,6.0,6.0
02004107,02,5.75,5.75,4.5
42004108,42,4.75,6.0,2.75
01004109,01,8.5,7.0,5.75
35004110,35,4.5,4.5,2.75
08004111,08,7.75,6.75,4.75
05004112,05,8.5,7.75,5.25
57004113,57,5.75,7.25,9.5
19004114,19,9.25,8.25,6.0
22004115,22,8.0,6.5,7.25
48004116,48,6.25,8.0,5.0
45004117,45,7.5,8.5,5.75
24004118,24,6.25,6.5,8.5
04004119,04,4.25,8.25,6.0
35004120,35,6.0,7.25,6.0
56004121,56,6.25,7.25,5.5
41004122,41,5.5,5.75,5.0
44004123,44,8.0,7.5,5.5
48004124,48,6.0,7.75,6.25
40004125,40,6.0,6.25,8.25
14004126,14,6.75,4.75,5.75
61004127,61,6.25,5.75,7.25
43004128,43,10.0,5.75,1.25
41004129,41,7.75,7.5,5.75
47004130,47,8.25,7.5,5.25
22004131,22,3.75,6.75,8.25
14004132,14,7.25,5.0,6.5
49004133,49,3.75,7.0,7.25
14004134,14,4.75,6.25,7.25
57004135,57,4.25,8.0,1.25
06004136,06,6.5,6.5,2.75
59004137,59,2.75,7.75,7.75
39004138,39,7.25,6.0,7.5
62004139,62,7.75,6.25,0.75
17004140,17,6.75,5.0,2.5
46004141,46,7.75,7.5,6.75
27004142,27,5.25,7.5,5.25
40004143,40,7.0,6.0,7.25
20004144,20,8.75,5.75,5.75
23004145,23,6.0,6.75,3.75
49004146,49,5.75,9.0,7.0
17004147,17,7.75,6.25,7.75
38004148,38,9.5,8.75,7.75
43004149,43,4.75,6.25,7.25
09004150,09,9.0,8.25,5.0
39004151,39,7.25,6.5,4.5
43004152,43,9.75,6.25,9.5
30004153,30,5.25,6.75,7.25
39004154,39,7.0,6.75,3.5
29004155,29,5.0,7.0,5.0
02004156,02,5.5,6.75,0.5
24004157,24,5.0,8.5,6.75
52004158,52,5.25,5.75,6.0
25004159,25,8.0,5.75,5.5
05004160,05,7.75,7.5,8.5
05004161,05,2.75,8.0,4.75
17004162,17,5.5,7.25,5.0
09004163,09,3.5,6.0,5.0
07004164,07,5.25,5.0,1.75
22004165,22,7.5,8.75,5.75
11004166,11,8.0,7.5,2.0
13004167,13,5.25,6.5,6.25
35004168,35,5.5,5.5,6.25
25004169,25,5.25,6.25,6.0
32004170,32,6.75,5.25,4.75
58004171,58,5.0,4.75,8.25
31004172,31,7.25,4.75,7.25
36004173,36,4.75,7.75,2.0
14004174,14,8.5,4.75,3.5
08004175,08,3.5,6.0,3.5
43004176,43,6.75,7.25,5.75
41004177,41,6.5,8.0,3.0
30004178,30,5.5,8.0,9.25
47004179,47,4.75,8.0,3.5
31004180,31,7.5,7.25,5.75
59004181,59,6.0,8.5,6.5
03004182,03,10.0,5.0,4.5
40004183,40,8.25,8.5,7.75
21004184,21,2.75,7.25,4.0
44004185,44,6.75,6.25,3.5
34004186,34,4.5,5.75,8.0
07004187,07,4.75,6.25,7.75
44004188,44,10.0,7.25,4.75
43004189,43,6.0,6.75,6.25
19004190,19,5.75,6.25,9.75
49004191,49,6.75,8.5,5.75
07004192,07,6.5,5.5,7.25
61004193,61,5.25,6.0,5.5
19004194,19,7.75,6.25,5.75
43004195,43,4.0,6.75,6.75
44004196,44,8.0,6.5,7.75
60004197,60,4.75,9.0,2.75
60004198,60,5.25,10.0,6.5
27004199,27,8.25,7.75,5.75
21004200,21,7.25,6.5,4.25
45004201,45,8.25,6.75,5.25
58004202,58,10.0,8.25,8.0
36004203,36,5.0,6.25,9.0
60004204,60,6.25,8.0,4.25
22004205,22,3.75,5.5,3.25
16004206,16,6.0,7.75,3.75
31004207,31,3.0,8.0,5.0
13004208,13,6.75,6.0,6.5
33004209,33,8.75,6.25,3.75
03004210,03,7.25,5.75,4.75
32004211,32,6.0,6.0,4.5
27004212,27,10.0,8.75,2.25
60004213,60,6.0,8.25,6.25
43004214,43,4.0,7.0,3.0
62004215,62,8.75,7.0,4.25
21004216,21,5.5,7.25,6.5
55004217,55,6.5,7.25,7.5
63004218,63,5.0,7.25,7.75
20004219,20,5.75,4.0,2.75
37004220,37,6.0,5.75,2.5
59004221,59,5.25,6.75,2.5
62004222,62,5.25,5.75,7.5
48004223,48,5.0,7.0,5.25
25004224,25,5.5,7.75,3.5
12004225,12,7.5,8.5,5.75
33004226,33,7.0,6.25,9.5
02004227,02,9.25,5.0,5.0
24004228,24,8.0,8.5,3.0
17004229,17,9.25,4.25,7.5
51004230,51,5.5,4.5,5.75
34004231,34,5.25,6.75,5.75
54004232,54,8.5,5.75,4.0
53004233,53,7.75,6.5,8.0
39004234,39,5.0,5.25,5.25
19004235,19,7.25,7.25,4.5
24004236,24,8.75,7.75,8.75
58004237,58,4.75,7.0,6.25
44004238,44,7.0,6.5,7.0
57004239,57,5.25,7.5,4.0
62004240,62,5.0,5.5,5.5
57004241,57,8.25,7.0,4.75
30004242,30,7.5,5.25,5.5
20004243,20,8.5,7.0,6.25
53004244,53,6.25,6.0,4.75
48004245,48,6.75,7.0,6.5
31004246,31,5.25,7.0,7.0
12004247,12,6.5,6.5,5.0
18004248,18,6.75,5.75,4.25
50004249,50,9.75,7.25,4.0
20004250,20,4.25,7.75,2.75
17004251,17,5.0,5.5,1.5
12004252,12,6.75,8.25,4.25
22004253,22,7.25,6.0,6.0
45004254,45,4.0,7.75,2.75
30004255,30,5.0,5.75,4.0
08004256,08,5.5,6.75,7.75
55004257,55,5.75,8.25,6.75
57004258,57,4.0,6.75,3.0
42004259,42,6.75,6.75,6.5
19004260,19,6.25,7.0,7.0
49004261,49,7.5,9.0,6.5
59004262,59,4.75,7.75,3.75
07004263,07,7.5,8.5,7.0
50004264,50,10.0,4.25,7.25
57004265,57,5.75,4.5,8.25
31004266,31,6.0,7.5,7.0
11004267,11,6.25,6.5,9.25
01004268,01,7.5,7.25,4.25
26004269,26,6.5,6.75,3.25
14004270,14,7.5,6.5,6.25
44004271,44,4.5,5.0,7.0
57004272,57,3.75,9.0,8.25
09004273,09,7.0,8.0,4.75
50004274,50,5.5,7.5,6.5
33004275,33,6.5,6.75,5.75
48004276,48,6.75,5.5,6.5
19004277,19,4.5,7.5,5.0
22004278,22,6.5,6.5,5.25
25004279,25,8.0,8.5,4.25
59004280,59,4.25,8.5,4.75
49004281,49,5.25,8.25,7.5
53004282,53,6.0,5.75,7.25
25004283,25,7.0,5.25,4.5
15004284,15,7.0,9.25,6.25
47004285,47,6.5,7.0,6.75
35004286,35,7.0,6.25,3.75
21004287,21,4.0,7.5,2.75
46004288,46,5.25,4.5,7.0
26004289,26,7.25,9.5,6.25
06004290,06,9.25,7.75,4.5
59004291,59,4.75,8.0,2.5
09004292,09,7.5,7.5,7.5
26004293,26,4.5,6.75,5.5
12004294,12,8.75,7.5,6.75
17004295,17,7.0,5.5,2.75
08004296,08,6.25,6.5,4.5
58004297,58,5.25,8.25,6.75
02004298,02,7.0,5.25,5.5
09004299,09,7.5,7.75,4.25
33004300,33,6.75,8.5,7.0
13004301,13,9.75,6.25,4.5
58004302,58,5.25,6.25,4.75
26004303,26,10.0,6.0,6.5
27004304,27,10.0,5.5,5.5
20004305,20,9.5,7.5,3.75
15004306,15,3.25,7.0,7.5
33004307,33,8.75,5.0,6.25
41004308,41,8.75,6.75,8.25
08004309,08,6.25,6.75,5.25
17004310,17,4.0,6.75,4.25
29004311,29,8.25,8.0,6.25
15004312,15,6.0,5.0,5.5
34004313,34,7.25,8.5,4.75
37004314,37,7.5,8.25,6.0
36004315,36,6.25,6.5,6.5
21004316,21,7.0,7.0,4.25
61004317,61,7.75,7.0,5.0
54004318,54,6.25,7.0,1.75
24004319,24,6.25,8.25,4.5
04004320,04,5.75,6.25,4.0
34004321,34,6.5,7.5,5.25
29004322,29,7.0,7.25,4.25
20004323,20,5.25,2.5,4.75
35004324,35,6.0,7.0,6.5
35004325,35,6.25,3.75,6.5
19004326,19,5.0,8.25,2.25
41004327,41,5.25,6.5,9.25
51004328,51,7.5,5.0,5.25
06004329,06,6.5,5.75,4.25
36004330,36,8.5,7.0,2.75
12004331,12,7.25,9.5,3.25
57004332,57,8.25,8.5,5.25
53004333,53,10.0,5.5,6.75
40004334,40,6.25,8.0,5.5
05004335,05,5.0,7.75,2.75
56004336,56,6.0,6.0,7.5
58004337,58,5.0,7.75,5.0
45004338,45,6.25,7.25,3.25
61004339,61,9.75,8.75,3.5
30004340,30,8.5,6.0,3.75
41004341,41,6.25,5.25,4.0
06004342,06,5.5,8.25,7.0
30004343,30,5.75,6.75,3.5
14004344,14,6.25,6.5,3.5
43004345,43,5.25,4.5,4.5
48004346,48,3.75,7.75,6.25
53004347,53,8.0,5.75,4.75
06004348,06,5.25,6.5,5.5
51004349,51,5.5,3.25,3.25
34004350,34,9.5,6.75,5.5
43004351,43,8.75,5.5,6.75
30004352,30,6.5,7.0,5.75
02004353,02,5.25,6.5,4.5
25004354,25,6.0,9.0,9.0
49004355,49,6.0,8.0,4.5
17004356,17,5.75,7.5,6.25
48004357,48,5.25,5.0,2.75
03004358,03,8.25,6.0,5.75
06004359,06,5.5,10.0,4.5
33004360,33,8.25,7.25,4.0
54004361,54,7.5,7.0,6.0
51004362,51,5.25,7.25,5.0
48004363,48,7.25,6.75,4.0
58004364,58,4.75,8.75,6.75
60004365,60,6.5,7.75,8.5
11004366,11,8.25,6.75,5.75
60004367,60,4.0,7.25,3.75
20004368,20,6.25,8.0,7.25
22004369,22,6.5,8.75,6.0
29004370,29,6.0,7.75,3.25
10004371,10,8.75,5.5,2.25
06004372,06,6.25,5.5,5.75
45004373,45,7.25,9.25,6.25
34004374,34,4.75,5.25,5.25
17004375,17,8.5,7.25,5.25
20004376,20,7.0,8.25,6.0
16004377,16,5.75,8.0,5.25
36004378,36,5.0,6.25,5.0
47004379,47,9.5,8.75,8.0
60004380,60,6.0,6.25,3.75
46004381,46,7.25,5.5,4.25
26004382,26,5.75,6.0,7.0
53004383,53,8.5,8.5,5.0
06004384,06,9.0,8.75,6.25
47004385,47,6.25,7.75,8.0
15004386,15,8.25,7.5,5.25
08004387,08,5.75,4.75,6.25
02004388,02,6.75,7.5,6.0
49004389,49,7.0,9.25,7.25
18004390,18,8.75,5.5,4.0
59004391,59,3.75,7.0,4.0
19004392,19,7.5,9.5,3.25
46004393,46,2.25,7.75,7.25
60004394,60,6.25,9.25,3.25
02004395,02,7.0,8.25,3.25
08004396,08,1.5,6.5,5.25
23004397,23,5.5,4.5,3.0
37004398,37,8.25,7.25,7.0
16004399,16,8.25,7.25,6.5
22004400,22,7.5,6.75,0.0
17004401,17,7.0,6.25,4.0
50004402,50,7.5,5.75,6.5
24004403,24,5.75,9.25,7.25
35004404,35,7.75,7.5,6.25
19004405,19,8.5,7.5,4.25
34004406,34,7.75,8.5,7.0
31004407,31,4.75,7.5,3.0
42004408,42,5.0,6.25,3.5
60004409,60,4.75,6.0,3.5
52004410,52,5.0,7.75,9.0
49004411,49,9.0,6.75,7.0
25004412,25,4.25,5.5,8.25
26004413,26,4.75,6.75,6.25
24004414,24,7.25,4.5,6.5
19004415,19,7.25,8.5,0.25
54004416,54,3.5,5.75,4.75
13004417,13,4.75,5.0,8.0
37004418,37,8.25,6.0,5.5
06004419,06,6.75,6.75,4.75
46004420,46,4.25,6.5,8.75
40004421,40,5.75,5.0,5.75
13004422,13,6.25,6.5,2.25
46004423,46,4.75,6.5,10.0
41004424,41,2.75,6.5,1.75
08004425,08,5.25,7.75,7.25
26004426,26,7.75,6.25,4.0
14004427,14,6.0,6.75,6.5
17004428,17,8.0,5.0,4.0
57004429,57,6.25,6.0,4.5
36004430,36,6.5,7.75,6.0
02004431,02,8.5,7.5,6.25
33004432,33,4.0,8.25,3.25
46004433,46,6.25,7.0,6.5
16004434,16,4.25,7.75,5.25
54004435,54,7.5,10.0,8.25
56004436,56,7.0,6.25,5.75
34004437,34,7.0,5.75,5.0
58004438,58,7.5,6.5,6.5
39004439,39,7.5,6.25,6.75
42004440,42,7.25,7.0,6.25
24004441,24,7.75,6.25,5.25
61004442,61,7.0,7.5,8.5
41004443,41,3.75,5.25,3.75
27004444,27,7.5,4.75,3.75
46004445,46,6.5,4.75,3.5
16004446,16,3.5,7.0,3.75
38004447,38,3.5,5.5,9.0
20004448,20,7.5,6.25,0.75
53004449,53,6.0,5.25,5.75
26004450,26,8.0,6.25,2.25
12004451,12,6.25,7.5,5.5
62004452,62,5.25,7.0,10.0
30004453,30,7.0,5.75,4.0
06004454,06,6.25,5.5,4.5
51004455,51,6.0,4.25,5.25
11004456,11,7.5,5.75,5.25
58004457,58,4.75,9.5,5.75
61004458,61,1.25,6.75,5.25
32004459,32,7.0,7.0,8.25
34004460,34,8.0,7.25,5.5
23004461,23,6.25,6.25,7.75
60004462,60,9.0,6.5,5.75
26004463,26,5.5,6.75,4.75
52004464,52,2.75,5.25,5.25
14004465,14,8.0,6.5,2.0
03004466,03,5.25,7.0,5.0
53004467,53,6.25,7.25,4.75
10004468,10,6.75,6.25,5.25
09004469,09,8.75,4.5,5.5
59004470,59,5.5,7.0,4.0
16004471,16,7.5,5.5,4.25
08004472,08,5.75,6.25,10.0
15004473,15,6.0,5.25,7.25
04004474,04,4.5,6.75,8.75
14004475,14,5.0,8.25,1.75
53004476,53,7.25,5.75,10.0
22004477,22,5.5,5.5,2.25
57004478,57,7.0,7.0,9.0
63004479,63,9.0,5.25,8.25
37004480,37,8.0,8.0,7.25
56004481,56,5.5,6.0,5.75
43004482,43,7.75,4.75,2.75
04004483,04,7.5,8.75,5.5
49004484,49,7.0,7.0,4.75
28004485,28,6.0,8.25,4.0
27004486,27,3.25,7.0,6.0
60004487,60,8.75,7.25,8.25
19004488,19,6.25,9.75,6.5
56004489,56,4.75,6.75,4.75
57004490,57,7.0,6.5,3.0
60004491,60,5.5,6.75,6.5
13004492,13,5.5,7.75,5.5
56004493,56,4.75,5.0,6.0
41004494,41,6.75,7.25,5.25
16004495,16,4.5,5.75,4.75
07004496,07,9.0,4.0,3.0
25004497,25,9.75,6.75,5.25
37004498,37,5.75,6.5,10.0
62004499,62,4.25,7.25,5.5
56004500,56,6.5,8.0,4.75
02004501,02,6.0,6.75,6.75
55004502,55,4.5,6.5,3.75
37004503,37,8.5,7.0,4.25
22004504,22,7.75,8.5,1.5
16004505,16,7.25,8.0,4.0
53004506,53,4.75,7.25,7.0
56004507,56,4.25,7.0,4.25
59004508,59,7.0,6.25,5.75
52004509,52,8.5,10.0,6.0
53004510,53,7.75,6.25,4.5
19004511,19,7.0,9.0,3.5
14004512,14,5.75,6.5,4.0
47004513,47,7.5,5.75,3.25
34004514,34,9.75,6.25,5.75
16004515,16,6.25,7.25,8.0
12004516,12,5.0,7.75,3.75
37004517,37,5.0,6.25,7.25
04004518,04,4.75,7.75,2.5
04004519,04,9.0,8.25,4.5
04004520,04,3.25,7.25,2.25
28004521,28,4.75,7.25,8.75
30004522,30,6.5,3.75,7.5
44004523,44,4.25,4.0,5.0
61004524,61,6.75,8.0,7.5
02004525,02,2.5,8.5,8.0
57004526,57,6.25,6.25,3.75
30004527,30,4.75,7.75,4.75
10004528,10,6.75,8.5,6.5
20004529,20,6.75,6.5,7.5
52004530,52,8.5,5.0,3.5
09004531,09,5.25,8.25,6.25
30004532,30,6.75,5.25,9.25
48004533,48,5.75,7.0,6.75
19004534,19,6.5,5.0,4.75
48004535,48,5.0,7.0,6.75
62004536,62,6.75,6.0,1.5
01004537,01,7.25,8.0,4.25
08004538,08,4.25,6.75,8.0
55004539,55,6.0,6.0,9.5
34004540,34,7.0,7.25,8.5
36004541,36,6.5,7.5,3.0
28004542,28,6.75,8.25,5.0
21004543,21,6.25,6.75,7.0
27004544,27,5.75,5.25,9.25
19004545,19,6.75,6.5,4.25
16004546,16,8.25,6.75,3.0
13004547,13,6.25,5.25,5.5
13004548,13,6.25,7.5,7.25
32004549,32,4.5,6.25,6.5
27004550,27,6.0,6.5,3.75
40004551,40,7.5,8.0,5.0
19004552,19,6.25,6.5,9.0
60004553,60,6.0,7.75,3.75
53004554,53,6.5,6.0,7.25
06004555,06,5.25,6.25,4.0
19004556,19,9.0,5.25,7.25
17004557,17,3.0,8.75,6.75
44004558,44,7.0,7.0,8.25
37004559,37,7.5,5.5,3.5
26004560,26,6.75,6.75,7.25
60004561,60,6.75,9.25,6.75
22004562,22,4.25,7.5,5.25
41004563,41,7.5,5.5,7.0
15004564,15,7.5,6.25,4.0
60004565,60,7.0,6.75,4.75
23004566,23,4.0,6.0,3.25
50004567,50,7.5,8.75,6.5
02004568,02,5.0,6.5,7.25
48004569,48,8.5,7.0,4.25
48004570,48,6.5,7.0,3.5
59004571,59,5.0,5.5,7.25
16004572,16,5.5,6.5,5.75
62004573,62,5.25,8.25,4.25
49004574,49,6.0,7.5,6.25
13004575,13,5.5,5.25,5.75
05004576,05,7.75,8.5,5.0
16004577,16,10.0,5.0,7.25
53004578,53,7.5,6.25,6.25
13004579,13,6.5,5.75,5.25
06004580,06,5.75,6.25,5.75
45004581,45,9.0,8.25,5.75
22004582,22,4.0,7.5,6.25
20004583,20,5.75,6.25,7.0
03004584,03,4.25,6.75,5.5
59004585,59,5.5,6.75,2.75
25004586,25,3.0,7.25,5.0
59004587,59,6.5,7.0,4.0
35004588,35,5.25,8.25,4.25
17004589,17,6.25,6.75,4.0
36004590,36,7.0,8.0,7.5
61004591,61,7.25,5.5,4.25
26004592,26,6.0,6.25,5.0
32004593,32,7.5,7.25,5.5
54004594,54,8.75,7.5,3.25
39004595,39,5.75,7.25,3.75
41004596,41,5.75,7.0,6.0
53004597,53,6.5,6.75,3.75
34004598,34,5.75,8.0,6.75
42004599,42,7.75,6.25,6.5
59004600,59,10.0,6.75,2.5
09004601,09,6.0,6.75,4.75
01004602,01,9.5,7.5,4.0
61004603,61,6.25,5.25,3.25
04004604,04,6.5,7.5,6.0
43004605,43,4.75,8.5,7.25
63004606,63,6.25,8.75,8.0
35004607,35,5.75,7.0,5.75
42004608,42,6.0,5.75,6.25
27004609,27,7.0,5.75,5.75
62004610,62,6.5,4.5,7.0
02004611,02,6.0,5.5,7.5
23004612,23,3.25,6.0,5.5
36004613,36,5.5,8.5,6.0
16004614,16,5.5,8.0,4.5
57004615,57,6.5,5.0,4.0
19004616,19,4.5,7.5,0.5
01004617,01,7.25,6.5,6.25
11004618,11,6.75,7.0,5.25
01004619,01,4.0,6.0,5.0
43004620,43,5.25,6.5,5.0
39004621,39,9.5,7.0,7.5
34004622,34,7.0,6.75,5.75
25004623,25,6.25,7.0,3.75
11004624,11,7.0,8.25,10.0
08004625,08,5.25,6.25,7.75
62004626,62,6.25,7.0,3.5
35004627,35,5.5,5.75,6.0
37004628,37,4.75,8.0,7.25
59004629,59,6.5,7.5,8.5
30004630,30,5.5,5.25,3.25
29004631,29,6.25,7.25,7.25
10004632,10,8.0,7.25,6.25
13004633,13,5.5,5.75,1.25
58004634,58,6.0,7.25,6.25
38004635,38,2.75,5.5,6.5
23004636,23,4.75,7.5,8.0
36004637,36,5.25,6.75,4.75
60004638,60,6.75,7.5,6.75
33004639,33,5.0,7.25,4.75
38004640,38,8.25,9.0,7.5
28004641,28,6.5,6.5,5.25
03004642,03,6.25,5.25,4.5
43004643,43,8.25,6.75,8.75
23004644,23,6.0,7.25,4.75
19004645,19,5.0,7.0,6.5
40004646,40,6.5,6.5,5.25
19004647,19,3.5,5.5,7.0
16004648,16,3.75,7.25,6.0
25004649,25,7.0,6.25,4.75
41004650,41,2.75,4.75,7.0
37004651,37,7.5,7.0,5.25
09004652,09,6.75,7.5,4.5
36004653,36,6.25,6.25,2.25
09004654,09,7.25,6.5,6.5
24004655,24,3.25,6.0,3.0
51004656,51,8.5,5.0,7.75
59004657,59,7.0,7.75,10.0
28004658,28,6.25,8.0,7.0
23004659,23,4.25,5.75,5.75
19004660,19,5.25,6.5,6.5
42004661,42,3.75,6.75,4.0
01004662,01,8.5,5.75,7.0
21004663,21,6.75,7.5,6.25
44004664,44,7.0,6.0,6.5
15004665,15,3.5,5.0,4.0
60004666,60,6.25,8.5,5.5
05004667,05,5.5,7.0,5.0
18004668,18,7.75,6.75,7.5
11004669,11,7.75,3.75,8.5
20004670,20,5.5,5.5,5.0
63004671,63,5.75,7.5,3.0
56004672,56,5.0,6.0,5.25
09004673,09,8.5,6.5,4.5
18004674,18,6.25,5.25,5.25
36004675,36,8.25,4.5,3.5
08004676,08,7.25,6.25,4.75
30004677,30,6.5,7.25,6.0
06004678,06,5.0,6.75,5.0
32004679,32,8.75,6.5,7.0
26004680,26,4.25,6.0,2.75
59004681,59,6.75,4.25,6.0
04004682,04,6.0,6.75,4.5
13004683,13,6.25,7.0,2.75
48004684,48,5.25,6.75,4.5
02004685,02,6.75,5.75,5.5
27004686,27,5.75,5.0,4.25
04004687,04,7.25,8.75,8.0
14004688,14,5.25,7.25,6.5
52004689,52,9.25,5.5,4.0
33004690,33,5.0,10.0,7.25
37004691,37,4.75,5.25,8.75
50004692,50,3.5,6.25,9.5
30004693,30,6.5,7.5,10.0
36004694,36,5.5,8.75,6.0
07004695,07,4.5,7.25,5.5
59004696,59,6.75,9.0,5.5
05004697,05,4.75,6.0,8.5
45004698,45,6.75,5.75,4.5
07004699,07,8.5,7.25,4.75
26004700,26,7.5,4.75,1.75
24004701,24,7.0,4.75,6.25
37004702,37,7.25,6.25,6.5
20004703,20,5.75,7.25,8.25
27004704,27,3.0,7.75,3.75
33004705,33,6.75,7.0,2.5
30004706,30,5.5,6.0,7.25
09004707,09,7.25,7.25,5.25
51004708,51,4.5,6.75,4.0
56004709,56,4.5,4.75,4.0
06004710,06,6.25,9.0,9.0
30004711,30,6.0,6.25,8.0
01004712,01,8.25,4.0,4.5
17004713,17,4.5,4.75,6.5
16004714,16,7.75,8.5,3.75
56004715,56,5.5,7.25,6.5
27004716,27,7.5,6.0,5.75
34004717,34,5.0,8.5,5.0
35004718,35,5.5,6.75,5.5
42004719,42,4.25,7.25,6.0
33004720,33,7.0,8.25,6.0
63004721,63,7.0,9.75,3.75
26004722,26,6.25,7.0,1.75
23004723,23,6.5,8.75,2.75
34004724,34,7.5,7.0,3.75
07004725,07,4.25,6.0,7.75
42004726,42,6.0,6.5,4.5
24004727,24,6.5,6.0,9.25
02004728,02,5.5,6.75,4.0
30004729,30,6.75,7.5,4.0
08004730,08,8.75,7.25,5.5
48004731,48,9.75,5.25,1.75
14004732,14,9.25,8.0,4.0
30004733,30,6.75,6.75,8.25
03004734,03,7.75,7.0,6.25
17004735,17,6.25,5.25,6.75
15004736,15,8.5,7.5,8.0
41004737,41,8.0,6.75,1.75
44004738,44,8.25,4.5,5.75
10004739,10,6.0,7.0,6.0
55004740,55,8.25,6.75,5.75
34004741,34,5.0,7.5,7.5
42004742,42,2.75,6.25,7.75
07004743,07,8.75,6.5,8.25
45004744,45,6.0,6.25,6.5
24004745,24,8.25,8.5,6.5
18004746,18,5.0,6.5,7.25
60004747,60,4.0,5.0,10.0
07004748,07,5.25,7.0,7.25
07004749,07,7.0,6.0,6.75
54004750,54,6.0,6.5,9.25
53004751,53,6.25,6.25,3.5
46004752,46,6.25,9.5,5.0
10004753,10,6.25,7.5,3.0
04004754,04,7.0,6.0,3.75
29004755,29,7.5,8.25,4.25
56004756,56,5.5,6.0,5.75
61004757,61,5.5,5.5,4.75
54004758,54,6.0,8.25,6.25
01004759,01,4.0,7.0,3.5
43004760,43,9.75,6.5,8.5
43004761,43,6.25,7.5,5.25
44004762,44,8.75,5.25,6.25
03004763,03,8.0,7.0,2.0
43004764,43,3.5,7.5,4.25
38004765,38,8.0,6.5,4.25
38004766,38,8.5,7.5,6.5
56004767,56,6.0,7.5,8.5
04004768,04,6.25,6.0,5.75
50004769,50,4.0,7.0,6.25
41004770,41,6.5,8.0,4.0
31004771,31,8.0,6.75,8.5
43004772,43,5.5,9.0,7.25
28004773,28,6.5,9.0,7.25
54004774,54,6.5,7.5,4.0
59004775,59,6.25,7.5,1.25
45004776,45,6.75,3.5,8.5
57004777,57,9.25,8.0,5.0
19004778,19,5.5,6.5,6.5
63004779,63,4.5,5.75,3.75
04004780,04,5.75,8.75,8.0
23004781,23,6.25,7.25,4.0
54004782,54,8.0,6.25,6.0
03004783,03,7.75,7.25,9.25
13004784,13,7.0,8.25,0.25
33004785,33,6.5,6.5,5.25
17004786,17,3.5,6.75,6.25
54004787,54,6.5,7.25,6.75
27004788,27,9.0,6.25,4.5
12004789,12,9.75,4.25,6.0
15004790,15,2.75,5.5,10.0
58004791,58,5.25,9.25,5.25
47004792,47,5.0,6.75,7.75
12004793,12,7.5,8.5,5.0
02004794,02,6.5,5.75,3.0
41004795,41,7.0,6.25,6.25
09004796,09,7.5,6.5,7.0
45004797,45,6.75,5.75,8.5
49004798,49,5.75,6.5,7.5
04004799,04,6.0,4.75,7.25
35004800,35,7.25,6.5,8.25
06004801,06,7.5,7.5,6.0
36004802,36,6.25,8.5,5.75
19004803,19,8.5,6.75,4.5
18004804,18,7.5,6.25,6.75
44004805,44,6.0,7.0,7.0
14004806,14,7.25,5.0,5.75
10004807,10,4.75,6.25,3.75
52004808,52,5.25,6.0,4.75
02004809,02,4.25,6.25,7.5
62004810,62,6.75,7.75,6.0
33004811,33,3.0,7.5,6.75
13004812,13,5.5,7.0,5.75
13004813,13,6.25,7.5,3.0
51004814,51,5.25,7.75,4.75
34004815,34,2.75,6.75,6.5
60004816,60,6.25,7.25,4.5
19004817,19,3.75,7.0,7.0
10004818,10,9.5,7.5,6.75
26004819,26,6.75,7.25,5.25
52004820,52,6.75,8.25,3.25
18004821,18,7.0,5.0,4.25
11004822,11,7.5,9.0,2.75
20004823,20,6.5,4.75,4.0
01004824,01,7.25,7.5,5.75
55004825,55,4.25,6.75,6.0
31004826,31,5.25,8.25,2.25
31004827,31,8.5,5.0,6.25
28004828,28,4.5,6.5,7.5
35004829,35,8.0,5.75,4.5
31004830,31,4.25,8.25,0.5
49004831,49,8.0,5.5,5.0
26004832,26,8.25,7.75,8.5
25004833,25,7.5,7.5,3.0
39004834,39,6.25,7.5,1.0
27004835,27,8.5,6.25,4.25
45004836,45,6.25,7.0,2.75
28004837,28,5.0,6.75,4.75
13004838,13,6.0,6.5,9.75
34004839,34,6.5,7.75,5.75
52004840,52,7.25,5.0,5.25
31004841,31,8.5,8.25,4.5
55004842,55,8.25,3.5,5.5
53004843,53,3.0,6.5,5.25
49004844,49,6.75,5.75,6.0
26004845,26,8.0,6.75,7.0
07004846,07,7.0,5.75,5.0
50004847,50,8.5,5.75,7.25
17004848,17,6.25,6.75,8.0
18004849,18,6.25,6.75,8.25
30004850,30,4.75,6.75,7.25
06004851,06,5.75,6.5,5.5
49004852,49,6.5,6.0,3.5
56004853,56,8.5,6.0,8.0
09004854,09,3.75,7.0,5.75
28004855,28,7.25,8.75,4.75
05004856,05,6.0,6.25,7.5
44004857,44,7.25,8.75,9.5
10004858,10,6.25,6.5,4.75
05004859,05,4.25,3.75,3.5
45004860,45,4.0,7.5,3.75
44004861,44,10.0,7.5,5.75
23004862,23,6.5,6.5,7.5
51004863,51,4.75,5.75,6.0
33004864,33,6.0,7.0,4.5
59004865,59,6.5,6.5,8.25
58004866,58,4.5,6.75,6.25
03004867,03,7.5,4.0,5.5
61004868,61,3.5,7.25,4.25
26004869,26,7.75,5.0,3.25
19004870,19,6.25,7.25,7.0
53004871,53,7.0,7.0,4.0
11004872,11,7.0,7.75,4.75
29004873,29,7.75,8.5,5.5
55004874,55,6.25,8.0,5.75
59004875,59,9.5,7.5,2.75
29004876,29,9.75,4.5,7.75
43004877,43,7.75,8.75,6.0
54004878,54,7.0,5.0,6.5
36004879,36,6.75,5.5,5.0
19004880,19,7.0,5.0,6.5
28004881,28,6.25,5.5,6.75
50004882,50,6.0,5.5,5.75
37004883,37,8.25,8.0,4.0
08004884,08,6.25,7.75,3.5
32004885,32,7.25,8.0,5.25
35004886,35,7.25,8.25,3.25
25004887,25,8.5,6.25,6.0
12004888,12,4.5,4.75,1.5
42004889,42,5.5,8.0,2.25
09004890,09,6.25,4.25,3.25
27004891,27,5.5,8.5,7.0
28004892,28,6.5,3.5,6.0
39004893,39,5.75,8.5,5.0
53004894,53,5.25,6.25,5.25
10004895,10,8.25,5.75,7.25
27004896,27,6.5,5.5,6.5
48004897,48,4.0,7.0,0.0
10004898,10,8.25,7.0,2.5
14004899,14,2.5,8.0,5.5
18004900,18,8.0,6.25,2.5
32004901,32,7.5,6.5,2.0
06004902,06,9.0,6.25,4.25
41004903,41,8.75,4.5,6.25
14004904,14,5.25,5.25,7.5
26004905,26,5.5,10.0,7.25
46004906,46,7.75,5.5,7.75
18004907,18,5.25,7.0,8.25
48004908,48,8.0,6.75,8.0
59004909,59,8.5,6.0,5.75
43004910,43,5.5,6.25,7.0
31004911,31,7.75,6.5,6.25
41004912,41,6.25,7.75,5.5
16004913,16,6.25,6.5,9.25
62004914,62,5.25,6.25,5.5
46004915,46,4.5,7.5,3.5
04004916,04,6.25,7.0,4.25
42004917,42,6.75,6.0,7.0
18004918,18,6.5,8.0,7.5
52004919,52,7.0,7.75,10.0
22004920,22,5.75,8.0,6.25
56004921,56,9.25,5.75,4.75
20004922,20,8.0,8.0,4.75
59004923,59,8.5,5.25,5.5
03004924,03,7.25,6.25,3.5
04004925,04,8.0,9.0,7.25
09004926,09,9.0,6.0,2.25
30004927,30,6.5,6.25,3.75
19004928,19,9.25,5.75,7.0
48004929,48,5.75,5.25,5.5
48004930,48,7.5,7.0,6.75
34004931,34,10.0,7.25,7.5
21004932,21,5.75,5.75,3.25
62004933,62,8.25,5.5,9.0
11004934,11,5.5,6.25,10.0
56004935,56,5.75,6.75,7.5
18004936,18,4.75,4.75,4.0
18004937,18,6.25,6.25,5.75
46004938,46,5.5,7.0,6.75
44004939,44,6.0,4.75,3.0
33004940,33,8.5,8.5,4.75
01004941,01,4.5,5.25,7.25
04004942,04,5.5,6.25,7.25
32004943,32,5.25,7.25,7.0
02004944,02,6.0,7.5,7.0
31004945,31,7.75,4.25,6.25
16004946,16,10.0,5.0,5.25
60004947,60,9.25,6.5,6.75
57004948,57,5.75,5.0,6.25
59004949,59,6.25,5.0,4.5
49004950,49,5.25,6.25,3.25
05004951,05,7.25,7.0,4.75
49004952,49,5.75,9.0,3.0
19004953,19,4.75,4.75,9.75
43004954,43,4.5,6.25,8.25
28004955,28,4.75,5.5,4.75
28004956,28,8.5,4.75,5.5
28004957,28,7.0,6.5,6.75
49004958,49,3.75,7.75,6.25
28004959,28,5.0,9.0,5.5
45004960,45,8.25,6.75,3.5
38004961,38,7.0,7.0,7.25
35004962,35,7.25,10.0,0.25
44004963,44,5.75,5.75,6.75
48004964,48,3.0,7.5,4.75
50004965,50,9.0,6.75,5.25
39004966,39,7.25,3.0,5.5
51004967,51,4.75,4.5,6.25
30004968,30,9.75,5.75,5.5
59004969,59,7.25,7.5,4.5
13004970,13,5.25,7.0,1.75
25004971,25,4.0,7.0,6.25
45004972,45,5.75,6.25,1.75
61004973,61,6.75,7.0,4.5
12004974,12,8.25,7.0,3.25
18004975,18,6.25,8.25,8.25
47004976,47,5.75,6.25,5.0
16004977,16,7.25,5.75,3.75
09004978,09,6.0,6.25,6.75
31004979,31,6.75,6.5,10.0
30004980,30,7.0,6.0,6.25
35004981,35,8.5,6.25,8.0
31004982,31,4.5,9.5,3.75
13004983,13,5.75,6.5,7.5
53004984,53,5.25,6.75,7.75
03004985,03,5.0,7.0,4.75
15004986,15,8.5,7.75,4.0
54004987,54,5.75,8.0,8.5
59004988,59,8.75,5.0,6.75
06004989,06,8.0,7.0,2.75
52004990,52,6.75,5.5,6.0
62004991,62,7.5,6.0,3.0
47004992,47,7.75,5.75,5.75
60004993,60,4.0,8.75,5.25
14004994,14,8.5,6.75,6.0
52004995,52,5.75,6.5,7.25
22004996,22,5.0,4.25,5.25
49004997,49,7.75,5.5,6.25
05004998,05,8.5,4.25,6.25
37004999,37,5.75,6.25,7.75
01005000,01,5.25,8.0,7.25
21005001,21,5.0,6.75,4.75
47005002,47,3.75,3.5,4.25
56005003,56,8.0,5.75,2.75
24005004,24,9.0,8.25,4.75
23005005,23,7.0,7.5,4.75
03005006,03,6.0,5.5,8.75
02005007,02,6.75,7.25,4.5
38005008,38,9.0,5.75,4.75
03005009,03,8.25,4.75,5.25
20005010,20,9.25,6.25,10.0
10005011,10,3.25,7.75,2.25
13005012,13,5.75,4.75,4.5
21005013,21,6.5,5.75,2.25
43005014,43,8.25,7.0,6.0
62005015,62,7.25,4.75,5.0
62005016,62,9.5,5.25,7.25
60005017,60,7.25,6.5,0.0
42005018,42,8.75,7.5,6.5
04005019,04,8.75,6.25,4.5
16005020,16,7.25,6.0,8.75
35005021,35,6.25,4.25,4.0
34005022,34,6.25,4.5,5.0
06005023,06,6.5,5.5,6.0
43005024,43,7.75,9.25,2.5
24005025,24,6.5,7.5,0.5
12005026,12,7.75,6.25,5.5
07005027,07,5.5,7.5,4.75
03005028,03,6.75,8.0,7.0
16005029,16,7.25,6.75,7.25
50005030,50,5.0,5.0,1.75
24005031,24,7.5,5.5,5.0
60005032,60,6.0,6.75,5.75
29005033,29,7.5,6.5,7.0
21005034,21,6.5,8.0,2.25
32005035,32,6.25,6.25,8.25
46005036,46,6.25,8.0,4.0
58005037,58,9.0,7.25,3.75
10005038,10,5.5,6.75,7.75
16005039,16,8.5,6.75,4.25
46005040,46,3.75,6.25,5.0
55005041,55,5.0,6.0,5.0
34005042,34,5.5,8.0,6.5
54005043,54,7.0,7.75,8.0
31005044,31,6.0,7.75,8.25
57005045,57,4.25,9.0,6.25
49005046,49,10.0,6.0,8.25
19005047,19,7.0,7.25,10.0
50005048,50,6.5,7.25,4.0
40005049,40,7.25,8.75,2.75
37005050,37,6.0,6.0,2.5
56005051,56,4.5,7.75,5.75
57005052,57,5.75,7.75,1.75
48005053,48,7.0,7.0,7.25
62005054,62,7.75,5.75,4.75
25005055,25,7.5,7.5,3.5
38005056,38,6.0,7.5,6.25
48005057,48,6.25,7.5,6.25
09005058,09,7.0,7.75,6.0
16005059,16,7.5,8.25,7.0
16005060,16,8.25,7.25,5.75
22005061,22,3.0,7.25,3.5
47005062,47,5.75,5.0,4.75
60005063,60,7.0,9.0,4.25
09005064,09,4.5,8.25,5.0
43005065,43,6.5,6.0,6.5
28005066,28,5.0,7.0,5.75
45005067,45,6.5,4.5,4.25
55005068,55,4.75,6.75,4.75
05005069,05,6.5,8.25,5.75
41005070,41,4.25,6.75,6.25
49005071,49,6.5,7.5,2.0
19005072,19,5.25,5.25,5.5
17005073,17,7.5,6.5,7.5
57005074,57,7.25,6.75,8.5
07005075,07,5.5,7.5,4.75
31005076,31,4.75,6.75,5.0
24005077,24,3.75,7.5,2.0
23005078,23,7.0,5.5,1.75
46005079,46,6.75,9.0,3.75
04005080,04,5.75,5.25,4.75
49005081,49,7.0,6.75,4.75
56005082,56,9.0,6.5,8.5
03005083,03,7.0,8.75,4.75
14005084,14,6.75,9.25,5.75
03005085,03,7.5,7.25,8.25
43005086,43,8.0,6.75,8.0
25005087,25,6.5,6.0,4.25
11005088,11,8.25,8.0,7.0
25005089,25,5.0,7.0,5.25
04005090,04,5.75,5.5,7.25
27005091,27,3.75,6.75,4.0
13005092,13,8.25,6.25,4.25
07005093,07,7.25,7.25,5.25
50005094,50,6.75,6.25,8.75
37005095,37,6.75,7.0,8.75
21005096,21,8.0,5.25,6.75
24005097,24,9.0,6.75,7.75
56005098,56,5.0,6.25,4.5
59005099,59,6.5,7.75,5.75
01005100,01,6.0,7.75,5.25
55005101,55,7.0,5.5,6.25
37005102,37,9.25,6.25,4.0
08005103,08,5.25,6.5,8.5
60005104,60,6.0,6.0,6.25
62005105,62,3.25,6.0,4.75
15005106,15,8.0,6.5,8.5
62005107,62,5.0,7.0,6.0
62005108,62,4.75,6.5,3.0
22005109,22,6.25,6.25,8.25
45005110,45,6.0,5.25,7.25
62005111,62,5.75,7.25,6.25
15005112,15,8.75,7.25,3.5
46005113,46,6.0,8.75,5.25
22005114,22,8.25,6.5,5.5
29005115,29,4.5,6.5,8.25
47005116,47,5.0,5.25,6.75
58005117,58,5.75,7.5,4.5
48005118,48,7.25,8.25,6.5
41005119,41,8.25,6.75,7.0
40005120,40,6.0,6.25,6.5
32005121,32,5.5,5.75,5.5
45005122,45,5.5,5.5,1.75
13005123,13,7.25,6.75,5.25
36005124,36,8.5,7.0,7.5
25005125,25,5.75,5.5,8.5
13005126,13,10.0,8.0,0.25
63005127,63,4.5,5.75,7.0
25005128,25,4.75,7.75,3.75
52005129,52,4.75,8.25,5.5
16005130,16,5.5,9.0,6.5
01005131,01,7.5,7.5,5.75
57005132,57,7.75,8.0,6.0
56005133,56,5.75,6.25,5.0
19005134,19,8.5,5.75,8.0
08005135,08,7.5,6.0,5.5
19005136,19,9.5,6.25,8.0
50005137,50,7.5,7.25,5.25
10005138,10,5.75,7.5,6.75
56005139,56,5.0,8.5,8.0
37005140,37,5.5,6.0,8.25
23005141,23,8.25,6.25,5.75
07005142,07,5.5,6.0,4.5
48005143,48,8.25,7.25,4.75
04005144,04,5.0,5.5,4.25
41005145,41,7.0,8.75,3.75
45005146,45,5.0,7.5,2.25
58005147,58,2.75,8.0,8.25
57005148,57,6.75,7.25,6.5
55005149,55,9.25,3.0,2.75
24005150,24,5.75,7.5,7.25
09005151,09,8.0,6.75,5.25
04005152,04,7.75,9.0,4.25
17005153,17,8.25,8.0,4.25
56005154,56,4.25,4.5,4.75
27005155,27,6.0,6.75,7.25
35005156,35,7.5,4.75,6.0
06005157,06,4.0,6.0,6.5
09005158,09,4.75,8.0,3.5
52005159,52,3.5,7.0,8.0
14005160,14,4.25,5.75,4.5
06005161,06,7.5,5.5,7.5
28005162,28,7.25,5.0,7.75
11005163,11,4.25,8.0,4.5
49005164,49,7.75,6.5,8.5
58005165,58,6.25,7.0,9.25
07005166,07,7.5,6.75,4.0
33005167,33,5.75,7.0,4.25
61005168,61,6.75,8.5,4.75
19005169,19,5.0,7.75,5.0
16005170,16,6.0,8.25,5.75
06005171,06,6.75,7.25,5.75
42005172,42,7.25,6.75,5.0
04005173,04,4.0,7.25,7.75
10005174,10,5.25,7.0,6.25
26005175,26,5.5,7.25,3.0
07005176,07,8.5,5.0,5.0
55005177,55,9.5,5.25,5.25
35005178,35,7.75,4.25,2.25
39005179,39,2.5,9.75,9.25
41005180,41,6.75,7.25,5.25
14005181,14,6.5,8.5,5.75
40005182,40,5.25,7.0,4.5
12005183,12,6.0,6.0,6.0
54005184,54,7.0,7.5,7.0
23005185,23,8.5,6.5,3.25
27005186,27,3.75,9.0,5.0
61005187,61,6.75,7.5,4.5
59005188,59,6.5,6.75,6.5
41005189,41,5.5,6.75,7.75
41005190,41,5.75,7.0,5.5
58005191,58,6.25,7.75,7.5
57005192,57,8.5,6.75,6.0
41005193,41,7.5,7.25,4.5
04005194,04,9.25,8.25,6.5
19005195,19,8.25,7.0,5.75
56005196,56,7.75,8.5,6.25
54005197,54,9.5,5.75,9.75
45005198,45,8.5,5.25,5.5
59005199,59,9.25,8.5,5.25
33005200,33,6.5,8.5,6.25
57005201,57,8.25,5.0,3.5
53005202,53,6.25,6.25,6.5
57005203,57,5.75,7.75,5.5
27005204,27,6.25,6.5,6.75
02005205,02,5.5,6.25,4.5
25005206,25,5.5,7.25,8.5
42005207,42,6.0,5.75,7.5
63005208,63,8.0,5.5,8.25
10005209,10,7.5,7.0,7.25
04005210,04,5.0,8.0,6.25
25005211,25,9.75,7.25,6.75
49005212,49,8.25,8.0,7.75
04005213,04,7.75,7.0,3.25
03005214,03,6.75,6.25,4.5
14005215,14,9.75,8.25,7.25
22005216,22,6.0,6.5,4.75
51005217,51,9.0,6.0,5.75
07005218,07,7.75,7.0,5.5
47005219,47,5.75,6.25,5.0
56005220,56,7.0,5.75,5.0
33005221,33,7.0,8.25,5.25
40005222,40,4.75,10.0,5.75
54005223,54,4.75,7.25,7.5
44005224,44,5.75,7.75,3.0
48005225,48,5.75,5.5,5.75
01005226,01,4.0,8.5,9.0
06005227,06,6.25,6.0,3.75
16005228,16,5.75,6.75,7.0
44005229,44,5.75,7.75,4.25
36005230,36,9.5,8.25,6.0
59005231,59,7.5,7.75,7.0
18005232,18,6.75,7.0,6.0
56005233,56,8.25,8.25,5.75
61005234,61,6.5,5.0,5.5
46005235,46,7.0,5.75,7.25
35005236,35,5.75,10.0,5.0
03005237,03,8.0,6.5,8.75
24005238,24,4.25,6.75,9.0
40005239,40,7.5,8.0,5.25
35005240,35,3.5,6.75,6.25
24005241,24,4.5,6.5,7.25
60005242,60,6.25,6.75,6.5
33005243,33,6.25,6.5,4.75
21005244,21,5.25,6.0,6.5
22005245,22,5.0,7.0,7.5
12005246,12,8.25,7.5,6.25
27005247,27,7.75,6.75,9.5
18005248,18,8.5,6.0,4.0
31005249,31,7.75,7.75,8.0
52005250,52,4.75,7.25,5.25
45005251,45,4.5,7.0,4.25
19005252,19,5.25,6.0,3.75
12005253,12,8.0,7.0,7.25
12005254,12,9.25,6.5,6.0
14005255,14,6.0,6.75,6.0
33005256,33,7.5,9.5,7.0
08005257,08,5.25,5.0,4.25
52005258,52,7.0,6.5,6.75
41005259,41,9.5,7.75,7.75
26005260,26,9.5,6.25,3.5
27005261,27,6.0,6.0,3.25
55005262,55,6.25,7.0,4.25
30005263,30,9.75,7.25,4.25
61005264,61,6.0,9.5,4.25
56005265,56,5.0,6.0,6.75
47005266,47,5.75,4.5,3.0
55005267,55,5.5,3.75,6.0
20005268,20,8.0,8.25,6.75
24005269,24,8.25,6.0,7.75
25005270,25,6.0,7.0,6.25
01005271,01,5.5,7.25,6.75
41005272,41,7.5,6.0,6.5
05005273,05,8.0,6.0,3.0
51005274,51,5.0,6.5,8.5
55005275,55,7.25,5.25,8.25
51005276,51,5.5,8.75,4.25
43005277,43,7.75,5.5,0.0
30005278,30,6.25,7.25,4.0
07005279,07,8.0,5.5,6.0
08005280,08,7.0,5.5,5.0
10005281,10,7.0,6.5,5.75
38005282,38,6.0,5.0,5.25
45005283,45,5.75,6.0,6.25
32005284,32,6.75,6.75,6.75
20005285,20,7.75,8.0,2.25
36005286,36,8.0,5.0,8.5
02005287,02,7.25,7.5,4.25
33005288,33,5.75,7.0,5.75
25005289,25,6.75,7.25,8.5
21005290,21,6.75,5.0,5.25
27005291,27,4.25,5.25,7.5
43005292,43,7.75,6.5,5.75
59005293,59,7.75,7.5,4.0
47005294,47,4.5,7.5,2.75
26005295,26,7.75,8.0,4.25
25005296,25,6.25,8.75,4.0
55005297,55,6.25,8.5,7.5
39005298,39,7.25,4.25,3.5
24005299,24,6.25,6.25,6.75
19005300,19,7.75,5.25,8.5
34005301,34,6.25,6.0,1.5
19005302,19,7.25,6.75,5.0
32005303,32,6.0,7.75,4.5
24005304,24,4.5,6.0,8.0
30005305,30,6.5,5.0,5.75
10005306,10,3.25,7.5,4.0
32005307,32,9.0,6.75,5.0
02005308,02,8.5,8.0,7.5
34005309,34,4.0,7.25,5.75
17005310,17,5.5,9.75,8.5
09005311,09,7.0,5.75,3.5
51005312,51,7.75,8.0,6.75
50005313,50,6.5,8.0,6.5
03005314,03,6.25,6.0,5.75
52005315,52,9.5,5.5,4.5
28005316,28,6.25,7.25,6.25
61005317,61,5.75,6.5,7.0
28005318,28,5.0,7.25,6.0
28005319,28,10.0,7.25,5.5
08005320,08,7.0,5.5,8.5
08005321,08,4.25,7.5,5.75
05005322,05,5.75,6.25,5.0
41005323,41,5.25,6.75,4.5
59005324,59,6.75,7.0,7.5
60005325,60,8.75,7.0,1.75
41005326,41,7.0,7.5,6.5
35005327,35,7.0,6.75,6.25
24005328,24,4.5,6.0,3.25
31005329,31,7.5,7.0,8.75
59005330,59,7.75,6.25,6.0
09005331,09,4.75,6.5,4.5
04005332,04,5.75,7.5,6.0
08005333,08,6.5,7.0,5.5
35005334,35,6.5,9.0,2.0
53005335,53,5.5,7.75,5.75
35005336,35,6.75,7.25,2.5
62005337,62,7.5,7.25,5.0
16005338,16,4.0,6.75,8.5
56005339,56,6.75,6.0,7.0
44005340,44,9.25,4.75,7.25
53005341,53,7.0,7.75,5.25
21005342,21,5.0,5.75,6.25
54005343,54,6.25,6.0,6.25
03005344,03,5.5,4.0,4.75
42005345,42,7.25,5.25,6.0
29005346,29,7.0,4.75,4.25
42005347,42,2.5,4.25,3.5
56005348,56,7.25,7.0,5.0
31005349,31,7.5,8.0,7.25
46005350,46,7.0,5.25,5.5
37005351,37,6.25,7.25,5.25
34005352,34,6.5,5.5,1.5
02005353,02,4.25,4.5,3.25
13005354,13,6.5,6.75,7.5
15005355,15,3.5,8.25,4.5
25005356,25,5.5,6.75,5.75
22005357,22,7.0,6.5,6.75
34005358,34,7.25,7.5,6.75
27005359,27,7.5,5.75,7.5
58005360,58,4.75,6.75,10.0
29005361,29,3.5,7.0,7.75
08005362,08,5.5,6.75,6.25
56005363,56,3.5,5.0,5.25
16005364,16,1.25,7.0,6.0
55005365,55,6.5,8.75,7.0
50005366,50,6.75,5.75,6.25
38005367,38,7.0,6.25,4.5
07005368,07,7.0,7.0,5.25
28005369,28,7.25,7.75,8.25
50005370,50,3.5,7.0,8.25
41005371,41,6.75,6.5,8.0
49005372,49,5.5,6.0,4.5
54005373,54,5.75,7.0,8.25
29005374,29,5.0,6.0,8.25
25005375,25,6.25,6.75,8.5
33005376,33,8.0,8.0,4.25
17005377,17,3.75,7.75,4.25
37005378,37,10.0,6.75,6.0
58005379,58,8.0,6.0,7.25
39005380,39,6.25,8.5,4.5
55005381,55,7.0,7.75,7.75
52005382,52,8.0,6.75,4.0
15005383,15,6.5,6.5,4.0
34005384,34,5.0,5.5,7.5
26005385,26,5.5,7.75,8.5
32005386,32,5.5,8.25,9.5
20005387,20,8.5,4.75,7.25
42005388,42,6.25,4.75,5.0
13005389,13,9.0,8.75,3.25
41005390,41,4.5,6.75,4.25
43005391,43,7.25,7.0,8.75
46005392,46,4.75,7.75,3.25
40005393,40,8.25,8.5,7.75
16005394,16,4.75,7.5,6.75
54005395,54,7.5,7.5,4.0
36005396,36,3.75,7.75,10.0
56005397,56,6.0,6.5,8.5
11005398,11,8.5,5.5,7.5
61005399,61,5.0,8.0,4.75
26005400,26,6.5,8.5,9.0
28005401,28,7.0,5.25,4.25
20005402,20,4.5,6.5,6.0
48005403,48,4.5,6.5,3.0
26005404,26,4.0,4.5,5.0
31005405,31,6.75,5.75,6.5
43005406,43,7.75,6.75,10.0
28005407,28,5.0,7.25,6.0
42005408,42,8.25,8.0,4.0
23005409,23,8.25,6.5,4.5
10005410,10,5.5,5.25,5.75
07005411,07,5.0,7.0,5.5
28005412,28,9.75,6.5,7.75
51005413,51,6.0,7.0,5.0
30005414,30,8.25,6.75,2.25
12005415,12,6.5,9.0,5.5
30005416,30,4.75,5.5,3.25
62005417,62,5.25,7.5,5.25
39005418,39,4.0,4.5,8.0
11005419,11,6.75,6.25,7.75
49005420,49,5.25,4.0,4.75
34005421,34,7.75,6.5,3.5
10005422,10,5.25,6.75,4.75
41005423,41,6.0,8.0,4.0
12005424,12,5.75,7.75,2.0
28005425,28,3.0,9.25,6.25
56005426,56,6.75,7.75,6.5
09005427,09,5.0,8.75,8.0
44005428,44,5.5,6.5,5.75
45005429,45,8.0,9.25,5.0
17005430,17,7.25,8.0,8.0
18005431,18,10.0,7.5,8.0
33005432,33,5.5,5.0,6.25
56005433,56,6.0,7.25,6.0
38005434,38,6.75,5.75,9.5
22005435,22,5.5,7.25,5.25
19005436,19,7.5,7.0,10.0
06005437,06,7.0,8.0,6.0
05005438,05,8.5,6.25,8.5
03005439,03,4.25,6.5,7.0
25005440,25,6.25,7.25,6.75
43005441,43,7.5,9.0,4.75
42005442,42,7.25,6.0,7.0
36005443,36,4.75,7.25,7.5
39005444,39,8.25,8.0,7.5
06005445,06,4.0,5.75,4.5
58005446,58,5.0,7.5,4.25
49005447,49,3.75,6.5,4.5
26005448,26,6.0,6.75,6.0
27005449,27,5.25,6.5,3.0
18005450,18,7.25,8.25,6.25
34005451,34,6.5,7.75,8.25
17005452,17,5.5,8.75,3.75
59005453,59,8.25,6.0,6.5
47005454,47,9.25,7.25,6.25
52005455,52,6.75,9.0,3.75
33005456,33,5.25,5.75,4.25
14005457,14,7.5,6.25,6.5
19005458,19,5.75,9.5,8.25
49005459,49,5.5,8.5,3.5
16005460,16,9.0,4.0,6.75
19005461,19,7.0,6.5,3.75
62005462,62,7.5,10.0,3.25
54005463,54,7.0,6.0,3.0
20005464,20,5.5,7.0,5.5
12005465,12,6.75,5.25,6.25
57005466,57,7.0,5.5,4.75
62005467,62,4.0,6.75,2.75
60005468,60,6.25,6.0,6.25
23005469,23,5.75,7.0,5.75
39005470,39,5.25,7.5,4.25
44005471,44,5.75,6.5,5.25
31005472,31,9.75,7.25,5.5
41005473,41,9.5,6.5,7.75
26005474,26,7.0,5.0,8.0
13005475,13,5.75,9.0,5.0
02005476,02,4.0,5.5,4.75
30005477,30,7.5,8.0,8.0
40005478,40,4.0,6.75,8.0
04005479,04,7.75,8.0,4.0
41005480,41,4.5,8.0,4.75
07005481,07,6.25,6.0,3.25
56005482,56,6.0,5.0,3.75
13005483,13,9.0,6.25,6.25
08005484,08,5.5,6.0,4.25
12005485,12,2.25,6.0,7.75
41005486,41,9.0,5.5,6.0
33005487,33,8.5,7.0,5.0
26005488,26,8.75,6.75,10.0
53005489,53,5.25,6.25,4.25
21005490,21,5.25,7.5,7.0
15005491,15,4.0,7.75,6.75
04005492,04,6.0,5.5,4.25
07005493,07,3.75,8.0,6.5
13005494,13,6.5,6.5,2.0
44005495,44,6.5,5.75,4.75
20005496,20,7.25,7.5,1.0
05005497,05,4.75,5.75,8.75
20005498,20,7.0,7.75,5.0
60005499,60,8.5,5.25,5.5
19005500,19,4.5,7.5,6.5
03005501,03,8.0,6.0,4.75
46005502,46,5.0,5.25,5.75
46005503,46,6.75,7.5,7.25
50005504,50,5.25,7.0,5.25
45005505,45,6.5,7.75,6.25
37005506,37,5.0,7.5,5.0
53005507,53,5.75,7.0,6.75
48005508,48,9.25,6.5,8.75
17005509,17,7.5,6.25,9.0
02005510,02,7.0,4.75,6.5
45005511,45,8.0,7.5,6.25
03005512,03,8.25,8.75,4.5
52005513,52,8.5,7.75,5.5
36005514,36,2.75,7.5,4.0
06005515,06,4.25,5.25,5.25
12005516,12,7.75,7.0,8.0
03005517,03,7.0,6.0,5.25
21005518,21,6.5,6.25,6.25
58005519,58,5.75,7.5,5.75
28005520,28,5.0,6.0,1.25
56005521,56,6.0,7.25,5.25
32005522,32,4.0,7.5,8.5
12005523,12,6.0,8.25,1.5
02005524,02,7.0,6.75,7.0
54005525,54,6.0,5.25,5.25
06005526,06,5.0,6.0,8.0
41005527,41,9.75,9.0,6.0
34005528,34,5.25,4.5,4.5
06005529,06,7.5,6.5,4.5
25005530,25,5.75,6.5,3.5
14005531,14,6.25,7.0,2.75
60005532,60,7.0,6.0,7.25
37005533,37,5.5,8.25,7.5
17005534,17,5.25,8.5,4.25
19005535,19,5.0,8.5,6.0
18005536,18,7.5,5.0,7.25
56005537,56,5.5,5.5,3.25
44005538,44,7.5,7.75,3.5
29005539,29,6.75,6.0,6.0
30005540,30,8.75,4.25,5.5
24005541,24,7.25,8.0,5.75
11005542,11,6.75,6.25,6.5
60005543,60,9.25,6.0,6.25
28005544,28,9.25,6.25,6.0
62005545,62,9.0,8.0,7.0
25005546,25,6.75,5.25,2.5
53005547,53,5.25,7.75,5.0
40005548,40,6.75,7.0,4.25
55005549,55,8.25,4.5,6.5
41005550,41,8.25,7.0,5.0
16005551,16,9.0,8.0,5.25
15005552,15,5.25,7.5,3.25
34005553,34,8.0,7.0,5.0
23005554,23,6.0,7.75,8.0
26005555,26,7.75,5.5,7.5
52005556,52,5.0,7.0,5.25
58005557,58,7.75,8.25,5.75
53005558,53,6.75,8.0,5.5
56005559,56,6.0,6.75,3.25
14005560,14,7.5,8.75,9.0
42005561,42,7.0,4.5,6.5
52005562,52,8.5,6.0,3.75
12005563,12,6.25,7.25,6.75
59005564,59,5.5,6.75,6.0
08005565,08,7.5,7.5,4.0
22005566,22,7.0,6.75,7.75
04005567,04,9.0,5.75,4.25
28005568,28,6.75,3.0,5.75
59005569,59,4.5,4.5,4.0
31005570,31,7.0,7.25,8.75
07005571,07,6.5,5.75,2.5
28005572,28,6.25,6.5,3.0
53005573,53,4.25,6.25,7.75
03005574,03,6.25,7.25,7.5
33005575,33,9.0,5.75,6.5
51005576,51,6.25,8.75,7.5
01005577,01,4.0,8.0,6.5
18005578,18,7.0,6.25,5.5
03005579,03,6.0,5.75,7.0
38005580,38,5.25,6.5,2.25
40005581,40,5.5,4.25,4.0
47005582,47,8.0,6.75,2.0
33005583,33,6.75,6.25,5.75
28005584,28,5.25,6.75,3.75
48005585,48,7.25,6.0,6.75
08005586,08,5.25,4.75,4.5
33005587,33,6.75,8.75,6.25
50005588,50,5.75,7.25,8.75
30005589,30,5.0,7.5,3.5
33005590,33,3.25,4.0,5.75
39005591,39,6.5,8.25,6.75
16005592,16,8.0,3.25,5.75
62005593,62,6.0,9.0,6.5
50005594,50,6.0,5.5,5.75
06005595,06,6.5,7.0,4.0
07005596,07,6.0,10.0,5.0
14005597,14,2.75,7.0,9.5
09005598,09,6.5,5.75,7.0
23005599,23,5.75,8.0,6.25
61005600,61,8.75,6.25,5.5
31005601,31,6.25,8.5,6.25
22005602,22,7.5,7.75,5.75
40005603,40,5.75,3.75,9.25
27005604,27,6.0,6.0,3.25
29005605,29,3.25,6.5,4.75
40005606,40,6.5,7.5,8.5
30005607,30,8.0,5.5,5.75
29005608,29,5.5,7.5,6.25
26005609,26,4.25,8.0,4.5
02005610,02,5.25,5.5,8.0
40005611,40,6.75,8.0,5.0
51005612,51,7.25,5.5,5.5
37005613,37,3.75,7.0,7.25
28005614,28,6.25,5.25,5.25
54005615,54,6.5,7.5,6.0
32005616,32,5.75,6.25,6.25
63005617,63,6.0,5.75,7.0
34005618,34,5.75,8.0,5.75
30005619,30,8.75,7.0,3.75
39005620,39,7.75,8.5,4.5
47005621,47,5.25,5.0,5.75
26005622,26,5.75,8.25,4.25
28005623,28,9.0,5.5,4.5
63005624,63,6.75,7.25,3.75
24005625,24,3.0,5.5,6.25
04005626,04,5.0,7.25,3.0
49005627,49,5.0,4.25,4.75
36005628,36,5.25,5.75,8.25
63005629,63,6.75,6.0,7.25
12005630,12,8.0,9.5,4.5
45005631,45,6.25,6.5,6.5
09005632,09,7.25,7.5,6.5
11005633,11,7.0,7.0,2.5
37005634,37,7.75,7.5,9.75
28005635,28,6.5,5.75,1.75
55005636,55,5.75,6.0,4.75
21005637,21,4.25,6.0,7.0
55005638,55,7.0,7.0,7.25
58005639,58,7.5,7.75,6.25
01005640,01,5.75,6.0,6.5
59005641,59,5.5,4.25,2.5
34005642,34,5.5,7.0,4.0
39005643,39,6.25,6.25,5.75
42005644,42,5.5,6.75,4.75
48005645,48,9.75,5.5,5.5
01005646,01,7.5,5.75,4.5
59005647,59,9.75,9.0,7.0
10005648,10,3.0,7.5,0.75
60005649,60,6.75,6.25,2.25
23005650,23,8.0,6.75,7.5
10005651,10,8.0,7.25,6.25
34005652,34,8.75,5.0,5.75
21005653,21,6.25,8.0,7.25
16005654,16,6.25,8.0,6.75
16005655,16,7.25,8.25,6.25
52005656,52,5.75,5.5,5.25
32005657,32,6.5,6.5,0.0
09005658,09,7.0,5.75,5.5
43005659,43,4.0,7.5,10.0
38005660,38,8.5,8.0,0.25
36005661,36,3.25,7.75,5.0
33005662,33,5.75,6.75,3.5
01005663,01,7.0,7.25,1.75
34005664,34,5.5,8.25,6.25
38005665,38,7.25,6.0,6.25
31005666,31,7.5,7.0,3.75
58005667,58,9.0,4.75,5.25
21005668,21,6.0,6.25,6.25
09005669,09,6.25,7.5,4.0
32005670,32,8.5,7.5,4.75
41005671,41,6.75,6.5,8.25
63005672,63,9.25,7.0,2.5
32005673,32,7.0,7.75,4.25
27005674,27,7.75,6.25,2.75
37005675,37,4.25,7.75,7.5
48005676,48,7.0,6.75,5.25
63005677,63,6.5,8.75,7.75
53005678,53,6.75,8.0,5.25
18005679,18,4.75,8.0,7.0
16005680,16,9.75,6.25,6.0
38005681,38,4.75,7.75,7.75
50005682,50,8.0,9.0,3.5
57005683,57,6.0,6.75,4.5
63005684,63,7.0,8.5,5.25
31005685,31,7.5,7.25,7.25
57005686,57,8.75,8.25,4.5
21005687,21,4.75,4.5,0.75
19005688,19,5.0,7.25,7.5
34005689,34,4.75,6.75,3.0
07005690,07,8.75,6.5,3.0
33005691,33,6.5,6.75,7.75
51005692,51,5.25,7.5,3.25
40005693,40,10.0,6.5,7.5
63005694,63,4.5,7.75,5.5
55005695,55,6.25,6.25,5.75
34005696,34,5.75,7.25,3.0
22005697,22,7.75,7.5,5.5
28005698,28,6.75,6.75,2.75
52005699,52,6.5,5.75,4.25
47005700,47,7.25,6.75,5.0
28005701,28,7.0,7.25,5.75
05005702,05,5.5,7.25,5.0
55005703,55,7.75,7.5,5.75
15005704,15,6.25,7.5,6.25
47005705,47,5.25,7.0,2.25
13005706,13,7.75,5.75,7.25
60005707,60,7.25,7.25,7.0
24005708,24,7.5,6.75,7.0
48005709,48,8.5,7.0,8.0
16005710,16,7.75,7.0,8.5
45005711,45,5.75,9.25,3.75
16005712,16,6.25,6.5,3.5
34005713,34,5.5,7.0,8.5
01005714,01,5.25,6.5,6.75
60005715,60,6.25,6.25,4.25
16005716,16,3.5,7.25,5.0
11005717,11,7.5,7.0,6.5
62005718,62,3.25,9.5,3.5
29005719,29,6.0,5.75,3.25
25005720,25,6.5,7.5,1.0
21005721,21,5.75,5.75,5.0
04005722,04,3.0,6.25,3.5
24005723,24,5.75,6.25,2.5
49005724,49,7.25,5.75,5.75
47005725,47,4.0,5.0,6.5
20005726,20,5.75,5.5,8.5
49005727,49,7.25,7.5,4.25
17005728,17,6.5,10.0,8.0
14005729,14,6.0,8.0,5.75
16005730,16,4.75,6.25,8.5
04005731,04,5.0,5.0,7.75
53005732,53,7.0,8.0,9.0
37005733,37,7.0,6.75,2.0
08005734,08,7.75,7.25,3.25
36005735,36,4.25,7.25,7.0
46005736,46,10.0,6.5,4.75
20005737,20,4.25,7.0,8.0
32005738,32,5.75,7.5,3.5
27005739,27,8.25,7.25,8.5
28005740,28,7.75,5.0,3.5
01005741,01,7.25,4.75,4.75
14005742,14,7.25,6.5,6.5
48005743,48,5.75,7.5,4.5
43005744,43,4.5,5.25,4.75
15005745,15,6.75,6.5,4.0
43005746,43,8.5,8.75,5.25
56005747,56,5.5,9.0,5.5
42005748,42,6.0,8.25,6.5
60005749,60,6.25,7.75,6.25
45005750,45,9.5,7.0,5.0
22005751,22,5.0,6.5,4.25
63005752,63,9.5,5.75,3.25
60005753,60,8.75,6.5,4.5
49005754,49,6.25,7.0,9.25
57005755,57,3.25,6.25,5.25
50005756,50,4.5,7.75,4.75
57005757,57,6.5,8.0,5.75
26005758,26,6.0,6.5,6.5
45005759,45,6.75,6.25,7.75
37005760,37,7.25,7.5,2.5
09005761,09,5.0,7.75,7.75
16005762,16,4.25,6.5,6.25
57005763,57,7.25,5.25,8.0
62005764,62,9.0,5.5,4.0
23005765,23,2.5,7.25,3.75
58005766,58,7.25,6.75,5.25
15005767,15,10.0,7.75,8.75
10005768,10,7.5,8.0,6.5
47005769,47,6.0,6.5,2.75
10005770,10,4.25,8.25,6.75
19005771,19,7.0,8.0,4.0
31005772,31,3.5,8.5,6.75
37005773,37,2.75,7.25,5.25
16005774,16,7.0,7.25,6.0
52005775,52,7.5,7.25,8.25
29005776,29,6.5,7.25,5.25
04005777,04,9.5,7.25,8.25
23005778,23,3.25,5.25,3.25
61005779,61,8.5,5.5,5.25
39005780,39,6.25,6.25,4.25
25005781,25,9.75,5.5,6.25
07005782,07,8.0,6.0,5.5
47005783,47,8.25,8.0,5.5
58005784,58,6.0,6.0,3.25
18005785,18,3.0,7.0,5.0
63005786,63,6.75,4.0,4.0
28005787,28,6.25,6.0,8.25
23005788,23,4.5,7.75,5.5
11005789,11,6.0,7.75,5.0
61005790,61,6.5,7.25,6.25
39005791,39,5.0,6.75,4.0
40005792,40,4.75,7.0,5.25
32005793,32,4.75,5.75,2.0
37005794,37,4.75,6.0,7.25
03005795,03,7.0,6.5,6.75
41005796,41,5.75,7.25,4.0
50005797,50,4.0,7.0,5.5
18005798,18,5.75,8.25,6.25
23005799,23,5.75,7.25,7.0
02005800,02,4.5,7.75,3.25
02005801,02,6.25,5.5,6.0
18005802,18,6.25,8.0,6.75
55005803,55,1.75,8.5,5.25
52005804,52,3.0,7.25,3.0
21005805,21,8.5,7.25,4.25
59005806,59,6.5,6.5,7.0
19005807,19,6.5,7.75,6.75
33005808,33,5.75,7.5,4.25
60005809,60,4.5,9.0,7.25
44005810,44,6.0,8.0,5.5
50005811,50,8.5,7.0,4.0
58005812,58,4.0,5.75,7.25
16005813,16,5.25,7.75,7.25
32005814,32,5.25,6.5,3.75
06005815,06,5.75,6.25,7.5
32005816,32,4.25,8.25,1.5
05005817,05,2.5,7.5,8.75
17005818,17,8.0,5.0,7.75
44005819,44,8.5,7.5,5.25
21005820,21,5.25,6.75,8.25
26005821,26,7.5,7.25,4.0
08005822,08,6.5,7.0,3.75
04005823,04,7.0,7.0,6.25
52005824,52,7.25,8.5,9.0
17005825,17,5.25,9.25,4.5
39005826,39,3.25,6.0,4.0
09005827,09,7.75,7.5,6.25
25005828,25,5.75,6.0,4.75
23005829,23,9.25,7.5,2.0
51005830,51,1.75,7.0,4.0
33005831,33,6.25,7.5,7.5
51005832,51,6.75,6.0,5.25
28005833,28,5.75,5.75,4.0
02005834,02,7.5,6.5,5.5
57005835,57,5.25,9.0,6.0
37005836,37,4.75,7.0,4.75
47005837,47,7.5,7.25,6.25
18005838,18,4.75,5.5,5.75
01005839,01,3.75,7.75,8.25
32005840,32,6.5,5.0,0.0
09005841,09,6.0,7.5,7.0
43005842,43,2.25,6.75,9.0
59005843,59,4.0,6.0,5.75
25005844,25,5.75,8.75,6.75
62005845,62,6.0,5.25,4.5
58005846,58,8.0,6.5,6.5
48005847,48,9.75,5.75,7.5
04005848,04,7.75,7.5,5.25
30005849,30,6.0,6.5,3.0
23005850,23,4.25,7.5,6.75
18005851,18,7.25,7.25,8.5
45005852,45,7.25,6.25,4.5
53005853,53,10.0,5.5,8.5
40005854,40,5.75,7.0,5.25
25005855,25,4.5,7.25,7.5
04005856,04,9.5,6.0,7.25
22005857,22,7.0,7.5,6.75
49005858,49,7.25,7.0,4.5
26005859,26,5.25,6.25,4.25
29005860,29,8.0,6.25,7.25
61005861,61,6.5,6.75,6.0
45005862,45,2.5,6.75,9.0
07005863,07,4.5,7.0,4.75
39005864,39,5.25,6.5,7.25
05005865,05,6.0,8.5,2.5
37005866,37,6.5,7.5,7.0
31005867,31,5.5,7.25,6.25
56005868,56,5.5,6.75,5.75
56005869,56,5.75,5.75,5.25
32005870,32,3.0,6.25,5.25
15005871,15,7.75,7.5,6.0
01005872,01,3.25,7.25,3.0
13005873,13,5.0,8.25,3.5
31005874,31,8.0,6.25,2.75
61005875,61,7.0,8.75,8.0
17005876,17,7.5,6.5,4.25
26005877,26,6.25,5.75,2.25
49005878,49,4.25,7.75,5.75
34005879,34,5.75,6.75,5.5
06005880,06,6.75,8.75,4.5
32005881,32,5.0,7.0,4.75
11005882,11,7.0,5.0,6.5
20005883,20,5.75,6.75,6.25
46005884,46,5.0,6.0,5.75
14005885,14,7.5,7.25,8.75
38005886,38,6.5,5.5,7.0
17005887,17,6.0,6.75,2.0
50005888,50,9.75,6.75,5.0
56005889,56,6.0,7.75,3.75
34005890,34,6.5,6.75,3.5
12005891,12,7.25,5.5,7.5
25005892,25,4.75,6.0,7.75
13005893,13,8.25,7.0,4.25
55005894,55,8.25,7.25,6.0
09005895,09,5.0,6.5,5.5
28005896,28,7.0,8.25,4.0
47005897,47,7.5,9.0,6.5
44005898,44,9.0,7.5,1.75
09005899,09,4.5,6.75,4.25
43005900,43,5.25,8.5,6.25
33005901,33,3.75,6.25,4.0
54005902,54,9.0,4.5,7.0
36005903,36,7.75,9.25,6.5
11005904,11,5.75,6.0,6.75
17005905,17,7.0,5.25,4.0
32005906,32,6.25,8.0,4.5
57005907,57,7.25,6.75,3.75
41005908,41,8.0,9.75,4.25
60005909,60,9.75,7.0,9.0
54005910,54,8.25,7.0,7.0
58005911,58,6.5,6.5,8.75
41005912,41,8.5,3.5,2.0
05005913,05,2.25,6.5,4.0
60005914,60,7.75,5.25,5.25
01005915,01,8.0,7.5,4.25
56005916,56,7.75,8.25,8.25
58005917,58,8.75,6.75,7.25
46005918,46,10.0,4.75,5.5
10005919,10,7.25,6.5,5.0
46005920,46,7.0,8.0,4.75
51005921,51,7.25,8.5,9.75
57005922,57,7.5,3.0,6.0
43005923,43,8.0,5.5,4.0
05005924,05,5.5,5.0,8.25
59005925,59,4.25,5.75,6.25
29005926,29,5.25,8.75,2.75
04005927,04,9.5,9.75,5.5
09005928,09,6.0,5.75,7.0
47005929,47,4.25,6.25,5.0
57005930,57,6.5,6.75,3.0
32005931,32,4.5,5.5,6.5
46005932,46,4.75,6.25,1.75
47005933,47,5.5,5.25,4.75
45005934,45,6.25,5.0,5.25
35005935,35,4.25,7.75,5.75
24005936,24,6.5,7.75,4.75
08005937,08,6.0,8.0,8.25
60005938,60,9.5,6.5,6.75
18005939,18,4.5,5.75,4.0
49005940,49,4.0,4.25,7.5
07005941,07,5.5,7.0,4.25
41005942,41,9.5,6.5,5.25
59005943,59,6.0,7.75,8.0
50005944,50,7.0,6.5,6.5
05005945,05,9.25,4.25,3.25
13005946,13,7.75,8.5,7.75
44005947,44,6.0,4.75,8.5
05005948,05,7.0,6.0,5.0
03005949,03,5.25,7.75,4.25
17005950,17,7.0,6.5,5.5
55005951,55,9.0,6.25,4.0
03005952,03,8.5,7.0,5.75
04005953,04,4.0,8.0,6.25
41005954,41,7.0,8.5,4.75
61005955,61,4.75,5.25,3.0
24005956,24,6.75,6.75,5.0
13005957,13,5.75,6.5,3.75
49005958,49,6.5,8.0,10.0
03005959,03,4.0,8.25,8.25
05005960,05,3.5,6.5,8.0
24005961,24,7.25,5.0,2.75
62005962,62,8.25,5.75,2.75
27005963,27,7.25,7.25,8.0
09005964,09,4.25,8.0,5.75
55005965,55,7.5,5.75,7.0
22005966,22,6.0,7.25,5.5
17005967,17,6.5,7.75,2.75
30005968,30,4.75,5.0,7.0
19005969,19,7.75,7.0,6.5
54005970,54,5.0,5.75,3.0
36005971,36,7.0,6.75,4.0
32005972,32,5.5,7.5,9.5
44005973,44,8.5,7.75,10.0
32005974,32,8.75,5.5,8.25
39005975,39,6.5,7.75,8.5
49005976,49,5.5,8.5,2.75
23005977,23,9.75,6.75,7.25
06005978,06,6.5,7.75,4.25
05005979,05,8.0,7.0,4.75
34005980,34,8.5,6.75,7.5
37005981,37,7.0,6.0,7.5
40005982,40,4.75,5.0,3.75
34005983,34,4.25,7.5,3.0
16005984,16,7.25,6.0,8.0
42005985,42,5.5,7.0,6.0
19005986,19,6.25,7.0,4.75
54005987,54,4.25,5.25,4.5
56005988,56,8.75,5.5,4.25
59005989,59,5.0,4.75,5.5
63005990,63,6.25,7.5,6.25
24005991,24,6.75,6.5,5.25
26005992,26,5.25,8.25,4.5
07005993,07,4.75,7.0,6.5
43005994,43,6.25,7.75,5.75
56005995,56,7.75,5.5,4.75
16005996,16,7.0,7.5,6.25
25005997,25,4.5,5.25,5.5
29005998,29,5.25,7.0,2.25
62005999,62,6.75,5.75,9.5
41006000,41,5.5,6.5,7.5
