ma_kh,ngay_dat,gia_tri
KH00220,2025-07-01,241000.0
KH02495,2025-07-01,198000.0
KH01028,2025-07-01,304000.0
KH02291,2025-07-01,217000.0
KH01140,2025-07-01,141000.0
KH00694,2025-07-01,538000.0
KH00027,2025-07-01,100000.0
KH01437,2025-07-01,228000.0
KH00941,2025-07-01,323000.0
KH00111,2025-07-01,185000.0
KH00309,2025-07-01,99000.0
KH00910,2025-07-01,352000.0
KH02003,2025-07-01,844000.0
KH01309,2025-07-01,425000.0
KH01264,2025-07-01,77000.0
KH00617,2025-07-01,200000.0
KH00166,2025-07-01,87000.0
KH00190,2025-07-01,211000.0
KH00686,2025-07-01,379000.0
KH00965,2025-07-01,645000.0
KH02372,2025-07-01,55000.0
KH02077,2025-07-01,963000.0
KH02216,2025-07-01,355000.0
KH00010,2025-07-01,365000.0
KH01004,2025-07-01,108000.0
KH02409,2025-07-01,237000.0
KH01018,2025-07-01,1015000.0
KH02344,2025-07-01,218000.0
KH02327,2025-07-01,262000.0
KH00537,2025-07-01,143000.0
KH00441,2025-07-01,104000.0
KH02311,2025-07-01,86000.0
KH00223,2025-07-01,53000.0
KH00816,2025-07-01,179000.0
KH01882,2025-07-01,202000.0
KH00942,2025-07-01,465000.0
KH02153,2025-07-01,79000.0
KH02296,2025-07-01,137000.0
KH01392,2025-07-01,189000.0
KH01851,2025-07-01,68000.0
KH00310,2025-07-01,198000.0
KH01908,2025-07-01,287000.0
KH01197,2025-07-01,67000.0
KH00899,2025-07-01,134000.0
KH01088,2025-07-01,465000.0
KH00561,2025-07-01,403000.0
KH01581,2025-07-01,84000.0
KH02327,2025-07-01,175000.0
KH01615,2025-07-01,39000.0
KH01267,2025-07-01,43000.0
KH00498,2025-07-01,363000.0
KH00334,2025-07-01,130000.0
KH01338,2025-07-01,134000.0
KH02099,2025-07-01,107000.0
KH00396,2025-07-01,119000.0
KH01185,2025-07-01,99000.0
KH01351,2025-07-01,99000.0
KH01187,2025-07-01,271000.0
KH02166,2025-07-01,124000.0
KH01220,2025-07-01,212000.0
KH01211,2025-07-01,700000.0
KH02267,2025-07-01,924000.0
KH02269,2025-07-01,125000.0
KH00361,2025-07-01,113000.0
KH02098,2025-07-01,381000.0
KH01725,2025-07-01,190000.0
KH00825,2025-07-01,179000.0
KH01006,2025-07-01,137000.0
KH01112,2025-07-01,210000.0
KH00839,2025-07-01,223000.0
KH00624,2025-07-01,179000.0
KH02259,2025-07-01,95000.0
KH01382,2025-07-01,59000.0
KH00327,2025-07-01,484000.0
KH02143,2025-07-01,75000.0
KH01651,2025-07-01,183000.0
KH00379,2025-07-01,247000.0
KH00836,2025-07-01,65000.0
KH01441,2025-07-01,179000.0
KH00771,2025-07-01,513000.0
KH02459,2025-07-01,153000.0
KH01293,2025-07-01,237000.0
KH00194,2025-07-01,185000.0
KH01293,2025-07-01,194000.0
KH02327,2025-07-01,144000.0
KH00718,2025-07-01,187000.0
KH02420,2025-07-01,59000.0
KH00992,2025-07-01,162000.0
KH00976,2025-07-01,389000.0
KH02102,2025-07-01,75000.0
KH02474,2025-07-01,125000.0
KH00338,2025-07-01,308000.0
KH00016,2025-07-02,96000.0
KH02007,2025-07-02,111000.0
KH01120,2025-07-02,191000.0
KH02292,2025-07-02,199000.0
KH00723,2025-07-02,122000.0
KH00648,2025-07-02,65000.0
KH01059,2025-07-02,257000.0
KH00938,2025-07-02,377000.0
KH01602,2025-07-02,198000.0
KH02473,2025-07-02,786000.0
KH01946,2025-07-02,357000.0
KH02056,2025-07-02,116000.0
KH00560,2025-07-02,544000.0
KH00142,2025-07-02,106000.0
KH01643,2025-07-02,49000.0
KH01579,2025-07-02,349000.0
KH02353,2025-07-02,150000.0
KH02256,2025-07-02,48000.0
KH01069,2025-07-02,281000.0
KH00697,2025-07-02,123000.0
KH00272,2025-07-02,146000.0
KH01138,2025-07-02,143000.0
KH00432,2025-07-02,116000.0
KH01788,2025-07-02,213000.0
KH02183,2025-07-02,169000.0
KH00537,2025-07-02,82000.0
KH01821,2025-07-02,301000.0
KH01302,2025-07-02,85000.0
KH02266,2025-07-02,151000.0
KH01527,2025-07-02,21000.0
KH02200,2025-07-02,132000.0
KH01529,2025-07-02,517000.0
KH01570,2025-07-02,206000.0
KH00448,2025-07-02,51000.0
KH01075,2025-07-02,518000.0
KH02319,2025-07-02,117000.0
KH00683,2025-07-02,149000.0
KH00631,2025-07-02,127000.0
KH00948,2025-07-02,226000.0
KH01799,2025-07-02,179000.0
KH00149,2025-07-02,64000.0
KH02060,2025-07-02,313000.0
KH00758,2025-07-02,66000.0
KH00938,2025-07-02,214000.0
KH02040,2025-07-02,76000.0
KH02022,2025-07-02,70000.0
KH00853,2025-07-02,147000.0
KH01195,2025-07-02,62000.0
KH02427,2025-07-02,41000.0
KH00565,2025-07-02,365000.0
KH01825,2025-07-02,194000.0
KH00126,2025-07-02,69000.0
KH00308,2025-07-02,152000.0
KH00814,2025-07-02,200000.0
KH00737,2025-07-02,186000.0
KH00066,2025-07-02,245000.0
KH00358,2025-07-02,80000.0
KH01256,2025-07-02,203000.0
KH01206,2025-07-02,37000.0
KH01879,2025-07-02,662000.0
KH00192,2025-07-02,34000.0
KH00723,2025-07-02,136000.0
KH02238,2025-07-02,776000.0
KH01112,2025-07-02,227000.0
KH00520,2025-07-02,399000.0
KH00869,2025-07-02,104000.0
KH02385,2025-07-02,43000.0
KH01341,2025-07-02,281000.0
KH00538,2025-07-02,387000.0
KH00661,2025-07-02,410000.0
KH01758,2025-07-02,120000.0
KH00766,2025-07-02,121000.0
KH00135,2025-07-02,385000.0
KH02284,2025-07-02,393000.0
KH01472,2025-07-02,106000.0
KH00446,2025-07-02,463000.0
KH00677,2025-07-02,100000.0
KH02067,2025-07-03,208000.0
KH01963,2025-07-03,34000.0
KH01601,2025-07-03,165000.0
KH00187,2025-07-03,274000.0
KH00746,2025-07-03,171000.0
KH00308,2025-07-03,186000.0
KH02046,2025-07-03,731000.0
KH00558,2025-07-03,339000.0
KH00017,2025-07-03,95000.0
KH00910,2025-07-03,120000.0
KH01851,2025-07-03,214000.0
KH01555,2025-07-03,160000.0
KH00647,2025-07-03,345000.0
KH01506,2025-07-03,517000.0
KH02273,2025-07-03,202000.0
KH02360,2025-07-03,340000.0
KH01209,2025-07-03,1375000.0
KH00159,2025-07-03,163000.0
KH00491,2025-07-03,236000.0
KH00647,2025-07-03,188000.0
KH02436,2025-07-03,509000.0
KH01594,2025-07-03,247000.0
KH02168,2025-07-03,126000.0
KH00884,2025-07-03,503000.0
KH01397,2025-07-03,230000.0
KH00497,2025-07-03,163000.0
KH02321,2025-07-03,703000.0
KH00018,2025-07-03,179000.0
KH02372,2025-07-03,245000.0
KH01061,2025-07-03,138000.0
KH01081,2025-07-03,100000.0
KH00212,2025-07-03,890000.0
KH02158,2025-07-03,499000.0
KH02063,2025-07-03,85000.0
KH01125,2025-07-03,40000.0
KH02499,2025-07-03,295000.0
KH00506,2025-07-03,394000.0
KH00628,2025-07-03,317000.0
KH01933,2025-07-03,151000.0
KH00132,2025-07-03,121000.0
KH02338,2025-07-03,224000.0
KH01233,2025-07-03,489000.0
KH01935,2025-07-03,114000.0
KH00224,2025-07-03,121000.0
KH00884,2025-07-03,214000.0
KH01525,2025-07-03,246000.0
KH01844,2025-07-03,80000.0
KH02090,2025-07-03,111000.0
KH01856,2025-07-03,268000.0
KH01414,2025-07-03,1158000.0
KH01490,2025-07-03,559000.0
KH00838,2025-07-03,189000.0
KH00622,2025-07-03,96000.0
KH01679,2025-07-03,266000.0
KH00527,2025-07-03,263000.0
KH00889,2025-07-03,311000.0
KH00486,2025-07-03,127000.0
KH00963,2025-07-03,245000.0
KH00059,2025-07-03,391000.0
KH01032,2025-07-03,112000.0
KH00163,2025-07-03,67000.0
KH01195,2025-07-03,259000.0
KH01522,2025-07-03,442000.0
KH00427,2025-07-03,57000.0
KH00739,2025-07-03,277000.0
KH02068,2025-07-03,152000.0
KH00040,2025-07-03,296000.0
KH01998,2025-07-03,625000.0
KH00473,2025-07-03,737000.0
KH01688,2025-07-03,200000.0
KH01225,2025-07-03,397000.0
KH01293,2025-07-03,60000.0
KH00012,2025-07-03,50000.0
KH00128,2025-07-03,79000.0
KH01413,2025-07-03,501000.0
KH01058,2025-07-03,93000.0
KH01648,2025-07-03,227000.0
KH01314,2025-07-03,494000.0
KH02096,2025-07-03,103000.0
KH02200,2025-07-03,176000.0
KH02130,2025-07-03,239000.0
KH02173,2025-07-03,114000.0
KH02190,2025-07-03,76000.0
KH00873,2025-07-04,810000.0
KH02019,2025-07-04,116000.0
KH00078,2025-07-04,432000.0
KH01933,2025-07-04,45000.0
KH00533,2025-07-04,197000.0
KH00478,2025-07-04,386000.0
KH00337,2025-07-04,430000.0
KH01612,2025-07-04,63000.0
KH02299,2025-07-04,369000.0
KH00977,2025-07-04,426000.0
KH01749,2025-07-04,98000.0
KH00970,2025-07-04,372000.0
KH00930,2025-07-04,118000.0
KH00238,2025-07-04,157000.0
KH01371,2025-07-04,88000.0
KH02473,2025-07-04,546000.0
KH01106,2025-07-04,112000.0
KH00365,2025-07-04,115000.0
KH01621,2025-07-04,781000.0
KH01558,2025-07-04,107000.0
KH00653,2025-07-04,230000.0
KH02224,2025-07-04,396000.0
KH01563,2025-07-04,101000.0
KH00095,2025-07-04,167000.0
KH00276,2025-07-04,286000.0
KH00603,2025-07-04,92000.0
KH01482,2025-07-04,1557000.0
KH02128,2025-07-04,156000.0
KH00642,2025-07-04,264000.0
KH00535,2025-07-04,134000.0
KH01916,2025-07-04,174000.0
KH00529,2025-07-04,98000.0
KH00191,2025-07-04,163000.0
KH00733,2025-07-04,730000.0
KH01335,2025-07-04,348000.0
KH01293,2025-07-04,215000.0
KH01626,2025-07-04,149000.0
KH00450,2025-07-04,165000.0
KH00222,2025-07-04,63000.0
KH01125,2025-07-04,325000.0
KH01414,2025-07-04,916000.0
KH00518,2025-07-04,661000.0
KH00881,2025-07-04,73000.0
KH00466,2025-07-04,239000.0
KH00852,2025-07-04,68000.0
KH00808,2025-07-04,68000.0
KH00445,2025-07-04,120000.0
KH01004,2025-07-04,218000.0
KH00548,2025-07-04,438000.0
KH01500,2025-07-04,73000.0
KH00321,2025-07-04,197000.0
KH00231,2025-07-04,452000.0
KH01975,2025-07-04,424000.0
KH01275,2025-07-04,207000.0
KH00087,2025-07-04,81000.0
KH00937,2025-07-04,155000.0
KH02040,2025-07-04,406000.0
KH01086,2025-07-04,123000.0
KH01767,2025-07-04,407000.0
KH01782,2025-07-04,103000.0
KH01899,2025-07-04,39000.0
KH01042,2025-07-04,379000.0
KH00940,2025-07-04,54000.0
KH02093,2025-07-04,228000.0
KH00933,2025-07-04,185000.0
KH00599,2025-07-04,179000.0
KH01292,2025-07-04,129000.0
KH01963,2025-07-04,208000.0
KH01304,2025-07-04,40000.0
KH00086,2025-07-04,283000.0
KH01201,2025-07-04,108000.0
KH02462,2025-07-04,124000.0
KH01748,2025-07-04,306000.0
KH00887,2025-07-04,216000.0
KH02001,2025-07-04,221000.0
KH01863,2025-07-04,379000.0
KH01086,2025-07-04,250000.0
KH01575,2025-07-04,387000.0
KH00886,2025-07-04,469000.0
KH00588,2025-07-04,45000.0
KH00561,2025-07-04,124000.0
KH00102,2025-07-04,1072000.0
KH01727,2025-07-04,139000.0
KH00863,2025-07-04,271000.0
KH00420,2025-07-04,143000.0
KH01337,2025-07-05,71000.0
KH00535,2025-07-05,194000.0
KH01288,2025-07-05,868000.0
KH00519,2025-07-05,180000.0
KH00407,2025-07-05,125000.0
KH02435,2025-07-05,673000.0
KH02161,2025-07-05,35000.0
KH02185,2025-07-05,245000.0
KH01232,2025-07-05,134000.0
KH00590,2025-07-05,101000.0
KH01364,2025-07-05,143000.0
KH01684,2025-07-05,304000.0
KH01982,2025-07-05,86000.0
KH00235,2025-07-05,434000.0
KH00441,2025-07-05,128000.0
KH00817,2025-07-05,83000.0
KH02175,2025-07-05,466000.0
KH00373,2025-07-05,331000.0
KH02388,2025-07-05,183000.0
KH02108,2025-07-05,508000.0
KH02095,2025-07-05,223000.0
KH00999,2025-07-05,164000.0
KH01965,2025-07-05,173000.0
KH01482,2025-07-05,113000.0
KH00819,2025-07-05,58000.0
KH00499,2025-07-05,72000.0
KH01932,2025-07-05,282000.0
KH00069,2025-07-05,422000.0
KH01402,2025-07-05,1653000.0
KH02060,2025-07-05,180000.0
KH01062,2025-07-05,149000.0
KH02212,2025-07-05,568000.0
KH01595,2025-07-05,82000.0
KH01410,2025-07-05,214000.0
KH01460,2025-07-05,405000.0
KH00273,2025-07-05,142000.0
KH01149,2025-07-05,174000.0
KH00407,2025-07-05,242000.0
KH00732,2025-07-05,460000.0
KH01168,2025-07-05,1012000.0
KH01825,2025-07-05,292000.0
KH02066,2025-07-05,234000.0
KH02050,2025-07-05,172000.0
KH01562,2025-07-05,453000.0
KH01935,2025-07-05,167000.0
KH01292,2025-07-05,107000.0
KH01273,2025-07-05,100000.0
KH00027,2025-07-05,213000.0
KH02078,2025-07-05,526000.0
KH01694,2025-07-05,65000.0
KH00416,2025-07-05,67000.0
KH00641,2025-07-05,81000.0
KH02255,2025-07-05,211000.0
KH02095,2025-07-05,113000.0
KH01584,2025-07-05,41000.0
KH00566,2025-07-05,1325000.0
KH01288,2025-07-05,123000.0
KH01136,2025-07-05,107000.0
KH02083,2025-07-05,85000.0
KH01061,2025-07-05,125000.0
KH01168,2025-07-05,179000.0
KH01507,2025-07-05,162000.0
KH02376,2025-07-05,270000.0
KH00126,2025-07-05,141000.0
KH01251,2025-07-05,58000.0
KH02193,2025-07-05,86000.0
KH01672,2025-07-05,459000.0
KH01134,2025-07-05,71000.0
KH00064,2025-07-05,243000.0
KH00645,2025-07-05,67000.0
KH00621,2025-07-05,290000.0
KH01546,2025-07-05,718000.0
KH00417,2025-07-05,350000.0
KH00468,2025-07-05,290000.0
KH00805,2025-07-05,333000.0
KH01120,2025-07-05,73000.0
KH01647,2025-07-05,132000.0
KH02313,2025-07-05,471000.0
KH00680,2025-07-05,168000.0
KH01349,2025-07-05,314000.0
KH00657,2025-07-05,106000.0
KH02327,2025-07-05,347000.0
KH01242,2025-07-05,195000.0
KH00796,2025-07-05,131000.0
KH01812,2025-07-05,236000.0
KH02473,2025-07-05,607000.0
KH01099,2025-07-05,69000.0
KH01918,2025-07-05,84000.0
KH01066,2025-07-05,120000.0
KH00448,2025-07-05,257000.0
KH01955,2025-07-05,352000.0
KH00187,2025-07-06,594000.0
KH01148,2025-07-06,50000.0
KH02211,2025-07-06,332000.0
KH01836,2025-07-06,48000.0
KH01959,2025-07-06,348000.0
KH00388,2025-07-06,44000.0
KH00278,2025-07-06,88000.0
KH01053,2025-07-06,60000.0
KH00864,2025-07-06,356000.0
KH00889,2025-07-06,186000.0
KH02412,2025-07-06,51000.0
KH00308,2025-07-06,197000.0
KH00706,2025-07-06,123000.0
KH01709,2025-07-06,179000.0
KH00709,2025-07-06,72000.0
KH01318,2025-07-06,233000.0
KH01460,2025-07-06,202000.0
KH01361,2025-07-06,78000.0
KH02126,2025-07-06,66000.0
KH00441,2025-07-06,294000.0
KH01884,2025-07-06,355000.0
KH00194,2025-07-06,375000.0
KH01673,2025-07-06,314000.0
KH00773,2025-07-06,493000.0
KH01700,2025-07-06,237000.0
KH00994,2025-07-06,499000.0
KH01706,2025-07-06,289000.0
KH01055,2025-07-06,47000.0
KH01354,2025-07-06,251000.0
KH00317,2025-07-06,343000.0
KH02117,2025-07-06,901000.0
KH00032,2025-07-06,86000.0
KH01481,2025-07-06,537000.0
KH01412,2025-07-06,33000.0
KH00477,2025-07-06,179000.0
KH00814,2025-07-06,231000.0
KH00278,2025-07-06,331000.0
KH00115,2025-07-06,315000.0
KH02052,2025-07-06,401000.0
KH00523,2025-07-06,162000.0
KH02292,2025-07-06,75000.0
KH02224,2025-07-06,155000.0
KH00832,2025-07-06,180000.0
KH00615,2025-07-06,110000.0
KH00434,2025-07-06,400000.0
KH01306,2025-07-06,388000.0
KH02246,2025-07-06,299000.0
KH01631,2025-07-06,152000.0
KH01773,2025-07-06,217000.0
KH02257,2025-07-06,251000.0
KH01965,2025-07-06,154000.0
KH00465,2025-07-06,534000.0
KH00150,2025-07-06,181000.0
KH01403,2025-07-06,193000.0
KH02071,2025-07-06,120000.0
KH01135,2025-07-06,295000.0
KH01716,2025-07-06,88000.0
KH00720,2025-07-06,509000.0
KH02275,2025-07-06,164000.0
KH01397,2025-07-06,1652000.0
KH00542,2025-07-06,91000.0
KH01954,2025-07-06,132000.0
KH01072,2025-07-06,1072000.0
KH01002,2025-07-06,108000.0
KH02052,2025-07-06,115000.0
KH01463,2025-07-06,151000.0
KH00135,2025-07-06,1065000.0
KH00784,2025-07-06,75000.0
KH01115,2025-07-06,158000.0
KH01326,2025-07-06,99000.0
KH01143,2025-07-06,402000.0
KH00268,2025-07-06,292000.0
KH00854,2025-07-06,393000.0
KH01340,2025-07-06,186000.0
KH02119,2025-07-07,366000.0
KH00013,2025-07-07,321000.0
KH00235,2025-07-07,551000.0
KH00075,2025-07-07,504000.0
KH00721,2025-07-07,126000.0
KH02380,2025-07-07,207000.0
KH00184,2025-07-07,101000.0
KH02166,2025-07-07,325000.0
KH01109,2025-07-07,530000.0
KH02156,2025-07-07,373000.0
KH01190,2025-07-07,651000.0
KH01453,2025-07-07,117000.0
KH01017,2025-07-07,197000.0
KH00413,2025-07-07,75000.0
KH02259,2025-07-07,245000.0
KH00540,2025-07-07,115000.0
KH00254,2025-07-07,51000.0
KH01431,2025-07-07,50000.0
KH01861,2025-07-07,86000.0
KH00679,2025-07-07,318000.0
KH00379,2025-07-07,127000.0
KH00971,2025-07-07,56000.0
KH02271,2025-07-07,224000.0
KH01457,2025-07-07,390000.0
KH02228,2025-07-07,442000.0
KH00519,2025-07-07,94000.0
KH01920,2025-07-07,110000.0
KH01265,2025-07-07,116000.0
KH00552,2025-07-07,192000.0
KH00616,2025-07-07,655000.0
KH00101,2025-07-07,103000.0
KH00786,2025-07-07,108000.0
KH00920,2025-07-07,235000.0
KH01888,2025-07-07,40000.0
KH01029,2025-07-07,141000.0
KH01015,2025-07-07,100000.0
KH00546,2025-07-07,166000.0
KH02142,2025-07-07,446000.0
KH01854,2025-07-07,119000.0
KH00825,2025-07-07,501000.0
KH00406,2025-07-07,337000.0
KH00465,2025-07-07,108000.0
KH00278,2025-07-07,127000.0
KH00613,2025-07-07,210000.0
KH02129,2025-07-07,170000.0
KH00642,2025-07-07,682000.0
KH00211,2025-07-07,1339000.0
KH00119,2025-07-07,248000.0
KH02111,2025-07-07,1067000.0
KH01227,2025-07-07,202000.0
KH01773,2025-07-07,185000.0
KH02103,2025-07-07,369000.0
KH01385,2025-07-07,127000.0
KH01472,2025-07-07,352000.0
KH00546,2025-07-07,101000.0
KH00548,2025-07-07,188000.0
KH01678,2025-07-07,39000.0
KH01765,2025-07-07,73000.0
KH01545,2025-07-07,27000.0
KH00574,2025-07-07,59000.0
KH01798,2025-07-07,402000.0
KH01325,2025-07-07,441000.0
KH00455,2025-07-07,117000.0
KH00055,2025-07-07,73000.0
KH01178,2025-07-07,406000.0
KH02307,2025-07-07,1498000.0
KH00967,2025-07-07,290000.0
KH00750,2025-07-07,178000.0
KH01525,2025-07-07,341000.0
KH00519,2025-07-07,300000.0
KH01853,2025-07-07,256000.0
KH01108,2025-07-07,395000.0
KH01016,2025-07-07,135000.0
KH00359,2025-07-07,208000.0
KH02438,2025-07-07,634000.0
KH01183,2025-07-07,159000.0
KH02124,2025-07-07,720000.0
KH01201,2025-07-07,192000.0
KH00755,2025-07-07,73000.0
KH00014,2025-07-07,335000.0
KH00811,2025-07-07,438000.0
KH01750,2025-07-07,53000.0
KH00460,2025-07-07,526000.0
KH02383,2025-07-08,395000.0
KH01532,2025-07-08,258000.0
KH01122,2025-07-08,915000.0
KH00491,2025-07-08,409000.0
KH02245,2025-07-08,99000.0
KH01059,2025-07-08,34000.0
KH02400,2025-07-08,158000.0
KH02087,2025-07-08,270000.0
KH00646,2025-07-08,188000.0
KH02285,2025-07-08,106000.0
KH01896,2025-07-08,140000.0
KH01747,2025-07-08,113000.0
KH02104,2025-07-08,363000.0
KH00460,2025-07-08,31000.0
KH00547,2025-07-08,176000.0
KH00500,2025-07-08,161000.0
KH00984,2025-07-08,159000.0
KH00462,2025-07-08,404000.0
KH00766,2025-07-08,3559000.0
KH02482,2025-07-08,214000.0
KH02182,2025-07-08,32000.0
KH01234,2025-07-08,59000.0
KH02259,2025-07-08,199000.0
KH01024,2025-07-08,358000.0
KH00831,2025-07-08,184000.0
KH00434,2025-07-08,122000.0
KH02031,2025-07-08,395000.0
KH02193,2025-07-08,243000.0
KH02063,2025-07-08,73000.0
KH00228,2025-07-08,112000.0
KH00248,2025-07-08,100000.0
KH01800,2025-07-08,332000.0
KH01591,2025-07-08,73000.0
KH01773,2025-07-08,92000.0
KH01275,2025-07-08,568000.0
KH00310,2025-07-08,150000.0
KH01091,2025-07-08,207000.0
KH01129,2025-07-08,107000.0
KH00498,2025-07-08,45000.0
KH00428,2025-07-08,189000.0
KH01601,2025-07-08,64000.0
KH01395,2025-07-08,638000.0
KH02037,2025-07-08,116000.0
KH02278,2025-07-08,143000.0
KH01755,2025-07-08,250000.0
KH01205,2025-07-08,269000.0
KH01737,2025-07-08,366000.0
KH00559,2025-07-08,519000.0
KH01489,2025-07-08,173000.0
KH01965,2025-07-08,71000.0
KH00014,2025-07-08,153000.0
KH00263,2025-07-08,120000.0
KH02095,2025-07-08,439000.0
KH00591,2025-07-08,77000.0
KH00114,2025-07-08,222000.0
KH01773,2025-07-08,99000.0
KH01360,2025-07-08,438000.0
KH01786,2025-07-08,1427000.0
KH00914,2025-07-08,498000.0
KH00640,2025-07-08,314000.0
KH01245,2025-07-08,541000.0
KH01940,2025-07-08,777000.0
KH01335,2025-07-08,151000.0
KH01376,2025-07-08,180000.0
KH02083,2025-07-08,611000.0
KH01983,2025-07-08,135000.0
KH00437,2025-07-08,819000.0
KH02285,2025-07-08,149000.0
KH02482,2025-07-08,120000.0
KH01262,2025-07-08,276000.0
KH00582,2025-07-08,54000.0
KH02241,2025-07-08,40000.0
KH00458,2025-07-08,298000.0
KH01513,2025-07-08,105000.0
KH00805,2025-07-08,568000.0
KH00308,2025-07-08,326000.0
KH00040,2025-07-08,1551000.0
KH01624,2025-07-08,55000.0
KH00113,2025-07-08,139000.0
KH02111,2025-07-08,88000.0
KH01929,2025-07-08,268000.0
KH02129,2025-07-08,186000.0
KH01899,2025-07-08,248000.0
KH00776,2025-07-08,176000.0
KH00125,2025-07-08,315000.0
KH00491,2025-07-08,256000.0
KH01100,2025-07-08,724000.0
KH01725,2025-07-08,169000.0
KH01118,2025-07-08,116000.0
KH02040,2025-07-08,263000.0
KH00183,2025-07-08,115000.0
KH02284,2025-07-09,60000.0
KH02169,2025-07-09,151000.0
KH02484,2025-07-09,296000.0
KH02441,2025-07-09,272000.0
KH01647,2025-07-09,822000.0
KH02304,2025-07-09,143000.0
KH00750,2025-07-09,235000.0
KH00936,2025-07-09,300000.0
KH00487,2025-07-09,132000.0
KH02270,2025-07-09,30000.0
KH00337,2025-07-09,637000.0
KH01519,2025-07-09,99000.0
KH02488,2025-07-09,270000.0
KH01772,2025-07-09,186000.0
KH02284,2025-07-09,369000.0
KH02142,2025-07-09,184000.0
KH00849,2025-07-09,180000.0
KH01975,2025-07-09,153000.0
KH01712,2025-07-09,383000.0
KH01124,2025-07-09,221000.0
KH01057,2025-07-09,143000.0
KH00492,2025-07-09,92000.0
KH02235,2025-07-09,215000.0
KH00796,2025-07-09,574000.0
KH01151,2025-07-09,335000.0
KH00681,2025-07-09,119000.0
KH01325,2025-07-09,79000.0
KH01333,2025-07-09,133000.0
KH02277,2025-07-09,97000.0
KH01106,2025-07-09,270000.0
KH01705,2025-07-09,199000.0
KH02496,2025-07-09,253000.0
KH00397,2025-07-09,77000.0
KH01190,2025-07-09,130000.0
KH01432,2025-07-09,340000.0
KH02283,2025-07-09,353000.0
KH01104,2025-07-09,468000.0
KH01408,2025-07-09,268000.0
KH00800,2025-07-09,550000.0
KH01798,2025-07-09,861000.0
KH01851,2025-07-09,619000.0
KH00579,2025-07-09,338000.0
KH00235,2025-07-09,296000.0
KH00170,2025-07-09,401000.0
KH00286,2025-07-09,307000.0
KH00487,2025-07-09,141000.0
KH00005,2025-07-09,114000.0
KH00402,2025-07-09,105000.0
KH00834,2025-07-09,239000.0
KH00473,2025-07-09,124000.0
KH01541,2025-07-09,391000.0
KH02488,2025-07-09,256000.0
KH00328,2025-07-09,124000.0
KH01658,2025-07-09,57000.0
KH02122,2025-07-09,195000.0
KH01408,2025-07-09,104000.0
KH01242,2025-07-09,302000.0
KH00172,2025-07-09,237000.0
KH02320,2025-07-09,276000.0
KH02447,2025-07-09,2227000.0
KH00377,2025-07-09,110000.0
KH00410,2025-07-09,1099000.0
KH01397,2025-07-09,266000.0
KH01764,2025-07-09,366000.0
KH01991,2025-07-09,249000.0
KH00016,2025-07-09,371000.0
KH02148,2025-07-09,163000.0
KH01063,2025-07-09,428000.0
KH02141,2025-07-09,306000.0
KH01381,2025-07-09,527000.0
KH00375,2025-07-09,209000.0
KH01228,2025-07-09,593000.0
KH01404,2025-07-09,195000.0
KH01058,2025-07-09,171000.0
KH02301,2025-07-09,162000.0
KH00527,2025-07-09,176000.0
KH01965,2025-07-09,152000.0
KH02272,2025-07-10,372000.0
KH01333,2025-07-10,1161000.0
KH00100,2025-07-10,313000.0
KH01285,2025-07-10,277000.0
KH01717,2025-07-10,142000.0
KH00286,2025-07-10,156000.0
KH00692,2025-07-10,112000.0
KH02032,2025-07-10,80000.0
KH01848,2025-07-10,343000.0
KH01065,2025-07-10,111000.0
KH02404,2025-07-10,409000.0
KH01075,2025-07-10,100000.0
KH02030,2025-07-10,143000.0
KH00868,2025-07-10,357000.0
KH00364,2025-07-10,121000.0
KH02461,2025-07-10,206000.0
KH00841,2025-07-10,217000.0
KH02476,2025-07-10,82000.0
KH01244,2025-07-10,121000.0
KH01879,2025-07-10,50000.0
KH01309,2025-07-10,300000.0
KH01013,2025-07-10,623000.0
KH01481,2025-07-10,145000.0
KH01351,2025-07-10,99000.0
KH00663,2025-07-10,156000.0
KH00872,2025-07-10,122000.0
KH02273,2025-07-10,88000.0
KH02068,2025-07-10,290000.0
KH01417,2025-07-10,306000.0
KH01536,2025-07-10,545000.0
KH00038,2025-07-10,137000.0
KH01838,2025-07-10,190000.0
KH02064,2025-07-10,143000.0
KH02086,2025-07-10,475000.0
KH01866,2025-07-10,198000.0
KH00070,2025-07-10,201000.0
KH00921,2025-07-10,59000.0
KH00293,2025-07-10,210000.0
KH01649,2025-07-10,118000.0
KH02330,2025-07-10,395000.0
KH02212,2025-07-10,346000.0
KH00049,2025-07-10,388000.0
KH02495,2025-07-10,503000.0
KH02348,2025-07-10,244000.0
KH00458,2025-07-10,154000.0
KH00708,2025-07-10,363000.0
KH00873,2025-07-10,165000.0
KH02075,2025-07-10,519000.0
KH02356,2025-07-10,121000.0
KH00725,2025-07-10,413000.0
KH01106,2025-07-10,64000.0
KH00073,2025-07-10,241000.0
KH00055,2025-07-10,93000.0
KH02016,2025-07-10,122000.0
KH02337,2025-07-10,334000.0
KH00027,2025-07-10,134000.0
KH01808,2025-07-10,70000.0
KH01654,2025-07-10,139000.0
KH00922,2025-07-10,452000.0
KH00064,2025-07-10,148000.0
KH01596,2025-07-10,107000.0
KH01710,2025-07-10,790000.0
KH00816,2025-07-10,70000.0
KH01182,2025-07-10,172000.0
KH01673,2025-07-10,166000.0
KH00386,2025-07-10,348000.0
KH00595,2025-07-10,388000.0
KH01611,2025-07-10,207000.0
KH00334,2025-07-10,262000.0
KH00447,2025-07-10,170000.0
KH01022,2025-07-10,526000.0
KH02445,2025-07-10,136000.0
KH02310,2025-07-10,267000.0
KH00905,2025-07-10,244000.0
KH00240,2025-07-10,100000.0
KH01603,2025-07-10,32000.0
KH01376,2025-07-10,111000.0
KH01916,2025-07-10,310000.0
KH01716,2025-07-10,144000.0
KH02115,2025-07-10,500000.0
KH00579,2025-07-10,83000.0
KH01432,2025-07-10,392000.0
KH02040,2025-07-10,111000.0
KH01212,2025-07-10,99000.0
KH01707,2025-07-10,93000.0
KH00661,2025-07-10,234000.0
KH01826,2025-07-10,173000.0
KH01728,2025-07-10,168000.0
KH01480,2025-07-10,274000.0
KH00086,2025-07-10,265000.0
KH00487,2025-07-10,320000.0
KH01918,2025-07-10,15000.0
KH02272,2025-07-10,199000.0
KH00751,2025-07-10,340000.0
KH02336,2025-07-10,323000.0
KH01480,2025-07-10,81000.0
KH00084,2025-07-11,734000.0
KH01671,2025-07-11,171000.0
KH00276,2025-07-11,416000.0
KH00899,2025-07-11,175000.0
KH01072,2025-07-11,309000.0
KH00055,2025-07-11,327000.0
KH00091,2025-07-11,204000.0
KH00758,2025-07-11,366000.0
KH00478,2025-07-11,366000.0
KH01186,2025-07-11,200000.0
KH01100,2025-07-11,467000.0
KH02262,2025-07-11,88000.0
KH01854,2025-07-11,213000.0
KH01973,2025-07-11,300000.0
KH01808,2025-07-11,325000.0
KH02174,2025-07-11,77000.0
KH02296,2025-07-11,213000.0
KH01235,2025-07-11,69000.0
KH02386,2025-07-11,568000.0
KH00439,2025-07-11,340000.0
KH01265,2025-07-11,160000.0
KH01946,2025-07-11,136000.0
KH01335,2025-07-11,145000.0
KH00113,2025-07-11,237000.0
KH01265,2025-07-11,197000.0
KH01520,2025-07-11,52000.0
KH01550,2025-07-11,412000.0
KH02419,2025-07-11,592000.0
KH02179,2025-07-11,1224000.0
KH02156,2025-07-11,93000.0
KH00018,2025-07-11,140000.0
KH00913,2025-07-11,532000.0
KH01256,2025-07-11,57000.0
KH02312,2025-07-11,191000.0
KH01337,2025-07-11,375000.0
KH02092,2025-07-11,325000.0
KH01059,2025-07-11,330000.0
KH00248,2025-07-11,222000.0
KH00218,2025-07-11,63000.0
KH02428,2025-07-11,521000.0
KH01094,2025-07-11,304000.0
KH00524,2025-07-11,157000.0
KH01859,2025-07-11,320000.0
KH00228,2025-07-11,254000.0
KH01054,2025-07-11,155000.0
KH02058,2025-07-11,313000.0
KH00449,2025-07-11,142000.0
KH01546,2025-07-11,47000.0
KH01049,2025-07-11,242000.0
KH02166,2025-07-11,546000.0
KH02185,2025-07-11,90000.0
KH02210,2025-07-11,543000.0
KH00493,2025-07-11,381000.0
KH00805,2025-07-11,444000.0
KH01823,2025-07-11,53000.0
KH02039,2025-07-11,321000.0
KH01478,2025-07-11,580000.0
KH00975,2025-07-11,179000.0
KH01932,2025-07-11,461000.0
KH01103,2025-07-11,157000.0
KH00828,2025-07-11,153000.0
KH01973,2025-07-11,387000.0
KH00445,2025-07-11,129000.0
KH01780,2025-07-11,435000.0
KH00203,2025-07-11,98000.0
KH00547,2025-07-11,938000.0
KH00933,2025-07-11,32000.0
KH00794,2025-07-11,204000.0
KH02164,2025-07-11,294000.0
KH01770,2025-07-11,483000.0
KH00860,2025-07-11,398000.0
KH00778,2025-07-11,477000.0
KH00718,2025-07-11,46000.0
KH01199,2025-07-11,138000.0
KH00692,2025-07-11,123000.0
KH00611,2025-07-11,392000.0
KH02104,2025-07-11,227000.0
KH00247,2025-07-11,183000.0
KH01183,2025-07-11,239000.0
KH01609,2025-07-12,391000.0
KH01910,2025-07-12,161000.0
KH00115,2025-07-12,692000.0
KH00183,2025-07-12,881000.0
KH01342,2025-07-12,128000.0
KH00646,2025-07-12,113000.0
KH00191,2025-07-12,179000.0
KH01617,2025-07-12,94000.0
KH01172,2025-07-12,144000.0
KH02101,2025-07-12,152000.0
KH02173,2025-07-12,73000.0
KH00890,2025-07-12,56000.0
KH01475,2025-07-12,305000.0
KH01120,2025-07-12,147000.0
KH00659,2025-07-12,56000.0
KH02119,2025-07-12,494000.0
KH01727,2025-07-12,250000.0
KH02075,2025-07-12,195000.0
KH00683,2025-07-12,62000.0
KH00016,2025-07-12,44000.0
KH02310,2025-07-12,572000.0
KH00194,2025-07-12,165000.0
KH02285,2025-07-12,162000.0
KH01708,2025-07-12,255000.0
KH00785,2025-07-12,130000.0
KH00775,2025-07-12,382000.0
KH00094,2025-07-12,140000.0
KH01708,2025-07-12,361000.0
KH02487,2025-07-12,313000.0
KH00984,2025-07-12,126000.0
KH02208,2025-07-12,36000.0
KH00928,2025-07-12,992000.0
KH00681,2025-07-12,577000.0
KH00702,2025-07-12,481000.0
KH00141,2025-07-12,346000.0
KH00464,2025-07-12,553000.0
KH01975,2025-07-12,1032000.0
KH01181,2025-07-12,1124000.0
KH01412,2025-07-12,103000.0
KH01561,2025-07-12,316000.0
KH02321,2025-07-12,188000.0
KH01988,2025-07-12,442000.0
KH01367,2025-07-12,817000.0
KH01465,2025-07-12,265000.0
KH02096,2025-07-12,169000.0
KH00386,2025-07-12,396000.0
KH00565,2025-07-12,353000.0
KH02418,2025-07-12,145000.0
KH02023,2025-07-12,86000.0
KH01749,2025-07-12,497000.0
KH02345,2025-07-12,231000.0
KH02473,2025-07-12,165000.0
KH01058,2025-07-12,252000.0
KH02060,2025-07-12,377000.0
KH02300,2025-07-12,44000.0
KH01747,2025-07-12,106000.0
KH00089,2025-07-12,112000.0
KH01402,2025-07-12,212000.0
KH00656,2025-07-12,153000.0
KH01170,2025-07-12,331000.0
KH02028,2025-07-12,167000.0
KH02365,2025-07-12,184000.0
KH00571,2025-07-12,87000.0
KH01192,2025-07-12,828000.0
KH00059,2025-07-12,292000.0
KH01525,2025-07-12,39000.0
KH00967,2025-07-12,144000.0
KH00088,2025-07-13,139000.0
KH02108,2025-07-13,203000.0
KH00647,2025-07-13,225000.0
KH02017,2025-07-13,413000.0
KH01172,2025-07-13,85000.0
KH01123,2025-07-13,223000.0
KH02266,2025-07-13,251000.0
KH01186,2025-07-13,136000.0
KH00130,2025-07-13,658000.0
KH00525,2025-07-13,437000.0
KH02014,2025-07-13,213000.0
KH00134,2025-07-13,448000.0
KH01465,2025-07-13,114000.0
KH00169,2025-07-13,302000.0
KH00530,2025-07-13,309000.0
KH00873,2025-07-13,298000.0
KH01565,2025-07-13,56000.0
KH01837,2025-07-13,316000.0
KH00259,2025-07-13,257000.0
KH00658,2025-07-13,314000.0
KH01077,2025-07-13,49000.0
KH01576,2025-07-13,157000.0
KH00040,2025-07-13,157000.0
KH01822,2025-07-13,199000.0
KH00365,2025-07-13,374000.0
KH00769,2025-07-13,175000.0
KH01122,2025-07-13,269000.0
KH01333,2025-07-13,359000.0
KH02439,2025-07-13,115000.0
KH00331,2025-07-13,229000.0
KH01142,2025-07-13,116000.0
KH02176,2025-07-13,188000.0
KH01789,2025-07-13,155000.0
KH00546,2025-07-13,176000.0
KH02318,2025-07-13,360000.0
KH01361,2025-07-13,565000.0
KH01170,2025-07-13,127000.0
KH00172,2025-07-13,389000.0
KH01283,2025-07-13,318000.0
KH00427,2025-07-13,224000.0
KH01806,2025-07-13,230000.0
KH02191,2025-07-13,142000.0
KH02091,2025-07-13,502000.0
KH01260,2025-07-13,160000.0
KH00687,2025-07-13,44000.0
KH01042,2025-07-13,2295000.0
KH01994,2025-07-13,372000.0
KH02374,2025-07-13,819000.0
KH01807,2025-07-13,219000.0
KH01734,2025-07-13,397000.0
KH01580,2025-07-13,79000.0
KH01090,2025-07-13,602000.0
KH00768,2025-07-13,341000.0
KH00588,2025-07-13,330000.0
KH01795,2025-07-13,161000.0
KH01122,2025-07-13,116000.0
KH02307,2025-07-13,245000.0
KH00624,2025-07-13,388000.0
KH01382,2025-07-13,210000.0
KH00500,2025-07-13,543000.0
KH01513,2025-07-13,167000.0
KH01270,2025-07-13,741000.0
KH00559,2025-07-13,315000.0
KH00159,2025-07-13,110000.0
KH00532,2025-07-13,157000.0
KH01777,2025-07-13,72000.0
KH01247,2025-07-13,139000.0
KH01815,2025-07-13,306000.0
KH01457,2025-07-13,132000.0
KH02138,2025-07-13,351000.0
KH01882,2025-07-13,176000.0
KH01614,2025-07-13,64000.0
KH01146,2025-07-13,188000.0
KH01611,2025-07-13,273000.0
KH00976,2025-07-13,863000.0
KH00334,2025-07-14,151000.0
KH00487,2025-07-14,228000.0
KH02176,2025-07-14,468000.0
KH00528,2025-07-14,54000.0
KH01888,2025-07-14,200000.0
KH01040,2025-07-14,101000.0
KH01807,2025-07-14,117000.0
KH00889,2025-07-14,1086000.0
KH01700,2025-07-14,269000.0
KH01987,2025-07-14,145000.0
KH00278,2025-07-14,160000.0
KH02305,2025-07-14,52000.0
KH01908,2025-07-14,28000.0
KH00036,2025-07-14,117000.0
KH01261,2025-07-14,328000.0
KH02319,2025-07-14,262000.0
KH01353,2025-07-14,219000.0
KH00640,2025-07-14,47000.0
KH02453,2025-07-14,162000.0
KH00510,2025-07-14,58000.0
KH00491,2025-07-14,278000.0
KH01663,2025-07-14,281000.0
KH02015,2025-07-14,113000.0
KH00061,2025-07-14,98000.0
KH01036,2025-07-14,333000.0
KH02183,2025-07-14,321000.0
KH01458,2025-07-14,195000.0
KH02174,2025-07-14,130000.0
KH02450,2025-07-14,434000.0
KH01736,2025-07-14,120000.0
KH02247,2025-07-14,363000.0
KH02058,2025-07-14,633000.0
KH01528,2025-07-14,255000.0
KH00168,2025-07-14,82000.0
KH00234,2025-07-14,126000.0
KH00033,2025-07-14,109000.0
KH01437,2025-07-14,404000.0
KH01159,2025-07-14,130000.0
KH00523,2025-07-14,446000.0
KH01677,2025-07-14,405000.0
KH01118,2025-07-14,176000.0
KH00544,2025-07-14,165000.0
KH02362,2025-07-14,252000.0
KH01265,2025-07-14,119000.0
KH01060,2025-07-14,172000.0
KH01075,2025-07-14,229000.0
KH02227,2025-07-14,14000.0
KH00262,2025-07-14,97000.0
KH01077,2025-07-14,181000.0
KH00535,2025-07-14,345000.0
KH02293,2025-07-14,273000.0
KH01915,2025-07-14,238000.0
KH02100,2025-07-14,124000.0
KH01392,2025-07-14,67000.0
KH01188,2025-07-14,812000.0
KH01862,2025-07-14,319000.0
KH02339,2025-07-14,726000.0
KH00167,2025-07-14,99000.0
KH02002,2025-07-14,407000.0
KH01744,2025-07-14,78000.0
KH01999,2025-07-14,263000.0
KH01067,2025-07-14,177000.0
KH02153,2025-07-14,235000.0
KH02141,2025-07-14,272000.0
KH01777,2025-07-14,162000.0
KH01288,2025-07-14,369000.0
KH02300,2025-07-14,155000.0
KH00728,2025-07-14,203000.0
KH01327,2025-07-14,2548000.0
KH02152,2025-07-14,269000.0
KH02045,2025-07-14,387000.0
KH01398,2025-07-14,915000.0
KH00346,2025-07-14,76000.0
KH00808,2025-07-14,88000.0
KH00636,2025-07-14,2022000.0
KH01932,2025-07-14,292000.0
KH01789,2025-07-14,74000.0
KH01146,2025-07-14,106000.0
KH02310,2025-07-14,157000.0
KH00448,2025-07-14,259000.0
KH01185,2025-07-14,598000.0
KH01909,2025-07-14,156000.0
KH01012,2025-07-14,122000.0
KH01395,2025-07-14,246000.0
KH02183,2025-07-14,499000.0
KH02105,2025-07-14,739000.0
KH00317,2025-07-14,163000.0
KH00242,2025-07-14,130000.0
KH00889,2025-07-14,330000.0
KH00308,2025-07-14,102000.0
KH00278,2025-07-14,301000.0
KH01278,2025-07-14,46000.0
KH00478,2025-07-14,245000.0
KH00625,2025-07-14,130000.0
KH00542,2025-07-14,207000.0
KH00341,2025-07-14,58000.0
KH02248,2025-07-14,91000.0
KH02406,2025-07-15,170000.0
KH02340,2025-07-15,158000.0
KH00804,2025-07-15,236000.0
KH01105,2025-07-15,228000.0
KH00341,2025-07-15,68000.0
KH00227,2025-07-15,306000.0
KH00606,2025-07-15,195000.0
KH01978,2025-07-15,333000.0
KH01351,2025-07-15,137000.0
KH02278,2025-07-15,126000.0
KH00423,2025-07-15,117000.0
KH02454,2025-07-15,425000.0
KH02367,2025-07-15,230000.0
KH00101,2025-07-15,139000.0
KH02204,2025-07-15,197000.0
KH01666,2025-07-15,79000.0
KH02189,2025-07-15,424000.0
KH01045,2025-07-15,53000.0
KH01761,2025-07-15,368000.0
KH01084,2025-07-15,187000.0
KH01431,2025-07-15,179000.0
KH00832,2025-07-15,152000.0
KH02357,2025-07-15,449000.0
KH00213,2025-07-15,459000.0
KH00005,2025-07-15,224000.0
KH00187,2025-07-15,105000.0
KH02292,2025-07-15,88000.0
KH00886,2025-07-15,175000.0
KH01937,2025-07-15,278000.0
KH01345,2025-07-15,297000.0
KH01782,2025-07-15,188000.0
KH00649,2025-07-15,270000.0
KH00653,2025-07-15,1255000.0
KH02259,2025-07-15,283000.0
KH02115,2025-07-15,44000.0
KH00681,2025-07-15,106000.0
KH01595,2025-07-15,277000.0
KH01863,2025-07-15,128000.0
KH02166,2025-07-15,586000.0
KH01882,2025-07-15,144000.0
KH01456,2025-07-15,254000.0
KH00359,2025-07-15,295000.0
KH00948,2025-07-15,426000.0
KH00965,2025-07-15,78000.0
KH01086,2025-07-15,99000.0
KH02213,2025-07-15,354000.0
KH00577,2025-07-15,111000.0
KH01207,2025-07-15,427000.0
KH00746,2025-07-15,212000.0
KH01214,2025-07-15,86000.0
KH02433,2025-07-15,154000.0
KH01404,2025-07-15,316000.0
KH01248,2025-07-15,18000.0
KH00056,2025-07-15,495000.0
KH01737,2025-07-15,95000.0
KH00832,2025-07-15,60000.0
KH01550,2025-07-15,953000.0
KH00261,2025-07-15,66000.0
KH01014,2025-07-15,272000.0
KH02473,2025-07-15,240000.0
KH00786,2025-07-15,184000.0
KH01411,2025-07-15,269000.0
KH01388,2025-07-15,505000.0
KH01201,2025-07-15,140000.0
KH00599,2025-07-15,68000.0
KH01293,2025-07-15,1123000.0
KH00624,2025-07-15,370000.0
KH01864,2025-07-15,47000.0
KH01577,2025-07-15,422000.0
KH00629,2025-07-15,44000.0
KH00410,2025-07-15,325000.0
KH01613,2025-07-15,115000.0
KH01149,2025-07-15,280000.0
KH00490,2025-07-15,150000.0
KH00357,2025-07-15,575000.0
KH01627,2025-07-15,254000.0
KH01373,2025-07-15,174000.0
KH00204,2025-07-15,291000.0
KH02362,2025-07-15,122000.0
KH00094,2025-07-15,332000.0
KH01877,2025-07-15,404000.0
KH02066,2025-07-15,416000.0
KH00458,2025-07-15,99000.0
KH00142,2025-07-15,220000.0
KH00290,2025-07-15,106000.0
KH02465,2025-07-16,210000.0
KH00849,2025-07-16,323000.0
KH01451,2025-07-16,995000.0
KH00922,2025-07-16,83000.0
KH01834,2025-07-16,271000.0
KH01782,2025-07-16,387000.0
KH01785,2025-07-16,48000.0
KH01695,2025-07-16,362000.0
KH01053,2025-07-16,172000.0
KH01288,2025-07-16,207000.0
KH00316,2025-07-16,70000.0
KH02109,2025-07-16,119000.0
KH00222,2025-07-16,30000.0
KH00953,2025-07-16,144000.0
KH00642,2025-07-16,510000.0
KH02014,2025-07-16,387000.0
KH01053,2025-07-16,96000.0
KH01202,2025-07-16,194000.0
KH02216,2025-07-16,269000.0
KH00733,2025-07-16,123000.0
KH02129,2025-07-16,204000.0
KH00176,2025-07-16,359000.0
KH00154,2025-07-16,80000.0
KH01747,2025-07-16,390000.0
KH02329,2025-07-16,279000.0
KH02424,2025-07-16,105000.0
KH01376,2025-07-16,107000.0
KH01058,2025-07-16,26000.0
KH00575,2025-07-16,76000.0
KH01362,2025-07-16,280000.0
KH02227,2025-07-16,516000.0
KH02003,2025-07-16,492000.0
KH00451,2025-07-16,189000.0
KH02061,2025-07-16,376000.0
KH00055,2025-07-16,266000.0
KH00139,2025-07-16,288000.0
KH01239,2025-07-16,69000.0
KH00151,2025-07-16,524000.0
KH00458,2025-07-16,88000.0
KH00645,2025-07-16,39000.0
KH02354,2025-07-16,301000.0
KH00036,2025-07-16,353000.0
KH00170,2025-07-16,112000.0
KH01656,2025-07-16,184000.0
KH00588,2025-07-16,164000.0
KH00500,2025-07-16,184000.0
KH00514,2025-07-16,64000.0
KH02061,2025-07-16,1348000.0
KH00360,2025-07-16,365000.0
KH00578,2025-07-16,214000.0
KH00557,2025-07-16,104000.0
KH01829,2025-07-16,110000.0
KH01474,2025-07-16,1556000.0
KH01390,2025-07-16,166000.0
KH00278,2025-07-16,176000.0
KH00661,2025-07-16,528000.0
KH00093,2025-07-16,121000.0
KH00195,2025-07-16,349000.0
KH02268,2025-07-16,90000.0
KH01359,2025-07-16,120000.0
KH01012,2025-07-16,287000.0
KH00992,2025-07-16,117000.0
KH00690,2025-07-16,160000.0
KH02284,2025-07-16,257000.0
KH01532,2025-07-16,157000.0
KH01270,2025-07-16,157000.0
KH01056,2025-07-16,379000.0
KH01437,2025-07-16,227000.0
KH01733,2025-07-16,446000.0
KH01193,2025-07-16,209000.0
KH00884,2025-07-16,89000.0
KH00353,2025-07-16,94000.0
KH02355,2025-07-16,353000.0
KH01023,2025-07-16,120000.0
KH01891,2025-07-16,161000.0
KH02453,2025-07-16,23000.0
KH00397,2025-07-16,715000.0
KH01815,2025-07-16,120000.0
KH02174,2025-07-16,226000.0
KH02113,2025-07-16,188000.0
KH00862,2025-07-16,78000.0
KH02495,2025-07-16,119000.0
KH02167,2025-07-16,335000.0
KH00546,2025-07-16,659000.0
KH01967,2025-07-16,93000.0
KH01288,2025-07-16,273000.0
KH00654,2025-07-16,88000.0
KH01036,2025-07-16,316000.0
KH00460,2025-07-16,302000.0
KH00055,2025-07-16,192000.0
KH01835,2025-07-16,260000.0
KH01479,2025-07-17,267000.0
KH01693,2025-07-17,230000.0
KH00125,2025-07-17,108000.0
KH00729,2025-07-17,581000.0
KH00114,2025-07-17,63000.0
KH00046,2025-07-17,591000.0
KH00628,2025-07-17,244000.0
KH01770,2025-07-17,264000.0
KH01647,2025-07-17,364000.0
KH00037,2025-07-17,74000.0
KH00048,2025-07-17,236000.0
KH01525,2025-07-17,106000.0
KH00659,2025-07-17,407000.0
KH01829,2025-07-17,328000.0
KH01437,2025-07-17,184000.0
KH01181,2025-07-17,141000.0
KH00896,2025-07-17,168000.0
KH00592,2025-07-17,109000.0
KH01038,2025-07-17,344000.0
KH01558,2025-07-17,323000.0
KH00251,2025-07-17,147000.0
KH01748,2025-07-17,227000.0
KH01341,2025-07-17,43000.0
KH00218,2025-07-17,183000.0
KH00681,2025-07-17,62000.0
KH01426,2025-07-17,225000.0
KH02473,2025-07-17,211000.0
KH00106,2025-07-17,840000.0
KH02375,2025-07-17,1193000.0
KH01402,2025-07-17,244000.0
KH00929,2025-07-17,229000.0
KH02094,2025-07-17,307000.0
KH00546,2025-07-17,75000.0
KH00270,2025-07-17,601000.0
KH01066,2025-07-17,69000.0
KH00825,2025-07-17,924000.0
KH00686,2025-07-17,159000.0
KH01912,2025-07-17,141000.0
KH01550,2025-07-17,394000.0
KH00398,2025-07-17,441000.0
KH00078,2025-07-17,107000.0
KH02408,2025-07-17,308000.0
KH02240,2025-07-17,27000.0
KH00780,2025-07-17,97000.0
KH01118,2025-07-17,102000.0
KH00071,2025-07-17,134000.0
KH02284,2025-07-17,109000.0
KH00633,2025-07-17,119000.0
KH00801,2025-07-17,968000.0
KH00801,2025-07-17,173000.0
KH00328,2025-07-17,98000.0
KH02321,2025-07-17,411000.0
KH01654,2025-07-17,169000.0
KH02038,2025-07-17,133000.0
KH01974,2025-07-17,249000.0
KH00942,2025-07-17,115000.0
KH00049,2025-07-17,48000.0
KH01766,2025-07-17,569000.0
KH01494,2025-07-17,199000.0
KH00957,2025-07-17,292000.0
KH00596,2025-07-17,355000.0
KH00770,2025-07-17,69000.0
KH01217,2025-07-17,135000.0
KH00111,2025-07-17,193000.0
KH01114,2025-07-17,415000.0
KH00648,2025-07-17,217000.0
KH02244,2025-07-17,40000.0
KH01321,2025-07-17,239000.0
KH00280,2025-07-17,471000.0
KH00661,2025-07-17,398000.0
KH00174,2025-07-17,296000.0
KH00179,2025-07-17,153000.0
KH02335,2025-07-17,209000.0
KH01334,2025-07-17,189000.0
KH00799,2025-07-17,93000.0
KH02049,2025-07-17,104000.0
KH01555,2025-07-17,123000.0
KH00382,2025-07-17,120000.0
KH01122,2025-07-17,123000.0
KH01933,2025-07-17,94000.0
KH01458,2025-07-17,208000.0
KH02403,2025-07-17,139000.0
KH02130,2025-07-17,485000.0
KH02266,2025-07-17,327000.0
KH00678,2025-07-17,136000.0
KH00009,2025-07-17,486000.0
KH02389,2025-07-17,179000.0
KH01729,2025-07-18,195000.0
KH00606,2025-07-18,466000.0
KH02125,2025-07-18,879000.0
KH01561,2025-07-18,222000.0
KH02463,2025-07-18,38000.0
KH02248,2025-07-18,37000.0
KH01604,2025-07-18,149000.0
KH01495,2025-07-18,72000.0
KH00616,2025-07-18,45000.0
KH01169,2025-07-18,56000.0
KH01092,2025-07-18,1722000.0
KH00957,2025-07-18,208000.0
KH02285,2025-07-18,735000.0
KH00204,2025-07-18,1623000.0
KH00424,2025-07-18,123000.0
KH00009,2025-07-18,101000.0
KH01516,2025-07-18,569000.0
KH00432,2025-07-18,47000.0
KH01996,2025-07-18,308000.0
KH01899,2025-07-18,297000.0
KH01211,2025-07-18,428000.0
KH00915,2025-07-18,364000.0
KH01543,2025-07-18,51000.0
KH01942,2025-07-18,94000.0
KH01820,2025-07-18,818000.0
KH00688,2025-07-18,361000.0
KH00653,2025-07-18,210000.0
KH02067,2025-07-18,849000.0
KH02250,2025-07-18,286000.0
KH01135,2025-07-18,981000.0
KH00398,2025-07-18,156000.0
KH02220,2025-07-18,213000.0
KH01144,2025-07-18,119000.0
KH02209,2025-07-18,112000.0
KH01360,2025-07-18,425000.0
KH00352,2025-07-18,98000.0
KH01780,2025-07-18,288000.0
KH02173,2025-07-18,69000.0
KH00734,2025-07-18,391000.0
KH00850,2025-07-18,627000.0
KH00079,2025-07-18,293000.0
KH00223,2025-07-18,80000.0
KH01628,2025-07-18,110000.0
KH00882,2025-07-18,119000.0
KH00308,2025-07-18,304000.0
KH02320,2025-07-18,732000.0
KH02367,2025-07-18,161000.0
KH00673,2025-07-18,203000.0
KH01404,2025-07-18,211000.0
KH00634,2025-07-18,1640000.0
KH00566,2025-07-18,212000.0
KH02205,2025-07-18,257000.0
KH02166,2025-07-18,240000.0
KH01090,2025-07-18,23000.0
KH00539,2025-07-18,210000.0
KH01450,2025-07-18,79000.0
KH01786,2025-07-18,359000.0
KH01695,2025-07-18,353000.0
KH00707,2025-07-18,425000.0
KH00027,2025-07-18,181000.0
KH01668,2025-07-18,260000.0
KH00884,2025-07-18,40000.0
KH00519,2025-07-18,348000.0
KH01073,2025-07-18,162000.0
KH00860,2025-07-18,455000.0
KH00663,2025-07-18,140000.0
KH00051,2025-07-18,85000.0
KH02056,2025-07-18,238000.0
KH01337,2025-07-18,1176000.0
KH01415,2025-07-18,354000.0
KH01714,2025-07-18,103000.0
KH02228,2025-07-18,84000.0
KH02402,2025-07-18,164000.0
KH00340,2025-07-18,215000.0
KH00978,2025-07-18,139000.0
KH00954,2025-07-18,150000.0
KH02223,2025-07-19,182000.0
KH01942,2025-07-19,229000.0
KH00145,2025-07-19,138000.0
KH01307,2025-07-19,97000.0
KH02358,2025-07-19,481000.0
KH00049,2025-07-19,266000.0
KH01967,2025-07-19,87000.0
KH00382,2025-07-19,247000.0
KH01780,2025-07-19,287000.0
KH00397,2025-07-19,634000.0
KH00933,2025-07-19,287000.0
KH00154,2025-07-19,340000.0
KH01937,2025-07-19,159000.0
KH01601,2025-07-19,127000.0
KH02130,2025-07-19,975000.0
KH02145,2025-07-19,200000.0
KH01350,2025-07-19,151000.0
KH00139,2025-07-19,262000.0
KH00461,2025-07-19,227000.0
KH00170,2025-07-19,294000.0
KH02251,2025-07-19,277000.0
KH01629,2025-07-19,132000.0
KH02118,2025-07-19,860000.0
KH01565,2025-07-19,93000.0
KH00402,2025-07-19,159000.0
KH01495,2025-07-19,193000.0
KH01377,2025-07-19,74000.0
KH00683,2025-07-19,192000.0
KH00673,2025-07-19,1330000.0
KH01851,2025-07-19,169000.0
KH00219,2025-07-19,116000.0
KH01539,2025-07-19,564000.0
KH02050,2025-07-19,219000.0
KH01426,2025-07-19,85000.0
KH01257,2025-07-19,120000.0
KH00619,2025-07-19,217000.0
KH00408,2025-07-19,112000.0
KH01826,2025-07-19,110000.0
KH01402,2025-07-19,106000.0
KH01675,2025-07-19,74000.0
KH01341,2025-07-19,246000.0
KH00548,2025-07-19,612000.0
KH00047,2025-07-19,121000.0
KH02327,2025-07-19,978000.0
KH00398,2025-07-19,49000.0
KH01694,2025-07-19,439000.0
KH00533,2025-07-19,147000.0
KH00099,2025-07-19,261000.0
KH01719,2025-07-19,107000.0
KH01701,2025-07-19,275000.0
KH00548,2025-07-19,155000.0
KH02272,2025-07-19,528000.0
KH01475,2025-07-19,162000.0
KH00516,2025-07-19,448000.0
KH00386,2025-07-19,171000.0
KH02007,2025-07-19,121000.0
KH00275,2025-07-19,127000.0
KH01804,2025-07-19,680000.0
KH01579,2025-07-19,279000.0
KH00007,2025-07-19,609000.0
KH00037,2025-07-19,352000.0
KH00224,2025-07-19,24000.0
KH00420,2025-07-19,512000.0
KH02223,2025-07-19,144000.0
KH01505,2025-07-19,122000.0
KH00651,2025-07-19,78000.0
KH02348,2025-07-19,855000.0
KH00809,2025-07-19,182000.0
KH01352,2025-07-19,104000.0
KH01706,2025-07-19,359000.0
KH00660,2025-07-19,243000.0
KH02442,2025-07-19,589000.0
KH00688,2025-07-19,259000.0
KH01944,2025-07-19,84000.0
KH00711,2025-07-19,308000.0
KH00259,2025-07-19,1165000.0
KH02402,2025-07-19,163000.0
KH01987,2025-07-19,142000.0
KH00027,2025-07-19,171000.0
KH01520,2025-07-19,185000.0
KH02037,2025-07-19,110000.0
KH00390,2025-07-19,154000.0
KH02390,2025-07-19,313000.0
KH02315,2025-07-19,543000.0
KH01016,2025-07-19,125000.0
KH00510,2025-07-19,274000.0
KH00713,2025-07-19,165000.0
KH02150,2025-07-19,1703000.0
KH00683,2025-07-20,72000.0
KH01889,2025-07-20,147000.0
KH02083,2025-07-20,155000.0
KH01768,2025-07-20,78000.0
KH01835,2025-07-20,229000.0
KH01577,2025-07-20,149000.0
KH01506,2025-07-20,137000.0
KH01062,2025-07-20,202000.0
KH00647,2025-07-20,196000.0
KH01111,2025-07-20,220000.0
KH02292,2025-07-20,168000.0
KH01538,2025-07-20,91000.0
KH01016,2025-07-20,41000.0
KH00475,2025-07-20,1002000.0
KH02062,2025-07-20,72000.0
KH01201,2025-07-20,106000.0
KH01976,2025-07-20,121000.0
KH00753,2025-07-20,157000.0
KH00750,2025-07-20,429000.0
KH01550,2025-07-20,123000.0
KH01853,2025-07-20,175000.0
KH00315,2025-07-20,485000.0
KH00770,2025-07-20,233000.0
KH01759,2025-07-20,369000.0
KH00997,2025-07-20,82000.0
KH02113,2025-07-20,123000.0
KH01110,2025-07-20,169000.0
KH02344,2025-07-20,130000.0
KH01202,2025-07-20,437000.0
KH00248,2025-07-20,69000.0
KH02061,2025-07-20,197000.0
KH02262,2025-07-20,62000.0
KH00533,2025-07-20,38000.0
KH01321,2025-07-20,260000.0
KH01498,2025-07-20,106000.0
KH01833,2025-07-20,61000.0
KH01778,2025-07-20,201000.0
KH01435,2025-07-20,2959000.0
KH00854,2025-07-20,715000.0
KH01193,2025-07-20,111000.0
KH02218,2025-07-20,90000.0
KH02244,2025-07-20,130000.0
KH02136,2025-07-20,334000.0
KH01613,2025-07-20,359000.0
KH00243,2025-07-20,225000.0
KH00538,2025-07-20,133000.0
KH01007,2025-07-20,143000.0
KH00655,2025-07-20,87000.0
KH01459,2025-07-20,128000.0
KH00731,2025-07-20,196000.0
KH00305,2025-07-20,628000.0
KH01451,2025-07-20,373000.0
KH02032,2025-07-20,38000.0
KH00718,2025-07-20,202000.0
KH01067,2025-07-20,434000.0
KH00558,2025-07-20,92000.0
KH00412,2025-07-20,585000.0
KH00243,2025-07-20,177000.0
KH02412,2025-07-20,200000.0
KH01055,2025-07-20,221000.0
KH02453,2025-07-20,108000.0
KH00772,2025-07-20,233000.0
KH00806,2025-07-20,265000.0
KH01058,2025-07-20,636000.0
KH01635,2025-07-20,257000.0
KH00538,2025-07-20,625000.0
KH01577,2025-07-20,41000.0
KH01396,2025-07-20,127000.0
KH00424,2025-07-20,416000.0
KH02049,2025-07-20,295000.0
KH00212,2025-07-20,50000.0
KH01715,2025-07-20,72000.0
KH00340,2025-07-20,199000.0
KH00227,2025-07-20,263000.0
KH00151,2025-07-20,257000.0
KH00234,2025-07-21,197000.0
KH00300,2025-07-21,185000.0
KH00082,2025-07-21,167000.0
KH02210,2025-07-21,381000.0
KH00189,2025-07-21,115000.0
KH00054,2025-07-21,136000.0
KH00307,2025-07-21,201000.0
KH01460,2025-07-21,234000.0
KH02398,2025-07-21,279000.0
KH01034,2025-07-21,176000.0
KH00498,2025-07-21,58000.0
KH00474,2025-07-21,441000.0
KH01934,2025-07-21,376000.0
KH00271,2025-07-21,182000.0
KH00951,2025-07-21,62000.0
KH02201,2025-07-21,794000.0
KH01257,2025-07-21,103000.0
KH01905,2025-07-21,150000.0
KH02223,2025-07-21,241000.0
KH02432,2025-07-21,123000.0
KH01685,2025-07-21,362000.0
KH01884,2025-07-21,253000.0
KH01359,2025-07-21,441000.0
KH02308,2025-07-21,659000.0
KH01759,2025-07-21,202000.0
KH00696,2025-07-21,200000.0
KH01264,2025-07-21,377000.0
KH02359,2025-07-21,172000.0
KH01771,2025-07-21,212000.0
KH00571,2025-07-21,87000.0
KH01122,2025-07-21,212000.0
KH00823,2025-07-21,54000.0
KH02054,2025-07-21,69000.0
KH02335,2025-07-21,158000.0
KH01929,2025-07-21,92000.0
KH00056,2025-07-21,256000.0
KH00538,2025-07-21,86000.0
KH00563,2025-07-21,191000.0
KH02153,2025-07-21,684000.0
KH00115,2025-07-21,93000.0
KH00629,2025-07-21,834000.0
KH01202,2025-07-21,139000.0
KH00834,2025-07-21,305000.0
KH00311,2025-07-21,162000.0
KH01888,2025-07-21,167000.0
KH00529,2025-07-21,322000.0
KH00512,2025-07-21,245000.0
KH00886,2025-07-21,227000.0
KH00010,2025-07-21,125000.0
KH02362,2025-07-21,36000.0
KH01463,2025-07-21,375000.0
KH00968,2025-07-21,810000.0
KH00883,2025-07-21,357000.0
KH00601,2025-07-21,196000.0
KH02454,2025-07-21,316000.0
KH01666,2025-07-21,44000.0
KH01651,2025-07-21,705000.0
KH00041,2025-07-21,330000.0
KH00661,2025-07-21,76000.0
KH01108,2025-07-21,395000.0
KH01882,2025-07-21,654000.0
KH01623,2025-07-21,244000.0
KH02122,2025-07-21,306000.0
KH00684,2025-07-21,114000.0
KH00414,2025-07-21,242000.0
KH00240,2025-07-21,704000.0
KH02156,2025-07-21,212000.0
KH02038,2025-07-21,62000.0
KH02460,2025-07-21,664000.0
KH01241,2025-07-21,235000.0
KH00281,2025-07-21,256000.0
KH00886,2025-07-21,187000.0
KH01123,2025-07-21,73000.0
KH00699,2025-07-21,384000.0
KH01062,2025-07-21,204000.0
KH00039,2025-07-21,184000.0
KH00005,2025-07-21,496000.0
KH00868,2025-07-21,386000.0
KH00174,2025-07-21,193000.0
KH01145,2025-07-21,259000.0
KH01899,2025-07-21,237000.0
KH01625,2025-07-21,98000.0
KH00584,2025-07-21,131000.0
KH02103,2025-07-21,74000.0
KH00646,2025-07-21,290000.0
KH01196,2025-07-21,29000.0
KH02101,2025-07-21,230000.0
KH00333,2025-07-21,171000.0
KH01020,2025-07-21,74000.0
KH00384,2025-07-21,173000.0
KH00647,2025-07-21,250000.0
KH00462,2025-07-21,67000.0
KH01322,2025-07-21,270000.0
KH00010,2025-07-21,134000.0
KH02433,2025-07-22,711000.0
KH00386,2025-07-22,77000.0
KH00884,2025-07-22,170000.0
KH00313,2025-07-22,593000.0
KH00086,2025-07-22,949000.0
KH00278,2025-07-22,208000.0
KH02285,2025-07-22,104000.0
KH00190,2025-07-22,369000.0
KH01794,2025-07-22,56000.0
KH01331,2025-07-22,136000.0
KH01856,2025-07-22,73000.0
KH01902,2025-07-22,588000.0
KH00519,2025-07-22,185000.0
KH00067,2025-07-22,146000.0
KH00619,2025-07-22,133000.0
KH00254,2025-07-22,314000.0
KH00758,2025-07-22,68000.0
KH00864,2025-07-22,193000.0
KH01835,2025-07-22,244000.0
KH02411,2025-07-22,228000.0
KH00902,2025-07-22,78000.0
KH01327,2025-07-22,357000.0
KH01500,2025-07-22,159000.0
KH01056,2025-07-22,85000.0
KH00583,2025-07-22,226000.0
KH01565,2025-07-22,89000.0
KH00275,2025-07-22,963000.0
KH01514,2025-07-22,570000.0
KH01976,2025-07-22,732000.0
KH01419,2025-07-22,136000.0
KH02120,2025-07-22,309000.0
KH01340,2025-07-22,161000.0
KH01703,2025-07-22,145000.0
KH00890,2025-07-22,377000.0
KH01277,2025-07-22,296000.0
KH01063,2025-07-22,173000.0
KH02210,2025-07-22,644000.0
KH01966,2025-07-22,80000.0
KH01322,2025-07-22,249000.0
KH01859,2025-07-22,87000.0
KH00430,2025-07-22,516000.0
KH01295,2025-07-22,315000.0
KH01582,2025-07-22,640000.0
KH00838,2025-07-22,629000.0
KH01819,2025-07-22,59000.0
KH01391,2025-07-22,231000.0
KH01764,2025-07-22,275000.0
KH01262,2025-07-22,774000.0
KH01123,2025-07-22,95000.0
KH00218,2025-07-22,124000.0
KH00447,2025-07-22,114000.0
KH01083,2025-07-22,627000.0
KH01043,2025-07-22,845000.0
KH02238,2025-07-22,741000.0
KH01601,2025-07-22,174000.0
KH01605,2025-07-22,174000.0
KH00493,2025-07-22,51000.0
KH01233,2025-07-22,98000.0
KH01321,2025-07-22,87000.0
KH02299,2025-07-22,94000.0
KH02200,2025-07-22,136000.0
KH00103,2025-07-22,650000.0
KH00878,2025-07-22,247000.0
KH00228,2025-07-22,47000.0
KH00080,2025-07-22,849000.0
KH02075,2025-07-22,234000.0
KH01508,2025-07-22,551000.0
KH01057,2025-07-22,809000.0
KH00805,2025-07-22,180000.0
KH01692,2025-07-22,736000.0
KH01677,2025-07-22,140000.0
KH02194,2025-07-22,101000.0
KH02043,2025-07-22,48000.0
KH00662,2025-07-22,392000.0
KH00446,2025-07-22,207000.0
KH01059,2025-07-22,216000.0
KH01042,2025-07-22,56000.0
KH01729,2025-07-22,120000.0
KH00251,2025-07-22,104000.0
KH00637,2025-07-22,188000.0
KH00125,2025-07-22,143000.0
KH01214,2025-07-22,499000.0
KH00199,2025-07-22,189000.0
KH00296,2025-07-22,212000.0
KH02291,2025-07-22,398000.0
KH01143,2025-07-22,532000.0
KH00801,2025-07-22,441000.0
KH01788,2025-07-22,728000.0
KH00793,2025-07-22,105000.0
KH01133,2025-07-22,451000.0
KH01940,2025-07-22,89000.0
KH00388,2025-07-22,289000.0
KH02273,2025-07-22,97000.0
KH00360,2025-07-22,329000.0
KH01164,2025-07-23,312000.0
KH00924,2025-07-23,444000.0
KH01135,2025-07-23,124000.0
KH01074,2025-07-23,76000.0
KH02166,2025-07-23,114000.0
KH00753,2025-07-23,277000.0
KH01077,2025-07-23,412000.0
KH00248,2025-07-23,600000.0
KH02136,2025-07-23,297000.0
KH01066,2025-07-23,197000.0
KH02001,2025-07-23,248000.0
KH02286,2025-07-23,213000.0
KH02420,2025-07-23,197000.0
KH02287,2025-07-23,255000.0
KH02156,2025-07-23,167000.0
KH01593,2025-07-23,1260000.0
KH01929,2025-07-23,378000.0
KH00183,2025-07-23,90000.0
KH02189,2025-07-23,97000.0
KH02023,2025-07-23,123000.0
KH00605,2025-07-23,231000.0
KH00354,2025-07-23,236000.0
KH01656,2025-07-23,215000.0
KH01744,2025-07-23,363000.0
KH01392,2025-07-23,308000.0
KH01123,2025-07-23,335000.0
KH02103,2025-07-23,234000.0
KH01514,2025-07-23,33000.0
KH01494,2025-07-23,45000.0
KH00548,2025-07-23,185000.0
KH01451,2025-07-23,241000.0
KH01347,2025-07-23,57000.0
KH00141,2025-07-23,115000.0
KH00455,2025-07-23,183000.0
KH00509,2025-07-23,173000.0
KH00465,2025-07-23,158000.0
KH01201,2025-07-23,185000.0
KH00697,2025-07-23,343000.0
KH00209,2025-07-23,165000.0
KH01720,2025-07-23,156000.0
KH01851,2025-07-23,442000.0
KH01729,2025-07-23,786000.0
KH00248,2025-07-23,69000.0
KH01692,2025-07-23,253000.0
KH02186,2025-07-23,522000.0
KH00527,2025-07-23,91000.0
KH01212,2025-07-23,182000.0
KH02454,2025-07-23,80000.0
KH01146,2025-07-23,345000.0
KH02474,2025-07-23,189000.0
KH01076,2025-07-23,493000.0
KH01249,2025-07-23,589000.0
KH01593,2025-07-23,123000.0
KH02078,2025-07-23,212000.0
KH01032,2025-07-23,78000.0
KH00677,2025-07-23,151000.0
KH00113,2025-07-23,775000.0
KH02248,2025-07-23,348000.0
KH00752,2025-07-23,81000.0
KH00381,2025-07-23,75000.0
KH00525,2025-07-23,318000.0
KH01934,2025-07-23,79000.0
KH00635,2025-07-23,229000.0
KH00442,2025-07-23,126000.0
KH00747,2025-07-23,83000.0
KH00921,2025-07-23,110000.0
KH01472,2025-07-23,874000.0
KH02058,2025-07-23,1231000.0
KH01551,2025-07-23,346000.0
KH02128,2025-07-23,525000.0
KH01397,2025-07-23,183000.0
KH01505,2025-07-23,201000.0
KH00312,2025-07-23,185000.0
KH01406,2025-07-23,239000.0
KH02459,2025-07-23,309000.0
KH00697,2025-07-23,809000.0
KH01404,2025-07-23,283000.0
KH01399,2025-07-23,84000.0
KH01404,2025-07-23,250000.0
KH02401,2025-07-23,41000.0
KH01525,2025-07-23,105000.0
KH00878,2025-07-23,343000.0
KH01057,2025-07-23,824000.0
KH00168,2025-07-24,323000.0
KH00116,2025-07-24,347000.0
KH01041,2025-07-24,293000.0
KH01051,2025-07-24,219000.0
KH01494,2025-07-24,153000.0
KH00665,2025-07-24,76000.0
KH00718,2025-07-24,939000.0
KH02360,2025-07-24,88000.0
KH01613,2025-07-24,440000.0
KH01248,2025-07-24,308000.0
KH00441,2025-07-24,352000.0
KH01142,2025-07-24,66000.0
KH01359,2025-07-24,425000.0
KH01154,2025-07-24,89000.0
KH01572,2025-07-24,37000.0
KH00912,2025-07-24,130000.0
KH02379,2025-07-24,184000.0
KH01465,2025-07-24,107000.0
KH01406,2025-07-24,220000.0
KH01489,2025-07-24,162000.0
KH01747,2025-07-24,870000.0
KH02437,2025-07-24,123000.0
KH00890,2025-07-24,595000.0
KH02497,2025-07-24,694000.0
KH02360,2025-07-24,263000.0
KH01404,2025-07-24,95000.0
KH01314,2025-07-24,57000.0
KH02459,2025-07-24,543000.0
KH01638,2025-07-24,135000.0
KH01196,2025-07-24,234000.0
KH01159,2025-07-24,425000.0
KH01448,2025-07-24,50000.0
KH01777,2025-07-24,157000.0
KH02161,2025-07-24,604000.0
KH01216,2025-07-24,163000.0
KH02220,2025-07-24,354000.0
KH00723,2025-07-24,172000.0
KH00028,2025-07-24,61000.0
KH00337,2025-07-24,86000.0
KH02499,2025-07-24,148000.0
KH01405,2025-07-24,158000.0
KH00532,2025-07-24,117000.0
KH02298,2025-07-24,1299000.0
KH00654,2025-07-24,196000.0
KH00868,2025-07-24,188000.0
KH00839,2025-07-24,56000.0
KH01584,2025-07-24,234000.0
KH00003,2025-07-24,91000.0
KH00591,2025-07-24,260000.0
KH01081,2025-07-24,144000.0
KH01700,2025-07-24,230000.0
KH00813,2025-07-24,133000.0
KH01930,2025-07-24,209000.0
KH01992,2025-07-24,151000.0
KH00659,2025-07-24,800000.0
KH00864,2025-07-24,157000.0
KH00522,2025-07-24,319000.0
KH01673,2025-07-24,61000.0
KH00364,2025-07-24,227000.0
KH01282,2025-07-24,282000.0
KH02093,2025-07-24,570000.0
KH00760,2025-07-24,750000.0
KH01725,2025-07-24,426000.0
KH01354,2025-07-25,522000.0
KH01553,2025-07-25,107000.0
KH01661,2025-07-25,367000.0
KH01428,2025-07-25,173000.0
KH01359,2025-07-25,809000.0
KH00771,2025-07-25,110000.0
KH00721,2025-07-25,44000.0
KH02303,2025-07-25,424000.0
KH00833,2025-07-25,348000.0
KH00165,2025-07-25,75000.0
KH00013,2025-07-25,725000.0
KH01479,2025-07-25,349000.0
KH01168,2025-07-25,468000.0
KH01582,2025-07-25,1627000.0
KH01963,2025-07-25,521000.0
KH02135,2025-07-25,159000.0
KH02413,2025-07-25,488000.0
KH00999,2025-07-25,74000.0
KH00800,2025-07-25,284000.0
KH02275,2025-07-25,117000.0
KH00253,2025-07-25,65000.0
KH01825,2025-07-25,71000.0
KH00181,2025-07-25,184000.0
KH02420,2025-07-25,195000.0
KH02266,2025-07-25,666000.0
KH00541,2025-07-25,109000.0
KH00556,2025-07-25,155000.0
KH02104,2025-07-25,118000.0
KH00828,2025-07-25,108000.0
KH01873,2025-07-25,36000.0
KH01298,2025-07-25,45000.0
KH01157,2025-07-25,147000.0
KH01717,2025-07-25,73000.0
KH00269,2025-07-25,106000.0
KH00014,2025-07-25,161000.0
KH01435,2025-07-25,394000.0
KH01934,2025-07-25,91000.0
KH02122,2025-07-25,2245000.0
KH00130,2025-07-25,157000.0
KH01366,2025-07-25,255000.0
KH00081,2025-07-25,196000.0
KH00392,2025-07-25,178000.0
KH00973,2025-07-25,141000.0
KH00139,2025-07-25,44000.0
KH01048,2025-07-25,335000.0
KH01059,2025-07-25,168000.0
KH01690,2025-07-25,238000.0
KH00212,2025-07-25,519000.0
KH00546,2025-07-25,165000.0
KH00768,2025-07-25,502000.0
KH00365,2025-07-25,88000.0
KH00509,2025-07-25,432000.0
KH00235,2025-07-25,85000.0
KH02356,2025-07-25,257000.0
KH02315,2025-07-25,229000.0
KH02205,2025-07-25,87000.0
KH01883,2025-07-25,1069000.0
KH02327,2025-07-25,221000.0
KH00064,2025-07-25,322000.0
KH01782,2025-07-25,353000.0
KH00857,2025-07-25,219000.0
KH00338,2025-07-25,238000.0
KH00091,2025-07-25,185000.0
KH01093,2025-07-25,140000.0
KH02292,2025-07-25,100000.0
KH01267,2025-07-25,278000.0
KH01063,2025-07-25,217000.0
KH00235,2025-07-25,35000.0
KH00328,2025-07-25,62000.0
KH02397,2025-07-25,33000.0
KH01056,2025-07-25,297000.0
KH01694,2025-07-25,182000.0
KH01075,2025-07-25,371000.0
KH00439,2025-07-25,299000.0
KH00181,2025-07-25,222000.0
KH01988,2025-07-25,718000.0
KH00496,2025-07-25,207000.0
KH01864,2025-07-25,37000.0
KH00217,2025-07-25,32000.0
KH00559,2025-07-25,113000.0
KH00648,2025-07-26,202000.0
KH01699,2025-07-26,531000.0
KH00709,2025-07-26,533000.0
KH00842,2025-07-26,61000.0
KH00273,2025-07-26,197000.0
KH01690,2025-07-26,85000.0
KH00681,2025-07-26,41000.0
KH01199,2025-07-26,322000.0
KH02422,2025-07-26,92000.0
KH00033,2025-07-26,210000.0
KH00069,2025-07-26,383000.0
KH00881,2025-07-26,166000.0
KH00642,2025-07-26,1513000.0
KH01458,2025-07-26,69000.0
KH02213,2025-07-26,244000.0
KH01996,2025-07-26,248000.0
KH01502,2025-07-26,156000.0
KH01100,2025-07-26,506000.0
KH02266,2025-07-26,439000.0
KH00310,2025-07-26,222000.0
KH00836,2025-07-26,108000.0
KH01028,2025-07-26,579000.0
KH00263,2025-07-26,181000.0
KH02167,2025-07-26,90000.0
KH01840,2025-07-26,502000.0
KH00027,2025-07-26,52000.0
KH02299,2025-07-26,102000.0
KH00157,2025-07-26,179000.0
KH01473,2025-07-26,621000.0
KH00104,2025-07-26,326000.0
KH01579,2025-07-26,198000.0
KH02416,2025-07-26,157000.0
KH01558,2025-07-26,218000.0
KH01471,2025-07-26,67000.0
KH00286,2025-07-26,85000.0
KH00305,2025-07-26,59000.0
KH02275,2025-07-26,108000.0
KH01055,2025-07-26,109000.0
KH00382,2025-07-26,133000.0
KH00976,2025-07-26,222000.0
KH01911,2025-07-26,176000.0
KH02067,2025-07-26,368000.0
KH01192,2025-07-26,64000.0
KH00438,2025-07-26,139000.0
KH01528,2025-07-26,239000.0
KH00286,2025-07-26,464000.0
KH01173,2025-07-26,358000.0
KH00971,2025-07-26,296000.0
KH01933,2025-07-26,359000.0
KH00596,2025-07-26,136000.0
KH00804,2025-07-26,50000.0
KH02069,2025-07-26,64000.0
KH00995,2025-07-26,167000.0
KH01802,2025-07-26,149000.0
KH00174,2025-07-26,85000.0
KH01903,2025-07-26,145000.0
KH01881,2025-07-26,702000.0
KH01921,2025-07-26,127000.0
KH02313,2025-07-26,210000.0
KH00364,2025-07-26,95000.0
KH00950,2025-07-26,362000.0
KH00750,2025-07-26,142000.0
KH00801,2025-07-26,177000.0
KH01890,2025-07-26,367000.0
KH01232,2025-07-26,293000.0
KH01435,2025-07-26,417000.0
KH02311,2025-07-26,51000.0
KH01341,2025-07-26,166000.0
KH00961,2025-07-26,190000.0
KH00500,2025-07-26,271000.0
KH00367,2025-07-26,53000.0
KH02456,2025-07-26,214000.0
KH02006,2025-07-26,282000.0
KH02155,2025-07-26,133000.0
KH00531,2025-07-26,107000.0
KH01392,2025-07-26,759000.0
KH02336,2025-07-26,315000.0
KH01448,2025-07-26,177000.0
KH02234,2025-07-26,290000.0
KH02193,2025-07-26,78000.0
KH01909,2025-07-26,89000.0
KH01229,2025-07-26,115000.0
KH01129,2025-07-26,335000.0
KH00115,2025-07-26,424000.0
KH00726,2025-07-26,187000.0
KH02499,2025-07-26,593000.0
KH02295,2025-07-26,280000.0
KH02167,2025-07-26,154000.0
KH01499,2025-07-26,152000.0
KH01376,2025-07-27,414000.0
KH00450,2025-07-27,312000.0
KH00256,2025-07-27,415000.0
KH00300,2025-07-27,1136000.0
KH00032,2025-07-27,624000.0
KH00821,2025-07-27,38000.0
KH01235,2025-07-27,679000.0
KH01253,2025-07-27,135000.0
KH02074,2025-07-27,423000.0
KH02139,2025-07-27,321000.0
KH01397,2025-07-27,722000.0
KH02480,2025-07-27,52000.0
KH00553,2025-07-27,203000.0
KH00569,2025-07-27,245000.0
KH02291,2025-07-27,146000.0
KH00021,2025-07-27,287000.0
KH00446,2025-07-27,270000.0
KH01784,2025-07-27,522000.0
KH01810,2025-07-27,83000.0
KH00505,2025-07-27,31000.0
KH00039,2025-07-27,176000.0
KH01659,2025-07-27,66000.0
KH00938,2025-07-27,84000.0
KH01107,2025-07-27,87000.0
KH00337,2025-07-27,116000.0
KH00622,2025-07-27,88000.0
KH00814,2025-07-27,404000.0
KH02300,2025-07-27,108000.0
KH00606,2025-07-27,529000.0
KH02463,2025-07-27,178000.0
KH00064,2025-07-27,192000.0
KH01547,2025-07-27,344000.0
KH00509,2025-07-27,223000.0
KH00731,2025-07-27,113000.0
KH01372,2025-07-27,82000.0
KH00552,2025-07-27,184000.0
KH01024,2025-07-27,356000.0
KH00878,2025-07-27,92000.0
KH02262,2025-07-27,190000.0
KH00989,2025-07-27,132000.0
KH01464,2025-07-27,94000.0
KH00235,2025-07-27,224000.0
KH01965,2025-07-27,392000.0
KH01183,2025-07-27,553000.0
KH00880,2025-07-27,323000.0
KH01871,2025-07-27,194000.0
KH02050,2025-07-27,307000.0
KH01905,2025-07-27,106000.0
KH02327,2025-07-27,222000.0
KH00204,2025-07-27,70000.0
KH01437,2025-07-27,147000.0
KH01474,2025-07-27,170000.0
KH01174,2025-07-27,57000.0
KH01954,2025-07-27,61000.0
KH01380,2025-07-27,106000.0
KH01499,2025-07-27,102000.0
KH00273,2025-07-27,371000.0
KH02452,2025-07-27,159000.0
KH00502,2025-07-27,200000.0
KH02324,2025-07-27,45000.0
KH01698,2025-07-27,88000.0
KH01335,2025-07-27,214000.0
KH00499,2025-07-28,66000.0
KH00117,2025-07-28,356000.0
KH00462,2025-07-28,308000.0
KH01892,2025-07-28,305000.0
KH01056,2025-07-28,403000.0
KH00810,2025-07-28,139000.0
KH01067,2025-07-28,38000.0
KH00014,2025-07-28,248000.0
KH00887,2025-07-28,77000.0
KH01829,2025-07-28,152000.0
KH00387,2025-07-28,286000.0
KH00766,2025-07-28,90000.0
KH02409,2025-07-28,476000.0
KH00065,2025-07-28,196000.0
KH02275,2025-07-28,686000.0
KH01075,2025-07-28,270000.0
KH01056,2025-07-28,788000.0
KH01983,2025-07-28,141000.0
KH02199,2025-07-28,291000.0
KH01576,2025-07-28,445000.0
KH01066,2025-07-28,704000.0
KH01777,2025-07-28,354000.0
KH00016,2025-07-28,210000.0
KH00079,2025-07-28,165000.0
KH00858,2025-07-28,163000.0
KH01746,2025-07-28,196000.0
KH00984,2025-07-28,217000.0
KH00606,2025-07-28,624000.0
KH01837,2025-07-28,163000.0
KH00104,2025-07-28,318000.0
KH02159,2025-07-28,72000.0
KH01378,2025-07-28,209000.0
KH01573,2025-07-28,149000.0
KH01972,2025-07-28,214000.0
KH01514,2025-07-28,294000.0
KH01705,2025-07-28,733000.0
KH00959,2025-07-28,79000.0
KH01870,2025-07-28,189000.0
KH01189,2025-07-28,305000.0
KH02035,2025-07-28,262000.0
KH00735,2025-07-28,132000.0
KH02133,2025-07-28,185000.0
KH01059,2025-07-28,431000.0
KH01295,2025-07-28,239000.0
KH02113,2025-07-28,88000.0
KH00813,2025-07-28,59000.0
KH00388,2025-07-28,835000.0
KH01026,2025-07-28,74000.0
KH00747,2025-07-28,112000.0
KH01520,2025-07-28,236000.0
KH02292,2025-07-28,260000.0
KH01599,2025-07-28,158000.0
KH01400,2025-07-28,173000.0
KH02454,2025-07-28,233000.0
KH00142,2025-07-28,249000.0
KH00857,2025-07-28,379000.0
KH02166,2025-07-28,100000.0
KH02095,2025-07-28,441000.0
KH01229,2025-07-28,231000.0
KH01968,2025-07-28,360000.0
KH02355,2025-07-28,1243000.0
KH02425,2025-07-28,159000.0
KH01800,2025-07-28,273000.0
KH01613,2025-07-28,266000.0
KH01090,2025-07-28,250000.0
KH01152,2025-07-28,53000.0
KH01761,2025-07-28,181000.0
KH00422,2025-07-28,72000.0
KH01594,2025-07-28,93000.0
KH00236,2025-07-28,141000.0
KH02425,2025-07-28,535000.0
KH00873,2025-07-28,382000.0
KH02426,2025-07-28,110000.0
KH00754,2025-07-28,235000.0
KH00016,2025-07-29,166000.0
KH00202,2025-07-29,217000.0
KH02163,2025-07-29,127000.0
KH00478,2025-07-29,223000.0
KH02127,2025-07-29,144000.0
KH01201,2025-07-29,256000.0
KH00678,2025-07-29,222000.0
KH01835,2025-07-29,51000.0
KH02417,2025-07-29,78000.0
KH00522,2025-07-29,185000.0
KH00765,2025-07-29,411000.0
KH00261,2025-07-29,69000.0
KH01356,2025-07-29,360000.0
KH01647,2025-07-29,95000.0
KH00260,2025-07-29,512000.0
KH02244,2025-07-29,77000.0
KH00460,2025-07-29,233000.0
KH00385,2025-07-29,81000.0
KH02400,2025-07-29,273000.0
KH00621,2025-07-29,503000.0
KH01935,2025-07-29,339000.0
KH01016,2025-07-29,2244000.0
KH02255,2025-07-29,189000.0
KH01552,2025-07-29,63000.0
KH00884,2025-07-29,102000.0
KH00708,2025-07-29,131000.0
KH01729,2025-07-29,159000.0
KH02045,2025-07-29,202000.0
KH02343,2025-07-29,165000.0
KH02233,2025-07-29,69000.0
KH02433,2025-07-29,216000.0
KH00491,2025-07-29,186000.0
KH01161,2025-07-29,191000.0
KH00255,2025-07-29,306000.0
KH00491,2025-07-29,110000.0
KH01378,2025-07-29,202000.0
KH01473,2025-07-29,749000.0
KH02113,2025-07-29,238000.0
KH00850,2025-07-29,265000.0
KH01648,2025-07-29,92000.0
KH01214,2025-07-29,143000.0
KH02056,2025-07-29,254000.0
KH01066,2025-07-29,310000.0
KH01137,2025-07-29,616000.0
KH01594,2025-07-29,238000.0
KH00573,2025-07-29,302000.0
KH00752,2025-07-29,613000.0
KH00014,2025-07-29,655000.0
KH01118,2025-07-29,35000.0
KH01395,2025-07-29,225000.0
KH01555,2025-07-29,129000.0
KH02482,2025-07-29,274000.0
KH01165,2025-07-29,428000.0
KH00689,2025-07-29,211000.0
KH02242,2025-07-29,53000.0
KH00014,2025-07-29,96000.0
KH01305,2025-07-29,261000.0
KH01665,2025-07-29,97000.0
KH01824,2025-07-29,52000.0
KH01170,2025-07-29,80000.0
KH00142,2025-07-29,269000.0
KH02122,2025-07-29,61000.0
KH00787,2025-07-29,1185000.0
KH02250,2025-07-29,59000.0
KH02310,2025-07-29,11000.0
KH00542,2025-07-29,233000.0
KH00921,2025-07-29,112000.0
KH02186,2025-07-29,142000.0
KH02342,2025-07-29,232000.0
KH01260,2025-07-29,637000.0
KH02414,2025-07-29,542000.0
KH02214,2025-07-29,75000.0
KH02004,2025-07-29,263000.0
KH00529,2025-07-29,614000.0
KH01461,2025-07-29,95000.0
KH00647,2025-07-29,118000.0
KH00538,2025-07-29,68000.0
KH01342,2025-07-29,405000.0
KH02136,2025-07-29,171000.0
KH00916,2025-07-29,310000.0
KH01563,2025-07-29,286000.0
KH02014,2025-07-29,265000.0
KH02348,2025-07-29,111000.0
KH00649,2025-07-29,142000.0
KH01853,2025-07-29,357000.0
KH01939,2025-07-30,90000.0
KH01142,2025-07-30,106000.0
KH00488,2025-07-30,44000.0
KH00376,2025-07-30,1079000.0
KH01641,2025-07-30,191000.0
KH01598,2025-07-30,333000.0
KH00263,2025-07-30,344000.0
KH00506,2025-07-30,95000.0
KH00706,2025-07-30,405000.0
KH01651,2025-07-30,70000.0
KH00127,2025-07-30,83000.0
KH02208,2025-07-30,47000.0
KH02273,2025-07-30,653000.0
KH00088,2025-07-30,283000.0
KH00024,2025-07-30,85000.0
KH01546,2025-07-30,121000.0
KH01529,2025-07-30,114000.0
KH02442,2025-07-30,364000.0
KH01051,2025-07-30,109000.0
KH02473,2025-07-30,554000.0
KH00212,2025-07-30,201000.0
KH00475,2025-07-30,84000.0
KH00813,2025-07-30,281000.0
KH00251,2025-07-30,157000.0
KH00396,2025-07-30,319000.0
KH01336,2025-07-30,143000.0
KH01821,2025-07-30,1109000.0
KH00816,2025-07-30,173000.0
KH00068,2025-07-30,87000.0
KH01065,2025-07-30,158000.0
KH00302,2025-07-30,494000.0
KH00364,2025-07-30,90000.0
KH00119,2025-07-30,112000.0
KH02109,2025-07-30,70000.0
KH01896,2025-07-30,319000.0
KH00718,2025-07-30,168000.0
KH01514,2025-07-30,163000.0
KH01133,2025-07-30,559000.0
KH01407,2025-07-30,155000.0
KH01468,2025-07-30,207000.0
KH00801,2025-07-30,159000.0
KH01022,2025-07-30,86000.0
KH02227,2025-07-30,381000.0
KH00077,2025-07-30,561000.0
KH02164,2025-07-30,391000.0
KH01693,2025-07-30,714000.0
KH00086,2025-07-30,514000.0
KH01995,2025-07-30,256000.0
KH01759,2025-07-30,203000.0
KH00527,2025-07-30,193000.0
KH00506,2025-07-30,178000.0
KH02060,2025-07-30,647000.0
KH01110,2025-07-30,610000.0
KH01705,2025-07-30,46000.0
KH00588,2025-07-30,228000.0
KH02235,2025-07-30,593000.0
KH01077,2025-07-30,212000.0
KH00229,2025-07-30,104000.0
KH01534,2025-07-30,305000.0
KH01539,2025-07-30,181000.0
KH00192,2025-07-30,153000.0
KH00731,2025-07-30,314000.0
KH02015,2025-07-30,133000.0
KH01078,2025-07-30,192000.0
KH01961,2025-07-30,829000.0
KH00725,2025-07-30,298000.0
KH01648,2025-07-30,81000.0
KH01342,2025-07-30,316000.0
KH00424,2025-07-30,79000.0
KH01776,2025-07-30,265000.0
KH00902,2025-07-30,271000.0
KH01677,2025-07-30,458000.0
KH00204,2025-07-30,192000.0
KH01383,2025-07-30,164000.0
KH01768,2025-07-30,326000.0
KH01386,2025-07-30,251000.0
KH01221,2025-07-30,183000.0
KH00174,2025-07-30,1268000.0
KH00680,2025-07-30,108000.0
KH02141,2025-07-30,293000.0
KH01183,2025-07-30,512000.0
KH00040,2025-07-30,184000.0
KH00801,2025-07-30,227000.0
KH00574,2025-07-30,91000.0
KH00021,2025-07-30,93000.0
KH00195,2025-07-30,197000.0
KH00983,2025-07-30,124000.0
KH00450,2025-07-30,177000.0
KH00793,2025-07-30,216000.0
KH02090,2025-07-30,105000.0
KH00846,2025-07-30,295000.0
KH02398,2025-07-30,154000.0
KH00833,2025-07-31,593000.0
KH02348,2025-07-31,95000.0
KH02040,2025-07-31,340000.0
KH01622,2025-07-31,212000.0
KH00243,2025-07-31,194000.0
KH01233,2025-07-31,314000.0
KH01609,2025-07-31,250000.0
KH02176,2025-07-31,173000.0
KH01657,2025-07-31,283000.0
KH00714,2025-07-31,334000.0
KH01983,2025-07-31,151000.0
KH00167,2025-07-31,142000.0
KH00738,2025-07-31,41000.0
KH01998,2025-07-31,138000.0
KH00154,2025-07-31,76000.0
KH00440,2025-07-31,166000.0
KH00865,2025-07-31,69000.0
KH01265,2025-07-31,205000.0
KH00224,2025-07-31,298000.0
KH00873,2025-07-31,140000.0
KH00886,2025-07-31,187000.0
KH02077,2025-07-31,232000.0
KH00327,2025-07-31,92000.0
KH01324,2025-07-31,33000.0
KH01826,2025-07-31,129000.0
KH00114,2025-07-31,433000.0
KH01114,2025-07-31,171000.0
KH01777,2025-07-31,110000.0
KH00931,2025-07-31,87000.0
KH01199,2025-07-31,227000.0
KH01876,2025-07-31,255000.0
KH01852,2025-07-31,348000.0
KH02039,2025-07-31,249000.0
KH02358,2025-07-31,130000.0
KH00780,2025-07-31,254000.0
KH01960,2025-07-31,255000.0
KH01821,2025-07-31,202000.0
KH00192,2025-07-31,203000.0
KH01896,2025-07-31,229000.0
KH00209,2025-07-31,76000.0
KH00921,2025-07-31,174000.0
KH01076,2025-07-31,58000.0
KH01298,2025-07-31,124000.0
KH01295,2025-07-31,94000.0
KH00649,2025-07-31,61000.0
KH00345,2025-07-31,261000.0
KH01209,2025-07-31,320000.0
KH00447,2025-07-31,279000.0
KH01556,2025-07-31,136000.0
KH02441,2025-07-31,81000.0
KH00487,2025-07-31,325000.0
KH01142,2025-07-31,327000.0
KH00105,2025-07-31,236000.0
KH01343,2025-07-31,166000.0
KH00509,2025-07-31,229000.0
KH01533,2025-07-31,483000.0
KH02271,2025-07-31,214000.0
KH00833,2025-07-31,419000.0
KH00404,2025-07-31,57000.0
KH01463,2025-07-31,257000.0
KH02414,2025-07-31,228000.0
KH00154,2025-07-31,156000.0
KH01443,2025-07-31,198000.0
KH02128,2025-07-31,305000.0
KH02317,2025-07-31,116000.0
KH00149,2025-07-31,308000.0
KH02458,2025-07-31,146000.0
KH00838,2025-07-31,82000.0
KH00081,2025-07-31,799000.0
KH00139,2025-07-31,158000.0
KH00377,2025-07-31,43000.0
KH00742,2025-07-31,272000.0
KH02312,2025-07-31,153000.0
KH00744,2025-07-31,563000.0
KH02360,2025-07-31,572000.0
KH01006,2025-07-31,72000.0
KH01228,2025-07-31,322000.0
KH02189,2025-07-31,43000.0
KH02117,2025-07-31,244000.0
KH00864,2025-07-31,107000.0
KH01888,2025-07-31,211000.0
KH02349,2025-07-31,644000.0
KH01304,2025-07-31,157000.0
KH00757,2025-07-31,164000.0
KH02225,2025-08-01,53000.0
KH01472,2025-08-01,116000.0
KH00819,2025-08-01,89000.0
KH01776,2025-08-01,100000.0
KH00749,2025-08-01,223000.0
KH01031,2025-08-01,63000.0
KH00566,2025-08-01,411000.0
KH01786,2025-08-01,178000.0
KH01747,2025-08-01,332000.0
KH01782,2025-08-01,105000.0
KH00830,2025-08-01,57000.0
KH01597,2025-08-01,120000.0
KH01871,2025-08-01,270000.0
KH00075,2025-08-01,324000.0
KH01793,2025-08-01,290000.0
KH00987,2025-08-01,116000.0
KH02216,2025-08-01,966000.0
KH01140,2025-08-01,260000.0
KH01982,2025-08-01,350000.0
KH01770,2025-08-01,449000.0
KH00896,2025-08-01,61000.0
KH01614,2025-08-01,454000.0
KH02317,2025-08-01,67000.0
KH00863,2025-08-01,53000.0
KH00565,2025-08-01,73000.0
KH00159,2025-08-01,334000.0
KH01968,2025-08-01,141000.0
KH01618,2025-08-01,525000.0
KH00470,2025-08-01,212000.0
KH01999,2025-08-01,425000.0
KH00125,2025-08-01,68000.0
KH01337,2025-08-01,187000.0
KH01140,2025-08-01,213000.0
KH00881,2025-08-01,69000.0
KH02214,2025-08-01,246000.0
KH00365,2025-08-01,196000.0
KH00139,2025-08-01,286000.0
KH01480,2025-08-01,103000.0
KH01606,2025-08-01,337000.0
KH01360,2025-08-01,331000.0
KH01402,2025-08-01,410000.0
KH00461,2025-08-01,481000.0
KH00338,2025-08-01,222000.0
KH01300,2025-08-01,420000.0
KH02344,2025-08-01,70000.0
KH02042,2025-08-01,61000.0
KH00077,2025-08-01,95000.0
KH00286,2025-08-01,113000.0
KH00247,2025-08-01,252000.0
KH02028,2025-08-01,88000.0
KH00641,2025-08-01,138000.0
KH01028,2025-08-01,591000.0
KH00124,2025-08-01,465000.0
KH00560,2025-08-01,572000.0
KH00252,2025-08-01,257000.0
KH01053,2025-08-01,44000.0
KH01872,2025-08-01,291000.0
KH00278,2025-08-01,254000.0
KH02163,2025-08-01,44000.0
KH00924,2025-08-01,266000.0
KH01520,2025-08-01,134000.0
KH01437,2025-08-01,149000.0
KH01217,2025-08-01,355000.0
KH01708,2025-08-01,141000.0
KH02486,2025-08-01,597000.0
KH00195,2025-08-01,670000.0
KH00379,2025-08-01,440000.0
KH01413,2025-08-01,317000.0
KH01709,2025-08-01,767000.0
KH00014,2025-08-01,165000.0
KH01298,2025-08-01,82000.0
KH02040,2025-08-01,441000.0
KH02005,2025-08-01,239000.0
KH00379,2025-08-01,125000.0
KH00328,2025-08-02,187000.0
KH00502,2025-08-02,118000.0
KH01700,2025-08-02,77000.0
KH00491,2025-08-02,126000.0
KH02263,2025-08-02,333000.0
KH01838,2025-08-02,146000.0
KH01107,2025-08-02,294000.0
KH01356,2025-08-02,723000.0
KH00313,2025-08-02,238000.0
KH00282,2025-08-02,223000.0
KH00424,2025-08-02,92000.0
KH00035,2025-08-02,299000.0
KH01465,2025-08-02,360000.0
KH01122,2025-08-02,173000.0
KH02359,2025-08-02,132000.0
KH00062,2025-08-02,57000.0
KH02220,2025-08-02,275000.0
KH01488,2025-08-02,352000.0
KH01186,2025-08-02,97000.0
KH00955,2025-08-02,298000.0
KH01468,2025-08-02,219000.0
KH01454,2025-08-02,271000.0
KH02427,2025-08-02,108000.0
KH02327,2025-08-02,201000.0
KH01656,2025-08-02,446000.0
KH01414,2025-08-02,48000.0
KH01473,2025-08-02,284000.0
KH01935,2025-08-02,150000.0
KH00538,2025-08-02,198000.0
KH01544,2025-08-02,300000.0
KH01749,2025-08-02,676000.0
KH00891,2025-08-02,268000.0
KH00286,2025-08-02,343000.0
KH00868,2025-08-02,165000.0
KH01675,2025-08-02,372000.0
KH00335,2025-08-02,55000.0
KH02077,2025-08-02,54000.0
KH00428,2025-08-02,315000.0
KH02236,2025-08-02,153000.0
KH01882,2025-08-02,553000.0
KH00660,2025-08-02,409000.0
KH00415,2025-08-02,198000.0
KH00633,2025-08-02,119000.0
KH00576,2025-08-02,45000.0
KH00827,2025-08-02,98000.0
KH02227,2025-08-02,641000.0
KH01889,2025-08-02,410000.0
KH01767,2025-08-02,113000.0
KH00439,2025-08-02,181000.0
KH02153,2025-08-02,512000.0
KH00272,2025-08-02,888000.0
KH02055,2025-08-02,604000.0
KH00565,2025-08-02,143000.0
KH01485,2025-08-02,158000.0
KH02109,2025-08-02,559000.0
KH00873,2025-08-02,904000.0
KH00529,2025-08-02,106000.0
KH02055,2025-08-02,549000.0
KH00574,2025-08-02,432000.0
KH00834,2025-08-02,481000.0
KH02367,2025-08-02,219000.0
KH00468,2025-08-02,431000.0
KH00764,2025-08-02,187000.0
KH01182,2025-08-02,59000.0
KH00221,2025-08-02,89000.0
KH00183,2025-08-02,97000.0
KH00036,2025-08-02,246000.0
KH02400,2025-08-02,197000.0
KH02356,2025-08-02,81000.0
KH01183,2025-08-02,507000.0
KH01854,2025-08-02,647000.0
KH01677,2025-08-02,269000.0
KH00069,2025-08-02,175000.0
KH02147,2025-08-02,315000.0
KH01351,2025-08-02,34000.0
KH01045,2025-08-02,146000.0
KH02189,2025-08-02,269000.0
KH00822,2025-08-02,128000.0
KH00171,2025-08-02,124000.0
KH00941,2025-08-02,1283000.0
KH02251,2025-08-02,408000.0
KH00944,2025-08-02,306000.0
KH01132,2025-08-02,401000.0
KH02272,2025-08-02,95000.0
KH00542,2025-08-02,331000.0
KH01803,2025-08-02,188000.0
KH00973,2025-08-02,43000.0
KH01525,2025-08-02,230000.0
KH02272,2025-08-02,21000.0
KH01259,2025-08-02,174000.0
KH01373,2025-08-03,200000.0
KH01531,2025-08-03,278000.0
KH01050,2025-08-03,697000.0
KH00112,2025-08-03,156000.0
KH02273,2025-08-03,304000.0
KH01566,2025-08-03,1244000.0
KH01732,2025-08-03,115000.0
KH01557,2025-08-03,1302000.0
KH01776,2025-08-03,45000.0
KH00018,2025-08-03,118000.0
KH01612,2025-08-03,543000.0
KH00067,2025-08-03,146000.0
KH01573,2025-08-03,361000.0
KH00662,2025-08-03,481000.0
KH02491,2025-08-03,95000.0
KH00016,2025-08-03,311000.0
KH00055,2025-08-03,126000.0
KH01836,2025-08-03,1190000.0
KH01781,2025-08-03,126000.0
KH01593,2025-08-03,31000.0
KH00389,2025-08-03,117000.0
KH01690,2025-08-03,330000.0
KH00087,2025-08-03,197000.0
KH02062,2025-08-03,117000.0
KH00268,2025-08-03,311000.0
KH00281,2025-08-03,106000.0
KH02272,2025-08-03,185000.0
KH00927,2025-08-03,93000.0
KH01221,2025-08-03,111000.0
KH02061,2025-08-03,109000.0
KH00868,2025-08-03,179000.0
KH02311,2025-08-03,361000.0
KH00174,2025-08-03,164000.0
KH01702,2025-08-03,94000.0
KH01836,2025-08-03,253000.0
KH00278,2025-08-03,414000.0
KH02314,2025-08-03,131000.0
KH01896,2025-08-03,729000.0
KH00687,2025-08-03,166000.0
KH02291,2025-08-03,156000.0
KH00124,2025-08-03,192000.0
KH01815,2025-08-03,103000.0
KH01860,2025-08-03,357000.0
KH02453,2025-08-03,495000.0
KH01475,2025-08-03,658000.0
KH01912,2025-08-03,102000.0
KH02408,2025-08-03,293000.0
KH00489,2025-08-03,77000.0
KH01701,2025-08-03,230000.0
KH01201,2025-08-03,398000.0
KH00629,2025-08-03,71000.0
KH00459,2025-08-03,67000.0
KH01405,2025-08-03,52000.0
KH01937,2025-08-03,214000.0
KH01327,2025-08-03,61000.0
KH01105,2025-08-03,103000.0
KH00240,2025-08-03,294000.0
KH01435,2025-08-03,223000.0
KH02489,2025-08-03,136000.0
KH01437,2025-08-03,173000.0
KH02439,2025-08-03,49000.0
KH01998,2025-08-03,171000.0
KH01857,2025-08-03,252000.0
KH01035,2025-08-03,212000.0
KH01961,2025-08-03,217000.0
KH02213,2025-08-03,298000.0
KH00635,2025-08-03,471000.0
KH00430,2025-08-03,350000.0
KH00561,2025-08-03,88000.0
KH00770,2025-08-03,626000.0
KH00136,2025-08-03,116000.0
KH01406,2025-08-03,239000.0
KH01532,2025-08-03,147000.0
KH01810,2025-08-03,278000.0
KH02492,2025-08-03,248000.0
KH00599,2025-08-03,134000.0
KH00087,2025-08-03,1145000.0
KH00209,2025-08-03,230000.0
KH01840,2025-08-03,116000.0
KH01747,2025-08-03,247000.0
KH01291,2025-08-03,144000.0
KH01863,2025-08-03,58000.0
KH01049,2025-08-03,81000.0
KH00156,2025-08-03,227000.0
KH00557,2025-08-03,84000.0
KH02134,2025-08-04,144000.0
KH01001,2025-08-04,944000.0
KH01462,2025-08-04,646000.0
KH00689,2025-08-04,456000.0
KH01414,2025-08-04,214000.0
KH01363,2025-08-04,1342000.0
KH01353,2025-08-04,287000.0
KH00564,2025-08-04,84000.0
KH00726,2025-08-04,131000.0
KH00027,2025-08-04,96000.0
KH00657,2025-08-04,316000.0
KH01643,2025-08-04,510000.0
KH00825,2025-08-04,218000.0
KH01557,2025-08-04,117000.0
KH01297,2025-08-04,105000.0
KH00910,2025-08-04,102000.0
KH01690,2025-08-04,184000.0
KH02060,2025-08-04,96000.0
KH01539,2025-08-04,264000.0
KH01062,2025-08-04,221000.0
KH01929,2025-08-04,502000.0
KH00184,2025-08-04,213000.0
KH00179,2025-08-04,282000.0
KH01293,2025-08-04,386000.0
KH01536,2025-08-04,675000.0
KH01561,2025-08-04,246000.0
KH01240,2025-08-04,310000.0
KH00772,2025-08-04,175000.0
KH00967,2025-08-04,342000.0
KH00330,2025-08-04,112000.0
KH01072,2025-08-04,126000.0
KH00235,2025-08-04,222000.0
KH01758,2025-08-04,318000.0
KH00013,2025-08-04,325000.0
KH02167,2025-08-04,142000.0
KH01962,2025-08-04,151000.0
KH01071,2025-08-04,160000.0
KH02087,2025-08-04,56000.0
KH02310,2025-08-04,848000.0
KH01896,2025-08-04,680000.0
KH02399,2025-08-04,656000.0
KH01814,2025-08-04,239000.0
KH00691,2025-08-04,762000.0
KH00451,2025-08-04,480000.0
KH01415,2025-08-04,495000.0
KH02487,2025-08-04,96000.0
KH01529,2025-08-04,69000.0
KH00335,2025-08-04,262000.0
KH00993,2025-08-04,110000.0
KH01065,2025-08-04,310000.0
KH01493,2025-08-04,76000.0
KH00017,2025-08-04,405000.0
KH01114,2025-08-04,262000.0
KH02405,2025-08-04,387000.0
KH00130,2025-08-04,296000.0
KH00509,2025-08-04,161000.0
KH00119,2025-08-04,81000.0
KH01573,2025-08-04,89000.0
KH01061,2025-08-04,1841000.0
KH01064,2025-08-04,123000.0
KH01349,2025-08-04,73000.0
KH00197,2025-08-04,234000.0
KH00948,2025-08-04,128000.0
KH02174,2025-08-04,162000.0
KH01704,2025-08-04,122000.0
KH02295,2025-08-04,2137000.0
KH01084,2025-08-04,247000.0
KH01909,2025-08-04,104000.0
KH01937,2025-08-04,1168000.0
KH02113,2025-08-04,200000.0
KH00936,2025-08-04,121000.0
KH01462,2025-08-04,63000.0
KH01614,2025-08-04,401000.0
KH02303,2025-08-04,721000.0
KH01111,2025-08-04,705000.0
KH02035,2025-08-04,415000.0
KH00786,2025-08-04,350000.0
KH01283,2025-08-04,464000.0
KH00396,2025-08-04,159000.0
KH02272,2025-08-04,70000.0
KH01767,2025-08-04,613000.0
KH01470,2025-08-04,296000.0
KH00266,2025-08-05,172000.0
KH02366,2025-08-05,86000.0
KH01435,2025-08-05,679000.0
KH00114,2025-08-05,165000.0
KH00223,2025-08-05,117000.0
KH01833,2025-08-05,207000.0
KH01458,2025-08-05,143000.0
KH01715,2025-08-05,76000.0
KH02306,2025-08-05,332000.0
KH01548,2025-08-05,297000.0
KH02328,2025-08-05,564000.0
KH02259,2025-08-05,82000.0
KH00673,2025-08-05,167000.0
KH00607,2025-08-05,237000.0
KH00151,2025-08-05,362000.0
KH01701,2025-08-05,536000.0
KH00808,2025-08-05,217000.0
KH02321,2025-08-05,714000.0
KH01057,2025-08-05,75000.0
KH01206,2025-08-05,178000.0
KH00291,2025-08-05,1792000.0
KH00640,2025-08-05,157000.0
KH01493,2025-08-05,184000.0
KH01075,2025-08-05,56000.0
KH00801,2025-08-05,191000.0
KH02213,2025-08-05,330000.0
KH01010,2025-08-05,878000.0
KH00335,2025-08-05,310000.0
KH01075,2025-08-05,225000.0
KH02237,2025-08-05,121000.0
KH02181,2025-08-05,193000.0
KH01129,2025-08-05,92000.0
KH00933,2025-08-05,189000.0
KH00499,2025-08-05,97000.0
KH00382,2025-08-05,245000.0
KH00189,2025-08-05,372000.0
KH01783,2025-08-05,191000.0
KH00543,2025-08-05,197000.0
KH00574,2025-08-05,173000.0
KH01180,2025-08-05,1104000.0
KH00438,2025-08-05,111000.0
KH00646,2025-08-05,359000.0
KH00415,2025-08-05,520000.0
KH01758,2025-08-05,528000.0
KH01321,2025-08-05,99000.0
KH01325,2025-08-05,147000.0
KH01860,2025-08-05,297000.0
KH01520,2025-08-05,101000.0
KH00338,2025-08-05,179000.0
KH02146,2025-08-05,192000.0
KH01306,2025-08-05,75000.0
KH02275,2025-08-05,803000.0
KH00497,2025-08-05,225000.0
KH01052,2025-08-05,909000.0
KH01385,2025-08-05,108000.0
KH00113,2025-08-05,308000.0
KH02161,2025-08-05,107000.0
KH02335,2025-08-05,411000.0
KH01608,2025-08-05,397000.0
KH00086,2025-08-05,239000.0
KH02190,2025-08-05,137000.0
KH01187,2025-08-05,320000.0
KH00341,2025-08-05,248000.0
KH01836,2025-08-05,585000.0
KH01777,2025-08-05,33000.0
KH02293,2025-08-05,135000.0
KH01334,2025-08-05,159000.0
KH00801,2025-08-05,179000.0
KH01901,2025-08-05,355000.0
KH00468,2025-08-05,186000.0
KH01853,2025-08-05,201000.0
KH00488,2025-08-05,266000.0
KH01143,2025-08-05,190000.0
KH02243,2025-08-05,267000.0
KH00750,2025-08-05,1146000.0
KH00530,2025-08-05,139000.0
KH01431,2025-08-05,298000.0
KH01458,2025-08-05,217000.0
KH00699,2025-08-05,89000.0
KH01192,2025-08-05,68000.0
KH01878,2025-08-05,778000.0
KH01764,2025-08-05,199000.0
KH01782,2025-08-05,105000.0
KH00975,2025-08-05,531000.0
KH00233,2025-08-05,80000.0
KH02327,2025-08-05,571000.0
KH02067,2025-08-05,82000.0
KH00498,2025-08-05,137000.0
KH01225,2025-08-05,540000.0
KH01776,2025-08-05,187000.0
KH02479,2025-08-05,172000.0
KH00981,2025-08-05,147000.0
KH01325,2025-08-05,69000.0
KH00278,2025-08-05,50000.0
KH01103,2025-08-05,428000.0
KH02175,2025-08-05,134000.0
KH00984,2025-08-06,432000.0
KH00211,2025-08-06,546000.0
KH02381,2025-08-06,579000.0
KH01968,2025-08-06,260000.0
KH01536,2025-08-06,57000.0
KH01089,2025-08-06,359000.0
KH00887,2025-08-06,91000.0
KH00465,2025-08-06,73000.0
KH01612,2025-08-06,284000.0
KH01359,2025-08-06,22000.0
KH00885,2025-08-06,350000.0
KH02454,2025-08-06,41000.0
KH01941,2025-08-06,227000.0
KH00913,2025-08-06,44000.0
KH00298,2025-08-06,113000.0
KH01893,2025-08-06,129000.0
KH01637,2025-08-06,48000.0
KH01954,2025-08-06,156000.0
KH01201,2025-08-06,358000.0
KH02496,2025-08-06,765000.0
KH01322,2025-08-06,32000.0
KH02120,2025-08-06,92000.0
KH00282,2025-08-06,113000.0
KH01840,2025-08-06,144000.0
KH00040,2025-08-06,43000.0
KH00438,2025-08-06,177000.0
KH00977,2025-08-06,308000.0
KH00321,2025-08-06,1167000.0
KH01418,2025-08-06,306000.0
KH02442,2025-08-06,637000.0
KH00432,2025-08-06,562000.0
KH02292,2025-08-06,63000.0
KH01643,2025-08-06,253000.0
KH01435,2025-08-06,668000.0
KH01160,2025-08-06,528000.0
KH01022,2025-08-06,426000.0
KH02276,2025-08-06,179000.0
KH01768,2025-08-06,689000.0
KH02076,2025-08-06,138000.0
KH01851,2025-08-06,417000.0
KH00553,2025-08-06,183000.0
KH02151,2025-08-06,734000.0
KH02148,2025-08-06,165000.0
KH00291,2025-08-06,85000.0
KH01377,2025-08-06,123000.0
KH00621,2025-08-06,724000.0
KH01770,2025-08-06,45000.0
KH02441,2025-08-06,1120000.0
KH00493,2025-08-06,67000.0
KH00445,2025-08-06,461000.0
KH01433,2025-08-06,154000.0
KH00951,2025-08-06,145000.0
KH00732,2025-08-06,243000.0
KH02421,2025-08-06,245000.0
KH01199,2025-08-06,86000.0
KH00886,2025-08-06,285000.0
KH00776,2025-08-06,384000.0
KH01464,2025-08-06,296000.0
KH01670,2025-08-06,510000.0
KH00903,2025-08-06,383000.0
KH01851,2025-08-06,242000.0
KH01295,2025-08-06,166000.0
KH01857,2025-08-06,719000.0
KH02329,2025-08-06,497000.0
KH01758,2025-08-06,97000.0
KH01058,2025-08-06,134000.0
KH00018,2025-08-06,343000.0
KH01780,2025-08-06,151000.0
KH00232,2025-08-06,237000.0
KH01121,2025-08-06,143000.0
KH00872,2025-08-06,223000.0
KH02377,2025-08-06,124000.0
KH00780,2025-08-06,230000.0
KH01376,2025-08-06,187000.0
KH00903,2025-08-06,811000.0
KH00382,2025-08-06,121000.0
KH00994,2025-08-06,98000.0
KH00188,2025-08-06,179000.0
KH00868,2025-08-06,195000.0
KH02362,2025-08-06,293000.0
KH00272,2025-08-06,166000.0
KH01637,2025-08-06,186000.0
KH01261,2025-08-06,20000.0
KH00036,2025-08-06,136000.0
KH00430,2025-08-07,51000.0
KH01468,2025-08-07,912000.0
KH02311,2025-08-07,114000.0
KH01946,2025-08-07,269000.0
KH02232,2025-08-07,754000.0
KH01096,2025-08-07,351000.0
KH00611,2025-08-07,1152000.0
KH00233,2025-08-07,232000.0
KH01569,2025-08-07,278000.0
KH02293,2025-08-07,258000.0
KH00530,2025-08-07,109000.0
KH00347,2025-08-07,107000.0
KH00680,2025-08-07,101000.0
KH01806,2025-08-07,78000.0
KH02136,2025-08-07,655000.0
KH01978,2025-08-07,297000.0
KH01078,2025-08-07,100000.0
KH00462,2025-08-07,60000.0
KH01851,2025-08-07,206000.0
KH00126,2025-08-07,325000.0
KH00855,2025-08-07,187000.0
KH00660,2025-08-07,351000.0
KH02454,2025-08-07,84000.0
KH02166,2025-08-07,392000.0
KH00389,2025-08-07,310000.0
KH01180,2025-08-07,400000.0
KH00892,2025-08-07,181000.0
KH00465,2025-08-07,219000.0
KH01520,2025-08-07,225000.0
KH00228,2025-08-07,559000.0
KH01402,2025-08-07,113000.0
KH01381,2025-08-07,257000.0
KH01672,2025-08-07,400000.0
KH01614,2025-08-07,34000.0
KH01565,2025-08-07,107000.0
KH00428,2025-08-07,312000.0
KH02075,2025-08-07,90000.0
KH00293,2025-08-07,186000.0
KH00269,2025-08-07,195000.0
KH01939,2025-08-07,111000.0
KH00399,2025-08-07,218000.0
KH01511,2025-08-07,451000.0
KH00082,2025-08-07,235000.0
KH02019,2025-08-07,213000.0
KH01946,2025-08-07,166000.0
KH01059,2025-08-07,163000.0
KH01689,2025-08-07,66000.0
KH00418,2025-08-07,62000.0
KH02175,2025-08-07,276000.0
KH01773,2025-08-07,115000.0
KH00318,2025-08-07,427000.0
KH01371,2025-08-07,139000.0
KH00588,2025-08-07,105000.0
KH02148,2025-08-07,219000.0
KH00359,2025-08-07,76000.0
KH02340,2025-08-07,79000.0
KH01701,2025-08-07,360000.0
KH01844,2025-08-07,139000.0
KH00983,2025-08-07,258000.0
KH00833,2025-08-07,498000.0
KH02463,2025-08-07,58000.0
KH01285,2025-08-07,289000.0
KH01937,2025-08-07,287000.0
KH02321,2025-08-07,191000.0
KH00912,2025-08-07,173000.0
KH00810,2025-08-07,642000.0
KH01973,2025-08-07,356000.0
KH02310,2025-08-07,755000.0
KH01677,2025-08-07,149000.0
KH02390,2025-08-07,602000.0
KH01882,2025-08-07,142000.0
KH01085,2025-08-07,148000.0
KH02454,2025-08-07,97000.0
KH00545,2025-08-07,473000.0
KH01711,2025-08-07,326000.0
KH00520,2025-08-07,126000.0
KH01225,2025-08-07,69000.0
KH00989,2025-08-07,145000.0
KH00478,2025-08-07,2340000.0
KH01770,2025-08-07,86000.0
KH00077,2025-08-07,503000.0
KH00884,2025-08-07,426000.0
KH02448,2025-08-07,936000.0
KH01499,2025-08-07,228000.0
KH00018,2025-08-07,182000.0
KH01654,2025-08-07,268000.0
KH01212,2025-08-07,56000.0
KH01090,2025-08-07,199000.0
KH02428,2025-08-07,347000.0
KH01063,2025-08-07,937000.0
KH00334,2025-08-07,157000.0
KH01114,2025-08-07,116000.0
KH01866,2025-08-07,130000.0
KH01498,2025-08-07,495000.0
KH01600,2025-08-07,588000.0
KH00245,2025-08-07,154000.0
KH00542,2025-08-08,200000.0
KH01061,2025-08-08,245000.0
KH00183,2025-08-08,74000.0
KH00174,2025-08-08,91000.0
KH01120,2025-08-08,195000.0
KH01233,2025-08-08,252000.0
KH00372,2025-08-08,131000.0
KH01171,2025-08-08,116000.0
KH02356,2025-08-08,128000.0
KH02078,2025-08-08,115000.0
KH00986,2025-08-08,358000.0
KH01960,2025-08-08,195000.0
KH00839,2025-08-08,343000.0
KH01076,2025-08-08,499000.0
KH02316,2025-08-08,65000.0
KH00546,2025-08-08,445000.0
KH02342,2025-08-08,102000.0
KH02161,2025-08-08,526000.0
KH00460,2025-08-08,235000.0
KH02254,2025-08-08,474000.0
KH02362,2025-08-08,288000.0
KH00718,2025-08-08,206000.0
KH00399,2025-08-08,141000.0
KH01709,2025-08-08,523000.0
KH00473,2025-08-08,50000.0
KH01824,2025-08-08,111000.0
KH01359,2025-08-08,352000.0
KH01605,2025-08-08,206000.0
KH00124,2025-08-08,369000.0
KH01195,2025-08-08,99000.0
KH01233,2025-08-08,292000.0
KH01795,2025-08-08,85000.0
KH00260,2025-08-08,101000.0
KH01211,2025-08-08,191000.0
KH01371,2025-08-08,283000.0
KH01010,2025-08-08,115000.0
KH01479,2025-08-08,450000.0
KH01419,2025-08-08,53000.0
KH01322,2025-08-08,138000.0
KH00604,2025-08-08,151000.0
KH00138,2025-08-08,573000.0
KH02108,2025-08-08,87000.0
KH01217,2025-08-08,184000.0
KH01003,2025-08-08,273000.0
KH01369,2025-08-08,208000.0
KH01239,2025-08-08,265000.0
KH01933,2025-08-08,69000.0
KH01041,2025-08-08,62000.0
KH00248,2025-08-08,221000.0
KH00278,2025-08-08,1111000.0
KH01092,2025-08-08,869000.0
KH00191,2025-08-08,152000.0
KH02340,2025-08-08,372000.0
KH01383,2025-08-08,149000.0
KH00405,2025-08-08,348000.0
KH01326,2025-08-08,222000.0
KH01543,2025-08-08,109000.0
KH02213,2025-08-08,255000.0
KH00306,2025-08-08,89000.0
KH02200,2025-08-08,349000.0
KH02236,2025-08-08,423000.0
KH00740,2025-08-08,550000.0
KH00316,2025-08-08,420000.0
KH01880,2025-08-08,120000.0
KH01574,2025-08-08,1280000.0
KH02367,2025-08-08,290000.0
KH01057,2025-08-08,438000.0
KH01835,2025-08-08,234000.0
KH00868,2025-08-08,269000.0
KH02119,2025-08-08,52000.0
KH00750,2025-08-08,208000.0
KH02197,2025-08-08,299000.0
KH02419,2025-08-08,324000.0
KH01137,2025-08-08,68000.0
KH00133,2025-08-08,229000.0
KH00194,2025-08-08,121000.0
KH00197,2025-08-08,174000.0
KH01421,2025-08-08,58000.0
KH00060,2025-08-09,184000.0
KH02402,2025-08-09,296000.0
KH00082,2025-08-09,172000.0
KH00812,2025-08-09,115000.0
KH00743,2025-08-09,124000.0
KH01212,2025-08-09,1275000.0
KH00009,2025-08-09,131000.0
KH00227,2025-08-09,685000.0
KH01058,2025-08-09,276000.0
KH01870,2025-08-09,225000.0
KH01958,2025-08-09,168000.0
KH01543,2025-08-09,119000.0
KH02254,2025-08-09,106000.0
KH02236,2025-08-09,48000.0
KH00158,2025-08-09,279000.0
KH00720,2025-08-09,1080000.0
KH00064,2025-08-09,173000.0
KH00559,2025-08-09,243000.0
KH01544,2025-08-09,605000.0
KH01646,2025-08-09,339000.0
KH00102,2025-08-09,630000.0
KH02428,2025-08-09,394000.0
KH02202,2025-08-09,279000.0
KH02069,2025-08-09,280000.0
KH02104,2025-08-09,199000.0
KH02284,2025-08-09,297000.0
KH02036,2025-08-09,221000.0
KH01758,2025-08-09,262000.0
KH02259,2025-08-09,123000.0
KH00075,2025-08-09,317000.0
KH01265,2025-08-09,191000.0
KH01474,2025-08-09,253000.0
KH02208,2025-08-09,99000.0
KH00134,2025-08-09,165000.0
KH00805,2025-08-09,79000.0
KH02466,2025-08-09,416000.0
KH02401,2025-08-09,98000.0
KH01748,2025-08-09,39000.0
KH00087,2025-08-09,548000.0
KH01476,2025-08-09,112000.0
KH02134,2025-08-09,75000.0
KH02261,2025-08-09,96000.0
KH01093,2025-08-09,136000.0
KH01256,2025-08-09,97000.0
KH01500,2025-08-09,221000.0
KH00411,2025-08-09,254000.0
KH00339,2025-08-09,129000.0
KH00327,2025-08-09,262000.0
KH00771,2025-08-09,69000.0
KH01120,2025-08-09,63000.0
KH01376,2025-08-09,274000.0
KH01173,2025-08-09,189000.0
KH02224,2025-08-09,235000.0
KH00114,2025-08-09,249000.0
KH01707,2025-08-09,1730000.0
KH01553,2025-08-09,81000.0
KH02103,2025-08-09,50000.0
KH00584,2025-08-09,108000.0
KH01202,2025-08-09,243000.0
KH00886,2025-08-09,276000.0
KH01202,2025-08-09,446000.0
KH02144,2025-08-09,145000.0
KH01519,2025-08-09,367000.0
KH01275,2025-08-09,103000.0
KH01770,2025-08-09,114000.0
KH01063,2025-08-09,150000.0
KH01356,2025-08-09,67000.0
KH00407,2025-08-09,318000.0
KH00348,2025-08-09,153000.0
KH00769,2025-08-09,187000.0
KH02499,2025-08-09,100000.0
KH02004,2025-08-09,126000.0
KH00242,2025-08-09,57000.0
KH02230,2025-08-09,245000.0
KH00733,2025-08-09,162000.0
KH02465,2025-08-09,135000.0
KH00460,2025-08-09,204000.0
KH02207,2025-08-09,268000.0
KH00809,2025-08-09,73000.0
KH02399,2025-08-09,482000.0
KH01307,2025-08-09,173000.0
KH00840,2025-08-09,1009000.0
KH01335,2025-08-10,106000.0
KH01773,2025-08-10,1129000.0
KH00860,2025-08-10,231000.0
KH00036,2025-08-10,493000.0
KH00602,2025-08-10,96000.0
KH00821,2025-08-10,91000.0
KH01355,2025-08-10,110000.0
KH02030,2025-08-10,239000.0
KH01263,2025-08-10,151000.0
KH00300,2025-08-10,208000.0
KH00554,2025-08-10,192000.0
KH00315,2025-08-10,77000.0
KH00956,2025-08-10,259000.0
KH02358,2025-08-10,60000.0
KH00407,2025-08-10,352000.0
KH00404,2025-08-10,54000.0
KH01693,2025-08-10,109000.0
KH01706,2025-08-10,1020000.0
KH02249,2025-08-10,470000.0
KH00942,2025-08-10,139000.0
KH01209,2025-08-10,172000.0
KH01786,2025-08-10,159000.0
KH01571,2025-08-10,255000.0
KH00652,2025-08-10,250000.0
KH01334,2025-08-10,61000.0
KH00972,2025-08-10,1035000.0
KH02433,2025-08-10,530000.0
KH02453,2025-08-10,154000.0
KH00189,2025-08-10,476000.0
KH01053,2025-08-10,289000.0
KH01385,2025-08-10,104000.0
KH00027,2025-08-10,385000.0
KH01062,2025-08-10,696000.0
KH01105,2025-08-10,154000.0
KH01563,2025-08-10,154000.0
KH01268,2025-08-10,86000.0
KH01914,2025-08-10,261000.0
KH00100,2025-08-10,120000.0
KH00060,2025-08-10,118000.0
KH01159,2025-08-10,338000.0
KH00940,2025-08-10,85000.0
KH01032,2025-08-10,521000.0
KH00278,2025-08-10,551000.0
KH00009,2025-08-10,174000.0
KH01573,2025-08-10,176000.0
KH01241,2025-08-10,318000.0
KH02146,2025-08-10,281000.0
KH01377,2025-08-10,13000.0
KH00316,2025-08-10,325000.0
KH02076,2025-08-10,353000.0
KH01819,2025-08-10,168000.0
KH00527,2025-08-10,122000.0
KH01826,2025-08-10,88000.0
KH00030,2025-08-10,273000.0
KH01624,2025-08-10,111000.0
KH00830,2025-08-10,228000.0
KH01716,2025-08-10,105000.0
KH01005,2025-08-10,330000.0
KH01257,2025-08-10,160000.0
KH01705,2025-08-10,150000.0
KH00290,2025-08-10,424000.0
KH01733,2025-08-10,65000.0
KH02262,2025-08-10,150000.0
KH01684,2025-08-10,650000.0
KH00167,2025-08-10,409000.0
KH01561,2025-08-10,116000.0
KH00276,2025-08-10,139000.0
KH00014,2025-08-10,286000.0
KH00903,2025-08-10,914000.0
KH00961,2025-08-10,223000.0
KH02327,2025-08-10,102000.0
KH00358,2025-08-10,132000.0
KH01342,2025-08-10,230000.0
KH00278,2025-08-11,62000.0
KH01819,2025-08-11,179000.0
KH01574,2025-08-11,142000.0
KH00621,2025-08-11,247000.0
KH01337,2025-08-11,143000.0
KH02092,2025-08-11,363000.0
KH02095,2025-08-11,75000.0
KH02283,2025-08-11,1522000.0
KH00596,2025-08-11,39000.0
KH01565,2025-08-11,253000.0
KH00688,2025-08-11,232000.0
KH00823,2025-08-11,505000.0
KH00523,2025-08-11,593000.0
KH00860,2025-08-11,40000.0
KH00783,2025-08-11,413000.0
KH01896,2025-08-11,753000.0
KH02110,2025-08-11,683000.0
KH01230,2025-08-11,50000.0
KH01884,2025-08-11,89000.0
KH00392,2025-08-11,132000.0
KH01222,2025-08-11,97000.0
KH01801,2025-08-11,282000.0
KH00164,2025-08-11,239000.0
KH01426,2025-08-11,96000.0
KH02416,2025-08-11,189000.0
KH02153,2025-08-11,150000.0
KH00171,2025-08-11,183000.0
KH01891,2025-08-11,310000.0
KH01933,2025-08-11,438000.0
KH01195,2025-08-11,583000.0
KH00377,2025-08-11,24000.0
KH01761,2025-08-11,265000.0
KH01561,2025-08-11,366000.0
KH00252,2025-08-11,393000.0
KH01643,2025-08-11,137000.0
KH01934,2025-08-11,142000.0
KH00958,2025-08-11,253000.0
KH00903,2025-08-11,231000.0
KH01792,2025-08-11,684000.0
KH02224,2025-08-11,322000.0
KH02395,2025-08-11,205000.0
KH01731,2025-08-11,203000.0
KH01107,2025-08-11,63000.0
KH02337,2025-08-11,194000.0
KH00247,2025-08-11,491000.0
KH01773,2025-08-11,130000.0
KH01660,2025-08-11,107000.0
KH00215,2025-08-11,238000.0
KH02104,2025-08-11,64000.0
KH01997,2025-08-11,659000.0
KH01408,2025-08-11,703000.0
KH01930,2025-08-11,257000.0
KH01202,2025-08-11,241000.0
KH02097,2025-08-11,112000.0
KH02068,2025-08-11,291000.0
KH00808,2025-08-11,78000.0
KH00785,2025-08-11,494000.0
KH02133,2025-08-11,298000.0
KH00750,2025-08-11,117000.0
KH00920,2025-08-11,99000.0
KH02436,2025-08-11,308000.0
KH02305,2025-08-11,205000.0
KH02253,2025-08-11,517000.0
KH00204,2025-08-11,207000.0
KH01796,2025-08-11,264000.0
KH00688,2025-08-11,202000.0
KH02019,2025-08-11,64000.0
KH02158,2025-08-11,51000.0
KH01342,2025-08-11,109000.0
KH00524,2025-08-11,361000.0
KH01718,2025-08-11,140000.0
KH01590,2025-08-11,438000.0
KH00788,2025-08-12,962000.0
KH01380,2025-08-12,57000.0
KH01896,2025-08-12,153000.0
KH02481,2025-08-12,543000.0
KH00657,2025-08-12,61000.0
KH02312,2025-08-12,172000.0
KH01525,2025-08-12,241000.0
KH00145,2025-08-12,353000.0
KH02107,2025-08-12,452000.0
KH02476,2025-08-12,183000.0
KH01508,2025-08-12,358000.0
KH02272,2025-08-12,95000.0
KH00025,2025-08-12,671000.0
KH00336,2025-08-12,199000.0
KH01505,2025-08-12,88000.0
KH01294,2025-08-12,118000.0
KH01181,2025-08-12,76000.0
KH01192,2025-08-12,170000.0
KH01475,2025-08-12,165000.0
KH00780,2025-08-12,814000.0
KH01602,2025-08-12,212000.0
KH00723,2025-08-12,129000.0
KH01890,2025-08-12,209000.0
KH00546,2025-08-12,139000.0
KH01791,2025-08-12,316000.0
KH02095,2025-08-12,107000.0
KH02090,2025-08-12,202000.0
KH02220,2025-08-12,132000.0
KH00379,2025-08-12,582000.0
KH01032,2025-08-12,56000.0
KH00845,2025-08-12,599000.0
KH01437,2025-08-12,158000.0
KH01651,2025-08-12,113000.0
KH02148,2025-08-12,257000.0
KH01791,2025-08-12,343000.0
KH02311,2025-08-12,190000.0
KH00635,2025-08-12,369000.0
KH01999,2025-08-12,139000.0
KH00127,2025-08-12,2315000.0
KH00290,2025-08-12,120000.0
KH00191,2025-08-12,127000.0
KH02037,2025-08-12,130000.0
KH00548,2025-08-12,480000.0
KH01053,2025-08-12,441000.0
KH01118,2025-08-12,192000.0
KH01914,2025-08-12,56000.0
KH01446,2025-08-12,384000.0
KH00948,2025-08-12,381000.0
KH00160,2025-08-12,87000.0
KH01866,2025-08-12,88000.0
KH00554,2025-08-12,71000.0
KH00171,2025-08-12,291000.0
KH00789,2025-08-12,104000.0
KH00145,2025-08-12,153000.0
KH00117,2025-08-12,410000.0
KH01022,2025-08-12,90000.0
KH00543,2025-08-12,277000.0
KH00818,2025-08-12,453000.0
KH02153,2025-08-12,164000.0
KH01201,2025-08-12,74000.0
KH01059,2025-08-12,36000.0
KH01975,2025-08-12,247000.0
KH00729,2025-08-12,494000.0
KH01714,2025-08-12,573000.0
KH01771,2025-08-12,155000.0
KH01295,2025-08-12,78000.0
KH00088,2025-08-12,362000.0
KH01408,2025-08-12,502000.0
KH01978,2025-08-12,182000.0
KH01233,2025-08-12,249000.0
KH02092,2025-08-12,164000.0
KH00027,2025-08-12,97000.0
KH01212,2025-08-12,124000.0
KH00600,2025-08-12,256000.0
KH00218,2025-08-12,69000.0
KH01929,2025-08-12,156000.0
KH00289,2025-08-12,239000.0
KH02250,2025-08-12,375000.0
KH00836,2025-08-12,100000.0
KH00527,2025-08-12,341000.0
KH01146,2025-08-12,224000.0
KH00491,2025-08-12,246000.0
KH01051,2025-08-12,228000.0
KH01071,2025-08-12,53000.0
KH02429,2025-08-12,164000.0
KH01263,2025-08-13,63000.0
KH02290,2025-08-13,356000.0
KH01083,2025-08-13,704000.0
KH02222,2025-08-13,71000.0
KH01921,2025-08-13,124000.0
KH00889,2025-08-13,261000.0
KH00498,2025-08-13,129000.0
KH01257,2025-08-13,48000.0
KH01588,2025-08-13,53000.0
KH02441,2025-08-13,247000.0
KH01641,2025-08-13,106000.0
KH00424,2025-08-13,172000.0
KH01220,2025-08-13,237000.0
KH00929,2025-08-13,593000.0
KH02129,2025-08-13,386000.0
KH00254,2025-08-13,463000.0
KH00849,2025-08-13,1331000.0
KH00399,2025-08-13,172000.0
KH00044,2025-08-13,214000.0
KH00774,2025-08-13,289000.0
KH00460,2025-08-13,287000.0
KH01958,2025-08-13,102000.0
KH01412,2025-08-13,88000.0
KH00805,2025-08-13,50000.0
KH00600,2025-08-13,408000.0
KH01483,2025-08-13,104000.0
KH01936,2025-08-13,290000.0
KH02177,2025-08-13,184000.0
KH01544,2025-08-13,128000.0
KH01554,2025-08-13,124000.0
KH00559,2025-08-13,509000.0
KH02362,2025-08-13,205000.0
KH01641,2025-08-13,87000.0
KH02166,2025-08-13,418000.0
KH02255,2025-08-13,277000.0
KH00702,2025-08-13,863000.0
KH00872,2025-08-13,251000.0
KH01040,2025-08-13,380000.0
KH01714,2025-08-13,176000.0
KH00719,2025-08-13,673000.0
KH01395,2025-08-13,89000.0
KH01509,2025-08-13,918000.0
KH01819,2025-08-13,56000.0
KH01123,2025-08-13,125000.0
KH00789,2025-08-13,301000.0
KH02428,2025-08-13,457000.0
KH00721,2025-08-13,490000.0
KH01294,2025-08-13,171000.0
KH01621,2025-08-13,592000.0
KH01063,2025-08-13,353000.0
KH01622,2025-08-13,208000.0
KH02223,2025-08-13,82000.0
KH02327,2025-08-13,63000.0
KH00596,2025-08-13,193000.0
KH02259,2025-08-13,386000.0
KH01593,2025-08-13,459000.0
KH01948,2025-08-13,350000.0
KH00321,2025-08-13,455000.0
KH00744,2025-08-13,98000.0
KH01427,2025-08-13,731000.0
KH01038,2025-08-13,198000.0
KH00707,2025-08-13,320000.0
KH01968,2025-08-13,128000.0
KH01714,2025-08-13,173000.0
KH02111,2025-08-13,381000.0
KH02437,2025-08-13,104000.0
KH02467,2025-08-13,64000.0
KH00430,2025-08-13,399000.0
KH00908,2025-08-13,484000.0
KH02433,2025-08-13,153000.0
KH02335,2025-08-13,104000.0
KH00405,2025-08-13,77000.0
KH01040,2025-08-13,108000.0
KH02010,2025-08-13,176000.0
KH00161,2025-08-13,94000.0
KH01648,2025-08-13,181000.0
KH01940,2025-08-13,111000.0
KH00327,2025-08-13,205000.0
KH00891,2025-08-13,164000.0
KH01421,2025-08-13,581000.0
KH00254,2025-08-13,619000.0
KH00886,2025-08-13,498000.0
KH01401,2025-08-13,55000.0
KH00252,2025-08-13,202000.0
KH02157,2025-08-13,455000.0
KH00159,2025-08-13,138000.0
KH00100,2025-08-13,68000.0
KH00816,2025-08-14,1817000.0
KH02104,2025-08-14,350000.0
KH01773,2025-08-14,75000.0
KH01571,2025-08-14,250000.0
KH01171,2025-08-14,141000.0
KH00694,2025-08-14,119000.0
KH02037,2025-08-14,148000.0
KH00915,2025-08-14,582000.0
KH00559,2025-08-14,77000.0
KH02429,2025-08-14,251000.0
KH02247,2025-08-14,205000.0
KH01625,2025-08-14,82000.0
KH02430,2025-08-14,126000.0
KH00325,2025-08-14,295000.0
KH00685,2025-08-14,472000.0
KH00883,2025-08-14,193000.0
KH01123,2025-08-14,426000.0
KH00249,2025-08-14,293000.0
KH01702,2025-08-14,64000.0
KH00972,2025-08-14,248000.0
KH00863,2025-08-14,62000.0
KH01456,2025-08-14,576000.0
KH00675,2025-08-14,92000.0
KH02291,2025-08-14,132000.0
KH01001,2025-08-14,327000.0
KH00311,2025-08-14,253000.0
KH00300,2025-08-14,114000.0
KH00236,2025-08-14,247000.0
KH01881,2025-08-14,291000.0
KH01823,2025-08-14,57000.0
KH01047,2025-08-14,84000.0
KH02264,2025-08-14,572000.0
KH01299,2025-08-14,864000.0
KH01301,2025-08-14,621000.0
KH01546,2025-08-14,69000.0
KH01433,2025-08-14,377000.0
KH00286,2025-08-14,159000.0
KH00017,2025-08-14,383000.0
KH01628,2025-08-14,124000.0
KH02269,2025-08-14,231000.0
KH01209,2025-08-14,213000.0
KH01569,2025-08-14,221000.0
KH01234,2025-08-14,136000.0
KH01123,2025-08-14,234000.0
KH01373,2025-08-14,40000.0
KH00313,2025-08-14,187000.0
KH00160,2025-08-14,64000.0
KH01534,2025-08-14,389000.0
KH01037,2025-08-14,282000.0
KH01408,2025-08-14,236000.0
KH01163,2025-08-14,143000.0
KH02088,2025-08-14,332000.0
KH02348,2025-08-14,118000.0
KH02457,2025-08-14,123000.0
KH01157,2025-08-14,143000.0
KH01938,2025-08-14,125000.0
KH02329,2025-08-14,51000.0
KH00037,2025-08-14,155000.0
KH00279,2025-08-14,202000.0
KH00086,2025-08-14,65000.0
KH02268,2025-08-14,202000.0
KH00860,2025-08-14,83000.0
KH01146,2025-08-14,469000.0
KH02408,2025-08-14,189000.0
KH01888,2025-08-14,275000.0
KH02402,2025-08-14,108000.0
KH00236,2025-08-14,371000.0
KH02428,2025-08-14,290000.0
KH01473,2025-08-14,54000.0
KH00138,2025-08-14,47000.0
KH00427,2025-08-14,318000.0
KH01380,2025-08-14,171000.0
KH01068,2025-08-14,110000.0
KH00629,2025-08-14,317000.0
KH02348,2025-08-14,359000.0
KH02406,2025-08-14,261000.0
KH02444,2025-08-14,266000.0
KH00243,2025-08-14,75000.0
KH00430,2025-08-14,68000.0
KH00012,2025-08-14,109000.0
KH00757,2025-08-14,508000.0
KH02223,2025-08-14,607000.0
KH00959,2025-08-14,437000.0
KH01939,2025-08-14,44000.0
KH01995,2025-08-14,374000.0
KH00984,2025-08-14,113000.0
KH00125,2025-08-14,154000.0
KH00036,2025-08-14,110000.0
KH01199,2025-08-14,384000.0
KH00831,2025-08-14,115000.0
KH01090,2025-08-14,208000.0
KH02153,2025-08-14,418000.0
KH01154,2025-08-15,50000.0
KH02143,2025-08-15,149000.0
KH00837,2025-08-15,381000.0
KH01032,2025-08-15,198000.0
KH01471,2025-08-15,127000.0
KH02479,2025-08-15,157000.0
KH02356,2025-08-15,100000.0
KH00766,2025-08-15,206000.0
KH00989,2025-08-15,62000.0
KH00695,2025-08-15,549000.0
KH02316,2025-08-15,200000.0
KH00808,2025-08-15,543000.0
KH00022,2025-08-15,114000.0
KH00575,2025-08-15,142000.0
KH00862,2025-08-15,124000.0
KH01851,2025-08-15,250000.0
KH00954,2025-08-15,51000.0
KH00521,2025-08-15,109000.0
KH01599,2025-08-15,72000.0
KH00991,2025-08-15,534000.0
KH00510,2025-08-15,77000.0
KH00797,2025-08-15,208000.0
KH00605,2025-08-15,105000.0
KH00349,2025-08-15,441000.0
KH01898,2025-08-15,169000.0
KH02125,2025-08-15,67000.0
KH00552,2025-08-15,789000.0
KH02399,2025-08-15,166000.0
KH00278,2025-08-15,150000.0
KH02478,2025-08-15,224000.0
KH01696,2025-08-15,172000.0
KH01922,2025-08-15,225000.0
KH01186,2025-08-15,271000.0
KH02319,2025-08-15,103000.0
KH00889,2025-08-15,299000.0
KH01073,2025-08-15,379000.0
KH01384,2025-08-15,384000.0
KH01299,2025-08-15,772000.0
KH00281,2025-08-15,124000.0
KH00487,2025-08-15,452000.0
KH00397,2025-08-15,30000.0
KH00280,2025-08-15,214000.0
KH00311,2025-08-15,392000.0
KH00002,2025-08-15,69000.0
KH01857,2025-08-15,99000.0
KH00729,2025-08-15,130000.0
KH00480,2025-08-15,328000.0
KH00718,2025-08-15,158000.0
KH00292,2025-08-15,94000.0
KH02484,2025-08-15,405000.0
KH02213,2025-08-15,148000.0
KH02377,2025-08-15,150000.0
KH01492,2025-08-15,603000.0
KH02291,2025-08-15,433000.0
KH00353,2025-08-15,257000.0
KH00500,2025-08-15,90000.0
KH02222,2025-08-15,523000.0
KH01579,2025-08-15,248000.0
KH01595,2025-08-15,96000.0
KH00872,2025-08-15,259000.0
KH01681,2025-08-15,253000.0
KH02476,2025-08-15,73000.0
KH01093,2025-08-15,496000.0
KH01971,2025-08-15,171000.0
KH01206,2025-08-15,340000.0
KH01601,2025-08-15,412000.0
KH02095,2025-08-15,256000.0
KH00621,2025-08-15,40000.0
KH01457,2025-08-15,301000.0
KH00959,2025-08-15,400000.0
KH01408,2025-08-15,248000.0
KH01837,2025-08-15,247000.0
KH01427,2025-08-15,140000.0
KH00209,2025-08-15,148000.0
KH00124,2025-08-15,94000.0
KH00816,2025-08-15,374000.0
KH02398,2025-08-15,61000.0
KH00599,2025-08-15,174000.0
KH00198,2025-08-15,102000.0
KH01412,2025-08-15,645000.0
KH01982,2025-08-15,294000.0
KH00432,2025-08-15,97000.0
KH00920,2025-08-15,120000.0
KH00293,2025-08-15,190000.0
KH02230,2025-08-15,808000.0
KH01968,2025-08-15,295000.0
KH01055,2025-08-15,194000.0
KH00813,2025-08-15,123000.0
KH01312,2025-08-15,123000.0
KH01186,2025-08-15,415000.0
KH00801,2025-08-15,58000.0
KH01725,2025-08-15,43000.0
KH00082,2025-08-15,131000.0
KH01048,2025-08-15,92000.0
KH00452,2025-08-15,388000.0
KH01941,2025-08-15,88000.0
KH00338,2025-08-15,104000.0
KH01362,2025-08-15,206000.0
KH01001,2025-08-15,254000.0
KH01168,2025-08-15,305000.0
KH02106,2025-08-15,862000.0
KH00796,2025-08-15,572000.0
KH02423,2025-08-15,538000.0
KH00546,2025-08-15,316000.0
KH02433,2025-08-16,271000.0
KH01565,2025-08-16,274000.0
KH01151,2025-08-16,129000.0
KH01412,2025-08-16,202000.0
KH01860,2025-08-16,198000.0
KH00337,2025-08-16,171000.0
KH01217,2025-08-16,321000.0
KH01454,2025-08-16,619000.0
KH01325,2025-08-16,43000.0
KH02232,2025-08-16,470000.0
KH00464,2025-08-16,276000.0
KH00862,2025-08-16,51000.0
KH00311,2025-08-16,199000.0
KH01560,2025-08-16,86000.0
KH02028,2025-08-16,74000.0
KH00495,2025-08-16,92000.0
KH00167,2025-08-16,136000.0
KH02223,2025-08-16,210000.0
KH01394,2025-08-16,1167000.0
KH02113,2025-08-16,189000.0
KH01742,2025-08-16,84000.0
KH00552,2025-08-16,495000.0
KH00794,2025-08-16,129000.0
KH01078,2025-08-16,175000.0
KH01855,2025-08-16,182000.0
KH00065,2025-08-16,381000.0
KH01529,2025-08-16,152000.0
KH01002,2025-08-16,291000.0
KH00854,2025-08-16,184000.0
KH01485,2025-08-16,112000.0
KH02104,2025-08-16,208000.0
KH01140,2025-08-16,113000.0
KH00236,2025-08-16,86000.0
KH02465,2025-08-16,146000.0
KH01700,2025-08-16,55000.0
KH01014,2025-08-16,636000.0
KH01195,2025-08-16,682000.0
KH02319,2025-08-16,313000.0
KH00290,2025-08-16,169000.0
KH01089,2025-08-16,303000.0
KH00316,2025-08-16,20000.0
KH00696,2025-08-16,505000.0
KH01217,2025-08-16,1376000.0
KH01717,2025-08-16,87000.0
KH00629,2025-08-16,200000.0
KH01066,2025-08-16,27000.0
KH00881,2025-08-16,121000.0
KH00680,2025-08-16,258000.0
KH01360,2025-08-16,149000.0
KH00688,2025-08-16,96000.0
KH00657,2025-08-16,229000.0
KH01224,2025-08-16,200000.0
KH01058,2025-08-16,63000.0
KH02105,2025-08-16,99000.0
KH01791,2025-08-16,283000.0
KH01120,2025-08-16,95000.0
KH00850,2025-08-16,159000.0
KH00009,2025-08-16,289000.0
KH00114,2025-08-16,584000.0
KH01456,2025-08-16,229000.0
KH00927,2025-08-16,202000.0
KH01942,2025-08-16,54000.0
KH01059,2025-08-16,2426000.0
KH01972,2025-08-16,169000.0
KH01388,2025-08-16,503000.0
KH01375,2025-08-16,707000.0
KH00492,2025-08-16,421000.0
KH01933,2025-08-16,193000.0
KH01837,2025-08-16,576000.0
KH02358,2025-08-16,171000.0
KH02017,2025-08-16,70000.0
KH02189,2025-08-16,216000.0
KH02425,2025-08-16,207000.0
KH02357,2025-08-16,309000.0
KH01619,2025-08-16,33000.0
KH02398,2025-08-16,517000.0
KH00846,2025-08-16,134000.0
KH00323,2025-08-16,391000.0
KH01032,2025-08-17,426000.0
KH02440,2025-08-17,71000.0
KH02426,2025-08-17,247000.0
KH01459,2025-08-17,662000.0
KH00381,2025-08-17,198000.0
KH01062,2025-08-17,210000.0
KH00520,2025-08-17,153000.0
KH02264,2025-08-17,63000.0
KH02166,2025-08-17,200000.0
KH01973,2025-08-17,167000.0
KH00744,2025-08-17,25000.0
KH02327,2025-08-17,185000.0
KH00613,2025-08-17,132000.0
KH00119,2025-08-17,312000.0
KH00712,2025-08-17,78000.0
KH00799,2025-08-17,92000.0
KH00813,2025-08-17,683000.0
KH00242,2025-08-17,337000.0
KH00663,2025-08-17,213000.0
KH00770,2025-08-17,335000.0
KH00980,2025-08-17,205000.0
KH02427,2025-08-17,399000.0
KH01139,2025-08-17,54000.0
KH02380,2025-08-17,590000.0
KH00692,2025-08-17,334000.0
KH01811,2025-08-17,108000.0
KH00685,2025-08-17,218000.0
KH02367,2025-08-17,347000.0
KH00043,2025-08-17,211000.0
KH01473,2025-08-17,91000.0
KH00311,2025-08-17,181000.0
KH02028,2025-08-17,53000.0
KH02094,2025-08-17,166000.0
KH00856,2025-08-17,85000.0
KH01027,2025-08-17,241000.0
KH01753,2025-08-17,542000.0
KH00916,2025-08-17,185000.0
KH01437,2025-08-17,474000.0
KH01643,2025-08-17,162000.0
KH01996,2025-08-17,147000.0
KH02427,2025-08-17,34000.0
KH01342,2025-08-17,272000.0
KH02482,2025-08-17,316000.0
KH01563,2025-08-17,260000.0
KH00979,2025-08-17,158000.0
KH00300,2025-08-17,184000.0
KH00796,2025-08-17,243000.0
KH00402,2025-08-17,207000.0
KH02306,2025-08-17,93000.0
KH00723,2025-08-17,820000.0
KH01361,2025-08-17,166000.0
KH00301,2025-08-17,563000.0
KH00902,2025-08-17,808000.0
KH02295,2025-08-17,249000.0
KH01651,2025-08-17,290000.0
KH00665,2025-08-17,82000.0
KH00432,2025-08-17,594000.0
KH02440,2025-08-17,368000.0
KH00754,2025-08-17,293000.0
KH02173,2025-08-17,273000.0
KH00860,2025-08-17,80000.0
KH02264,2025-08-17,52000.0
KH00650,2025-08-17,72000.0
KH01854,2025-08-17,352000.0
KH00156,2025-08-17,164000.0
KH02049,2025-08-17,433000.0
KH00512,2025-08-17,34000.0
KH00125,2025-08-17,259000.0
KH00286,2025-08-17,82000.0
KH02293,2025-08-17,284000.0
KH02013,2025-08-17,155000.0
KH02399,2025-08-17,373000.0
KH00004,2025-08-17,134000.0
KH00040,2025-08-17,93000.0
KH01443,2025-08-17,156000.0
KH02095,2025-08-17,115000.0
KH02400,2025-08-17,288000.0
KH01677,2025-08-17,406000.0
KH01134,2025-08-17,400000.0
KH01347,2025-08-17,732000.0
KH00880,2025-08-17,313000.0
KH00801,2025-08-17,426000.0
KH00458,2025-08-17,870000.0
KH01509,2025-08-17,193000.0
KH02185,2025-08-18,310000.0
KH01693,2025-08-18,226000.0
KH01972,2025-08-18,292000.0
KH02310,2025-08-18,280000.0
KH01877,2025-08-18,325000.0
KH02113,2025-08-18,252000.0
KH02254,2025-08-18,160000.0
KH00810,2025-08-18,822000.0
KH01181,2025-08-18,262000.0
KH00997,2025-08-18,190000.0
KH00895,2025-08-18,386000.0
KH01772,2025-08-18,530000.0
KH01916,2025-08-18,203000.0
KH00497,2025-08-18,562000.0
KH02093,2025-08-18,70000.0
KH00062,2025-08-18,263000.0
KH00135,2025-08-18,125000.0
KH00007,2025-08-18,172000.0
KH00646,2025-08-18,197000.0
KH02060,2025-08-18,113000.0
KH01570,2025-08-18,183000.0
KH01825,2025-08-18,67000.0
KH01620,2025-08-18,278000.0
KH00731,2025-08-18,78000.0
KH00286,2025-08-18,111000.0
KH02396,2025-08-18,160000.0
KH01425,2025-08-18,194000.0
KH01407,2025-08-18,497000.0
KH01620,2025-08-18,872000.0
KH01689,2025-08-18,118000.0
KH02129,2025-08-18,480000.0
KH00593,2025-08-18,1498000.0
KH02169,2025-08-18,62000.0
KH01995,2025-08-18,127000.0
KH01490,2025-08-18,678000.0
KH01152,2025-08-18,169000.0
KH01815,2025-08-18,179000.0
KH00574,2025-08-18,1217000.0
KH01803,2025-08-18,280000.0
KH02169,2025-08-18,301000.0
KH00298,2025-08-18,150000.0
KH00071,2025-08-18,187000.0
KH01826,2025-08-18,309000.0
KH00125,2025-08-18,319000.0
KH01600,2025-08-18,852000.0
KH00205,2025-08-18,764000.0
KH01088,2025-08-18,253000.0
KH01517,2025-08-18,514000.0
KH01987,2025-08-18,321000.0
KH00090,2025-08-18,154000.0
KH00293,2025-08-18,318000.0
KH00725,2025-08-18,293000.0
KH01850,2025-08-18,322000.0
KH00532,2025-08-18,87000.0
KH01787,2025-08-18,200000.0
KH01812,2025-08-18,163000.0
KH01332,2025-08-18,535000.0
KH00554,2025-08-18,436000.0
KH00078,2025-08-18,278000.0
KH02253,2025-08-18,157000.0
KH00070,2025-08-18,53000.0
KH00199,2025-08-18,119000.0
KH01499,2025-08-18,1860000.0
KH01533,2025-08-18,332000.0
KH00890,2025-08-18,391000.0
KH01573,2025-08-18,145000.0
KH00665,2025-08-18,49000.0
KH02129,2025-08-18,129000.0
KH02262,2025-08-18,100000.0
KH00541,2025-08-18,834000.0
KH02173,2025-08-18,419000.0
KH00590,2025-08-18,66000.0
KH00961,2025-08-18,279000.0
KH00975,2025-08-18,409000.0
KH01818,2025-08-18,226000.0
KH00569,2025-08-18,97000.0
KH01635,2025-08-18,296000.0
KH01211,2025-08-18,101000.0
KH00520,2025-08-18,179000.0
KH01054,2025-08-18,126000.0
KH02009,2025-08-18,410000.0
KH00726,2025-08-18,84000.0
KH01566,2025-08-18,33000.0
KH00509,2025-08-19,634000.0
KH01803,2025-08-19,528000.0
KH02041,2025-08-19,99000.0
KH01821,2025-08-19,241000.0
KH01437,2025-08-19,125000.0
KH01698,2025-08-19,241000.0
KH00211,2025-08-19,96000.0
KH01595,2025-08-19,112000.0
KH01815,2025-08-19,68000.0
KH00487,2025-08-19,58000.0
KH00689,2025-08-19,179000.0
KH02336,2025-08-19,77000.0
KH00024,2025-08-19,93000.0
KH00453,2025-08-19,73000.0
KH01383,2025-08-19,82000.0
KH01283,2025-08-19,195000.0
KH01958,2025-08-19,121000.0
KH01525,2025-08-19,471000.0
KH01183,2025-08-19,269000.0
KH01165,2025-08-19,264000.0
KH00020,2025-08-19,53000.0
KH01713,2025-08-19,57000.0
KH00079,2025-08-19,336000.0
KH00509,2025-08-19,274000.0
KH01821,2025-08-19,393000.0
KH00036,2025-08-19,84000.0
KH00767,2025-08-19,211000.0
KH02364,2025-08-19,522000.0
KH01824,2025-08-19,148000.0
KH00599,2025-08-19,260000.0
KH01380,2025-08-19,38000.0
KH00195,2025-08-19,347000.0
KH01532,2025-08-19,173000.0
KH00868,2025-08-19,279000.0
KH01646,2025-08-19,77000.0
KH00273,2025-08-19,263000.0
KH01223,2025-08-19,98000.0
KH00699,2025-08-19,127000.0
KH00648,2025-08-19,184000.0
KH01297,2025-08-19,105000.0
KH01158,2025-08-19,203000.0
KH01485,2025-08-19,169000.0
KH01257,2025-08-19,56000.0
KH00560,2025-08-19,301000.0
KH00814,2025-08-19,190000.0
KH00750,2025-08-19,503000.0
KH00642,2025-08-19,281000.0
KH00647,2025-08-19,99000.0
KH02235,2025-08-19,119000.0
KH02373,2025-08-19,122000.0
KH01146,2025-08-19,131000.0
KH01263,2025-08-19,297000.0
KH00491,2025-08-19,107000.0
KH01578,2025-08-19,158000.0
KH00665,2025-08-19,81000.0
KH00178,2025-08-19,143000.0
KH01385,2025-08-19,250000.0
KH01688,2025-08-19,960000.0
KH00320,2025-08-19,267000.0
KH01388,2025-08-19,359000.0
KH00018,2025-08-19,434000.0
KH00854,2025-08-19,115000.0
KH02380,2025-08-19,284000.0
KH00392,2025-08-19,139000.0
KH00199,2025-08-19,481000.0
KH01081,2025-08-19,928000.0
KH02057,2025-08-19,433000.0
KH00936,2025-08-19,430000.0
KH02230,2025-08-19,474000.0
KH00601,2025-08-19,129000.0
KH00954,2025-08-19,143000.0
KH00548,2025-08-19,69000.0
KH01913,2025-08-19,176000.0
KH01808,2025-08-19,113000.0
KH00527,2025-08-19,247000.0
KH00134,2025-08-19,91000.0
KH01437,2025-08-19,212000.0
KH02327,2025-08-19,220000.0
KH01500,2025-08-19,319000.0
KH02311,2025-08-19,113000.0
KH02454,2025-08-19,255000.0
KH01624,2025-08-19,161000.0
KH02281,2025-08-19,129000.0
KH02118,2025-08-19,768000.0
KH01254,2025-08-19,879000.0
KH01332,2025-08-19,68000.0
KH01814,2025-08-20,290000.0
KH01818,2025-08-20,278000.0
KH00179,2025-08-20,304000.0
KH00801,2025-08-20,265000.0
KH01441,2025-08-20,227000.0
KH01069,2025-08-20,44000.0
KH02185,2025-08-20,300000.0
KH00754,2025-08-20,66000.0
KH01694,2025-08-20,270000.0
KH00115,2025-08-20,98000.0
KH02083,2025-08-20,129000.0
KH01595,2025-08-20,309000.0
KH01824,2025-08-20,168000.0
KH00333,2025-08-20,86000.0
KH00195,2025-08-20,149000.0
KH02292,2025-08-20,283000.0
KH01413,2025-08-20,771000.0
KH00607,2025-08-20,174000.0
KH00292,2025-08-20,60000.0
KH02397,2025-08-20,340000.0
KH01880,2025-08-20,188000.0
KH02400,2025-08-20,104000.0
KH00040,2025-08-20,151000.0
KH01369,2025-08-20,375000.0
KH01719,2025-08-20,731000.0
KH00185,2025-08-20,265000.0
KH00278,2025-08-20,43000.0
KH00335,2025-08-20,86000.0
KH01663,2025-08-20,82000.0
KH02058,2025-08-20,677000.0
KH00661,2025-08-20,252000.0
KH00703,2025-08-20,132000.0
KH00908,2025-08-20,160000.0
KH00583,2025-08-20,201000.0
KH01681,2025-08-20,129000.0
KH02383,2025-08-20,401000.0
KH01454,2025-08-20,304000.0
KH02292,2025-08-20,154000.0
KH00731,2025-08-20,178000.0
KH02156,2025-08-20,134000.0
KH00634,2025-08-20,53000.0
KH01625,2025-08-20,81000.0
KH00896,2025-08-20,1445000.0
KH01590,2025-08-20,686000.0
KH01791,2025-08-20,63000.0
KH01392,2025-08-20,285000.0
KH02030,2025-08-20,249000.0
KH01517,2025-08-20,348000.0
KH00344,2025-08-20,88000.0
KH02350,2025-08-20,885000.0
KH02399,2025-08-20,481000.0
KH01001,2025-08-20,228000.0
KH00509,2025-08-20,34000.0
KH01779,2025-08-20,165000.0
KH01912,2025-08-20,724000.0
KH00921,2025-08-20,107000.0
KH00424,2025-08-20,312000.0
KH00454,2025-08-20,322000.0
KH00117,2025-08-20,109000.0
KH01805,2025-08-20,103000.0
KH02327,2025-08-20,68000.0
KH01065,2025-08-20,348000.0
KH02318,2025-08-20,526000.0
KH00197,2025-08-20,379000.0
KH00813,2025-08-20,289000.0
KH01045,2025-08-20,80000.0
KH01023,2025-08-20,49000.0
KH00365,2025-08-20,128000.0
KH02367,2025-08-20,343000.0
KH01212,2025-08-20,592000.0
KH00133,2025-08-20,60000.0
KH01984,2025-08-20,480000.0
KH01535,2025-08-20,100000.0
KH01375,2025-08-20,150000.0
KH00633,2025-08-20,724000.0
KH02131,2025-08-20,251000.0
KH02194,2025-08-20,36000.0
KH00311,2025-08-20,379000.0
KH00768,2025-08-20,203000.0
KH00427,2025-08-20,781000.0
KH00278,2025-08-20,840000.0
KH02459,2025-08-20,70000.0
KH01860,2025-08-20,702000.0
KH00596,2025-08-20,627000.0
KH01316,2025-08-20,287000.0
KH00801,2025-08-20,410000.0
KH00174,2025-08-20,129000.0
KH01838,2025-08-20,263000.0
KH00154,2025-08-20,464000.0
KH00189,2025-08-20,330000.0
KH01334,2025-08-20,134000.0
KH01994,2025-08-20,65000.0
KH02252,2025-08-20,60000.0
KH02015,2025-08-20,75000.0
KH01855,2025-08-21,144000.0
KH02473,2025-08-21,148000.0
KH00113,2025-08-21,128000.0
KH01859,2025-08-21,1393000.0
KH02224,2025-08-21,140000.0
KH01684,2025-08-21,171000.0
KH00441,2025-08-21,525000.0
KH00654,2025-08-21,122000.0
KH01542,2025-08-21,275000.0
KH02285,2025-08-21,356000.0
KH01941,2025-08-21,1070000.0
KH00491,2025-08-21,192000.0
KH01736,2025-08-21,456000.0
KH01279,2025-08-21,448000.0
KH01301,2025-08-21,466000.0
KH02001,2025-08-21,49000.0
KH01484,2025-08-21,185000.0
KH00444,2025-08-21,844000.0
KH00220,2025-08-21,408000.0
KH00394,2025-08-21,208000.0
KH01555,2025-08-21,309000.0
KH02335,2025-08-21,179000.0
KH01647,2025-08-21,167000.0
KH00155,2025-08-21,53000.0
KH02226,2025-08-21,432000.0
KH00491,2025-08-21,124000.0
KH00334,2025-08-21,450000.0
KH01733,2025-08-21,374000.0
KH00382,2025-08-21,291000.0
KH02300,2025-08-21,450000.0
KH01048,2025-08-21,93000.0
KH01239,2025-08-21,220000.0
KH02109,2025-08-21,152000.0
KH00028,2025-08-21,129000.0
KH01394,2025-08-21,60000.0
KH00324,2025-08-21,151000.0
KH00858,2025-08-21,163000.0
KH01907,2025-08-21,680000.0
KH00877,2025-08-21,486000.0
KH01595,2025-08-21,2411000.0
KH00086,2025-08-21,86000.0
KH01240,2025-08-21,758000.0
KH00473,2025-08-21,425000.0
KH00322,2025-08-21,703000.0
KH02420,2025-08-21,117000.0
KH02110,2025-08-21,74000.0
KH00863,2025-08-21,246000.0
KH02380,2025-08-21,305000.0
KH02222,2025-08-21,679000.0
KH02194,2025-08-21,258000.0
KH01295,2025-08-21,577000.0
KH00004,2025-08-21,348000.0
KH01773,2025-08-21,150000.0
KH00738,2025-08-21,82000.0
KH01374,2025-08-21,131000.0
KH00093,2025-08-21,470000.0
KH01836,2025-08-21,100000.0
KH00686,2025-08-21,137000.0
KH00824,2025-08-21,140000.0
KH01786,2025-08-21,518000.0
KH02433,2025-08-21,82000.0
KH00681,2025-08-21,19000.0
KH02197,2025-08-21,490000.0
KH01195,2025-08-21,76000.0
KH00313,2025-08-21,526000.0
KH01641,2025-08-21,136000.0
KH00434,2025-08-21,665000.0
KH01337,2025-08-21,189000.0
KH01998,2025-08-21,438000.0
KH00512,2025-08-21,113000.0
KH01810,2025-08-21,381000.0
KH00220,2025-08-22,52000.0
KH02420,2025-08-22,54000.0
KH02423,2025-08-22,195000.0
KH01118,2025-08-22,69000.0
KH00634,2025-08-22,116000.0
KH00067,2025-08-22,224000.0
KH02441,2025-08-22,35000.0
KH01326,2025-08-22,80000.0
KH00296,2025-08-22,222000.0
KH00659,2025-08-22,141000.0
KH02286,2025-08-22,558000.0
KH00128,2025-08-22,312000.0
KH00364,2025-08-22,123000.0
KH00527,2025-08-22,293000.0
KH02420,2025-08-22,167000.0
KH01260,2025-08-22,242000.0
KH00117,2025-08-22,145000.0
KH02109,2025-08-22,103000.0
KH02368,2025-08-22,124000.0
KH02311,2025-08-22,225000.0
KH01450,2025-08-22,277000.0
KH01802,2025-08-22,334000.0
KH00982,2025-08-22,302000.0
KH02059,2025-08-22,88000.0
KH02266,2025-08-22,90000.0
KH02018,2025-08-22,152000.0
KH01855,2025-08-22,150000.0
KH01953,2025-08-22,223000.0
KH02059,2025-08-22,252000.0
KH02249,2025-08-22,736000.0
KH01889,2025-08-22,98000.0
KH01796,2025-08-22,330000.0
KH00800,2025-08-22,77000.0
KH00276,2025-08-22,755000.0
KH01183,2025-08-22,62000.0
KH01120,2025-08-22,169000.0
KH01145,2025-08-22,533000.0
KH01892,2025-08-22,452000.0
KH02061,2025-08-22,78000.0
KH00821,2025-08-22,875000.0
KH00553,2025-08-22,83000.0
KH01271,2025-08-22,196000.0
KH00510,2025-08-22,124000.0
KH02178,2025-08-22,126000.0
KH01869,2025-08-22,65000.0
KH01371,2025-08-22,78000.0
KH01337,2025-08-22,165000.0
KH02348,2025-08-22,241000.0
KH00561,2025-08-22,449000.0
KH00151,2025-08-22,345000.0
KH02271,2025-08-22,287000.0
KH00885,2025-08-22,80000.0
KH02137,2025-08-22,447000.0
KH02166,2025-08-22,222000.0
KH00335,2025-08-22,136000.0
KH00627,2025-08-22,120000.0
KH00007,2025-08-22,871000.0
KH01888,2025-08-22,640000.0
KH00127,2025-08-22,120000.0
KH00548,2025-08-22,76000.0
KH00214,2025-08-22,117000.0
KH01333,2025-08-22,62000.0
KH00898,2025-08-22,101000.0
KH02055,2025-08-22,336000.0
KH01325,2025-08-22,177000.0
KH01747,2025-08-22,126000.0
KH01769,2025-08-22,304000.0
KH01045,2025-08-22,201000.0
KH02077,2025-08-22,120000.0
KH01558,2025-08-22,448000.0
KH00153,2025-08-22,193000.0
KH00754,2025-08-22,787000.0
KH00004,2025-08-22,85000.0
KH02408,2025-08-22,342000.0
KH01251,2025-08-22,126000.0
KH01237,2025-08-22,172000.0
KH01291,2025-08-22,58000.0
KH02192,2025-08-22,33000.0
KH00328,2025-08-22,75000.0
KH00154,2025-08-22,238000.0
KH01450,2025-08-22,331000.0
KH00899,2025-08-22,275000.0
KH00850,2025-08-22,234000.0
KH02176,2025-08-22,301000.0
KH01896,2025-08-22,58000.0
KH02152,2025-08-22,143000.0
KH00928,2025-08-22,247000.0
KH02273,2025-08-22,261000.0
KH02038,2025-08-23,128000.0
KH01380,2025-08-23,571000.0
KH00583,2025-08-23,343000.0
KH00377,2025-08-23,125000.0
KH02063,2025-08-23,76000.0
KH01032,2025-08-23,356000.0
KH01382,2025-08-23,123000.0
KH02397,2025-08-23,165000.0
KH00461,2025-08-23,540000.0
KH00448,2025-08-23,1264000.0
KH01064,2025-08-23,789000.0
KH00813,2025-08-23,118000.0
KH02471,2025-08-23,146000.0
KH00646,2025-08-23,411000.0
KH00272,2025-08-23,198000.0
KH00448,2025-08-23,59000.0
KH00145,2025-08-23,102000.0
KH01965,2025-08-23,97000.0
KH02447,2025-08-23,68000.0
KH00719,2025-08-23,252000.0
KH00240,2025-08-23,284000.0
KH00612,2025-08-23,225000.0
KH01170,2025-08-23,965000.0
KH01660,2025-08-23,41000.0
KH00315,2025-08-23,93000.0
KH01222,2025-08-23,184000.0
KH00260,2025-08-23,401000.0
KH00979,2025-08-23,78000.0
KH02074,2025-08-23,160000.0
KH00430,2025-08-23,52000.0
KH01007,2025-08-23,551000.0
KH00726,2025-08-23,130000.0
KH00194,2025-08-23,217000.0
KH01129,2025-08-23,84000.0
KH01556,2025-08-23,120000.0
KH00499,2025-08-23,213000.0
KH00268,2025-08-23,640000.0
KH01865,2025-08-23,197000.0
KH02186,2025-08-23,130000.0
KH01450,2025-08-23,832000.0
KH01058,2025-08-23,262000.0
KH01183,2025-08-23,254000.0
KH00328,2025-08-23,77000.0
KH01987,2025-08-23,99000.0
KH02315,2025-08-23,315000.0
KH01441,2025-08-23,288000.0
KH00220,2025-08-23,227000.0
KH01647,2025-08-23,49000.0
KH00958,2025-08-23,725000.0
KH01705,2025-08-23,82000.0
KH01147,2025-08-23,297000.0
KH00448,2025-08-23,250000.0
KH02185,2025-08-23,123000.0
KH01317,2025-08-23,98000.0
KH01485,2025-08-23,480000.0
KH00434,2025-08-23,152000.0
KH01060,2025-08-23,309000.0
KH01749,2025-08-23,144000.0
KH00856,2025-08-23,281000.0
KH02129,2025-08-23,152000.0
KH01907,2025-08-23,279000.0
KH00478,2025-08-23,93000.0
KH00089,2025-08-23,200000.0
KH00631,2025-08-23,509000.0
KH01941,2025-08-23,299000.0
KH01303,2025-08-23,660000.0
KH00212,2025-08-23,158000.0
KH01750,2025-08-23,43000.0
KH00424,2025-08-23,204000.0
KH02344,2025-08-23,78000.0
KH01403,2025-08-23,524000.0
KH01862,2025-08-23,82000.0
KH00248,2025-08-23,229000.0
KH00801,2025-08-23,261000.0
KH02014,2025-08-23,306000.0
KH01987,2025-08-23,519000.0
KH00576,2025-08-23,188000.0
KH00402,2025-08-23,505000.0
KH00372,2025-08-23,257000.0
KH00453,2025-08-23,114000.0
KH01967,2025-08-23,213000.0
KH00873,2025-08-23,232000.0
KH02162,2025-08-24,102000.0
KH01059,2025-08-24,177000.0
KH00994,2025-08-24,265000.0
KH02234,2025-08-24,67000.0
KH00266,2025-08-24,162000.0
KH02098,2025-08-24,868000.0
KH00261,2025-08-24,78000.0
KH00234,2025-08-24,107000.0
KH00522,2025-08-24,221000.0
KH02489,2025-08-24,583000.0
KH02295,2025-08-24,417000.0
KH00921,2025-08-24,309000.0
KH00209,2025-08-24,107000.0
KH01468,2025-08-24,220000.0
KH02431,2025-08-24,23000.0
KH00765,2025-08-24,233000.0
KH02412,2025-08-24,371000.0
KH01125,2025-08-24,253000.0
KH00124,2025-08-24,104000.0
KH00542,2025-08-24,222000.0
KH01060,2025-08-24,183000.0
KH00849,2025-08-24,515000.0
KH00867,2025-08-24,105000.0
KH01467,2025-08-24,361000.0
KH01884,2025-08-24,1397000.0
KH02095,2025-08-24,145000.0
KH00365,2025-08-24,83000.0
KH00596,2025-08-24,222000.0
KH00765,2025-08-24,572000.0
KH02498,2025-08-24,76000.0
KH00428,2025-08-24,128000.0
KH00954,2025-08-24,1454000.0
KH02254,2025-08-24,511000.0
KH00233,2025-08-24,81000.0
KH01972,2025-08-24,82000.0
KH01066,2025-08-24,162000.0
KH02040,2025-08-24,293000.0
KH00466,2025-08-24,142000.0
KH01484,2025-08-24,42000.0
KH00103,2025-08-24,71000.0
KH02062,2025-08-24,638000.0
KH01776,2025-08-24,135000.0
KH01293,2025-08-24,313000.0
KH00409,2025-08-24,290000.0
KH01980,2025-08-24,678000.0
KH01506,2025-08-24,136000.0
KH02038,2025-08-24,158000.0
KH01843,2025-08-24,157000.0
KH00466,2025-08-24,321000.0
KH01024,2025-08-24,674000.0
KH00922,2025-08-24,123000.0
KH00542,2025-08-24,35000.0
KH02033,2025-08-24,799000.0
KH01931,2025-08-24,88000.0
KH01187,2025-08-24,239000.0
KH02418,2025-08-24,246000.0
KH00248,2025-08-24,158000.0
KH00687,2025-08-24,441000.0
KH02304,2025-08-24,126000.0
KH00292,2025-08-24,152000.0
KH01573,2025-08-24,47000.0
KH01983,2025-08-24,543000.0
KH00245,2025-08-24,160000.0
KH01793,2025-08-24,193000.0
KH01405,2025-08-24,198000.0
KH01851,2025-08-24,131000.0
KH00262,2025-08-24,283000.0
KH00696,2025-08-24,120000.0
KH01759,2025-08-24,1085000.0
KH00954,2025-08-24,660000.0
KH00836,2025-08-24,315000.0
KH01067,2025-08-24,87000.0
KH02360,2025-08-24,68000.0
KH01693,2025-08-24,631000.0
KH01773,2025-08-24,198000.0
KH01915,2025-08-25,211000.0
KH01410,2025-08-25,277000.0
KH00075,2025-08-25,396000.0
KH00138,2025-08-25,314000.0
KH02111,2025-08-25,412000.0
KH02330,2025-08-25,178000.0
KH02090,2025-08-25,53000.0
KH00677,2025-08-25,138000.0
KH01004,2025-08-25,79000.0
KH01534,2025-08-25,1010000.0
KH02447,2025-08-25,225000.0
KH01602,2025-08-25,55000.0
KH01657,2025-08-25,40000.0
KH02287,2025-08-25,1064000.0
KH00240,2025-08-25,492000.0
KH01571,2025-08-25,326000.0
KH01064,2025-08-25,245000.0
KH01311,2025-08-25,661000.0
KH02397,2025-08-25,165000.0
KH01456,2025-08-25,254000.0
KH02251,2025-08-25,71000.0
KH00981,2025-08-25,138000.0
KH02061,2025-08-25,120000.0
KH01730,2025-08-25,421000.0
KH01613,2025-08-25,115000.0
KH00046,2025-08-25,139000.0
KH00787,2025-08-25,134000.0
KH00467,2025-08-25,198000.0
KH00829,2025-08-25,153000.0
KH01800,2025-08-25,309000.0
KH01011,2025-08-25,174000.0
KH00125,2025-08-25,175000.0
KH01118,2025-08-25,320000.0
KH01110,2025-08-25,109000.0
KH02010,2025-08-25,355000.0
KH01199,2025-08-25,118000.0
KH01443,2025-08-25,246000.0
KH00388,2025-08-25,385000.0
KH00984,2025-08-25,493000.0
KH00338,2025-08-25,976000.0
KH01602,2025-08-25,626000.0
KH02214,2025-08-25,68000.0
KH00311,2025-08-25,165000.0
KH01751,2025-08-25,129000.0
KH01732,2025-08-25,446000.0
KH01888,2025-08-25,349000.0
KH02400,2025-08-25,181000.0
KH02128,2025-08-25,426000.0
KH01897,2025-08-25,185000.0
KH00780,2025-08-25,95000.0
KH00555,2025-08-25,177000.0
KH01282,2025-08-25,194000.0
KH01037,2025-08-25,80000.0
KH00197,2025-08-25,593000.0
KH00798,2025-08-25,70000.0
KH00672,2025-08-25,243000.0
KH02490,2025-08-25,72000.0
KH02063,2025-08-25,205000.0
KH01719,2025-08-25,1055000.0
KH00659,2025-08-25,141000.0
KH01001,2025-08-25,681000.0
KH02483,2025-08-25,315000.0
KH02358,2025-08-25,339000.0
KH01237,2025-08-25,308000.0
KH00467,2025-08-25,55000.0
KH00560,2025-08-25,536000.0
KH02024,2025-08-25,246000.0
KH01228,2025-08-25,931000.0
KH00104,2025-08-25,463000.0
KH00699,2025-08-25,839000.0
KH00324,2025-08-25,224000.0
KH00604,2025-08-25,195000.0
KH01359,2025-08-25,136000.0
KH02465,2025-08-25,344000.0
KH00733,2025-08-25,193000.0
KH02194,2025-08-25,297000.0
KH01133,2025-08-25,311000.0
KH02434,2025-08-25,135000.0
KH02379,2025-08-25,260000.0
KH01080,2025-08-25,156000.0
KH00633,2025-08-25,249000.0
KH00575,2025-08-25,1273000.0
KH02273,2025-08-26,70000.0
KH00991,2025-08-26,64000.0
KH01276,2025-08-26,271000.0
KH01755,2025-08-26,212000.0
KH00707,2025-08-26,638000.0
KH02256,2025-08-26,144000.0
KH02268,2025-08-26,646000.0
KH01808,2025-08-26,218000.0
KH01593,2025-08-26,201000.0
KH00795,2025-08-26,181000.0
KH01785,2025-08-26,94000.0
KH02458,2025-08-26,401000.0
KH02478,2025-08-26,96000.0
KH00151,2025-08-26,150000.0
KH00070,2025-08-26,110000.0
KH02265,2025-08-26,223000.0
KH00054,2025-08-26,82000.0
KH01875,2025-08-26,84000.0
KH00239,2025-08-26,827000.0
KH00884,2025-08-26,460000.0
KH00397,2025-08-26,463000.0
KH01616,2025-08-26,173000.0
KH00198,2025-08-26,1178000.0
KH01085,2025-08-26,437000.0
KH00087,2025-08-26,101000.0
KH01929,2025-08-26,113000.0
KH01953,2025-08-26,220000.0
KH01270,2025-08-26,88000.0
KH01454,2025-08-26,242000.0
KH01425,2025-08-26,177000.0
KH00654,2025-08-26,135000.0
KH00854,2025-08-26,514000.0
KH01666,2025-08-26,208000.0
KH00520,2025-08-26,301000.0
KH01500,2025-08-26,77000.0
KH01241,2025-08-26,231000.0
KH01402,2025-08-26,204000.0
KH01465,2025-08-26,163000.0
KH01516,2025-08-26,183000.0
KH01458,2025-08-26,107000.0
KH00315,2025-08-26,193000.0
KH01677,2025-08-26,451000.0
KH02266,2025-08-26,93000.0
KH00841,2025-08-26,254000.0
KH01400,2025-08-26,770000.0
KH01840,2025-08-26,175000.0
KH00424,2025-08-26,91000.0
KH02024,2025-08-26,106000.0
KH01713,2025-08-26,216000.0
KH02019,2025-08-26,287000.0
KH00114,2025-08-26,385000.0
KH00093,2025-08-26,79000.0
KH01668,2025-08-26,1056000.0
KH02231,2025-08-26,67000.0
KH02227,2025-08-26,1097000.0
KH01972,2025-08-26,822000.0
KH00681,2025-08-26,77000.0
KH00596,2025-08-26,694000.0
KH00981,2025-08-26,762000.0
KH01973,2025-08-26,292000.0
KH01380,2025-08-26,70000.0
KH01944,2025-08-26,234000.0
KH00611,2025-08-26,131000.0
KH01781,2025-08-26,420000.0
KH02377,2025-08-26,1317000.0
KH01620,2025-08-26,363000.0
KH01395,2025-08-27,27000.0
KH01576,2025-08-27,157000.0
KH02253,2025-08-27,85000.0
KH00624,2025-08-27,168000.0
KH02320,2025-08-27,133000.0
KH01719,2025-08-27,109000.0
KH00014,2025-08-27,531000.0
KH00454,2025-08-27,247000.0
KH01363,2025-08-27,203000.0
KH00530,2025-08-27,63000.0
KH00574,2025-08-27,151000.0
KH02447,2025-08-27,501000.0
KH00922,2025-08-27,644000.0
KH00831,2025-08-27,84000.0
KH01481,2025-08-27,64000.0
KH00487,2025-08-27,662000.0
KH00953,2025-08-27,554000.0
KH00644,2025-08-27,117000.0
KH01861,2025-08-27,76000.0
KH01811,2025-08-27,566000.0
KH02292,2025-08-27,77000.0
KH00467,2025-08-27,101000.0
KH00836,2025-08-27,97000.0
KH01793,2025-08-27,76000.0
KH02408,2025-08-27,173000.0
KH02422,2025-08-27,345000.0
KH01345,2025-08-27,722000.0
KH01805,2025-08-27,309000.0
KH01884,2025-08-27,300000.0
KH02454,2025-08-27,101000.0
KH01570,2025-08-27,275000.0
KH02347,2025-08-27,321000.0
KH01285,2025-08-27,407000.0
KH00535,2025-08-27,1547000.0
KH01810,2025-08-27,355000.0
KH01836,2025-08-27,261000.0
KH01395,2025-08-27,355000.0
KH01857,2025-08-27,125000.0
KH00641,2025-08-27,158000.0
KH00863,2025-08-27,272000.0
KH00950,2025-08-27,412000.0
KH01843,2025-08-27,588000.0
KH00707,2025-08-27,160000.0
KH01383,2025-08-27,30000.0
KH01334,2025-08-27,110000.0
KH00723,2025-08-27,208000.0
KH00017,2025-08-27,181000.0
KH01193,2025-08-27,46000.0
KH01492,2025-08-27,255000.0
KH02219,2025-08-27,400000.0
KH02037,2025-08-27,33000.0
KH02469,2025-08-27,290000.0
KH01284,2025-08-27,350000.0
KH01058,2025-08-27,80000.0
KH00183,2025-08-27,626000.0
KH00038,2025-08-27,62000.0
KH01436,2025-08-27,183000.0
KH01731,2025-08-27,141000.0
KH02488,2025-08-27,667000.0
KH01122,2025-08-27,420000.0
KH00521,2025-08-27,218000.0
KH00995,2025-08-27,56000.0
KH01072,2025-08-27,544000.0
KH00173,2025-08-27,92000.0
KH01015,2025-08-27,201000.0
KH01849,2025-08-27,46000.0
KH00680,2025-08-27,75000.0
KH01156,2025-08-27,110000.0
KH01871,2025-08-27,445000.0
KH00592,2025-08-27,407000.0
KH00655,2025-08-27,785000.0
KH00346,2025-08-27,155000.0
KH01591,2025-08-27,150000.0
KH00043,2025-08-27,69000.0
KH01402,2025-08-27,195000.0
KH00653,2025-08-27,486000.0
KH02233,2025-08-27,291000.0
KH00904,2025-08-27,153000.0
KH00699,2025-08-27,88000.0
KH00948,2025-08-27,440000.0
KH00537,2025-08-28,162000.0
KH01117,2025-08-28,1215000.0
KH01362,2025-08-28,54000.0
KH00833,2025-08-28,95000.0
KH01430,2025-08-28,354000.0
KH01038,2025-08-28,151000.0
KH01748,2025-08-28,307000.0
KH01456,2025-08-28,132000.0
KH02423,2025-08-28,169000.0
KH01097,2025-08-28,575000.0
KH02421,2025-08-28,154000.0
KH01544,2025-08-28,1103000.0
KH00579,2025-08-28,73000.0
KH02211,2025-08-28,192000.0
KH00789,2025-08-28,108000.0
KH01912,2025-08-28,274000.0
KH01996,2025-08-28,287000.0
KH01709,2025-08-28,112000.0
KH01709,2025-08-28,108000.0
KH02283,2025-08-28,100000.0
KH01192,2025-08-28,151000.0
KH00066,2025-08-28,186000.0
KH01230,2025-08-28,156000.0
KH01016,2025-08-28,106000.0
KH00634,2025-08-28,95000.0
KH00849,2025-08-28,255000.0
KH02295,2025-08-28,336000.0
KH00970,2025-08-28,66000.0
KH00673,2025-08-28,92000.0
KH00328,2025-08-28,221000.0
KH01270,2025-08-28,393000.0
KH01494,2025-08-28,206000.0
KH00099,2025-08-28,144000.0
KH00320,2025-08-28,149000.0
KH00840,2025-08-28,121000.0
KH00932,2025-08-28,153000.0
KH00332,2025-08-28,275000.0
KH01005,2025-08-28,456000.0
KH00199,2025-08-28,173000.0
KH01898,2025-08-28,132000.0
KH00277,2025-08-28,524000.0
KH00441,2025-08-28,62000.0
KH01871,2025-08-28,237000.0
KH00431,2025-08-28,285000.0
KH00692,2025-08-28,218000.0
KH01594,2025-08-28,111000.0
KH02083,2025-08-28,154000.0
KH01619,2025-08-28,657000.0
KH00589,2025-08-28,572000.0
KH02188,2025-08-28,360000.0
KH01779,2025-08-28,184000.0
KH01392,2025-08-28,322000.0
KH02218,2025-08-28,233000.0
KH00717,2025-08-28,205000.0
KH00769,2025-08-28,77000.0
KH00735,2025-08-28,159000.0
KH02022,2025-08-28,509000.0
KH02238,2025-08-28,426000.0
KH01465,2025-08-28,164000.0
KH01855,2025-08-28,489000.0
KH02037,2025-08-28,279000.0
KH01936,2025-08-28,75000.0
KH01170,2025-08-28,1200000.0
KH01164,2025-08-28,116000.0
KH02303,2025-08-28,750000.0
KH00559,2025-08-28,258000.0
KH01604,2025-08-28,54000.0
KH02130,2025-08-28,179000.0
KH02077,2025-08-28,48000.0
KH01819,2025-08-28,382000.0
KH01814,2025-08-28,230000.0
KH00750,2025-08-28,498000.0
KH01803,2025-08-28,152000.0
KH00398,2025-08-28,90000.0
KH01359,2025-08-28,250000.0
KH02433,2025-08-28,208000.0
KH02047,2025-08-28,58000.0
KH01856,2025-08-28,29000.0
KH01935,2025-08-28,155000.0
KH00471,2025-08-28,78000.0
KH02311,2025-08-28,120000.0
KH01412,2025-08-28,172000.0
KH01791,2025-08-28,291000.0
KH00378,2025-08-28,280000.0
KH00460,2025-08-28,454000.0
KH01315,2025-08-29,294000.0
KH02423,2025-08-29,136000.0
KH00191,2025-08-29,72000.0
KH00318,2025-08-29,58000.0
KH01934,2025-08-29,363000.0
KH00662,2025-08-29,163000.0
KH02206,2025-08-29,108000.0
KH01703,2025-08-29,123000.0
KH02186,2025-08-29,63000.0
KH01317,2025-08-29,88000.0
KH00592,2025-08-29,260000.0
KH00721,2025-08-29,255000.0
KH01265,2025-08-29,330000.0
KH00731,2025-08-29,350000.0
KH00465,2025-08-29,219000.0
KH01074,2025-08-29,323000.0
KH02208,2025-08-29,236000.0
KH00552,2025-08-29,133000.0
KH01500,2025-08-29,398000.0
KH01395,2025-08-29,69000.0
KH00650,2025-08-29,183000.0
KH02304,2025-08-29,172000.0
KH01384,2025-08-29,289000.0
KH01978,2025-08-29,80000.0
KH01789,2025-08-29,549000.0
KH01567,2025-08-29,154000.0
KH01148,2025-08-29,165000.0
KH02067,2025-08-29,228000.0
KH02121,2025-08-29,122000.0
KH00961,2025-08-29,163000.0
KH00164,2025-08-29,256000.0
KH00668,2025-08-29,309000.0
KH01553,2025-08-29,441000.0
KH01791,2025-08-29,140000.0
KH01249,2025-08-29,243000.0
KH00758,2025-08-29,214000.0
KH02261,2025-08-29,57000.0
KH00267,2025-08-29,279000.0
KH01228,2025-08-29,245000.0
KH00929,2025-08-29,208000.0
KH02428,2025-08-29,508000.0
KH01796,2025-08-29,259000.0
KH01065,2025-08-29,93000.0
KH02355,2025-08-29,675000.0
KH01656,2025-08-29,249000.0
KH01605,2025-08-29,242000.0
KH01065,2025-08-29,336000.0
KH00352,2025-08-29,81000.0
KH00520,2025-08-29,145000.0
KH02029,2025-08-29,252000.0
KH00258,2025-08-29,313000.0
KH01480,2025-08-29,88000.0
KH00555,2025-08-29,439000.0
KH02491,2025-08-29,407000.0
KH01229,2025-08-29,82000.0
KH00101,2025-08-29,105000.0
KH01485,2025-08-29,58000.0
KH01288,2025-08-29,342000.0
KH01532,2025-08-29,1526000.0
KH02462,2025-08-29,562000.0
KH00354,2025-08-29,417000.0
KH02088,2025-08-29,24000.0
KH01835,2025-08-29,253000.0
KH02408,2025-08-29,705000.0
KH01179,2025-08-29,77000.0
KH01349,2025-08-29,261000.0
KH00509,2025-08-29,122000.0
KH00951,2025-08-29,169000.0
KH00183,2025-08-29,49000.0
KH00689,2025-08-29,969000.0
KH00027,2025-08-29,64000.0
KH00044,2025-08-29,273000.0
KH01392,2025-08-29,77000.0
KH01715,2025-08-29,35000.0
KH00675,2025-08-29,246000.0
KH01146,2025-08-29,366000.0
KH01293,2025-08-29,123000.0
KH02387,2025-08-29,54000.0
KH02111,2025-08-29,91000.0
KH02164,2025-08-29,43000.0
KH01768,2025-08-29,49000.0
KH00012,2025-08-29,350000.0
KH01062,2025-08-29,307000.0
KH00987,2025-08-29,126000.0
KH01057,2025-08-29,567000.0
KH01075,2025-08-29,159000.0
KH00735,2025-08-29,249000.0
KH01741,2025-08-29,123000.0
KH01739,2025-08-29,136000.0
KH00363,2025-08-29,193000.0
KH00647,2025-08-29,153000.0
KH01375,2025-08-29,56000.0
KH00341,2025-08-29,317000.0
KH01087,2025-08-29,40000.0
KH00487,2025-08-29,385000.0
KH01777,2025-08-29,732000.0
KH02348,2025-08-30,112000.0
KH01154,2025-08-30,170000.0
KH01062,2025-08-30,430000.0
KH00601,2025-08-30,2146000.0
KH02118,2025-08-30,608000.0
KH01432,2025-08-30,886000.0
KH01751,2025-08-30,839000.0
KH01602,2025-08-30,96000.0
KH01836,2025-08-30,500000.0
KH01824,2025-08-30,212000.0
KH00462,2025-08-30,178000.0
KH01047,2025-08-30,78000.0
KH02204,2025-08-30,225000.0
KH01458,2025-08-30,86000.0
KH00963,2025-08-30,272000.0
KH00913,2025-08-30,491000.0
KH02225,2025-08-30,419000.0
KH00488,2025-08-30,70000.0
KH00378,2025-08-30,181000.0
KH01773,2025-08-30,37000.0
KH02119,2025-08-30,273000.0
KH01881,2025-08-30,339000.0
KH01730,2025-08-30,38000.0
KH01344,2025-08-30,137000.0
KH01053,2025-08-30,516000.0
KH01734,2025-08-30,119000.0
KH01008,2025-08-30,293000.0
KH00027,2025-08-30,90000.0
KH00974,2025-08-30,228000.0
KH00465,2025-08-30,409000.0
KH01214,2025-08-30,167000.0
KH01685,2025-08-30,199000.0
KH01077,2025-08-30,427000.0
KH01971,2025-08-30,139000.0
KH00553,2025-08-30,473000.0
KH00308,2025-08-30,69000.0
KH01821,2025-08-30,95000.0
KH01401,2025-08-30,272000.0
KH00104,2025-08-30,283000.0
KH02360,2025-08-30,174000.0
KH00771,2025-08-30,134000.0
KH00233,2025-08-30,196000.0
KH00194,2025-08-30,152000.0
KH01285,2025-08-30,58000.0
KH01402,2025-08-30,162000.0
KH02142,2025-08-30,338000.0
KH00177,2025-08-30,73000.0
KH00454,2025-08-30,555000.0
KH01506,2025-08-30,152000.0
KH00512,2025-08-30,114000.0
KH01796,2025-08-30,68000.0
KH00440,2025-08-30,67000.0
KH01118,2025-08-30,302000.0
KH01610,2025-08-30,108000.0
KH02303,2025-08-30,267000.0
KH00062,2025-08-30,350000.0
KH01994,2025-08-30,103000.0
KH00877,2025-08-30,93000.0
KH02215,2025-08-30,91000.0
KH02179,2025-08-30,1361000.0
KH01178,2025-08-30,53000.0
KH02353,2025-08-30,18000.0
KH00659,2025-08-30,78000.0
KH01023,2025-08-30,429000.0
KH00327,2025-08-30,405000.0
KH00609,2025-08-30,141000.0
KH00487,2025-08-30,174000.0
KH01670,2025-08-30,52000.0
KH02188,2025-08-30,265000.0
KH00537,2025-08-30,109000.0
KH00882,2025-08-30,431000.0
KH00278,2025-08-30,91000.0
KH01777,2025-08-30,288000.0
KH02376,2025-08-30,311000.0
KH01011,2025-08-30,348000.0
KH00573,2025-08-30,244000.0
KH01833,2025-08-30,132000.0
KH00041,2025-08-30,368000.0
KH02427,2025-08-30,163000.0
KH00398,2025-08-30,542000.0
KH01880,2025-08-30,142000.0
KH01935,2025-08-30,163000.0
KH01118,2025-08-30,208000.0
KH00154,2025-08-30,43000.0
KH01479,2025-08-30,635000.0
KH01582,2025-08-30,221000.0
KH01433,2025-08-30,111000.0
KH00004,2025-08-30,176000.0
KH00648,2025-08-30,179000.0
KH00154,2025-08-30,118000.0
KH01652,2025-08-30,166000.0
KH00264,2025-08-30,166000.0
KH00868,2025-08-30,79000.0
KH01481,2025-08-31,623000.0
KH02100,2025-08-31,386000.0
KH00458,2025-08-31,734000.0
KH00392,2025-08-31,141000.0
KH01470,2025-08-31,322000.0
KH00681,2025-08-31,178000.0
KH02230,2025-08-31,115000.0
KH02222,2025-08-31,157000.0
KH01460,2025-08-31,502000.0
KH01082,2025-08-31,643000.0
KH00353,2025-08-31,1869000.0
KH01994,2025-08-31,59000.0
KH01463,2025-08-31,412000.0
KH00324,2025-08-31,196000.0
KH01712,2025-08-31,647000.0
KH00738,2025-08-31,74000.0
KH02057,2025-08-31,62000.0
KH01885,2025-08-31,188000.0
KH00519,2025-08-31,73000.0
KH02409,2025-08-31,159000.0
KH01292,2025-08-31,38000.0
KH01860,2025-08-31,206000.0
KH02344,2025-08-31,174000.0
KH02472,2025-08-31,98000.0
KH02254,2025-08-31,81000.0
KH00305,2025-08-31,183000.0
KH02019,2025-08-31,82000.0
KH00191,2025-08-31,137000.0
KH01371,2025-08-31,194000.0
KH00086,2025-08-31,147000.0
KH01092,2025-08-31,599000.0
KH01159,2025-08-31,517000.0
KH00440,2025-08-31,256000.0
KH02215,2025-08-31,303000.0
KH01647,2025-08-31,180000.0
KH01207,2025-08-31,2849000.0
KH01192,2025-08-31,40000.0
KH01395,2025-08-31,318000.0
KH00789,2025-08-31,76000.0
KH02009,2025-08-31,152000.0
KH00273,2025-08-31,1307000.0
KH00611,2025-08-31,228000.0
KH01656,2025-08-31,65000.0
KH00263,2025-08-31,235000.0
KH02311,2025-08-31,207000.0
KH00838,2025-08-31,116000.0
KH00382,2025-08-31,364000.0
KH00076,2025-08-31,543000.0
KH00248,2025-08-31,507000.0
KH02397,2025-08-31,389000.0
KH00268,2025-08-31,160000.0
KH02216,2025-08-31,176000.0
KH02329,2025-08-31,134000.0
KH00300,2025-08-31,240000.0
KH02421,2025-08-31,136000.0
KH01410,2025-08-31,303000.0
KH02371,2025-08-31,42000.0
KH01902,2025-08-31,47000.0
KH00539,2025-08-31,338000.0
KH01397,2025-08-31,1078000.0
KH00404,2025-08-31,149000.0
KH01665,2025-08-31,580000.0
KH02208,2025-08-31,147000.0
KH00733,2025-08-31,290000.0
KH01912,2025-08-31,446000.0
KH00199,2025-08-31,168000.0
KH01610,2025-08-31,786000.0
KH01482,2025-08-31,121000.0
KH02260,2025-08-31,155000.0
KH01810,2025-08-31,213000.0
KH01835,2025-08-31,416000.0
KH02141,2025-08-31,95000.0
KH01963,2025-08-31,169000.0
KH01582,2025-08-31,101000.0
KH01120,2025-08-31,193000.0
KH02204,2025-08-31,126000.0
KH01782,2025-08-31,194000.0
KH01916,2025-08-31,197000.0
KH02457,2025-09-01,522000.0
KH02408,2025-09-01,144000.0
KH01857,2025-09-01,346000.0
KH00583,2025-09-01,127000.0
KH00290,2025-09-01,87000.0
KH02158,2025-09-01,233000.0
KH01205,2025-09-01,311000.0
KH01106,2025-09-01,92000.0
KH02006,2025-09-01,180000.0
KH01136,2025-09-01,200000.0
KH02125,2025-09-01,192000.0
KH00115,2025-09-01,786000.0
KH00425,2025-09-01,117000.0
KH01259,2025-09-01,144000.0
KH01559,2025-09-01,395000.0
KH00040,2025-09-01,182000.0
KH02436,2025-09-01,152000.0
KH00524,2025-09-01,173000.0
KH00268,2025-09-01,272000.0
KH00680,2025-09-01,399000.0
KH00584,2025-09-01,116000.0
KH01593,2025-09-01,181000.0
KH00159,2025-09-01,191000.0
KH00535,2025-09-01,458000.0
KH00086,2025-09-01,223000.0
KH00618,2025-09-01,712000.0
KH01342,2025-09-01,877000.0
KH01500,2025-09-01,596000.0
KH00273,2025-09-01,44000.0
KH00368,2025-09-01,348000.0
KH00828,2025-09-01,247000.0
KH02177,2025-09-01,105000.0
KH01405,2025-09-01,457000.0
KH00168,2025-09-01,646000.0
KH01342,2025-09-01,415000.0
KH02095,2025-09-01,70000.0
KH00550,2025-09-01,240000.0
KH01625,2025-09-01,306000.0
KH01185,2025-09-01,115000.0
KH01377,2025-09-01,266000.0
KH00145,2025-09-01,316000.0
KH00284,2025-09-01,151000.0
KH00023,2025-09-01,209000.0
KH02001,2025-09-01,265000.0
KH02232,2025-09-01,174000.0
KH02408,2025-09-01,206000.0
KH02333,2025-09-01,84000.0
KH02268,2025-09-01,663000.0
KH00432,2025-09-01,639000.0
KH00289,2025-09-01,413000.0
KH00942,2025-09-01,135000.0
KH02317,2025-09-01,189000.0
KH00448,2025-09-01,438000.0
KH01760,2025-09-01,164000.0
KH02213,2025-09-01,131000.0
KH02268,2025-09-01,676000.0
KH00901,2025-09-01,494000.0
KH01144,2025-09-01,147000.0
KH01353,2025-09-01,325000.0
KH01218,2025-09-01,168000.0
KH01404,2025-09-01,179000.0
KH00009,2025-09-01,46000.0
KH02083,2025-09-01,142000.0
KH01295,2025-09-01,104000.0
KH00842,2025-09-01,166000.0
KH02153,2025-09-01,80000.0
KH01815,2025-09-01,151000.0
KH01848,2025-09-01,304000.0
KH02349,2025-09-01,76000.0
KH01781,2025-09-01,434000.0
KH01064,2025-09-01,1649000.0
KH01385,2025-09-01,201000.0
KH00860,2025-09-01,64000.0
KH01270,2025-09-01,231000.0
KH00278,2025-09-01,668000.0
KH02478,2025-09-01,112000.0
KH00785,2025-09-01,541000.0
KH00716,2025-09-01,82000.0
KH01787,2025-09-01,265000.0
KH01746,2025-09-01,203000.0
KH00922,2025-09-01,134000.0
KH00600,2025-09-01,1542000.0
KH01641,2025-09-02,123000.0
KH01767,2025-09-02,83000.0
KH00856,2025-09-02,423000.0
KH02309,2025-09-02,116000.0
KH00415,2025-09-02,279000.0
KH00611,2025-09-02,317000.0
KH01182,2025-09-02,31000.0
KH01098,2025-09-02,237000.0
KH01090,2025-09-02,58000.0
KH00114,2025-09-02,338000.0
KH01202,2025-09-02,136000.0
KH00369,2025-09-02,316000.0
KH01424,2025-09-02,523000.0
KH02321,2025-09-02,69000.0
KH01554,2025-09-02,139000.0
KH00027,2025-09-02,243000.0
KH00492,2025-09-02,104000.0
KH01182,2025-09-02,124000.0
KH00164,2025-09-02,65000.0
KH00329,2025-09-02,325000.0
KH01046,2025-09-02,125000.0
KH00278,2025-09-02,366000.0
KH01472,2025-09-02,147000.0
KH01618,2025-09-02,66000.0
KH00078,2025-09-02,286000.0
KH01118,2025-09-02,98000.0
KH00680,2025-09-02,662000.0
KH01173,2025-09-02,242000.0
KH02076,2025-09-02,107000.0
KH01567,2025-09-02,60000.0
KH00428,2025-09-02,176000.0
KH02083,2025-09-02,173000.0
KH00281,2025-09-02,119000.0
KH01769,2025-09-02,71000.0
KH02109,2025-09-02,178000.0
KH02016,2025-09-02,582000.0
KH00722,2025-09-02,193000.0
KH01322,2025-09-02,70000.0
KH01035,2025-09-02,165000.0
KH02278,2025-09-02,511000.0
KH01181,2025-09-02,427000.0
KH01464,2025-09-02,256000.0
KH01029,2025-09-02,73000.0
KH02156,2025-09-02,114000.0
KH00721,2025-09-02,147000.0
KH00324,2025-09-02,200000.0
KH00682,2025-09-02,146000.0
KH02220,2025-09-02,537000.0
KH00195,2025-09-02,75000.0
KH00116,2025-09-02,78000.0
KH00958,2025-09-02,232000.0
KH00074,2025-09-02,130000.0
KH00075,2025-09-02,111000.0
KH00233,2025-09-02,48000.0
KH02162,2025-09-02,180000.0
KH01843,2025-09-02,88000.0
KH00335,2025-09-02,122000.0
KH00159,2025-09-02,89000.0
KH01836,2025-09-02,90000.0
KH02270,2025-09-02,138000.0
KH01275,2025-09-02,119000.0
KH00143,2025-09-02,76000.0
KH00235,2025-09-02,42000.0
KH00813,2025-09-02,186000.0
KH01920,2025-09-02,274000.0
KH00198,2025-09-02,873000.0
KH00868,2025-09-02,285000.0
KH00116,2025-09-02,683000.0
KH02311,2025-09-02,112000.0
KH02161,2025-09-02,498000.0
KH01863,2025-09-02,151000.0
KH01627,2025-09-02,202000.0
KH00458,2025-09-02,95000.0
KH00938,2025-09-02,105000.0
KH00934,2025-09-02,817000.0
KH01648,2025-09-02,217000.0
KH02026,2025-09-02,831000.0
KH01338,2025-09-02,296000.0
KH00217,2025-09-02,226000.0
KH00662,2025-09-02,184000.0
KH01114,2025-09-02,235000.0
KH00725,2025-09-02,161000.0
KH01881,2025-09-02,197000.0
KH00680,2025-09-02,143000.0
KH01268,2025-09-02,486000.0
KH02175,2025-09-02,144000.0
KH00156,2025-09-02,147000.0
KH01605,2025-09-02,115000.0
KH01383,2025-09-02,87000.0
KH02344,2025-09-02,269000.0
KH00650,2025-09-02,71000.0
KH00143,2025-09-02,82000.0
KH02164,2025-09-02,60000.0
KH01293,2025-09-03,193000.0
KH01863,2025-09-03,978000.0
KH02300,2025-09-03,427000.0
KH01766,2025-09-03,142000.0
KH00575,2025-09-03,463000.0
KH01880,2025-09-03,303000.0
KH02254,2025-09-03,92000.0
KH02254,2025-09-03,75000.0
KH01149,2025-09-03,494000.0
KH01724,2025-09-03,217000.0
KH01433,2025-09-03,565000.0
KH01123,2025-09-03,263000.0
KH02071,2025-09-03,562000.0
KH01833,2025-09-03,56000.0
KH00674,2025-09-03,105000.0
KH02490,2025-09-03,937000.0
KH01620,2025-09-03,292000.0
KH02223,2025-09-03,198000.0
KH02408,2025-09-03,70000.0
KH02386,2025-09-03,210000.0
KH01480,2025-09-03,208000.0
KH01959,2025-09-03,331000.0
KH00076,2025-09-03,332000.0
KH02391,2025-09-03,260000.0
KH01443,2025-09-03,158000.0
KH02368,2025-09-03,241000.0
KH00252,2025-09-03,148000.0
KH01919,2025-09-03,761000.0
KH00780,2025-09-03,270000.0
KH00070,2025-09-03,233000.0
KH01529,2025-09-03,130000.0
KH02199,2025-09-03,282000.0
KH02090,2025-09-03,714000.0
KH01381,2025-09-03,140000.0
KH00548,2025-09-03,265000.0
KH02388,2025-09-03,169000.0
KH00216,2025-09-03,82000.0
KH02153,2025-09-03,91000.0
KH01249,2025-09-03,146000.0
KH01287,2025-09-03,150000.0
KH01022,2025-09-03,101000.0
KH01401,2025-09-03,168000.0
KH00770,2025-09-03,121000.0
KH01798,2025-09-03,1572000.0
KH00460,2025-09-03,336000.0
KH00719,2025-09-03,901000.0
KH01405,2025-09-03,311000.0
KH02479,2025-09-03,76000.0
KH00972,2025-09-03,367000.0
KH01063,2025-09-03,134000.0
KH01087,2025-09-03,145000.0
KH00228,2025-09-03,696000.0
KH01100,2025-09-03,266000.0
KH01109,2025-09-03,106000.0
KH02104,2025-09-03,207000.0
KH00488,2025-09-03,142000.0
KH00558,2025-09-03,29000.0
KH00984,2025-09-03,254000.0
KH01613,2025-09-03,134000.0
KH02314,2025-09-03,102000.0
KH02327,2025-09-03,353000.0
KH01891,2025-09-03,84000.0
KH01092,2025-09-03,366000.0
KH01323,2025-09-03,242000.0
KH01457,2025-09-03,261000.0
KH00472,2025-09-03,243000.0
KH00856,2025-09-03,89000.0
KH00273,2025-09-03,377000.0
KH02230,2025-09-03,115000.0
KH00236,2025-09-03,370000.0
KH00293,2025-09-03,156000.0
KH00455,2025-09-03,573000.0
KH00986,2025-09-03,228000.0
KH02358,2025-09-03,1007000.0
KH02168,2025-09-03,105000.0
KH01920,2025-09-03,236000.0
KH00191,2025-09-03,331000.0
KH00801,2025-09-03,88000.0
KH00028,2025-09-03,66000.0
KH01362,2025-09-03,339000.0
KH00251,2025-09-03,541000.0
KH00619,2025-09-03,107000.0
KH02061,2025-09-03,59000.0
KH01836,2025-09-03,485000.0
KH01705,2025-09-03,298000.0
KH01177,2025-09-03,183000.0
KH00832,2025-09-04,116000.0
KH00509,2025-09-04,200000.0
KH01278,2025-09-04,204000.0
KH02213,2025-09-04,148000.0
KH00572,2025-09-04,198000.0
KH00415,2025-09-04,92000.0
KH02465,2025-09-04,72000.0
KH01282,2025-09-04,77000.0
KH00067,2025-09-04,275000.0
KH02325,2025-09-04,48000.0
KH01350,2025-09-04,179000.0
KH02150,2025-09-04,234000.0
KH00328,2025-09-04,357000.0
KH01823,2025-09-04,172000.0
KH01271,2025-09-04,387000.0
KH00445,2025-09-04,74000.0
KH00333,2025-09-04,312000.0
KH02264,2025-09-04,110000.0
KH00165,2025-09-04,81000.0
KH00891,2025-09-04,150000.0
KH01395,2025-09-04,634000.0
KH01848,2025-09-04,694000.0
KH01372,2025-09-04,162000.0
KH00724,2025-09-04,167000.0
KH00278,2025-09-04,470000.0
KH02340,2025-09-04,110000.0
KH01294,2025-09-04,596000.0
KH01375,2025-09-04,60000.0
KH01335,2025-09-04,667000.0
KH01853,2025-09-04,171000.0
KH00681,2025-09-04,344000.0
KH02189,2025-09-04,256000.0
KH02401,2025-09-04,125000.0
KH01958,2025-09-04,154000.0
KH01703,2025-09-04,75000.0
KH00104,2025-09-04,69000.0
KH01904,2025-09-04,605000.0
KH00954,2025-09-04,363000.0
KH00880,2025-09-04,2363000.0
KH01024,2025-09-04,181000.0
KH00704,2025-09-04,124000.0
KH01464,2025-09-04,69000.0
KH01327,2025-09-04,335000.0
KH02479,2025-09-04,117000.0
KH00041,2025-09-04,807000.0
KH00557,2025-09-04,248000.0
KH01877,2025-09-04,237000.0
KH00087,2025-09-04,405000.0
KH01094,2025-09-04,94000.0
KH01552,2025-09-04,98000.0
KH02218,2025-09-04,292000.0
KH02266,2025-09-04,376000.0
KH00009,2025-09-04,287000.0
KH01412,2025-09-04,209000.0
KH02473,2025-09-04,1234000.0
KH01089,2025-09-04,60000.0
KH01134,2025-09-04,223000.0
KH02284,2025-09-04,138000.0
KH02207,2025-09-04,117000.0
KH02000,2025-09-04,658000.0
KH00990,2025-09-04,575000.0
KH02374,2025-09-04,408000.0
KH01369,2025-09-04,84000.0
KH01744,2025-09-04,454000.0
KH02113,2025-09-04,375000.0
KH01787,2025-09-04,293000.0
KH00542,2025-09-04,188000.0
KH02278,2025-09-04,125000.0
KH00396,2025-09-04,68000.0
KH01733,2025-09-04,63000.0
KH00170,2025-09-04,93000.0
KH01454,2025-09-04,135000.0
KH00293,2025-09-04,220000.0
KH02121,2025-09-04,591000.0
KH01421,2025-09-04,44000.0
KH00533,2025-09-04,908000.0
KH02237,2025-09-04,354000.0
KH00104,2025-09-04,216000.0
KH00648,2025-09-04,276000.0
KH02458,2025-09-05,138000.0
KH01544,2025-09-05,306000.0
KH01435,2025-09-05,92000.0
KH00891,2025-09-05,231000.0
KH01456,2025-09-05,253000.0
KH01183,2025-09-05,637000.0
KH00690,2025-09-05,284000.0
KH02083,2025-09-05,113000.0
KH00290,2025-09-05,162000.0
KH02060,2025-09-05,71000.0
KH00092,2025-09-05,50000.0
KH01896,2025-09-05,241000.0
KH00441,2025-09-05,158000.0
KH01220,2025-09-05,121000.0
KH01536,2025-09-05,211000.0
KH01422,2025-09-05,157000.0
KH00613,2025-09-05,86000.0
KH01470,2025-09-05,195000.0
KH00168,2025-09-05,800000.0
KH00131,2025-09-05,148000.0
KH01388,2025-09-05,128000.0
KH01808,2025-09-05,241000.0
KH01397,2025-09-05,129000.0
KH01098,2025-09-05,957000.0
KH00820,2025-09-05,98000.0
KH01909,2025-09-05,808000.0
KH02003,2025-09-05,513000.0
KH01561,2025-09-05,307000.0
KH02457,2025-09-05,685000.0
KH00158,2025-09-05,208000.0
KH01997,2025-09-05,144000.0
KH02305,2025-09-05,205000.0
KH02348,2025-09-05,384000.0
KH00597,2025-09-05,161000.0
KH00305,2025-09-05,232000.0
KH00863,2025-09-05,104000.0
KH02128,2025-09-05,119000.0
KH00707,2025-09-05,96000.0
KH02372,2025-09-05,72000.0
KH02443,2025-09-05,440000.0
KH00561,2025-09-05,117000.0
KH02421,2025-09-05,238000.0
KH02401,2025-09-05,136000.0
KH00884,2025-09-05,448000.0
KH00328,2025-09-05,659000.0
KH00813,2025-09-05,172000.0
KH01799,2025-09-05,905000.0
KH01967,2025-09-05,130000.0
KH01818,2025-09-05,434000.0
KH01564,2025-09-05,372000.0
KH00833,2025-09-05,314000.0
KH02122,2025-09-05,106000.0
KH00269,2025-09-05,24000.0
KH00436,2025-09-05,295000.0
KH00067,2025-09-05,196000.0
KH00114,2025-09-05,38000.0
KH00248,2025-09-05,65000.0
KH00032,2025-09-05,541000.0
KH00012,2025-09-05,103000.0
KH01001,2025-09-05,168000.0
KH02434,2025-09-05,139000.0
KH02030,2025-09-05,224000.0
KH01857,2025-09-05,277000.0
KH00151,2025-09-05,61000.0
KH01851,2025-09-05,127000.0
KH00560,2025-09-05,165000.0
KH01516,2025-09-05,231000.0
KH02360,2025-09-05,557000.0
KH00969,2025-09-05,203000.0
KH00509,2025-09-05,296000.0
KH02286,2025-09-05,147000.0
KH02482,2025-09-05,587000.0
KH01441,2025-09-05,149000.0
KH01118,2025-09-05,399000.0
KH01500,2025-09-05,63000.0
KH01461,2025-09-05,1283000.0
KH00547,2025-09-05,68000.0
KH01538,2025-09-05,187000.0
KH00371,2025-09-05,71000.0
KH02005,2025-09-05,426000.0
KH01728,2025-09-05,21000.0
KH01884,2025-09-06,180000.0
KH00409,2025-09-06,100000.0
KH02495,2025-09-06,210000.0
KH01321,2025-09-06,314000.0
KH00609,2025-09-06,60000.0
KH01132,2025-09-06,77000.0
KH01040,2025-09-06,121000.0
KH01880,2025-09-06,401000.0
KH01742,2025-09-06,93000.0
KH00218,2025-09-06,506000.0
KH00432,2025-09-06,178000.0
KH01488,2025-09-06,51000.0
KH00859,2025-09-06,153000.0
KH00599,2025-09-06,671000.0
KH01574,2025-09-06,142000.0
KH01433,2025-09-06,221000.0
KH00060,2025-09-06,116000.0
KH02287,2025-09-06,89000.0
KH01666,2025-09-06,470000.0
KH01788,2025-09-06,145000.0
KH00294,2025-09-06,75000.0
KH00502,2025-09-06,175000.0
KH01510,2025-09-06,18000.0
KH01939,2025-09-06,53000.0
KH01201,2025-09-06,180000.0
KH02251,2025-09-06,888000.0
KH00311,2025-09-06,238000.0
KH00868,2025-09-06,312000.0
KH02371,2025-09-06,238000.0
KH01839,2025-09-06,99000.0
KH02015,2025-09-06,423000.0
KH01154,2025-09-06,128000.0
KH00478,2025-09-06,450000.0
KH00878,2025-09-06,100000.0
KH00211,2025-09-06,214000.0
KH02397,2025-09-06,42000.0
KH01494,2025-09-06,332000.0
KH00916,2025-09-06,62000.0
KH00949,2025-09-06,47000.0
KH02224,2025-09-06,492000.0
KH01773,2025-09-06,333000.0
KH00677,2025-09-06,146000.0
KH01390,2025-09-06,133000.0
KH01366,2025-09-06,294000.0
KH00360,2025-09-06,192000.0
KH02033,2025-09-06,105000.0
KH02251,2025-09-06,82000.0
KH01528,2025-09-06,863000.0
KH01293,2025-09-06,105000.0
KH01925,2025-09-06,40000.0
KH01694,2025-09-06,106000.0
KH01577,2025-09-06,179000.0
KH00640,2025-09-06,357000.0
KH00499,2025-09-06,213000.0
KH00377,2025-09-06,75000.0
KH01573,2025-09-06,139000.0
KH00578,2025-09-06,217000.0
KH00158,2025-09-06,1886000.0
KH01020,2025-09-06,75000.0
KH01976,2025-09-06,459000.0
KH00212,2025-09-06,42000.0
KH00333,2025-09-06,1812000.0
KH01403,2025-09-06,551000.0
KH01398,2025-09-06,545000.0
KH01730,2025-09-06,89000.0
KH00235,2025-09-06,339000.0
KH00176,2025-09-06,326000.0
KH02133,2025-09-06,98000.0
KH02034,2025-09-06,365000.0
KH02320,2025-09-06,146000.0
KH02259,2025-09-06,277000.0
KH01351,2025-09-06,98000.0
KH00533,2025-09-06,278000.0
KH00543,2025-09-06,208000.0
KH02118,2025-09-06,122000.0
KH01014,2025-09-06,110000.0
KH01395,2025-09-06,154000.0
KH01651,2025-09-06,267000.0
KH01185,2025-09-07,305000.0
KH02303,2025-09-07,202000.0
KH02071,2025-09-07,115000.0
KH01555,2025-09-07,112000.0
KH01702,2025-09-07,187000.0
KH00076,2025-09-07,63000.0
KH02065,2025-09-07,136000.0
KH01001,2025-09-07,228000.0
KH02383,2025-09-07,109000.0
KH00316,2025-09-07,92000.0
KH02134,2025-09-07,554000.0
KH00888,2025-09-07,344000.0
KH02093,2025-09-07,526000.0
KH01599,2025-09-07,116000.0
KH02067,2025-09-07,127000.0
KH02362,2025-09-07,236000.0
KH00449,2025-09-07,110000.0
KH00383,2025-09-07,82000.0
KH01933,2025-09-07,469000.0
KH01260,2025-09-07,69000.0
KH01798,2025-09-07,51000.0
KH02151,2025-09-07,203000.0
KH00315,2025-09-07,176000.0
KH01668,2025-09-07,134000.0
KH00017,2025-09-07,90000.0
KH01932,2025-09-07,225000.0
KH00365,2025-09-07,819000.0
KH01248,2025-09-07,589000.0
KH00601,2025-09-07,199000.0
KH01331,2025-09-07,108000.0
KH01401,2025-09-07,352000.0
KH00327,2025-09-07,85000.0
KH01004,2025-09-07,295000.0
KH01751,2025-09-07,365000.0
KH02412,2025-09-07,41000.0
KH00535,2025-09-07,67000.0
KH01557,2025-09-07,174000.0
KH00636,2025-09-07,132000.0
KH01935,2025-09-07,327000.0
KH00337,2025-09-07,303000.0
KH00506,2025-09-07,284000.0
KH01502,2025-09-07,99000.0
KH00104,2025-09-07,195000.0
KH02344,2025-09-07,636000.0
KH01506,2025-09-07,339000.0
KH00682,2025-09-07,432000.0
KH00931,2025-09-07,173000.0
KH02275,2025-09-07,275000.0
KH02208,2025-09-07,145000.0
KH00389,2025-09-07,396000.0
KH00043,2025-09-07,63000.0
KH02231,2025-09-07,42000.0
KH01392,2025-09-07,856000.0
KH02356,2025-09-07,138000.0
KH01495,2025-09-07,94000.0
KH00252,2025-09-07,37000.0
KH02366,2025-09-07,92000.0
KH00294,2025-09-07,289000.0
KH00447,2025-09-07,80000.0
KH01381,2025-09-07,196000.0
KH01472,2025-09-07,369000.0
KH01948,2025-09-07,899000.0
KH01958,2025-09-07,686000.0
KH00041,2025-09-07,27000.0
KH00973,2025-09-07,151000.0
KH01709,2025-09-07,183000.0
KH02240,2025-09-07,463000.0
KH01318,2025-09-07,95000.0
KH02012,2025-09-07,179000.0
KH00844,2025-09-07,69000.0
KH01558,2025-09-07,862000.0
KH00529,2025-09-07,275000.0
KH01287,2025-09-07,324000.0
KH01560,2025-09-07,970000.0
KH00441,2025-09-07,104000.0
KH01263,2025-09-07,115000.0
KH00126,2025-09-07,137000.0
KH01841,2025-09-07,372000.0
KH02293,2025-09-07,313000.0
KH01229,2025-09-07,150000.0
KH02224,2025-09-08,76000.0
KH00448,2025-09-08,647000.0
KH01436,2025-09-08,231000.0
KH01656,2025-09-08,404000.0
KH01246,2025-09-08,436000.0
KH00983,2025-09-08,69000.0
KH00391,2025-09-08,735000.0
KH00741,2025-09-08,268000.0
KH01918,2025-09-08,422000.0
KH01370,2025-09-08,237000.0
KH01028,2025-09-08,275000.0
KH01815,2025-09-08,389000.0
KH01214,2025-09-08,447000.0
KH00615,2025-09-08,412000.0
KH00358,2025-09-08,80000.0
KH01888,2025-09-08,153000.0
KH00316,2025-09-08,411000.0
KH02390,2025-09-08,234000.0
KH01465,2025-09-08,162000.0
KH01038,2025-09-08,177000.0
KH01069,2025-09-08,573000.0
KH00943,2025-09-08,207000.0
KH02398,2025-09-08,663000.0
KH01557,2025-09-08,45000.0
KH01028,2025-09-08,69000.0
KH01587,2025-09-08,371000.0
KH01686,2025-09-08,214000.0
KH00600,2025-09-08,113000.0
KH00228,2025-09-08,161000.0
KH01536,2025-09-08,304000.0
KH00898,2025-09-08,143000.0
KH01346,2025-09-08,69000.0
KH01216,2025-09-08,133000.0
KH00197,2025-09-08,203000.0
KH02065,2025-09-08,534000.0
KH02261,2025-09-08,88000.0
KH02118,2025-09-08,365000.0
KH00878,2025-09-08,132000.0
KH02039,2025-09-08,222000.0
KH01333,2025-09-08,325000.0
KH00616,2025-09-08,126000.0
KH01307,2025-09-08,458000.0
KH01676,2025-09-08,118000.0
KH00689,2025-09-08,135000.0
KH02178,2025-09-08,189000.0
KH02420,2025-09-08,105000.0
KH01233,2025-09-08,112000.0
KH01934,2025-09-08,543000.0
KH01810,2025-09-08,152000.0
KH01012,2025-09-08,251000.0
KH00402,2025-09-08,93000.0
KH02169,2025-09-08,166000.0
KH01798,2025-09-08,124000.0
KH01865,2025-09-08,106000.0
KH00799,2025-09-08,154000.0
KH01106,2025-09-08,128000.0
KH00537,2025-09-08,191000.0
KH00525,2025-09-08,155000.0
KH00845,2025-09-08,97000.0
KH00821,2025-09-08,76000.0
KH00993,2025-09-08,317000.0
KH00901,2025-09-08,174000.0
KH00258,2025-09-08,90000.0
KH00360,2025-09-08,137000.0
KH02201,2025-09-08,143000.0
KH02142,2025-09-08,598000.0
KH01354,2025-09-08,175000.0
KH01656,2025-09-08,491000.0
KH00150,2025-09-08,125000.0
KH00315,2025-09-08,783000.0
KH02447,2025-09-08,471000.0
KH00637,2025-09-08,129000.0
KH01496,2025-09-08,166000.0
KH00723,2025-09-08,558000.0
KH00878,2025-09-08,163000.0
KH01331,2025-09-08,266000.0
KH00012,2025-09-08,493000.0
KH00202,2025-09-08,101000.0
KH01296,2025-09-08,281000.0
KH01810,2025-09-08,170000.0
KH01918,2025-09-08,144000.0
KH02360,2025-09-08,107000.0
KH00716,2025-09-08,270000.0
KH00958,2025-09-08,165000.0
KH02057,2025-09-08,87000.0
KH01767,2025-09-08,105000.0
KH00374,2025-09-08,205000.0
KH01697,2025-09-08,137000.0
KH01776,2025-09-09,428000.0
KH02477,2025-09-09,142000.0
KH01392,2025-09-09,168000.0
KH02338,2025-09-09,48000.0
KH00718,2025-09-09,112000.0
KH00509,2025-09-09,184000.0
KH01705,2025-09-09,299000.0
KH01004,2025-09-09,104000.0
KH00377,2025-09-09,150000.0
KH01727,2025-09-09,70000.0
KH01038,2025-09-09,168000.0
KH00236,2025-09-09,81000.0
KH01838,2025-09-09,97000.0
KH01642,2025-09-09,223000.0
KH00649,2025-09-09,83000.0
KH00296,2025-09-09,344000.0
KH01046,2025-09-09,81000.0
KH00596,2025-09-09,319000.0
KH00592,2025-09-09,79000.0
KH01566,2025-09-09,247000.0
KH02272,2025-09-09,178000.0
KH01183,2025-09-09,173000.0
KH00438,2025-09-09,281000.0
KH02311,2025-09-09,302000.0
KH01815,2025-09-09,115000.0
KH01958,2025-09-09,68000.0
KH00188,2025-09-09,168000.0
KH02436,2025-09-09,89000.0
KH00968,2025-09-09,144000.0
KH00869,2025-09-09,136000.0
KH01109,2025-09-09,101000.0
KH00272,2025-09-09,47000.0
KH00006,2025-09-09,89000.0
KH01269,2025-09-09,292000.0
KH01766,2025-09-09,58000.0
KH00531,2025-09-09,105000.0
KH01344,2025-09-09,255000.0
KH02434,2025-09-09,539000.0
KH00029,2025-09-09,232000.0
KH00321,2025-09-09,113000.0
KH00940,2025-09-09,286000.0
KH00335,2025-09-09,127000.0
KH00891,2025-09-09,278000.0
KH01057,2025-09-09,53000.0
KH01395,2025-09-09,233000.0
KH02441,2025-09-09,372000.0
KH00491,2025-09-09,1049000.0
KH00016,2025-09-09,281000.0
KH01431,2025-09-09,177000.0
KH01626,2025-09-09,60000.0
KH00468,2025-09-09,148000.0
KH00543,2025-09-09,152000.0
KH00101,2025-09-09,305000.0
KH01786,2025-09-09,131000.0
KH00032,2025-09-09,118000.0
KH01748,2025-09-09,75000.0
KH01860,2025-09-09,305000.0
KH00077,2025-09-09,420000.0
KH00239,2025-09-09,249000.0
KH02327,2025-09-09,229000.0
KH01767,2025-09-09,177000.0
KH00767,2025-09-09,576000.0
KH00725,2025-09-09,286000.0
KH01128,2025-09-09,67000.0
KH00898,2025-09-09,267000.0
KH01965,2025-09-09,229000.0
KH02457,2025-09-09,75000.0
KH00964,2025-09-09,179000.0
KH02411,2025-09-09,117000.0
KH00808,2025-09-09,255000.0
KH01178,2025-09-09,178000.0
KH01195,2025-09-09,548000.0
KH01942,2025-09-09,113000.0
KH00796,2025-09-09,170000.0
KH00577,2025-09-09,215000.0
KH00050,2025-09-09,745000.0
KH00689,2025-09-09,394000.0
KH02351,2025-09-09,90000.0
KH00988,2025-09-09,99000.0
KH01240,2025-09-09,156000.0
KH02138,2025-09-09,287000.0
KH02029,2025-09-09,595000.0
KH01083,2025-09-09,59000.0
KH01214,2025-09-09,826000.0
KH01614,2025-09-09,479000.0
KH01674,2025-09-09,96000.0
KH02291,2025-09-09,687000.0
KH00725,2025-09-10,410000.0
KH01344,2025-09-10,312000.0
KH01536,2025-09-10,158000.0
KH02061,2025-09-10,197000.0
KH00141,2025-09-10,477000.0
KH01588,2025-09-10,235000.0
KH01257,2025-09-10,162000.0
KH02022,2025-09-10,142000.0
KH02167,2025-09-10,184000.0
KH01536,2025-09-10,110000.0
KH00749,2025-09-10,163000.0
KH02454,2025-09-10,378000.0
KH00188,2025-09-10,79000.0
KH00981,2025-09-10,295000.0
KH02031,2025-09-10,776000.0
KH01475,2025-09-10,302000.0
KH02359,2025-09-10,78000.0
KH00697,2025-09-10,67000.0
KH01786,2025-09-10,449000.0
KH01431,2025-09-10,62000.0
KH01098,2025-09-10,120000.0
KH00849,2025-09-10,665000.0
KH00378,2025-09-10,853000.0
KH00408,2025-09-10,158000.0
KH01574,2025-09-10,161000.0
KH02234,2025-09-10,75000.0
KH00485,2025-09-10,372000.0
KH00528,2025-09-10,94000.0
KH02254,2025-09-10,161000.0
KH01217,2025-09-10,333000.0
KH00649,2025-09-10,81000.0
KH01840,2025-09-10,113000.0
KH01408,2025-09-10,621000.0
KH00479,2025-09-10,431000.0
KH01820,2025-09-10,726000.0
KH01668,2025-09-10,70000.0
KH01402,2025-09-10,94000.0
KH01460,2025-09-10,209000.0
KH01023,2025-09-10,272000.0
KH00773,2025-09-10,217000.0
KH01072,2025-09-10,39000.0
KH00232,2025-09-10,656000.0
KH01884,2025-09-10,69000.0
KH01711,2025-09-10,65000.0
KH01958,2025-09-10,176000.0
KH02337,2025-09-10,447000.0
KH01889,2025-09-10,418000.0
KH00936,2025-09-10,231000.0
KH00487,2025-09-10,406000.0
KH00300,2025-09-10,114000.0
KH01504,2025-09-10,385000.0
KH01599,2025-09-10,144000.0
KH02166,2025-09-10,303000.0
KH00348,2025-09-10,133000.0
KH01472,2025-09-10,225000.0
KH01905,2025-09-10,181000.0
KH01811,2025-09-10,357000.0
KH00032,2025-09-10,100000.0
KH01402,2025-09-10,46000.0
KH00195,2025-09-10,156000.0
KH00647,2025-09-10,75000.0
KH01351,2025-09-10,413000.0
KH00611,2025-09-10,134000.0
KH01982,2025-09-10,355000.0
KH02360,2025-09-10,146000.0
KH00281,2025-09-10,181000.0
KH00769,2025-09-10,57000.0
KH00725,2025-09-10,1262000.0
KH01322,2025-09-10,103000.0
KH00742,2025-09-10,482000.0
KH01385,2025-09-10,557000.0
KH02419,2025-09-10,83000.0
KH01500,2025-09-10,84000.0
KH01257,2025-09-10,41000.0
KH01959,2025-09-10,59000.0
KH02401,2025-09-10,283000.0
KH01088,2025-09-10,301000.0
KH00820,2025-09-10,274000.0
KH01413,2025-09-11,355000.0
KH01683,2025-09-11,237000.0
KH01747,2025-09-11,445000.0
KH01989,2025-09-11,224000.0
KH01196,2025-09-11,127000.0
KH00313,2025-09-11,271000.0
KH00074,2025-09-11,108000.0
KH01454,2025-09-11,88000.0
KH02371,2025-09-11,529000.0
KH00509,2025-09-11,90000.0
KH00413,2025-09-11,186000.0
KH02109,2025-09-11,501000.0
KH00365,2025-09-11,453000.0
KH01553,2025-09-11,229000.0
KH00673,2025-09-11,333000.0
KH00438,2025-09-11,199000.0
KH02267,2025-09-11,576000.0
KH01090,2025-09-11,25000.0
KH01727,2025-09-11,49000.0
KH02131,2025-09-11,285000.0
KH00955,2025-09-11,278000.0
KH01528,2025-09-11,168000.0
KH00420,2025-09-11,111000.0
KH00943,2025-09-11,111000.0
KH00365,2025-09-11,119000.0
KH00641,2025-09-11,198000.0
KH00684,2025-09-11,169000.0
KH01202,2025-09-11,592000.0
KH01500,2025-09-11,123000.0
KH00825,2025-09-11,602000.0
KH01976,2025-09-11,391000.0
KH01857,2025-09-11,204000.0
KH00240,2025-09-11,123000.0
KH02189,2025-09-11,266000.0
KH01364,2025-09-11,134000.0
KH00357,2025-09-11,194000.0
KH00067,2025-09-11,178000.0
KH00574,2025-09-11,101000.0
KH00420,2025-09-11,219000.0
KH00198,2025-09-11,523000.0
KH00282,2025-09-11,304000.0
KH02201,2025-09-11,315000.0
KH00558,2025-09-11,318000.0
KH01497,2025-09-11,220000.0
KH01700,2025-09-11,284000.0
KH02146,2025-09-11,269000.0
KH02341,2025-09-11,186000.0
KH01593,2025-09-11,81000.0
KH02303,2025-09-11,274000.0
KH01942,2025-09-11,90000.0
KH01021,2025-09-11,154000.0
KH00545,2025-09-11,96000.0
KH00645,2025-09-11,884000.0
KH02018,2025-09-12,892000.0
KH00491,2025-09-12,618000.0
KH00901,2025-09-12,69000.0
KH01315,2025-09-12,204000.0
KH00004,2025-09-12,296000.0
KH02489,2025-09-12,279000.0
KH01941,2025-09-12,532000.0
KH00228,2025-09-12,110000.0
KH00648,2025-09-12,332000.0
KH02408,2025-09-12,232000.0
KH01887,2025-09-12,56000.0
KH01709,2025-09-12,624000.0
KH01380,2025-09-12,466000.0
KH01137,2025-09-12,138000.0
KH00404,2025-09-12,132000.0
KH01022,2025-09-12,50000.0
KH01475,2025-09-12,1569000.0
KH01615,2025-09-12,152000.0
KH00125,2025-09-12,81000.0
KH01987,2025-09-12,582000.0
KH02287,2025-09-12,806000.0
KH01502,2025-09-12,184000.0
KH02213,2025-09-12,414000.0
KH00016,2025-09-12,463000.0
KH00836,2025-09-12,172000.0
KH00933,2025-09-12,457000.0
KH00559,2025-09-12,527000.0
KH02254,2025-09-12,159000.0
KH01283,2025-09-12,210000.0
KH02130,2025-09-12,38000.0
KH02015,2025-09-12,177000.0
KH02423,2025-09-12,88000.0
KH02442,2025-09-12,103000.0
KH01516,2025-09-12,48000.0
KH01133,2025-09-12,301000.0
KH02481,2025-09-12,316000.0
KH01201,2025-09-12,267000.0
KH02432,2025-09-12,120000.0
KH01374,2025-09-12,444000.0
KH00694,2025-09-12,154000.0
KH00991,2025-09-12,438000.0
KH01398,2025-09-12,597000.0
KH02471,2025-09-12,506000.0
KH00699,2025-09-12,65000.0
KH00526,2025-09-12,71000.0
KH02045,2025-09-12,458000.0
KH00719,2025-09-12,44000.0
KH00478,2025-09-12,192000.0
KH02327,2025-09-12,844000.0
KH00473,2025-09-12,242000.0
KH02067,2025-09-12,83000.0
KH02270,2025-09-12,24000.0
KH01410,2025-09-12,89000.0
KH00849,2025-09-12,136000.0
KH01693,2025-09-12,556000.0
KH01144,2025-09-12,115000.0
KH02430,2025-09-12,197000.0
KH00850,2025-09-12,94000.0
KH01737,2025-09-12,172000.0
KH00629,2025-09-12,141000.0
KH00654,2025-09-12,154000.0
KH00941,2025-09-12,110000.0
KH01231,2025-09-12,92000.0
KH02354,2025-09-12,685000.0
KH00699,2025-09-12,300000.0
KH02061,2025-09-12,89000.0
KH00171,2025-09-12,113000.0
KH01187,2025-09-12,556000.0
KH01490,2025-09-12,402000.0
KH01331,2025-09-12,119000.0
KH01771,2025-09-12,367000.0
KH00028,2025-09-12,146000.0
KH01613,2025-09-12,422000.0
KH01139,2025-09-12,338000.0
KH02030,2025-09-12,94000.0
KH00204,2025-09-12,638000.0
KH00415,2025-09-12,166000.0
KH00660,2025-09-12,84000.0
KH00861,2025-09-12,1052000.0
KH00727,2025-09-12,141000.0
KH01201,2025-09-12,553000.0
KH00827,2025-09-12,133000.0
KH01124,2025-09-12,288000.0
KH02122,2025-09-12,419000.0
KH00310,2025-09-13,95000.0
KH02344,2025-09-13,484000.0
KH00542,2025-09-13,30000.0
KH01919,2025-09-13,105000.0
KH01879,2025-09-13,58000.0
KH01627,2025-09-13,274000.0
KH00869,2025-09-13,152000.0
KH00530,2025-09-13,353000.0
KH02194,2025-09-13,141000.0
KH01857,2025-09-13,202000.0
KH01485,2025-09-13,425000.0
KH01702,2025-09-13,164000.0
KH01254,2025-09-13,256000.0
KH00753,2025-09-13,782000.0
KH01112,2025-09-13,250000.0
KH01732,2025-09-13,70000.0
KH00192,2025-09-13,172000.0
KH00185,2025-09-13,171000.0
KH02278,2025-09-13,383000.0
KH00810,2025-09-13,350000.0
KH00124,2025-09-13,357000.0
KH01420,2025-09-13,260000.0
KH00133,2025-09-13,226000.0
KH00187,2025-09-13,701000.0
KH00295,2025-09-13,233000.0
KH00622,2025-09-13,458000.0
KH01056,2025-09-13,120000.0
KH00275,2025-09-13,183000.0
KH01120,2025-09-13,137000.0
KH00502,2025-09-13,537000.0
KH00558,2025-09-13,379000.0
KH01448,2025-09-13,290000.0
KH02286,2025-09-13,409000.0
KH01239,2025-09-13,53000.0
KH02344,2025-09-13,124000.0
KH01495,2025-09-13,106000.0
KH00200,2025-09-13,219000.0
KH00852,2025-09-13,202000.0
KH00078,2025-09-13,42000.0
KH00844,2025-09-13,385000.0
KH01751,2025-09-13,151000.0
KH02423,2025-09-13,46000.0
KH01848,2025-09-13,158000.0
KH01636,2025-09-13,121000.0
KH01869,2025-09-13,205000.0
KH00188,2025-09-13,189000.0
KH02104,2025-09-13,78000.0
KH00629,2025-09-13,176000.0
KH00199,2025-09-13,440000.0
KH02253,2025-09-13,211000.0
KH01209,2025-09-13,572000.0
KH01705,2025-09-13,233000.0
KH01180,2025-09-13,324000.0
KH00772,2025-09-13,188000.0
KH00519,2025-09-13,218000.0
KH01125,2025-09-13,64000.0
KH02395,2025-09-13,142000.0
KH02231,2025-09-13,130000.0
KH01269,2025-09-13,166000.0
KH00156,2025-09-13,523000.0
KH01590,2025-09-13,97000.0
KH02314,2025-09-13,40000.0
KH01646,2025-09-13,224000.0
KH01770,2025-09-13,355000.0
KH01214,2025-09-13,294000.0
KH00365,2025-09-13,386000.0
KH01431,2025-09-13,136000.0
KH02134,2025-09-13,252000.0
KH00204,2025-09-13,93000.0
KH01261,2025-09-13,249000.0
KH02129,2025-09-13,96000.0
KH00416,2025-09-13,410000.0
KH01373,2025-09-13,311000.0
KH00079,2025-09-13,314000.0
KH02270,2025-09-13,207000.0
KH01747,2025-09-13,169000.0
KH00890,2025-09-13,165000.0
KH00016,2025-09-13,194000.0
KH01502,2025-09-13,337000.0
KH01826,2025-09-14,15000.0
KH01605,2025-09-14,138000.0
KH00791,2025-09-14,264000.0
KH00560,2025-09-14,95000.0
KH01622,2025-09-14,156000.0
KH00760,2025-09-14,80000.0
KH01662,2025-09-14,235000.0
KH02223,2025-09-14,352000.0
KH02244,2025-09-14,314000.0
KH01349,2025-09-14,110000.0
KH01245,2025-09-14,372000.0
KH01935,2025-09-14,190000.0
KH00555,2025-09-14,107000.0
KH00157,2025-09-14,86000.0
KH00921,2025-09-14,410000.0
KH00646,2025-09-14,794000.0
KH02311,2025-09-14,195000.0
KH02452,2025-09-14,244000.0
KH00318,2025-09-14,195000.0
KH02408,2025-09-14,364000.0
KH01603,2025-09-14,155000.0
KH02063,2025-09-14,195000.0
KH00868,2025-09-14,139000.0
KH01573,2025-09-14,326000.0
KH00674,2025-09-14,205000.0
KH01094,2025-09-14,589000.0
KH01257,2025-09-14,62000.0
KH00872,2025-09-14,154000.0
KH01844,2025-09-14,91000.0
KH02166,2025-09-14,159000.0
KH00879,2025-09-14,144000.0
KH02083,2025-09-14,570000.0
KH02433,2025-09-14,172000.0
KH00334,2025-09-14,126000.0
KH00398,2025-09-14,486000.0
KH01329,2025-09-14,45000.0
KH00296,2025-09-14,225000.0
KH00757,2025-09-14,1408000.0
KH00224,2025-09-14,345000.0
KH02169,2025-09-14,75000.0
KH01522,2025-09-14,160000.0
KH01291,2025-09-14,202000.0
KH00440,2025-09-14,45000.0
KH01816,2025-09-14,260000.0
KH01583,2025-09-14,226000.0
KH02428,2025-09-14,481000.0
KH00240,2025-09-14,188000.0
KH00750,2025-09-14,117000.0
KH00822,2025-09-14,387000.0
KH00683,2025-09-14,260000.0
KH00151,2025-09-14,224000.0
KH02268,2025-09-14,148000.0
KH00737,2025-09-14,651000.0
KH02273,2025-09-14,132000.0
KH00124,2025-09-14,31000.0
KH01344,2025-09-14,324000.0
KH00995,2025-09-14,98000.0
KH01934,2025-09-14,165000.0
KH00382,2025-09-14,148000.0
KH00033,2025-09-14,503000.0
KH01560,2025-09-14,150000.0
KH01237,2025-09-14,433000.0
KH00637,2025-09-14,584000.0
KH00016,2025-09-14,670000.0
KH02473,2025-09-14,212000.0
KH02208,2025-09-14,135000.0
KH00064,2025-09-14,324000.0
KH00747,2025-09-14,366000.0
KH00086,2025-09-14,232000.0
KH01667,2025-09-14,231000.0
KH00261,2025-09-14,205000.0
KH02480,2025-09-14,233000.0
KH00273,2025-09-14,232000.0
KH01579,2025-09-14,273000.0
KH00016,2025-09-14,274000.0
KH01396,2025-09-14,348000.0
KH01574,2025-09-14,267000.0
KH00564,2025-09-14,75000.0
KH00067,2025-09-14,172000.0
KH01577,2025-09-14,224000.0
KH00278,2025-09-14,333000.0
KH01840,2025-09-14,85000.0
KH00849,2025-09-14,380000.0
KH00248,2025-09-14,62000.0
KH01958,2025-09-14,173000.0
KH00437,2025-09-14,288000.0
KH02270,2025-09-14,285000.0
KH00886,2025-09-14,927000.0
KH01004,2025-09-14,49000.0
KH02368,2025-09-14,198000.0
KH00825,2025-09-14,67000.0
KH00965,2025-09-14,196000.0
KH01353,2025-09-15,337000.0
KH02183,2025-09-15,193000.0
KH00078,2025-09-15,30000.0
KH00033,2025-09-15,306000.0
KH02103,2025-09-15,131000.0
KH01008,2025-09-15,408000.0
KH01964,2025-09-15,180000.0
KH01073,2025-09-15,206000.0
KH00062,2025-09-15,492000.0
KH00606,2025-09-15,139000.0
KH02203,2025-09-15,581000.0
KH00956,2025-09-15,63000.0
KH02008,2025-09-15,68000.0
KH00520,2025-09-15,212000.0
KH02229,2025-09-15,314000.0
KH01386,2025-09-15,568000.0
KH00279,2025-09-15,511000.0
KH01080,2025-09-15,411000.0
KH00509,2025-09-15,219000.0
KH01490,2025-09-15,66000.0
KH01715,2025-09-15,158000.0
KH02470,2025-09-15,130000.0
KH00752,2025-09-15,131000.0
KH00949,2025-09-15,70000.0
KH01918,2025-09-15,57000.0
KH00559,2025-09-15,217000.0
KH02276,2025-09-15,44000.0
KH00217,2025-09-15,418000.0
KH00580,2025-09-15,426000.0
KH01971,2025-09-15,243000.0
KH01475,2025-09-15,57000.0
KH00364,2025-09-15,171000.0
KH00707,2025-09-15,131000.0
KH00330,2025-09-15,186000.0
KH01013,2025-09-15,169000.0
KH02156,2025-09-15,244000.0
KH00689,2025-09-15,275000.0
KH01265,2025-09-15,143000.0
KH02303,2025-09-15,300000.0
KH00505,2025-09-15,122000.0
KH00231,2025-09-15,225000.0
KH01397,2025-09-15,273000.0
KH01023,2025-09-15,377000.0
KH01300,2025-09-15,130000.0
KH02467,2025-09-15,323000.0
KH02197,2025-09-15,163000.0
KH00858,2025-09-15,108000.0
KH01433,2025-09-15,293000.0
KH02046,2025-09-15,324000.0
KH00571,2025-09-15,270000.0
KH01958,2025-09-15,114000.0
KH01958,2025-09-15,81000.0
KH00532,2025-09-15,132000.0
KH00647,2025-09-15,80000.0
KH01817,2025-09-15,137000.0
KH00017,2025-09-15,147000.0
KH02061,2025-09-15,136000.0
KH02071,2025-09-15,1206000.0
KH02251,2025-09-15,121000.0
KH01933,2025-09-15,481000.0
KH02233,2025-09-15,434000.0
KH02052,2025-09-15,215000.0
KH01161,2025-09-15,93000.0
KH01004,2025-09-15,173000.0
KH02453,2025-09-15,63000.0
KH01425,2025-09-15,178000.0
KH02300,2025-09-15,127000.0
KH01641,2025-09-15,53000.0
KH01678,2025-09-15,111000.0
KH01887,2025-09-15,958000.0
KH01596,2025-09-15,83000.0
KH00289,2025-09-15,1077000.0
KH00037,2025-09-15,198000.0
KH00027,2025-09-15,87000.0
KH02420,2025-09-15,125000.0
KH02273,2025-09-15,138000.0
KH02470,2025-09-15,230000.0
KH02240,2025-09-15,881000.0
KH00923,2025-09-15,118000.0
KH02060,2025-09-15,112000.0
KH00837,2025-09-15,479000.0
KH02479,2025-09-15,127000.0
KH00816,2025-09-15,165000.0
KH00307,2025-09-15,128000.0
KH01836,2025-09-15,247000.0
KH00455,2025-09-15,116000.0
KH00692,2025-09-15,155000.0
KH01093,2025-09-15,164000.0
KH02101,2025-09-15,139000.0
KH00502,2025-09-15,176000.0
KH02160,2025-09-15,41000.0
KH01402,2025-09-15,290000.0
KH02362,2025-09-15,136000.0
KH00485,2025-09-15,134000.0
KH00741,2025-09-15,120000.0
KH02166,2025-09-15,206000.0
KH02413,2025-09-15,135000.0
KH00552,2025-09-15,77000.0
KH01547,2025-09-16,204000.0
KH02264,2025-09-16,92000.0
KH02075,2025-09-16,413000.0
KH00172,2025-09-16,118000.0
KH02377,2025-09-16,332000.0
KH00520,2025-09-16,232000.0
KH01548,2025-09-16,334000.0
KH01595,2025-09-16,169000.0
KH01414,2025-09-16,308000.0
KH00122,2025-09-16,437000.0
KH01532,2025-09-16,186000.0
KH01793,2025-09-16,164000.0
KH00041,2025-09-16,520000.0
KH00254,2025-09-16,366000.0
KH01358,2025-09-16,455000.0
KH00021,2025-09-16,80000.0
KH00329,2025-09-16,43000.0
KH02348,2025-09-16,350000.0
KH02250,2025-09-16,174000.0
KH00192,2025-09-16,624000.0
KH01517,2025-09-16,74000.0
KH02458,2025-09-16,182000.0
KH00870,2025-09-16,260000.0
KH00537,2025-09-16,77000.0
KH00300,2025-09-16,310000.0
KH00305,2025-09-16,249000.0
KH00509,2025-09-16,245000.0
KH02482,2025-09-16,1100000.0
KH00543,2025-09-16,72000.0
KH02052,2025-09-16,241000.0
KH01902,2025-09-16,142000.0
KH01281,2025-09-16,280000.0
KH01742,2025-09-16,321000.0
KH00725,2025-09-16,199000.0
KH01375,2025-09-16,124000.0
KH01016,2025-09-16,605000.0
KH00624,2025-09-16,169000.0
KH02127,2025-09-16,105000.0
KH01170,2025-09-16,334000.0
KH00365,2025-09-16,356000.0
KH00299,2025-09-16,141000.0
KH01273,2025-09-16,265000.0
KH01896,2025-09-16,176000.0
KH01409,2025-09-16,179000.0
KH00576,2025-09-16,59000.0
KH00480,2025-09-16,147000.0
KH00936,2025-09-16,54000.0
KH01987,2025-09-16,290000.0
KH00866,2025-09-16,96000.0
KH00844,2025-09-16,257000.0
KH00527,2025-09-16,164000.0
KH02273,2025-09-16,162000.0
KH01516,2025-09-16,550000.0
KH01061,2025-09-16,229000.0
KH01177,2025-09-16,228000.0
KH00451,2025-09-16,99000.0
KH01651,2025-09-16,149000.0
KH00263,2025-09-16,152000.0
KH01893,2025-09-16,357000.0
KH02104,2025-09-16,42000.0
KH01936,2025-09-16,683000.0
KH02098,2025-09-16,315000.0
KH00863,2025-09-16,490000.0
KH02160,2025-09-16,418000.0
KH02336,2025-09-16,272000.0
KH01395,2025-09-16,80000.0
KH00335,2025-09-16,390000.0
KH02134,2025-09-16,345000.0
KH01009,2025-09-16,85000.0
KH01544,2025-09-16,884000.0
KH02199,2025-09-16,209000.0
KH01766,2025-09-16,215000.0
KH02268,2025-09-16,196000.0
KH00272,2025-09-16,386000.0
KH00642,2025-09-16,122000.0
KH02183,2025-09-16,281000.0
KH00989,2025-09-16,247000.0
KH00184,2025-09-16,1107000.0
KH00515,2025-09-16,371000.0
KH00548,2025-09-16,240000.0
KH00750,2025-09-16,627000.0
KH01853,2025-09-16,154000.0
KH00940,2025-09-16,1056000.0
KH01214,2025-09-17,152000.0
KH01102,2025-09-17,536000.0
KH02066,2025-09-17,43000.0
KH01322,2025-09-17,355000.0
KH02397,2025-09-17,266000.0
KH00047,2025-09-17,169000.0
KH00723,2025-09-17,708000.0
KH02229,2025-09-17,172000.0
KH00527,2025-09-17,136000.0
KH01930,2025-09-17,73000.0
KH01962,2025-09-17,143000.0
KH00772,2025-09-17,94000.0
KH01415,2025-09-17,132000.0
KH00868,2025-09-17,135000.0
KH01220,2025-09-17,365000.0
KH00110,2025-09-17,2048000.0
KH01098,2025-09-17,168000.0
KH01264,2025-09-17,211000.0
KH01500,2025-09-17,85000.0
KH00211,2025-09-17,682000.0
KH00856,2025-09-17,123000.0
KH00582,2025-09-17,92000.0
KH00548,2025-09-17,23000.0
KH02432,2025-09-17,42000.0
KH02248,2025-09-17,144000.0
KH01556,2025-09-17,439000.0
KH00860,2025-09-17,1371000.0
KH00642,2025-09-17,73000.0
KH00398,2025-09-17,729000.0
KH01829,2025-09-17,215000.0
KH00170,2025-09-17,156000.0
KH01748,2025-09-17,486000.0
KH01837,2025-09-17,87000.0
KH01202,2025-09-17,310000.0
KH01335,2025-09-17,376000.0
KH02083,2025-09-17,361000.0
KH00653,2025-09-17,333000.0
KH00595,2025-09-17,47000.0
KH01633,2025-09-17,267000.0
KH00570,2025-09-17,473000.0
KH01583,2025-09-17,440000.0
KH01254,2025-09-17,699000.0
KH00527,2025-09-17,97000.0
KH00381,2025-09-17,247000.0
KH00813,2025-09-17,103000.0
KH00697,2025-09-17,336000.0
KH00725,2025-09-17,179000.0
KH01156,2025-09-17,142000.0
KH01057,2025-09-17,974000.0
KH01677,2025-09-17,59000.0
KH01327,2025-09-17,405000.0
KH02252,2025-09-17,510000.0
KH01911,2025-09-17,211000.0
KH00970,2025-09-17,145000.0
KH01224,2025-09-17,46000.0
KH01461,2025-09-17,252000.0
KH01062,2025-09-17,192000.0
KH01230,2025-09-17,569000.0
KH01498,2025-09-17,80000.0
KH01335,2025-09-17,113000.0
KH00813,2025-09-17,365000.0
KH02432,2025-09-17,75000.0
KH01933,2025-09-17,144000.0
KH01642,2025-09-17,239000.0
KH02183,2025-09-17,186000.0
KH02315,2025-09-17,166000.0
KH01770,2025-09-17,1089000.0
KH00533,2025-09-17,112000.0
KH00460,2025-09-17,62000.0
KH00055,2025-09-17,79000.0
KH01244,2025-09-17,157000.0
KH00726,2025-09-17,146000.0
KH02001,2025-09-17,17000.0
KH01826,2025-09-17,151000.0
KH01857,2025-09-17,216000.0
KH01035,2025-09-17,181000.0
KH01880,2025-09-17,123000.0
KH00434,2025-09-17,147000.0
KH01195,2025-09-17,201000.0
KH00064,2025-09-17,106000.0
KH00219,2025-09-17,125000.0
KH01004,2025-09-17,64000.0
KH02327,2025-09-18,173000.0
KH02144,2025-09-18,52000.0
KH01101,2025-09-18,273000.0
KH00156,2025-09-18,779000.0
KH00723,2025-09-18,442000.0
KH01680,2025-09-18,268000.0
KH02299,2025-09-18,381000.0
KH00901,2025-09-18,109000.0
KH00559,2025-09-18,264000.0
KH00973,2025-09-18,140000.0
KH01098,2025-09-18,174000.0
KH02314,2025-09-18,122000.0
KH00915,2025-09-18,400000.0
KH00542,2025-09-18,104000.0
KH01013,2025-09-18,149000.0
KH01412,2025-09-18,106000.0
KH00750,2025-09-18,896000.0
KH02020,2025-09-18,65000.0
KH00860,2025-09-18,160000.0
KH00768,2025-09-18,136000.0
KH02291,2025-09-18,147000.0
KH00379,2025-09-18,1023000.0
KH01912,2025-09-18,207000.0
KH00091,2025-09-18,249000.0
KH01625,2025-09-18,238000.0
KH00660,2025-09-18,44000.0
KH00266,2025-09-18,334000.0
KH02067,2025-09-18,243000.0
KH02320,2025-09-18,33000.0
KH01182,2025-09-18,154000.0
KH01519,2025-09-18,118000.0
KH01055,2025-09-18,129000.0
KH00278,2025-09-18,61000.0
KH00278,2025-09-18,119000.0
KH02231,2025-09-18,14000.0
KH01344,2025-09-18,646000.0
KH01492,2025-09-18,42000.0
KH00415,2025-09-18,79000.0
KH00094,2025-09-18,475000.0
KH00869,2025-09-18,445000.0
KH01777,2025-09-18,371000.0
KH01300,2025-09-18,20000.0
KH00166,2025-09-18,808000.0
KH01094,2025-09-18,251000.0
KH02100,2025-09-18,1163000.0
KH02283,2025-09-18,342000.0
KH01713,2025-09-18,105000.0
KH01341,2025-09-18,80000.0
KH00217,2025-09-18,133000.0
KH01394,2025-09-18,156000.0
KH01237,2025-09-18,167000.0
KH00341,2025-09-18,106000.0
KH00535,2025-09-18,79000.0
KH01381,2025-09-18,284000.0
KH00253,2025-09-18,143000.0
KH02473,2025-09-18,281000.0
KH01496,2025-09-18,155000.0
KH01202,2025-09-18,131000.0
KH00194,2025-09-18,88000.0
KH02101,2025-09-18,554000.0
KH00561,2025-09-18,152000.0
KH01925,2025-09-18,200000.0
KH00145,2025-09-18,232000.0
KH02067,2025-09-18,51000.0
KH02122,2025-09-18,189000.0
KH01249,2025-09-18,46000.0
KH01186,2025-09-18,171000.0
KH01320,2025-09-18,156000.0
KH01715,2025-09-18,43000.0
KH00997,2025-09-18,145000.0
KH00837,2025-09-18,61000.0
KH01257,2025-09-18,406000.0
KH01380,2025-09-18,233000.0
KH01719,2025-09-18,46000.0
KH01076,2025-09-18,262000.0
KH00971,2025-09-18,244000.0
KH01747,2025-09-18,138000.0
KH02251,2025-09-18,518000.0
KH00813,2025-09-18,63000.0
KH01255,2025-09-18,64000.0
KH00641,2025-09-18,211000.0
KH02195,2025-09-18,159000.0
KH02201,2025-09-18,157000.0
KH00465,2025-09-18,229000.0
KH02231,2025-09-19,301000.0
KH00657,2025-09-19,186000.0
KH01772,2025-09-19,153000.0
KH01059,2025-09-19,505000.0
KH01929,2025-09-19,156000.0
KH00537,2025-09-19,290000.0
KH01612,2025-09-19,154000.0
KH02454,2025-09-19,223000.0
KH01951,2025-09-19,118000.0
KH02428,2025-09-19,421000.0
KH01622,2025-09-19,664000.0
KH01938,2025-09-19,2596000.0
KH02268,2025-09-19,310000.0
KH01391,2025-09-19,337000.0
KH01922,2025-09-19,219000.0
KH00986,2025-09-19,172000.0
KH02148,2025-09-19,81000.0
KH02325,2025-09-19,257000.0
KH02413,2025-09-19,161000.0
KH01128,2025-09-19,175000.0
KH00894,2025-09-19,138000.0
KH00699,2025-09-19,104000.0
KH01285,2025-09-19,544000.0
KH01257,2025-09-19,74000.0
KH00170,2025-09-19,208000.0
KH00413,2025-09-19,946000.0
KH00198,2025-09-19,191000.0
KH01557,2025-09-19,59000.0
KH01057,2025-09-19,331000.0
KH01767,2025-09-19,197000.0
KH01482,2025-09-19,35000.0
KH01857,2025-09-19,133000.0
KH01656,2025-09-19,224000.0
KH01878,2025-09-19,99000.0
KH02478,2025-09-19,156000.0
KH00391,2025-09-19,108000.0
KH01924,2025-09-19,95000.0
KH01118,2025-09-19,89000.0
KH00420,2025-09-19,162000.0
KH01279,2025-09-19,94000.0
KH00001,2025-09-19,750000.0
KH00520,2025-09-19,814000.0
KH01736,2025-09-19,44000.0
KH00941,2025-09-19,689000.0
KH02064,2025-09-19,203000.0
KH00027,2025-09-19,51000.0
KH02116,2025-09-19,158000.0
KH01447,2025-09-19,181000.0
KH01781,2025-09-19,249000.0
KH01982,2025-09-19,656000.0
KH00231,2025-09-19,140000.0
KH01933,2025-09-19,69000.0
KH00935,2025-09-19,159000.0
KH00830,2025-09-19,153000.0
KH01768,2025-09-19,166000.0
KH01034,2025-09-19,389000.0
KH00398,2025-09-19,88000.0
KH00139,2025-09-19,79000.0
KH02291,2025-09-19,37000.0
KH01295,2025-09-19,300000.0
KH00338,2025-09-19,73000.0
KH02197,2025-09-19,934000.0
KH02129,2025-09-19,374000.0
KH01301,2025-09-19,91000.0
KH02228,2025-09-19,554000.0
KH01666,2025-09-19,155000.0
KH01309,2025-09-19,527000.0
KH01588,2025-09-19,357000.0
KH00067,2025-09-19,190000.0
KH01373,2025-09-19,113000.0
KH01595,2025-09-19,197000.0
KH01416,2025-09-19,281000.0
KH01721,2025-09-19,297000.0
KH00092,2025-09-19,355000.0
KH00070,2025-09-19,112000.0
KH01839,2025-09-19,743000.0
KH01397,2025-09-19,166000.0
KH00021,2025-09-19,157000.0
KH00552,2025-09-19,247000.0
KH02070,2025-09-19,208000.0
KH00217,2025-09-19,64000.0
KH00040,2025-09-19,425000.0
KH00075,2025-09-19,967000.0
KH01927,2025-09-19,797000.0
KH02175,2025-09-19,243000.0
KH01705,2025-09-19,265000.0
KH00561,2025-09-19,180000.0
KH01752,2025-09-19,80000.0
KH00862,2025-09-19,858000.0
KH00708,2025-09-20,163000.0
KH01634,2025-09-20,241000.0
KH02167,2025-09-20,105000.0
KH01252,2025-09-20,258000.0
KH00372,2025-09-20,103000.0
KH01359,2025-09-20,249000.0
KH00744,2025-09-20,774000.0
KH02121,2025-09-20,842000.0
KH00758,2025-09-20,44000.0
KH02054,2025-09-20,182000.0
KH00659,2025-09-20,131000.0
KH00448,2025-09-20,465000.0
KH02354,2025-09-20,407000.0
KH02412,2025-09-20,333000.0
KH00377,2025-09-20,434000.0
KH01263,2025-09-20,215000.0
KH01172,2025-09-20,147000.0
KH00770,2025-09-20,101000.0
KH01375,2025-09-20,195000.0
KH00335,2025-09-20,643000.0
KH01665,2025-09-20,107000.0
KH02408,2025-09-20,447000.0
KH01896,2025-09-20,190000.0
KH00526,2025-09-20,104000.0
KH00353,2025-09-20,873000.0
KH00032,2025-09-20,354000.0
KH01262,2025-09-20,311000.0
KH01088,2025-09-20,47000.0
KH00540,2025-09-20,260000.0
KH00993,2025-09-20,93000.0
KH02001,2025-09-20,176000.0
KH02057,2025-09-20,286000.0
KH00844,2025-09-20,86000.0
KH01195,2025-09-20,153000.0
KH01627,2025-09-20,173000.0
KH00763,2025-09-20,327000.0
KH01427,2025-09-20,107000.0
KH01808,2025-09-20,225000.0
KH01547,2025-09-20,247000.0
KH01291,2025-09-20,314000.0
KH00663,2025-09-20,97000.0
KH01206,2025-09-20,593000.0
KH02432,2025-09-20,297000.0
KH01361,2025-09-20,1116000.0
KH01288,2025-09-20,332000.0
KH01781,2025-09-20,77000.0
KH01066,2025-09-20,214000.0
KH00541,2025-09-20,216000.0
KH02400,2025-09-20,119000.0
KH01202,2025-09-20,58000.0
KH00539,2025-09-20,259000.0
KH00849,2025-09-20,251000.0
KH01907,2025-09-20,103000.0
KH02036,2025-09-20,553000.0
KH01968,2025-09-20,110000.0
KH01612,2025-09-20,72000.0
KH02425,2025-09-20,147000.0
KH00681,2025-09-20,365000.0
KH01912,2025-09-20,233000.0
KH02357,2025-09-20,130000.0
KH01815,2025-09-20,705000.0
KH01154,2025-09-20,75000.0
KH01833,2025-09-20,192000.0
KH02052,2025-09-20,817000.0
KH01852,2025-09-20,710000.0
KH01291,2025-09-20,181000.0
KH01404,2025-09-20,237000.0
KH01791,2025-09-20,176000.0
KH00542,2025-09-20,142000.0
KH01937,2025-09-20,383000.0
KH02101,2025-09-20,173000.0
KH00363,2025-09-20,168000.0
KH00604,2025-09-20,138000.0
KH01344,2025-09-20,560000.0
KH00018,2025-09-20,209000.0
KH01254,2025-09-20,71000.0
KH01732,2025-09-20,392000.0
KH00400,2025-09-20,167000.0
KH00366,2025-09-20,84000.0
KH02086,2025-09-20,992000.0
KH00365,2025-09-20,350000.0
KH01480,2025-09-20,204000.0
KH00991,2025-09-21,275000.0
KH01851,2025-09-21,120000.0
KH00320,2025-09-21,123000.0
KH02041,2025-09-21,127000.0
KH00870,2025-09-21,792000.0
KH02390,2025-09-21,84000.0
KH02022,2025-09-21,158000.0
KH00011,2025-09-21,145000.0
KH00546,2025-09-21,478000.0
KH00235,2025-09-21,25000.0
KH02370,2025-09-21,182000.0
KH01642,2025-09-21,563000.0
KH02183,2025-09-21,281000.0
KH01918,2025-09-21,65000.0
KH00978,2025-09-21,60000.0
KH02236,2025-09-21,207000.0
KH00437,2025-09-21,246000.0
KH01157,2025-09-21,46000.0
KH00188,2025-09-21,572000.0
KH02164,2025-09-21,249000.0
KH01497,2025-09-21,92000.0
KH02362,2025-09-21,104000.0
KH01401,2025-09-21,266000.0
KH02129,2025-09-21,160000.0
KH00736,2025-09-21,200000.0
KH02359,2025-09-21,63000.0
KH01168,2025-09-21,136000.0
KH01446,2025-09-21,129000.0
KH01647,2025-09-21,262000.0
KH01628,2025-09-21,163000.0
KH01811,2025-09-21,123000.0
KH01080,2025-09-21,136000.0
KH01516,2025-09-21,175000.0
KH01494,2025-09-21,145000.0
KH00837,2025-09-21,202000.0
KH00358,2025-09-21,211000.0
KH01195,2025-09-21,406000.0
KH01325,2025-09-21,283000.0
KH02041,2025-09-21,230000.0
KH00077,2025-09-21,175000.0
KH01093,2025-09-21,283000.0
KH01018,2025-09-21,120000.0
KH00348,2025-09-21,57000.0
KH02005,2025-09-21,299000.0
KH00148,2025-09-21,165000.0
KH02264,2025-09-21,65000.0
KH02104,2025-09-21,242000.0
KH02436,2025-09-21,102000.0
KH01193,2025-09-21,51000.0
KH01851,2025-09-21,37000.0
KH02366,2025-09-21,32000.0
KH02090,2025-09-21,334000.0
KH02441,2025-09-21,45000.0
KH01008,2025-09-21,114000.0
KH02454,2025-09-21,313000.0
KH00669,2025-09-21,53000.0
KH00492,2025-09-21,291000.0
KH00757,2025-09-21,307000.0
KH01620,2025-09-21,256000.0
KH00646,2025-09-21,230000.0
KH00995,2025-09-21,328000.0
KH02484,2025-09-21,238000.0
KH01558,2025-09-21,283000.0
KH01982,2025-09-21,139000.0
KH00221,2025-09-21,58000.0
KH00541,2025-09-21,116000.0
KH01437,2025-09-21,98000.0
KH00198,2025-09-21,107000.0
KH00633,2025-09-21,228000.0
KH02487,2025-09-21,611000.0
KH01304,2025-09-21,312000.0
KH02346,2025-09-21,200000.0
KH01465,2025-09-21,400000.0
KH00191,2025-09-21,414000.0
KH00744,2025-09-21,437000.0
KH01759,2025-09-21,185000.0
KH02486,2025-09-21,242000.0
KH02145,2025-09-22,224000.0
KH01778,2025-09-22,176000.0
KH00958,2025-09-22,372000.0
KH02129,2025-09-22,290000.0
KH00936,2025-09-22,444000.0
KH00200,2025-09-22,48000.0
KH01450,2025-09-22,52000.0
KH01500,2025-09-22,115000.0
KH00141,2025-09-22,116000.0
KH00441,2025-09-22,66000.0
KH00404,2025-09-22,90000.0
KH00296,2025-09-22,262000.0
KH01415,2025-09-22,190000.0
KH00389,2025-09-22,140000.0
KH01982,2025-09-22,301000.0
KH01912,2025-09-22,562000.0
KH00542,2025-09-22,215000.0
KH00156,2025-09-22,155000.0
KH01372,2025-09-22,117000.0
KH01989,2025-09-22,244000.0
KH02049,2025-09-22,153000.0
KH01851,2025-09-22,157000.0
KH01547,2025-09-22,1248000.0
KH01896,2025-09-22,191000.0
KH01336,2025-09-22,49000.0
KH01677,2025-09-22,299000.0
KH01402,2025-09-22,91000.0
KH02017,2025-09-22,129000.0
KH01579,2025-09-22,149000.0
KH02037,2025-09-22,100000.0
KH02294,2025-09-22,157000.0
KH02037,2025-09-22,150000.0
KH01441,2025-09-22,63000.0
KH01132,2025-09-22,230000.0
KH01089,2025-09-22,118000.0
KH00298,2025-09-22,188000.0
KH00880,2025-09-22,64000.0
KH01881,2025-09-22,75000.0
KH01941,2025-09-22,174000.0
KH00276,2025-09-22,289000.0
KH01698,2025-09-22,112000.0
KH01092,2025-09-22,337000.0
KH02296,2025-09-22,206000.0
KH01065,2025-09-22,92000.0
KH01809,2025-09-22,158000.0
KH01281,2025-09-22,226000.0
KH00044,2025-09-22,197000.0
KH00699,2025-09-22,318000.0
KH01342,2025-09-22,214000.0
KH01169,2025-09-22,185000.0
KH00822,2025-09-22,736000.0
KH02459,2025-09-22,147000.0
KH00247,2025-09-22,169000.0
KH01263,2025-09-22,348000.0
KH00567,2025-09-22,2886000.0
KH01995,2025-09-22,165000.0
KH01077,2025-09-22,330000.0
KH01120,2025-09-22,41000.0
KH00885,2025-09-22,887000.0
KH01091,2025-09-22,812000.0
KH01960,2025-09-22,476000.0
KH01614,2025-09-22,123000.0
KH00912,2025-09-22,117000.0
KH00171,2025-09-22,123000.0
KH01426,2025-09-22,155000.0
KH00445,2025-09-22,563000.0
KH01023,2025-09-22,557000.0
KH00016,2025-09-22,128000.0
KH01123,2025-09-22,48000.0
KH02431,2025-09-22,172000.0
KH01856,2025-09-22,25000.0
KH01544,2025-09-22,168000.0
KH02368,2025-09-22,77000.0
KH02083,2025-09-22,135000.0
KH00191,2025-09-22,120000.0
KH02198,2025-09-22,235000.0
KH00654,2025-09-22,195000.0
KH02090,2025-09-22,724000.0
KH00732,2025-09-22,423000.0
KH00112,2025-09-22,63000.0
KH01649,2025-09-22,123000.0
KH00268,2025-09-22,237000.0
KH00242,2025-09-22,227000.0
KH00827,2025-09-22,741000.0
KH00199,2025-09-22,495000.0
KH02371,2025-09-23,382000.0
KH02280,2025-09-23,82000.0
KH01868,2025-09-23,53000.0
KH02338,2025-09-23,146000.0
KH01205,2025-09-23,107000.0
KH01055,2025-09-23,274000.0
KH02174,2025-09-23,512000.0
KH02309,2025-09-23,78000.0
KH01229,2025-09-23,114000.0
KH00755,2025-09-23,220000.0
KH01063,2025-09-23,184000.0
KH00792,2025-09-23,148000.0
KH02130,2025-09-23,1040000.0
KH02045,2025-09-23,925000.0
KH01732,2025-09-23,470000.0
KH01693,2025-09-23,224000.0
KH01665,2025-09-23,144000.0
KH00816,2025-09-23,288000.0
KH00009,2025-09-23,260000.0
KH00198,2025-09-23,536000.0
KH02064,2025-09-23,88000.0
KH00686,2025-09-23,139000.0
KH01313,2025-09-23,122000.0
KH01420,2025-09-23,60000.0
KH01437,2025-09-23,217000.0
KH02441,2025-09-23,290000.0
KH01606,2025-09-23,76000.0
KH00378,2025-09-23,75000.0
KH00314,2025-09-23,215000.0
KH01275,2025-09-23,338000.0
KH02465,2025-09-23,257000.0
KH01053,2025-09-23,151000.0
KH00151,2025-09-23,224000.0
KH00726,2025-09-23,106000.0
KH00816,2025-09-23,344000.0
KH00311,2025-09-23,232000.0
KH00814,2025-09-23,609000.0
KH00050,2025-09-23,228000.0
KH00801,2025-09-23,300000.0
KH01911,2025-09-23,1677000.0
KH00341,2025-09-23,489000.0
KH01929,2025-09-23,92000.0
KH01516,2025-09-23,85000.0
KH00744,2025-09-23,213000.0
KH00941,2025-09-23,151000.0
KH02272,2025-09-23,234000.0
KH00625,2025-09-23,38000.0
KH00708,2025-09-23,35000.0
KH01922,2025-09-23,398000.0
KH01532,2025-09-23,107000.0
KH00536,2025-09-23,315000.0
KH01447,2025-09-23,221000.0
KH01134,2025-09-23,1094000.0
KH01394,2025-09-23,299000.0
KH01075,2025-09-23,290000.0
KH01028,2025-09-23,284000.0
KH01587,2025-09-23,99000.0
KH00648,2025-09-23,64000.0
KH00884,2025-09-23,92000.0
KH01900,2025-09-23,323000.0
KH00134,2025-09-23,622000.0
KH00328,2025-09-23,1094000.0
KH00499,2025-09-23,133000.0
KH00193,2025-09-23,344000.0
KH00415,2025-09-23,1155000.0
KH02454,2025-09-23,86000.0
KH01736,2025-09-23,596000.0
KH00371,2025-09-23,495000.0
KH00114,2025-09-23,38000.0
KH01605,2025-09-23,117000.0
KH00245,2025-09-23,252000.0
KH02212,2025-09-23,357000.0
KH02278,2025-09-23,565000.0
KH00536,2025-09-23,240000.0
KH00961,2025-09-23,176000.0
KH01066,2025-09-23,992000.0
KH02068,2025-09-23,292000.0
KH01111,2025-09-24,294000.0
KH01851,2025-09-24,511000.0
KH00854,2025-09-24,321000.0
KH01519,2025-09-24,269000.0
KH02334,2025-09-24,148000.0
KH00965,2025-09-24,143000.0
KH01672,2025-09-24,330000.0
KH00747,2025-09-24,77000.0
KH00750,2025-09-24,131000.0
KH00721,2025-09-24,59000.0
KH00552,2025-09-24,70000.0
KH01936,2025-09-24,144000.0
KH01127,2025-09-24,936000.0
KH02031,2025-09-24,213000.0
KH01560,2025-09-24,174000.0
KH00382,2025-09-24,224000.0
KH00300,2025-09-24,40000.0
KH00160,2025-09-24,161000.0
KH00776,2025-09-24,194000.0
KH01029,2025-09-24,380000.0
KH00687,2025-09-24,1073000.0
KH01967,2025-09-24,86000.0
KH00728,2025-09-24,358000.0
KH01206,2025-09-24,93000.0
KH02189,2025-09-24,21000.0
KH00462,2025-09-24,1546000.0
KH01827,2025-09-24,390000.0
KH02083,2025-09-24,404000.0
KH02207,2025-09-24,60000.0
KH00017,2025-09-24,229000.0
KH01406,2025-09-24,207000.0
KH02118,2025-09-24,460000.0
KH00849,2025-09-24,194000.0
KH01442,2025-09-24,99000.0
KH02011,2025-09-24,380000.0
KH01590,2025-09-24,886000.0
KH02078,2025-09-24,520000.0
KH00416,2025-09-24,206000.0
KH00254,2025-09-24,259000.0
KH00482,2025-09-24,150000.0
KH01061,2025-09-24,93000.0
KH01877,2025-09-24,326000.0
KH00005,2025-09-24,293000.0
KH00681,2025-09-24,237000.0
KH01508,2025-09-24,147000.0
KH00354,2025-09-24,58000.0
KH00971,2025-09-24,183000.0
KH01863,2025-09-24,291000.0
KH01262,2025-09-24,48000.0
KH02273,2025-09-24,269000.0
KH00197,2025-09-24,65000.0
KH01420,2025-09-24,209000.0
KH01346,2025-09-24,117000.0
KH00646,2025-09-24,118000.0
KH01475,2025-09-24,256000.0
KH02433,2025-09-24,440000.0
KH02140,2025-09-24,457000.0
KH01935,2025-09-24,189000.0
KH02223,2025-09-24,197000.0
KH00075,2025-09-24,90000.0
KH01819,2025-09-24,194000.0
KH01359,2025-09-24,389000.0
KH01833,2025-09-24,106000.0
KH01921,2025-09-24,293000.0
KH00836,2025-09-24,105000.0
KH01347,2025-09-24,195000.0
KH01906,2025-09-24,32000.0
KH01882,2025-09-24,80000.0
KH00844,2025-09-24,129000.0
KH01160,2025-09-24,58000.0
KH00491,2025-09-24,334000.0
KH00552,2025-09-24,28000.0
KH00986,2025-09-24,493000.0
KH00413,2025-09-24,479000.0
KH02188,2025-09-24,334000.0
KH00640,2025-09-24,268000.0
KH02092,2025-09-24,296000.0
KH00561,2025-09-25,194000.0
KH02360,2025-09-25,454000.0
KH01206,2025-09-25,109000.0
KH01913,2025-09-25,258000.0
KH00411,2025-09-25,299000.0
KH01192,2025-09-25,141000.0
KH01293,2025-09-25,765000.0
KH02404,2025-09-25,70000.0
KH02166,2025-09-25,116000.0
KH02357,2025-09-25,151000.0
KH00195,2025-09-25,107000.0
KH01684,2025-09-25,107000.0
KH01229,2025-09-25,99000.0
KH01388,2025-09-25,140000.0
KH00727,2025-09-25,88000.0
KH02278,2025-09-25,420000.0
KH00434,2025-09-25,1227000.0
KH00119,2025-09-25,128000.0
KH00151,2025-09-25,340000.0
KH00973,2025-09-25,714000.0
KH00839,2025-09-25,110000.0
KH02359,2025-09-25,257000.0
KH02188,2025-09-25,440000.0
KH01078,2025-09-25,299000.0
KH00580,2025-09-25,461000.0
KH00124,2025-09-25,383000.0
KH01899,2025-09-25,304000.0
KH02360,2025-09-25,67000.0
KH02003,2025-09-25,423000.0
KH01594,2025-09-25,99000.0
KH01405,2025-09-25,114000.0
KH00324,2025-09-25,557000.0
KH00310,2025-09-25,400000.0
KH01973,2025-09-25,141000.0
KH00542,2025-09-25,193000.0
KH01451,2025-09-25,84000.0
KH02110,2025-09-25,107000.0
KH00548,2025-09-25,113000.0
KH00558,2025-09-25,87000.0
KH01851,2025-09-25,236000.0
KH01201,2025-09-25,137000.0
KH02139,2025-09-25,512000.0
KH01984,2025-09-25,515000.0
KH02437,2025-09-25,280000.0
KH01257,2025-09-25,170000.0
KH02497,2025-09-25,348000.0
KH00533,2025-09-25,180000.0
KH02242,2025-09-25,55000.0
KH00250,2025-09-25,44000.0
KH00837,2025-09-25,390000.0
KH01829,2025-09-25,277000.0
KH00574,2025-09-25,203000.0
KH01833,2025-09-25,286000.0
KH02122,2025-09-25,289000.0
KH02360,2025-09-25,461000.0
KH00016,2025-09-25,143000.0
KH00453,2025-09-25,364000.0
KH01183,2025-09-25,190000.0
KH01612,2025-09-25,149000.0
KH01387,2025-09-25,236000.0
KH00224,2025-09-25,74000.0
KH02224,2025-09-25,61000.0
KH00646,2025-09-25,250000.0
KH01544,2025-09-25,50000.0
KH01779,2025-09-25,253000.0
KH01771,2025-09-25,143000.0
KH00359,2025-09-25,121000.0
KH01419,2025-09-25,204000.0
KH00415,2025-09-25,100000.0
KH00487,2025-09-25,352000.0
KH00921,2025-09-25,489000.0
KH02471,2025-09-25,423000.0
KH00022,2025-09-25,102000.0
KH00313,2025-09-25,175000.0
KH00548,2025-09-25,381000.0
KH01481,2025-09-25,236000.0
KH00457,2025-09-25,91000.0
KH00706,2025-09-25,106000.0
KH00056,2025-09-25,289000.0
KH01996,2025-09-25,702000.0
KH02173,2025-09-25,288000.0
KH00478,2025-09-25,658000.0
KH00345,2025-09-25,231000.0
KH02173,2025-09-25,162000.0
KH01382,2025-09-25,85000.0
KH00251,2025-09-25,144000.0
KH02359,2025-09-25,296000.0
KH01601,2025-09-25,1213000.0
KH00009,2025-09-25,45000.0
KH00862,2025-09-26,115000.0
KH01934,2025-09-26,83000.0
KH02238,2025-09-26,95000.0
KH01742,2025-09-26,406000.0
KH02244,2025-09-26,203000.0
KH01285,2025-09-26,188000.0
KH01094,2025-09-26,157000.0
KH00986,2025-09-26,47000.0
KH01056,2025-09-26,125000.0
KH00972,2025-09-26,332000.0
KH01439,2025-09-26,552000.0
KH00460,2025-09-26,81000.0
KH01633,2025-09-26,44000.0
KH01934,2025-09-26,330000.0
KH00834,2025-09-26,532000.0
KH01748,2025-09-26,108000.0
KH00278,2025-09-26,65000.0
KH01066,2025-09-26,62000.0
KH00640,2025-09-26,228000.0
KH01385,2025-09-26,678000.0
KH02330,2025-09-26,736000.0
KH00209,2025-09-26,235000.0
KH01084,2025-09-26,337000.0
KH01803,2025-09-26,96000.0
KH00074,2025-09-26,614000.0
KH01104,2025-09-26,993000.0
KH00657,2025-09-26,359000.0
KH00681,2025-09-26,2624000.0
KH01410,2025-09-26,86000.0
KH01507,2025-09-26,1276000.0
KH00933,2025-09-26,80000.0
KH00698,2025-09-26,455000.0
KH02096,2025-09-26,54000.0
KH00012,2025-09-26,395000.0
KH01973,2025-09-26,196000.0
KH02355,2025-09-26,188000.0
KH02292,2025-09-26,175000.0
KH01381,2025-09-26,293000.0
KH00611,2025-09-26,141000.0
KH02267,2025-09-26,148000.0
KH00645,2025-09-26,77000.0
KH02211,2025-09-26,45000.0
KH01067,2025-09-26,39000.0
KH00556,2025-09-26,37000.0
KH01798,2025-09-26,340000.0
KH00187,2025-09-26,192000.0
KH00500,2025-09-26,111000.0
KH02397,2025-09-26,162000.0
KH02248,2025-09-26,148000.0
KH02095,2025-09-26,66000.0
KH01575,2025-09-26,559000.0
KH00491,2025-09-26,36000.0
KH01620,2025-09-26,183000.0
KH02465,2025-09-26,882000.0
KH00781,2025-09-26,299000.0
KH00516,2025-09-26,424000.0
KH00720,2025-09-26,78000.0
KH01999,2025-09-26,96000.0
KH02456,2025-09-26,130000.0
KH01731,2025-09-26,138000.0
KH01678,2025-09-26,142000.0
KH01891,2025-09-26,1054000.0
KH02270,2025-09-26,240000.0
KH02207,2025-09-26,228000.0
KH01419,2025-09-26,472000.0
KH00860,2025-09-26,297000.0
KH00694,2025-09-26,1168000.0
KH01212,2025-09-26,213000.0
KH00499,2025-09-26,168000.0
KH00075,2025-09-26,352000.0
KH01337,2025-09-26,280000.0
KH02019,2025-09-26,211000.0
KH00234,2025-09-26,220000.0
KH01791,2025-09-26,572000.0
KH00258,2025-09-26,272000.0
KH01380,2025-09-26,99000.0
KH01481,2025-09-26,104000.0
KH00924,2025-09-26,31000.0
KH01838,2025-09-26,34000.0
KH00261,2025-09-26,183000.0
KH00299,2025-09-26,56000.0
KH00467,2025-09-26,156000.0
KH01526,2025-09-26,114000.0
KH01180,2025-09-26,94000.0
KH00920,2025-09-26,188000.0
KH00852,2025-09-26,476000.0
KH02488,2025-09-26,201000.0
KH01538,2025-09-26,117000.0
KH02140,2025-09-26,85000.0
KH01381,2025-09-26,62000.0
KH00606,2025-09-26,163000.0
KH02481,2025-09-26,790000.0
KH00404,2025-09-26,193000.0
KH00576,2025-09-26,113000.0
KH01071,2025-09-26,220000.0
KH01537,2025-09-26,236000.0
KH01274,2025-09-26,89000.0
KH00954,2025-09-26,144000.0
KH01128,2025-09-26,1034000.0
KH01608,2025-09-26,255000.0
KH00943,2025-09-26,56000.0
KH01778,2025-09-26,131000.0
KH00354,2025-09-27,197000.0
KH00761,2025-09-27,267000.0
KH00833,2025-09-27,233000.0
KH00699,2025-09-27,249000.0
KH01481,2025-09-27,195000.0
KH00986,2025-09-27,657000.0
KH02061,2025-09-27,218000.0
KH02408,2025-09-27,532000.0
KH01643,2025-09-27,533000.0
KH00682,2025-09-27,685000.0
KH00647,2025-09-27,463000.0
KH00953,2025-09-27,126000.0
KH01779,2025-09-27,445000.0
KH00125,2025-09-27,105000.0
KH00132,2025-09-27,103000.0
KH00963,2025-09-27,391000.0
KH01006,2025-09-27,159000.0
KH02118,2025-09-27,306000.0
KH01677,2025-09-27,286000.0
KH01206,2025-09-27,69000.0
KH02356,2025-09-27,194000.0
KH02067,2025-09-27,710000.0
KH01388,2025-09-27,76000.0
KH01520,2025-09-27,204000.0
KH01231,2025-09-27,125000.0
KH01361,2025-09-27,18000.0
KH00327,2025-09-27,136000.0
KH01573,2025-09-27,169000.0
KH00327,2025-09-27,352000.0
KH00500,2025-09-27,252000.0
KH01669,2025-09-27,472000.0
KH00388,2025-09-27,406000.0
KH00644,2025-09-27,331000.0
KH00803,2025-09-27,560000.0
KH00497,2025-09-27,110000.0
KH00519,2025-09-27,234000.0
KH02016,2025-09-27,476000.0
KH02208,2025-09-27,279000.0
KH00535,2025-09-27,800000.0
KH02179,2025-09-27,177000.0
KH01732,2025-09-27,37000.0
KH00055,2025-09-27,153000.0
KH01651,2025-09-27,459000.0
KH02221,2025-09-27,130000.0
KH02176,2025-09-27,259000.0
KH01972,2025-09-27,147000.0
KH00890,2025-09-27,97000.0
KH00591,2025-09-27,476000.0
KH01214,2025-09-27,35000.0
KH01728,2025-09-27,106000.0
KH02087,2025-09-27,358000.0
KH00337,2025-09-27,146000.0
KH01137,2025-09-27,323000.0
KH00149,2025-09-27,1232000.0
KH02164,2025-09-27,171000.0
KH02218,2025-09-27,55000.0
KH00646,2025-09-27,283000.0
KH02036,2025-09-27,160000.0
KH01776,2025-09-27,178000.0
KH01593,2025-09-27,376000.0
KH02448,2025-09-27,138000.0
KH00707,2025-09-27,391000.0
KH00769,2025-09-27,90000.0
KH00306,2025-09-27,267000.0
KH00273,2025-09-27,264000.0
KH00888,2025-09-27,177000.0
KH01049,2025-09-27,348000.0
KH01410,2025-09-27,156000.0
KH00165,2025-09-27,136000.0
KH00546,2025-09-27,553000.0
KH01932,2025-09-27,201000.0
KH02323,2025-09-27,507000.0
KH01747,2025-09-27,215000.0
KH02286,2025-09-27,314000.0
KH02444,2025-09-27,283000.0
KH01706,2025-09-27,38000.0
KH01725,2025-09-27,333000.0
KH02365,2025-09-27,340000.0
KH00054,2025-09-28,361000.0
KH01093,2025-09-28,755000.0
KH01480,2025-09-28,193000.0
KH02311,2025-09-28,337000.0
KH01173,2025-09-28,398000.0
KH00002,2025-09-28,249000.0
KH02140,2025-09-28,173000.0
KH00948,2025-09-28,879000.0
KH02247,2025-09-28,152000.0
KH00560,2025-09-28,363000.0
KH01967,2025-09-28,1486000.0
KH01633,2025-09-28,210000.0
KH01932,2025-09-28,122000.0
KH02036,2025-09-28,107000.0
KH00086,2025-09-28,303000.0
KH00825,2025-09-28,685000.0
KH02426,2025-09-28,399000.0
KH00293,2025-09-28,108000.0
KH00923,2025-09-28,1155000.0
KH02467,2025-09-28,391000.0
KH02279,2025-09-28,68000.0
KH00970,2025-09-28,62000.0
KH02251,2025-09-28,129000.0
KH01061,2025-09-28,59000.0
KH00311,2025-09-28,67000.0
KH00209,2025-09-28,211000.0
KH00546,2025-09-28,370000.0
KH01028,2025-09-28,275000.0
KH00364,2025-09-28,418000.0
KH02483,2025-09-28,255000.0
KH01271,2025-09-28,432000.0
KH00232,2025-09-28,260000.0
KH00648,2025-09-28,146000.0
KH01335,2025-09-28,202000.0
KH00921,2025-09-28,152000.0
KH02264,2025-09-28,112000.0
KH02228,2025-09-28,139000.0
KH00012,2025-09-28,120000.0
KH01465,2025-09-28,228000.0
KH00583,2025-09-28,336000.0
KH00498,2025-09-28,249000.0
KH01478,2025-09-28,127000.0
KH00868,2025-09-28,456000.0
KH01433,2025-09-28,153000.0
KH00229,2025-09-28,1076000.0
KH00622,2025-09-28,388000.0
KH00042,2025-09-28,111000.0
KH01528,2025-09-28,136000.0
KH02164,2025-09-28,266000.0
KH00673,2025-09-28,511000.0
KH00711,2025-09-28,200000.0
KH01879,2025-09-28,111000.0
KH01127,2025-09-28,265000.0
KH01937,2025-09-28,59000.0
KH01080,2025-09-28,180000.0
KH01401,2025-09-28,722000.0
KH01402,2025-09-28,293000.0
KH00228,2025-09-28,118000.0
KH00825,2025-09-28,314000.0
KH01669,2025-09-28,406000.0
KH01403,2025-09-28,319000.0
KH01012,2025-09-28,298000.0
KH01808,2025-09-28,482000.0
KH02031,2025-09-28,145000.0
KH01855,2025-09-28,176000.0
KH00747,2025-09-28,126000.0
KH00612,2025-09-28,160000.0
KH02301,2025-09-28,152000.0
KH01961,2025-09-28,763000.0
KH00499,2025-09-28,222000.0
KH02058,2025-09-28,158000.0
KH01281,2025-09-28,187000.0
KH02076,2025-09-28,599000.0
KH01982,2025-09-28,274000.0
KH02176,2025-09-28,339000.0
KH01701,2025-09-28,156000.0
KH01357,2025-09-28,117000.0
KH00177,2025-09-28,198000.0
KH01694,2025-09-28,284000.0
KH01055,2025-09-28,977000.0
KH02061,2025-09-28,244000.0
KH00856,2025-09-28,135000.0
KH01780,2025-09-28,91000.0
KH01376,2025-09-28,270000.0
KH02247,2025-09-28,498000.0
KH01335,2025-09-29,569000.0
KH02118,2025-09-29,237000.0
KH01891,2025-09-29,197000.0
KH02072,2025-09-29,569000.0
KH01736,2025-09-29,210000.0
KH01450,2025-09-29,392000.0
KH00750,2025-09-29,254000.0
KH01740,2025-09-29,385000.0
KH01877,2025-09-29,558000.0
KH00574,2025-09-29,105000.0
KH01315,2025-09-29,99000.0
KH00671,2025-09-29,226000.0
KH01209,2025-09-29,154000.0
KH01667,2025-09-29,714000.0
KH01254,2025-09-29,88000.0
KH00564,2025-09-29,107000.0
KH00232,2025-09-29,460000.0
KH01546,2025-09-29,116000.0
KH00636,2025-09-29,111000.0
KH01495,2025-09-29,73000.0
KH01352,2025-09-29,404000.0
KH02304,2025-09-29,78000.0
KH00540,2025-09-29,70000.0
KH01965,2025-09-29,117000.0
KH02413,2025-09-29,112000.0
KH01379,2025-09-29,82000.0
KH01484,2025-09-29,191000.0
KH01022,2025-09-29,233000.0
KH00886,2025-09-29,395000.0
KH01851,2025-09-29,185000.0
KH01122,2025-09-29,461000.0
KH02189,2025-09-29,463000.0
KH01455,2025-09-29,498000.0
KH01021,2025-09-29,409000.0
KH00868,2025-09-29,503000.0
KH00231,2025-09-29,91000.0
KH00116,2025-09-29,116000.0
KH00887,2025-09-29,345000.0
KH01702,2025-09-29,888000.0
KH00308,2025-09-29,119000.0
KH00766,2025-09-29,180000.0
KH01759,2025-09-29,674000.0
KH00358,2025-09-29,153000.0
KH00935,2025-09-29,176000.0
KH01677,2025-09-29,98000.0
KH01264,2025-09-29,487000.0
KH00266,2025-09-29,117000.0
KH00368,2025-09-29,376000.0
KH00335,2025-09-29,242000.0
KH00404,2025-09-29,396000.0
KH02259,2025-09-29,142000.0
KH01046,2025-09-29,454000.0
KH00233,2025-09-29,739000.0
KH00645,2025-09-29,105000.0
KH01129,2025-09-29,380000.0
KH00555,2025-09-29,161000.0
KH00959,2025-09-29,59000.0
KH00920,2025-09-29,256000.0
KH02176,2025-09-29,185000.0
KH00083,2025-09-29,94000.0
KH02321,2025-09-29,306000.0
KH02069,2025-09-29,206000.0
KH00209,2025-09-29,241000.0
KH01691,2025-09-29,112000.0
KH00972,2025-09-29,608000.0
KH01100,2025-09-29,644000.0
KH00678,2025-09-29,58000.0
KH02098,2025-09-29,625000.0
KH00458,2025-09-29,207000.0
KH00199,2025-09-29,600000.0
KH00921,2025-09-29,883000.0
KH01752,2025-09-29,259000.0
KH01705,2025-09-29,70000.0
KH01355,2025-09-29,140000.0
KH00014,2025-09-29,135000.0
KH01159,2025-09-29,117000.0
KH00368,2025-09-29,144000.0
KH01751,2025-09-29,144000.0
KH00941,2025-09-29,375000.0
KH00338,2025-09-29,1341000.0
KH01373,2025-09-29,286000.0
KH01897,2025-09-29,107000.0
KH02070,2025-09-29,184000.0
KH00245,2025-09-29,83000.0
KH00099,2025-09-29,152000.0
KH00848,2025-09-29,121000.0
KH00681,2025-09-29,72000.0
KH02278,2025-09-29,145000.0
KH01465,2025-09-29,1148000.0
KH01325,2025-09-29,242000.0
KH02294,2025-09-29,153000.0
KH01390,2025-09-30,98000.0
KH01479,2025-09-30,830000.0
KH00578,2025-09-30,54000.0
KH00062,2025-09-30,538000.0
KH00773,2025-09-30,313000.0
KH02145,2025-09-30,486000.0
KH00033,2025-09-30,245000.0
KH00060,2025-09-30,1343000.0
KH01180,2025-09-30,581000.0
KH00402,2025-09-30,219000.0
KH00386,2025-09-30,45000.0
KH00434,2025-09-30,176000.0
KH00143,2025-09-30,124000.0
KH00086,2025-09-30,44000.0
KH00360,2025-09-30,127000.0
KH02388,2025-09-30,216000.0
KH01827,2025-09-30,142000.0
KH00420,2025-09-30,331000.0
KH01231,2025-09-30,222000.0
KH00167,2025-09-30,58000.0
KH01881,2025-09-30,212000.0
KH02482,2025-09-30,106000.0
KH02265,2025-09-30,56000.0
KH01516,2025-09-30,480000.0
KH00445,2025-09-30,51000.0
KH01941,2025-09-30,274000.0
KH02454,2025-09-30,575000.0
KH02313,2025-09-30,577000.0
KH02430,2025-09-30,360000.0
KH00514,2025-09-30,412000.0
KH01984,2025-09-30,320000.0
KH01437,2025-09-30,325000.0
KH01711,2025-09-30,356000.0
KH00574,2025-09-30,236000.0
KH01313,2025-09-30,118000.0
KH02174,2025-09-30,295000.0
KH00308,2025-09-30,482000.0
KH01760,2025-09-30,105000.0
KH01413,2025-09-30,203000.0
KH00075,2025-09-30,430000.0
KH00974,2025-09-30,203000.0
KH01371,2025-09-30,279000.0
KH00844,2025-09-30,958000.0
KH01525,2025-09-30,124000.0
KH01539,2025-09-30,271000.0
KH01529,2025-09-30,170000.0
KH01727,2025-09-30,130000.0
KH01061,2025-09-30,513000.0
KH00657,2025-09-30,644000.0
KH01852,2025-09-30,128000.0
KH00863,2025-09-30,187000.0
KH01862,2025-09-30,187000.0
KH01963,2025-09-30,198000.0
KH00635,2025-09-30,250000.0
KH01195,2025-09-30,584000.0
KH00014,2025-09-30,444000.0
KH02362,2025-09-30,212000.0
KH02495,2025-09-30,168000.0
KH02381,2025-09-30,80000.0
KH01220,2025-09-30,96000.0
KH01214,2025-09-30,35000.0
KH01791,2025-09-30,145000.0
KH01815,2025-09-30,219000.0
KH02208,2025-09-30,97000.0
KH02358,2025-09-30,117000.0
KH01860,2025-09-30,184000.0
KH01792,2025-09-30,67000.0
KH02229,2025-09-30,377000.0
KH00878,2025-09-30,711000.0
KH02477,2025-09-30,74000.0
KH00488,2025-09-30,533000.0
KH01942,2025-09-30,160000.0
KH01359,2025-09-30,181000.0
KH01778,2025-09-30,92000.0
KH00909,2025-09-30,224000.0
KH01826,2025-09-30,131000.0
KH02324,2025-09-30,929000.0
KH01137,2025-09-30,180000.0
KH01329,2025-09-30,185000.0
KH01142,2025-09-30,168000.0
KH01808,2025-09-30,312000.0
KH01911,2025-09-30,240000.0
KH01130,2025-09-30,142000.0
KH01258,2025-09-30,338000.0
KH01443,2025-09-30,57000.0
KH02311,2025-09-30,159000.0
KH01425,2025-10-01,256000.0
KH00118,2025-10-01,443000.0
KH00266,2025-10-01,120000.0
KH01605,2025-10-01,107000.0
KH00718,2025-10-01,128000.0
KH02212,2025-10-01,134000.0
KH01937,2025-10-01,110000.0
KH00506,2025-10-01,126000.0
KH00910,2025-10-01,185000.0
KH00654,2025-10-01,91000.0
KH01237,2025-10-01,152000.0
KH00539,2025-10-01,234000.0
KH02166,2025-10-01,315000.0
KH00141,2025-10-01,67000.0
KH01058,2025-10-01,169000.0
KH00921,2025-10-01,188000.0
KH02114,2025-10-01,205000.0
KH02076,2025-10-01,253000.0
KH02131,2025-10-01,233000.0
KH01735,2025-10-01,167000.0
KH02374,2025-10-01,113000.0
KH01595,2025-10-01,71000.0
KH00887,2025-10-01,49000.0
KH00901,2025-10-01,257000.0
KH00910,2025-10-01,165000.0
KH01825,2025-10-01,87000.0
KH02181,2025-10-01,148000.0
KH02110,2025-10-01,450000.0
KH00052,2025-10-01,132000.0
KH00136,2025-10-01,91000.0
KH00446,2025-10-01,335000.0
KH00179,2025-10-01,260000.0
KH00324,2025-10-01,136000.0
KH00538,2025-10-01,611000.0
KH01639,2025-10-01,406000.0
KH00397,2025-10-01,313000.0
KH00424,2025-10-01,131000.0
KH00307,2025-10-01,86000.0
KH01826,2025-10-01,156000.0
KH00976,2025-10-01,148000.0
KH01256,2025-10-01,596000.0
KH01755,2025-10-01,131000.0
KH00281,2025-10-01,650000.0
KH02401,2025-10-01,106000.0
KH01770,2025-10-01,420000.0
KH00695,2025-10-01,80000.0
KH02118,2025-10-01,134000.0
KH00487,2025-10-01,316000.0
KH01512,2025-10-01,63000.0
KH01437,2025-10-01,97000.0
KH01833,2025-10-01,470000.0
KH00852,2025-10-01,235000.0
KH00205,2025-10-01,617000.0
KH00453,2025-10-01,269000.0
KH00751,2025-10-01,399000.0
KH00324,2025-10-01,386000.0
KH00825,2025-10-01,155000.0
KH02152,2025-10-01,123000.0
KH01335,2025-10-01,169000.0
KH01463,2025-10-01,450000.0
KH01770,2025-10-01,148000.0
KH02479,2025-10-01,259000.0
KH01499,2025-10-01,173000.0
KH00646,2025-10-01,201000.0
KH00365,2025-10-01,500000.0
KH01351,2025-10-01,152000.0
KH00559,2025-10-01,222000.0
KH00244,2025-10-01,122000.0
KH00104,2025-10-01,259000.0
KH00963,2025-10-01,290000.0
KH01282,2025-10-01,948000.0
KH02265,2025-10-01,144000.0
KH00644,2025-10-01,982000.0
KH02284,2025-10-01,155000.0
KH00014,2025-10-01,280000.0
KH00485,2025-10-01,165000.0
KH00546,2025-10-01,447000.0
KH02099,2025-10-01,308000.0
KH00471,2025-10-01,479000.0
KH00115,2025-10-01,105000.0
KH00266,2025-10-01,983000.0
KH01491,2025-10-01,152000.0
KH00564,2025-10-01,130000.0
KH02078,2025-10-01,311000.0
KH00142,2025-10-01,331000.0
KH02189,2025-10-01,128000.0
KH02453,2025-10-01,36000.0
KH00860,2025-10-01,73000.0
KH01673,2025-10-01,120000.0
KH00013,2025-10-02,563000.0
KH00271,2025-10-02,175000.0
KH02355,2025-10-02,67000.0
KH02405,2025-10-02,167000.0
KH02247,2025-10-02,303000.0
KH02076,2025-10-02,280000.0
KH00793,2025-10-02,413000.0
KH00815,2025-10-02,397000.0
KH01826,2025-10-02,184000.0
KH01062,2025-10-02,64000.0
KH00848,2025-10-02,360000.0
KH01269,2025-10-02,1708000.0
KH01661,2025-10-02,94000.0
KH01559,2025-10-02,612000.0
KH02265,2025-10-02,255000.0
KH01220,2025-10-02,324000.0
KH02187,2025-10-02,36000.0
KH00668,2025-10-02,141000.0
KH00673,2025-10-02,271000.0
KH00543,2025-10-02,103000.0
KH01493,2025-10-02,242000.0
KH02301,2025-10-02,140000.0
KH02498,2025-10-02,388000.0
KH01701,2025-10-02,112000.0
KH02270,2025-10-02,301000.0
KH01346,2025-10-02,141000.0
KH02396,2025-10-02,157000.0
KH01393,2025-10-02,197000.0
KH00203,2025-10-02,181000.0
KH01856,2025-10-02,439000.0
KH02444,2025-10-02,358000.0
KH01836,2025-10-02,913000.0
KH00136,2025-10-02,19000.0
KH02292,2025-10-02,92000.0
KH00326,2025-10-02,94000.0
KH00447,2025-10-02,238000.0
KH02014,2025-10-02,536000.0
KH00910,2025-10-02,106000.0
KH00789,2025-10-02,271000.0
KH02445,2025-10-02,291000.0
KH02045,2025-10-02,222000.0
KH01394,2025-10-02,431000.0
KH01125,2025-10-02,14000.0
KH02087,2025-10-02,160000.0
KH00324,2025-10-02,219000.0
KH00364,2025-10-02,2133000.0
KH02292,2025-10-02,386000.0
KH00874,2025-10-02,119000.0
KH01442,2025-10-02,644000.0
KH02099,2025-10-02,88000.0
KH00873,2025-10-02,122000.0
KH01493,2025-10-02,251000.0
KH02050,2025-10-02,269000.0
KH00392,2025-10-02,49000.0
KH01605,2025-10-02,209000.0
KH01903,2025-10-02,45000.0
KH01415,2025-10-02,184000.0
KH00215,2025-10-02,86000.0
KH01028,2025-10-02,153000.0
KH02305,2025-10-02,161000.0
KH01824,2025-10-02,181000.0
KH01605,2025-10-02,65000.0
KH01072,2025-10-02,131000.0
KH00481,2025-10-02,367000.0
KH00955,2025-10-02,49000.0
KH01443,2025-10-02,470000.0
KH02129,2025-10-02,45000.0
KH00183,2025-10-02,108000.0
KH02258,2025-10-02,159000.0
KH01915,2025-10-02,46000.0
KH00500,2025-10-02,57000.0
KH02148,2025-10-02,62000.0
KH02268,2025-10-02,191000.0
KH02144,2025-10-02,566000.0
KH00464,2025-10-02,173000.0
KH00478,2025-10-02,635000.0
KH01017,2025-10-02,108000.0
KH00237,2025-10-02,125000.0
KH00018,2025-10-02,898000.0
KH01322,2025-10-02,250000.0
KH01420,2025-10-02,151000.0
KH02328,2025-10-02,245000.0
KH00253,2025-10-03,372000.0
KH01647,2025-10-03,417000.0
KH00656,2025-10-03,80000.0
KH02284,2025-10-03,324000.0
KH01185,2025-10-03,111000.0
KH00675,2025-10-03,198000.0
KH02359,2025-10-03,109000.0
KH01322,2025-10-03,233000.0
KH01113,2025-10-03,114000.0
KH01934,2025-10-03,39000.0
KH00678,2025-10-03,215000.0
KH00384,2025-10-03,63000.0
KH01353,2025-10-03,339000.0
KH00365,2025-10-03,134000.0
KH00005,2025-10-03,189000.0
KH02019,2025-10-03,146000.0
KH01982,2025-10-03,445000.0
KH00188,2025-10-03,108000.0
KH00430,2025-10-03,204000.0
KH01740,2025-10-03,186000.0
KH00849,2025-10-03,190000.0
KH02353,2025-10-03,472000.0
KH01134,2025-10-03,185000.0
KH00388,2025-10-03,165000.0
KH01353,2025-10-03,75000.0
KH01891,2025-10-03,690000.0
KH00300,2025-10-03,147000.0
KH01587,2025-10-03,457000.0
KH00904,2025-10-03,156000.0
KH00315,2025-10-03,209000.0
KH01857,2025-10-03,199000.0
KH00170,2025-10-03,338000.0
KH00101,2025-10-03,130000.0
KH01643,2025-10-03,41000.0
KH02227,2025-10-03,116000.0
KH00392,2025-10-03,143000.0
KH02141,2025-10-03,243000.0
KH02060,2025-10-03,292000.0
KH02344,2025-10-03,329000.0
KH01421,2025-10-03,148000.0
KH02430,2025-10-03,459000.0
KH00428,2025-10-03,283000.0
KH00963,2025-10-03,245000.0
KH01595,2025-10-03,70000.0
KH01078,2025-10-03,121000.0
KH00610,2025-10-03,298000.0
KH01865,2025-10-03,643000.0
KH02131,2025-10-03,319000.0
KH01533,2025-10-03,142000.0
KH00432,2025-10-03,391000.0
KH02032,2025-10-03,145000.0
KH00722,2025-10-03,143000.0
KH02228,2025-10-03,251000.0
KH00292,2025-10-03,129000.0
KH00595,2025-10-03,156000.0
KH01777,2025-10-03,81000.0
KH02404,2025-10-03,136000.0
KH00872,2025-10-03,111000.0
KH01284,2025-10-03,208000.0
KH02345,2025-10-03,294000.0
KH01322,2025-10-03,245000.0
KH00552,2025-10-03,142000.0
KH01851,2025-10-03,279000.0
KH02408,2025-10-03,2318000.0
KH00144,2025-10-03,335000.0
KH01159,2025-10-03,52000.0
KH02281,2025-10-03,116000.0
KH01273,2025-10-03,266000.0
KH00785,2025-10-03,423000.0
KH01597,2025-10-03,148000.0
KH02155,2025-10-03,524000.0
KH01577,2025-10-03,131000.0
KH02023,2025-10-03,270000.0
KH00032,2025-10-03,337000.0
KH00821,2025-10-03,213000.0
KH00247,2025-10-03,211000.0
KH00796,2025-10-03,418000.0
KH01125,2025-10-03,296000.0
KH01857,2025-10-03,48000.0
KH01791,2025-10-03,94000.0
KH01531,2025-10-03,129000.0
KH02197,2025-10-03,78000.0
KH01866,2025-10-03,759000.0
KH02138,2025-10-03,304000.0
KH01569,2025-10-03,91000.0
KH00671,2025-10-03,211000.0
KH00627,2025-10-03,29000.0
KH02339,2025-10-03,122000.0
KH00287,2025-10-04,1016000.0
KH02100,2025-10-04,160000.0
KH01484,2025-10-04,131000.0
KH00522,2025-10-04,166000.0
KH02183,2025-10-04,160000.0
KH02452,2025-10-04,373000.0
KH01893,2025-10-04,141000.0
KH01955,2025-10-04,236000.0
KH00004,2025-10-04,153000.0
KH01443,2025-10-04,221000.0
KH00868,2025-10-04,121000.0
KH01413,2025-10-04,178000.0
KH01110,2025-10-04,510000.0
KH01473,2025-10-04,590000.0
KH02190,2025-10-04,493000.0
KH00372,2025-10-04,170000.0
KH01044,2025-10-04,236000.0
KH01454,2025-10-04,68000.0
KH01392,2025-10-04,1377000.0
KH02386,2025-10-04,247000.0
KH01557,2025-10-04,360000.0
KH00823,2025-10-04,46000.0
KH01863,2025-10-04,44000.0
KH00850,2025-10-04,918000.0
KH01963,2025-10-04,66000.0
KH02133,2025-10-04,140000.0
KH01748,2025-10-04,82000.0
KH01811,2025-10-04,292000.0
KH00194,2025-10-04,229000.0
KH00012,2025-10-04,154000.0
KH00509,2025-10-04,281000.0
KH00335,2025-10-04,216000.0
KH00168,2025-10-04,556000.0
KH00503,2025-10-04,132000.0
KH01595,2025-10-04,227000.0
KH01727,2025-10-04,110000.0
KH00635,2025-10-04,174000.0
KH02174,2025-10-04,355000.0
KH00571,2025-10-04,396000.0
KH01007,2025-10-04,111000.0
KH00968,2025-10-04,1261000.0
KH00627,2025-10-04,86000.0
KH00933,2025-10-04,487000.0
KH00093,2025-10-04,68000.0
KH00066,2025-10-04,318000.0
KH00707,2025-10-04,64000.0
KH01616,2025-10-04,375000.0
KH01514,2025-10-04,150000.0
KH01673,2025-10-04,283000.0
KH02370,2025-10-04,521000.0
KH00395,2025-10-04,362000.0
KH02435,2025-10-04,348000.0
KH02050,2025-10-04,65000.0
KH00004,2025-10-04,283000.0
KH01454,2025-10-04,155000.0
KH00468,2025-10-04,107000.0
KH00082,2025-10-04,134000.0
KH02092,2025-10-04,208000.0
KH01824,2025-10-04,87000.0
KH01396,2025-10-04,543000.0
KH01960,2025-10-04,372000.0
KH00447,2025-10-04,702000.0
KH01312,2025-10-04,112000.0
KH01398,2025-10-04,214000.0
KH02100,2025-10-04,193000.0
KH02423,2025-10-04,470000.0
KH01866,2025-10-04,957000.0
KH00255,2025-10-04,133000.0
KH02327,2025-10-04,192000.0
KH00130,2025-10-04,312000.0
KH02352,2025-10-04,28000.0
KH01881,2025-10-04,137000.0
KH01708,2025-10-04,62000.0
KH00683,2025-10-04,66000.0
KH01764,2025-10-04,768000.0
KH01930,2025-10-04,395000.0
KH02380,2025-10-04,276000.0
KH00707,2025-10-04,112000.0
KH00111,2025-10-04,33000.0
KH00819,2025-10-04,80000.0
KH01397,2025-10-04,619000.0
KH00040,2025-10-04,119000.0
KH01172,2025-10-04,126000.0
KH00502,2025-10-04,41000.0
KH00067,2025-10-04,501000.0
KH02457,2025-10-04,182000.0
KH00722,2025-10-05,247000.0
KH00961,2025-10-05,167000.0
KH00413,2025-10-05,171000.0
KH01136,2025-10-05,146000.0
KH00852,2025-10-05,173000.0
KH00613,2025-10-05,58000.0
KH01655,2025-10-05,334000.0
KH00460,2025-10-05,342000.0
KH00474,2025-10-05,51000.0
KH00462,2025-10-05,192000.0
KH01337,2025-10-05,64000.0
KH00087,2025-10-05,84000.0
KH02207,2025-10-05,101000.0
KH00685,2025-10-05,48000.0
KH01110,2025-10-05,451000.0
KH00480,2025-10-05,53000.0
KH00075,2025-10-05,99000.0
KH02463,2025-10-05,245000.0
KH00742,2025-10-05,544000.0
KH00308,2025-10-05,760000.0
KH00649,2025-10-05,140000.0
KH00033,2025-10-05,211000.0
KH01529,2025-10-05,59000.0
KH00447,2025-10-05,162000.0
KH01684,2025-10-05,182000.0
KH01939,2025-10-05,240000.0
KH00733,2025-10-05,166000.0
KH02278,2025-10-05,260000.0
KH00697,2025-10-05,584000.0
KH01473,2025-10-05,137000.0
KH01721,2025-10-05,184000.0
KH02390,2025-10-05,449000.0
KH02408,2025-10-05,593000.0
KH00119,2025-10-05,316000.0
KH00621,2025-10-05,342000.0
KH00742,2025-10-05,285000.0
KH02167,2025-10-05,391000.0
KH02471,2025-10-05,262000.0
KH02006,2025-10-05,39000.0
KH02017,2025-10-05,529000.0
KH00079,2025-10-05,102000.0
KH01702,2025-10-05,431000.0
KH01663,2025-10-05,119000.0
KH00750,2025-10-05,52000.0
KH01012,2025-10-05,160000.0
KH02418,2025-10-05,39000.0
KH00373,2025-10-05,159000.0
KH02251,2025-10-05,122000.0
KH00142,2025-10-05,41000.0
KH00124,2025-10-05,180000.0
KH00961,2025-10-05,217000.0
KH00968,2025-10-05,293000.0
KH01226,2025-10-05,326000.0
KH01619,2025-10-05,474000.0
KH00519,2025-10-05,184000.0
KH00205,2025-10-05,209000.0
KH02101,2025-10-05,198000.0
KH02043,2025-10-05,109000.0
KH02302,2025-10-05,326000.0
KH00349,2025-10-05,150000.0
KH00316,2025-10-05,348000.0
KH01362,2025-10-05,803000.0
KH01118,2025-10-05,308000.0
KH00455,2025-10-05,438000.0
KH00796,2025-10-05,100000.0
KH01857,2025-10-05,363000.0
KH01402,2025-10-05,120000.0
KH01038,2025-10-05,367000.0
KH00695,2025-10-05,215000.0
KH01032,2025-10-05,580000.0
KH01714,2025-10-05,209000.0
KH00822,2025-10-05,125000.0
KH02009,2025-10-05,136000.0
KH01994,2025-10-05,698000.0
KH02354,2025-10-05,138000.0
KH00926,2025-10-05,180000.0
KH00995,2025-10-05,153000.0
KH01011,2025-10-05,327000.0
KH01202,2025-10-05,239000.0
KH02450,2025-10-05,195000.0
KH01565,2025-10-05,318000.0
KH00277,2025-10-06,251000.0
KH01015,2025-10-06,480000.0
KH00409,2025-10-06,86000.0
KH01822,2025-10-06,149000.0
KH01078,2025-10-06,86000.0
KH01505,2025-10-06,126000.0
KH00266,2025-10-06,96000.0
KH01397,2025-10-06,623000.0
KH02494,2025-10-06,195000.0
KH00520,2025-10-06,138000.0
KH01819,2025-10-06,1232000.0
KH00964,2025-10-06,249000.0
KH00408,2025-10-06,173000.0
KH01309,2025-10-06,227000.0
KH00440,2025-10-06,114000.0
KH02169,2025-10-06,174000.0
KH01519,2025-10-06,212000.0
KH01951,2025-10-06,107000.0
KH02267,2025-10-06,350000.0
KH02178,2025-10-06,266000.0
KH00599,2025-10-06,841000.0
KH00725,2025-10-06,250000.0
KH01002,2025-10-06,154000.0
KH00413,2025-10-06,345000.0
KH00217,2025-10-06,509000.0
KH01851,2025-10-06,233000.0
KH01408,2025-10-06,158000.0
KH00310,2025-10-06,23000.0
KH02045,2025-10-06,81000.0
KH00358,2025-10-06,551000.0
KH00834,2025-10-06,360000.0
KH02498,2025-10-06,369000.0
KH00328,2025-10-06,1197000.0
KH01212,2025-10-06,168000.0
KH02129,2025-10-06,81000.0
KH00950,2025-10-06,48000.0
KH00102,2025-10-06,147000.0
KH02363,2025-10-06,1025000.0
KH01880,2025-10-06,104000.0
KH02019,2025-10-06,304000.0
KH01313,2025-10-06,239000.0
KH01689,2025-10-06,143000.0
KH01433,2025-10-06,617000.0
KH02152,2025-10-06,253000.0
KH01047,2025-10-06,188000.0
KH00183,2025-10-06,312000.0
KH02432,2025-10-06,641000.0
KH01459,2025-10-06,387000.0
KH02173,2025-10-06,282000.0
KH01188,2025-10-06,409000.0
KH01385,2025-10-06,281000.0
KH01958,2025-10-06,410000.0
KH01536,2025-10-06,1281000.0
KH00563,2025-10-06,156000.0
KH00478,2025-10-06,192000.0
KH00378,2025-10-06,41000.0
KH01214,2025-10-06,199000.0
KH01250,2025-10-06,167000.0
KH00805,2025-10-06,562000.0
KH01770,2025-10-06,120000.0
KH00880,2025-10-06,465000.0
KH01742,2025-10-06,423000.0
KH00365,2025-10-06,126000.0
KH01569,2025-10-06,519000.0
KH02282,2025-10-06,362000.0
KH02038,2025-10-06,96000.0
KH01961,2025-10-06,196000.0
KH00430,2025-10-06,62000.0
KH00686,2025-10-06,123000.0
KH01123,2025-10-06,45000.0
KH02327,2025-10-06,245000.0
KH00313,2025-10-06,296000.0
KH02454,2025-10-06,377000.0
KH01601,2025-10-06,253000.0
KH00124,2025-10-06,928000.0
KH01941,2025-10-06,144000.0
KH02061,2025-10-06,111000.0
KH01203,2025-10-06,410000.0
KH02336,2025-10-06,163000.0
KH01485,2025-10-06,59000.0
KH00284,2025-10-06,190000.0
KH01066,2025-10-06,275000.0
KH01504,2025-10-06,28000.0
KH00365,2025-10-06,562000.0
KH00487,2025-10-06,209000.0
KH00225,2025-10-06,501000.0
KH00808,2025-10-07,66000.0
KH00706,2025-10-07,288000.0
KH01401,2025-10-07,75000.0
KH01348,2025-10-07,291000.0
KH00200,2025-10-07,588000.0
KH01481,2025-10-07,39000.0
KH00886,2025-10-07,102000.0
KH00977,2025-10-07,345000.0
KH00095,2025-10-07,107000.0
KH02362,2025-10-07,506000.0
KH01560,2025-10-07,80000.0
KH00373,2025-10-07,571000.0
KH01725,2025-10-07,73000.0
KH02426,2025-10-07,83000.0
KH02077,2025-10-07,247000.0
KH02077,2025-10-07,185000.0
KH00462,2025-10-07,137000.0
KH00231,2025-10-07,180000.0
KH00503,2025-10-07,159000.0
KH01658,2025-10-07,168000.0
KH02119,2025-10-07,90000.0
KH01412,2025-10-07,92000.0
KH00810,2025-10-07,430000.0
KH01730,2025-10-07,180000.0
KH00613,2025-10-07,149000.0
KH00027,2025-10-07,112000.0
KH02491,2025-10-07,131000.0
KH01047,2025-10-07,147000.0
KH00346,2025-10-07,2014000.0
KH00582,2025-10-07,517000.0
KH00959,2025-10-07,193000.0
KH02431,2025-10-07,162000.0
KH00300,2025-10-07,393000.0
KH00663,2025-10-07,175000.0
KH00250,2025-10-07,109000.0
KH02096,2025-10-07,148000.0
KH01282,2025-10-07,118000.0
KH00114,2025-10-07,124000.0
KH02252,2025-10-07,179000.0
KH01516,2025-10-07,371000.0
KH00487,2025-10-07,118000.0
KH02084,2025-10-07,263000.0
KH00949,2025-10-07,569000.0
KH00713,2025-10-07,403000.0
KH00232,2025-10-07,105000.0
KH00984,2025-10-07,219000.0
KH00969,2025-10-07,274000.0
KH02140,2025-10-07,298000.0
KH00150,2025-10-07,264000.0
KH01437,2025-10-07,715000.0
KH01190,2025-10-07,148000.0
KH01377,2025-10-07,376000.0
KH00198,2025-10-07,651000.0
KH00478,2025-10-07,451000.0
KH01941,2025-10-07,394000.0
KH01643,2025-10-07,443000.0
KH00474,2025-10-07,80000.0
KH00929,2025-10-07,1745000.0
KH00386,2025-10-07,134000.0
KH00060,2025-10-07,299000.0
KH02311,2025-10-07,188000.0
KH01039,2025-10-07,292000.0
KH02260,2025-10-07,88000.0
KH00036,2025-10-07,484000.0
KH01714,2025-10-07,409000.0
KH01029,2025-10-07,58000.0
KH00448,2025-10-07,278000.0
KH01468,2025-10-07,134000.0
KH01448,2025-10-07,578000.0
KH02320,2025-10-07,176000.0
KH02311,2025-10-07,245000.0
KH00269,2025-10-07,342000.0
KH00979,2025-10-07,271000.0
KH02473,2025-10-07,177000.0
KH02344,2025-10-07,100000.0
KH01404,2025-10-07,173000.0
KH00584,2025-10-07,458000.0
KH00069,2025-10-07,283000.0
KH00268,2025-10-07,220000.0
KH01485,2025-10-07,1208000.0
KH02300,2025-10-07,245000.0
KH00402,2025-10-07,152000.0
KH01980,2025-10-07,162000.0
KH00447,2025-10-07,564000.0
KH02081,2025-10-07,138000.0
KH01298,2025-10-07,51000.0
KH01752,2025-10-07,80000.0
KH00115,2025-10-07,63000.0
KH02040,2025-10-08,41000.0
KH01290,2025-10-08,95000.0
KH00198,2025-10-08,558000.0
KH00919,2025-10-08,222000.0
KH00445,2025-10-08,118000.0
KH01169,2025-10-08,256000.0
KH00365,2025-10-08,42000.0
KH02441,2025-10-08,55000.0
KH02266,2025-10-08,399000.0
KH00179,2025-10-08,1875000.0
KH02078,2025-10-08,139000.0
KH01690,2025-10-08,514000.0
KH01616,2025-10-08,243000.0
KH00868,2025-10-08,255000.0
KH02052,2025-10-08,397000.0
KH01092,2025-10-08,359000.0
KH00962,2025-10-08,279000.0
KH00335,2025-10-08,237000.0
KH02217,2025-10-08,378000.0
KH00693,2025-10-08,114000.0
KH01094,2025-10-08,367000.0
KH02401,2025-10-08,199000.0
KH01296,2025-10-08,288000.0
KH01920,2025-10-08,102000.0
KH00174,2025-10-08,305000.0
KH01617,2025-10-08,231000.0
KH02261,2025-10-08,263000.0
KH01057,2025-10-08,477000.0
KH00872,2025-10-08,128000.0
KH02295,2025-10-08,64000.0
KH01142,2025-10-08,184000.0
KH01180,2025-10-08,80000.0
KH02473,2025-10-08,295000.0
KH01705,2025-10-08,312000.0
KH00557,2025-10-08,232000.0
KH01373,2025-10-08,865000.0
KH01221,2025-10-08,62000.0
KH00935,2025-10-08,273000.0
KH00816,2025-10-08,165000.0
KH02473,2025-10-08,153000.0
KH02458,2025-10-08,57000.0
KH02254,2025-10-08,410000.0
KH00035,2025-10-08,103000.0
KH00317,2025-10-08,315000.0
KH01621,2025-10-08,79000.0
KH00997,2025-10-08,300000.0
KH01485,2025-10-08,381000.0
KH01481,2025-10-08,92000.0
KH00059,2025-10-08,436000.0
KH01091,2025-10-08,136000.0
KH02075,2025-10-08,170000.0
KH01195,2025-10-08,47000.0
KH00446,2025-10-08,95000.0
KH01077,2025-10-08,109000.0
KH01753,2025-10-08,271000.0
KH01639,2025-10-08,246000.0
KH01001,2025-10-08,229000.0
KH00663,2025-10-08,131000.0
KH02208,2025-10-08,205000.0
KH00647,2025-10-08,409000.0
KH01727,2025-10-08,37000.0
KH01773,2025-10-08,152000.0
KH00903,2025-10-08,181000.0
KH00141,2025-10-08,332000.0
KH00150,2025-10-08,308000.0
KH00642,2025-10-08,467000.0
KH00997,2025-10-08,40000.0
KH02096,2025-10-08,138000.0
KH00346,2025-10-08,193000.0
KH01998,2025-10-08,126000.0
KH00922,2025-10-08,127000.0
KH01444,2025-10-08,309000.0
KH02344,2025-10-08,456000.0
KH02174,2025-10-08,114000.0
KH01228,2025-10-08,441000.0
KH01600,2025-10-08,414000.0
KH01012,2025-10-08,273000.0
KH00548,2025-10-08,73000.0
KH01561,2025-10-08,59000.0
KH01441,2025-10-08,285000.0
KH02102,2025-10-08,76000.0
KH00040,2025-10-08,477000.0
KH00174,2025-10-08,244000.0
KH00204,2025-10-08,349000.0
KH01819,2025-10-08,56000.0
KH01920,2025-10-08,45000.0
KH01377,2025-10-09,165000.0
KH02380,2025-10-09,172000.0
KH00221,2025-10-09,354000.0
KH00972,2025-10-09,320000.0
KH00681,2025-10-09,263000.0
KH00596,2025-10-09,260000.0
KH02385,2025-10-09,47000.0
KH01737,2025-10-09,40000.0
KH00084,2025-10-09,304000.0
KH01344,2025-10-09,207000.0
KH01574,2025-10-09,593000.0
KH01529,2025-10-09,126000.0
KH02065,2025-10-09,86000.0
KH00031,2025-10-09,100000.0
KH01094,2025-10-09,268000.0
KH00193,2025-10-09,381000.0
KH01919,2025-10-09,153000.0
KH02401,2025-10-09,62000.0
KH01789,2025-10-09,182000.0
KH01747,2025-10-09,499000.0
KH00754,2025-10-09,333000.0
KH01851,2025-10-09,84000.0
KH00135,2025-10-09,482000.0
KH01424,2025-10-09,172000.0
KH01606,2025-10-09,216000.0
KH01091,2025-10-09,503000.0
KH00317,2025-10-09,346000.0
KH01785,2025-10-09,476000.0
KH00974,2025-10-09,198000.0
KH00910,2025-10-09,95000.0
KH02118,2025-10-09,64000.0
KH01295,2025-10-09,166000.0
KH01449,2025-10-09,342000.0
KH00192,2025-10-09,138000.0
KH01690,2025-10-09,60000.0
KH01660,2025-10-09,361000.0
KH00555,2025-10-09,1592000.0
KH01005,2025-10-09,259000.0
KH01665,2025-10-09,108000.0
KH00027,2025-10-09,1612000.0
KH02479,2025-10-09,123000.0
KH00395,2025-10-09,92000.0
KH00068,2025-10-09,57000.0
KH01941,2025-10-09,100000.0
KH00265,2025-10-09,381000.0
KH01160,2025-10-09,283000.0
KH01808,2025-10-09,160000.0
KH02092,2025-10-09,47000.0
KH01334,2025-10-09,80000.0
KH01560,2025-10-09,142000.0
KH00185,2025-10-09,99000.0
KH01999,2025-10-09,142000.0
KH00075,2025-10-09,558000.0
KH00455,2025-10-09,118000.0
KH02350,2025-10-09,403000.0
KH00194,2025-10-09,136000.0
KH02139,2025-10-09,460000.0
KH00681,2025-10-09,209000.0
KH00440,2025-10-09,247000.0
KH02234,2025-10-09,566000.0
KH02406,2025-10-09,366000.0
KH02299,2025-10-09,46000.0
KH00029,2025-10-09,792000.0
KH01325,2025-10-09,61000.0
KH00834,2025-10-09,651000.0
KH02283,2025-10-09,216000.0
KH01550,2025-10-09,76000.0
KH00805,2025-10-09,337000.0
KH02348,2025-10-09,58000.0
KH02001,2025-10-09,485000.0
KH02134,2025-10-09,537000.0
KH01118,2025-10-09,163000.0
KH00338,2025-10-09,388000.0
KH02473,2025-10-09,755000.0
KH00163,2025-10-09,100000.0
KH01594,2025-10-09,179000.0
KH02052,2025-10-09,65000.0
KH02102,2025-10-09,164000.0
KH00290,2025-10-09,187000.0
KH00553,2025-10-09,472000.0
KH00524,2025-10-09,285000.0
KH02332,2025-10-09,123000.0
KH01747,2025-10-09,295000.0
KH02355,2025-10-09,193000.0
KH00002,2025-10-09,118000.0
KH00404,2025-10-09,343000.0
KH02031,2025-10-10,142000.0
KH00467,2025-10-10,165000.0
KH01936,2025-10-10,154000.0
KH02470,2025-10-10,171000.0
KH00067,2025-10-10,68000.0
KH02319,2025-10-10,65000.0
KH01178,2025-10-10,64000.0
KH00059,2025-10-10,256000.0
KH01476,2025-10-10,411000.0
KH00836,2025-10-10,328000.0
KH01972,2025-10-10,136000.0
KH00492,2025-10-10,164000.0
KH01599,2025-10-10,517000.0
KH00069,2025-10-10,311000.0
KH00448,2025-10-10,261000.0
KH01861,2025-10-10,125000.0
KH02406,2025-10-10,147000.0
KH00183,2025-10-10,105000.0
KH01918,2025-10-10,132000.0
KH01260,2025-10-10,193000.0
KH00367,2025-10-10,329000.0
KH00576,2025-10-10,571000.0
KH01705,2025-10-10,119000.0
KH00136,2025-10-10,287000.0
KH00150,2025-10-10,608000.0
KH00567,2025-10-10,177000.0
KH01352,2025-10-10,639000.0
KH00971,2025-10-10,134000.0
KH01747,2025-10-10,724000.0
KH01106,2025-10-10,136000.0
KH01282,2025-10-10,237000.0
KH00820,2025-10-10,327000.0
KH01268,2025-10-10,214000.0
KH02295,2025-10-10,111000.0
KH00311,2025-10-10,82000.0
KH01472,2025-10-10,131000.0
KH00024,2025-10-10,219000.0
KH01094,2025-10-10,232000.0
KH00480,2025-10-10,211000.0
KH01696,2025-10-10,668000.0
KH01056,2025-10-10,170000.0
KH02435,2025-10-10,248000.0
KH01812,2025-10-10,254000.0
KH01063,2025-10-10,203000.0
KH01851,2025-10-10,176000.0
KH02271,2025-10-10,78000.0
KH01112,2025-10-10,895000.0
KH02011,2025-10-10,201000.0
KH00868,2025-10-10,174000.0
KH02347,2025-10-10,199000.0
KH00755,2025-10-10,105000.0
KH01866,2025-10-10,607000.0
KH01253,2025-10-10,136000.0
KH01128,2025-10-10,203000.0
KH00724,2025-10-10,130000.0
KH02183,2025-10-10,168000.0
KH01805,2025-10-10,116000.0
KH01377,2025-10-10,66000.0
KH01976,2025-10-10,401000.0
KH01546,2025-10-10,927000.0
KH01038,2025-10-10,477000.0
KH00324,2025-10-10,72000.0
KH00214,2025-10-10,493000.0
KH01249,2025-10-10,144000.0
KH01668,2025-10-10,142000.0
KH01799,2025-10-10,124000.0
KH00994,2025-10-10,97000.0
KH00145,2025-10-10,137000.0
KH00235,2025-10-10,145000.0
KH02344,2025-10-10,255000.0
KH01399,2025-10-10,76000.0
KH02090,2025-10-10,106000.0
KH00460,2025-10-10,210000.0
KH01399,2025-10-10,151000.0
KH02486,2025-10-10,375000.0
KH01353,2025-10-10,127000.0
KH01023,2025-10-10,847000.0
KH01838,2025-10-10,213000.0
KH00932,2025-10-10,241000.0
KH01075,2025-10-10,92000.0
KH02412,2025-10-10,159000.0
KH01800,2025-10-10,222000.0
KH02153,2025-10-10,78000.0
KH00014,2025-10-10,166000.0
KH00177,2025-10-10,544000.0
KH02173,2025-10-10,168000.0
KH00940,2025-10-11,158000.0
KH01105,2025-10-11,1868000.0
KH01656,2025-10-11,674000.0
KH01843,2025-10-11,338000.0
KH00192,2025-10-11,334000.0
KH00764,2025-10-11,99000.0
KH02074,2025-10-11,100000.0
KH00636,2025-10-11,332000.0
KH00114,2025-10-11,371000.0
KH01565,2025-10-11,306000.0
KH00460,2025-10-11,232000.0
KH00673,2025-10-11,402000.0
KH01257,2025-10-11,184000.0
KH01688,2025-10-11,122000.0
KH00865,2025-10-11,133000.0
KH00448,2025-10-11,65000.0
KH01805,2025-10-11,162000.0
KH02005,2025-10-11,55000.0
KH00213,2025-10-11,169000.0
KH00078,2025-10-11,130000.0
KH01604,2025-10-11,244000.0
KH01971,2025-10-11,114000.0
KH00278,2025-10-11,102000.0
KH01918,2025-10-11,174000.0
KH00653,2025-10-11,263000.0
KH01824,2025-10-11,349000.0
KH00365,2025-10-11,238000.0
KH01281,2025-10-11,55000.0
KH00908,2025-10-11,351000.0
KH01379,2025-10-11,334000.0
KH02280,2025-10-11,86000.0
KH01770,2025-10-11,538000.0
KH02057,2025-10-11,315000.0
KH01612,2025-10-11,100000.0
KH01076,2025-10-11,154000.0
KH01853,2025-10-11,647000.0
KH00025,2025-10-11,215000.0
KH00654,2025-10-11,166000.0
KH02248,2025-10-11,142000.0
KH02175,2025-10-11,46000.0
KH01760,2025-10-11,176000.0
KH00446,2025-10-11,113000.0
KH00014,2025-10-11,152000.0
KH00731,2025-10-11,254000.0
KH02481,2025-10-11,340000.0
KH00660,2025-10-11,97000.0
KH00890,2025-10-11,26000.0
KH02312,2025-10-11,101000.0
KH00173,2025-10-11,496000.0
KH01577,2025-10-11,956000.0
KH01146,2025-10-11,40000.0
KH02408,2025-10-11,179000.0
KH01042,2025-10-11,312000.0
KH00606,2025-10-11,204000.0
KH01443,2025-10-11,117000.0
KH01144,2025-10-11,175000.0
KH02497,2025-10-11,146000.0
KH00114,2025-10-11,274000.0
KH01791,2025-10-11,301000.0
KH01553,2025-10-11,304000.0
KH02301,2025-10-11,199000.0
KH01363,2025-10-11,48000.0
KH01863,2025-10-11,260000.0
KH01641,2025-10-11,298000.0
KH01829,2025-10-11,176000.0
KH02439,2025-10-11,145000.0
KH02005,2025-10-11,174000.0
KH01594,2025-10-11,198000.0
KH00729,2025-10-11,572000.0
KH01647,2025-10-11,170000.0
KH00976,2025-10-11,32000.0
KH01853,2025-10-11,94000.0
KH00286,2025-10-11,292000.0
KH00777,2025-10-11,258000.0
KH00236,2025-10-12,106000.0
KH00896,2025-10-12,767000.0
KH01968,2025-10-12,71000.0
KH00933,2025-10-12,315000.0
KH01651,2025-10-12,1713000.0
KH00783,2025-10-12,129000.0
KH02061,2025-10-12,263000.0
KH00438,2025-10-12,445000.0
KH01808,2025-10-12,429000.0
KH01666,2025-10-12,203000.0
KH00305,2025-10-12,253000.0
KH02037,2025-10-12,163000.0
KH02462,2025-10-12,82000.0
KH01460,2025-10-12,505000.0
KH01675,2025-10-12,277000.0
KH00860,2025-10-12,690000.0
KH02207,2025-10-12,269000.0
KH02009,2025-10-12,54000.0
KH01201,2025-10-12,535000.0
KH00047,2025-10-12,295000.0
KH02036,2025-10-12,453000.0
KH02312,2025-10-12,102000.0
KH00849,2025-10-12,326000.0
KH02296,2025-10-12,137000.0
KH00806,2025-10-12,84000.0
KH00314,2025-10-12,137000.0
KH01815,2025-10-12,394000.0
KH02272,2025-10-12,270000.0
KH02327,2025-10-12,125000.0
KH00064,2025-10-12,137000.0
KH00334,2025-10-12,88000.0
KH02131,2025-10-12,347000.0
KH01761,2025-10-12,133000.0
KH00488,2025-10-12,766000.0
KH00078,2025-10-12,158000.0
KH01896,2025-10-12,852000.0
KH02136,2025-10-12,103000.0
KH01053,2025-10-12,398000.0
KH00789,2025-10-12,391000.0
KH02237,2025-10-12,315000.0
KH00192,2025-10-12,245000.0
KH00571,2025-10-12,139000.0
KH01411,2025-10-12,70000.0
KH01416,2025-10-12,109000.0
KH01032,2025-10-12,329000.0
KH01934,2025-10-12,141000.0
KH02356,2025-10-12,143000.0
KH02248,2025-10-12,207000.0
KH00694,2025-10-12,420000.0
KH02100,2025-10-12,262000.0
KH01502,2025-10-12,122000.0
KH00087,2025-10-12,207000.0
KH01601,2025-10-12,180000.0
KH02244,2025-10-12,77000.0
KH01776,2025-10-12,267000.0
KH01106,2025-10-12,340000.0
KH01395,2025-10-12,1063000.0
KH01109,2025-10-12,698000.0
KH00398,2025-10-12,156000.0
KH01056,2025-10-12,82000.0
KH00060,2025-10-12,955000.0
KH02473,2025-10-12,112000.0
KH00863,2025-10-12,290000.0
KH01550,2025-10-12,114000.0
KH02360,2025-10-12,272000.0
KH01233,2025-10-12,69000.0
KH00154,2025-10-12,95000.0
KH01601,2025-10-12,51000.0
KH00070,2025-10-12,205000.0
KH00902,2025-10-12,119000.0
KH00812,2025-10-12,97000.0
KH00345,2025-10-12,279000.0
KH02143,2025-10-12,115000.0
KH01093,2025-10-12,45000.0
KH00122,2025-10-12,395000.0
KH00886,2025-10-12,598000.0
KH01704,2025-10-12,212000.0
KH00086,2025-10-12,165000.0
KH02180,2025-10-12,148000.0
KH01922,2025-10-12,55000.0
KH00626,2025-10-12,388000.0
KH00173,2025-10-12,815000.0
KH00161,2025-10-12,125000.0
KH00752,2025-10-12,112000.0
KH00398,2025-10-12,178000.0
KH00997,2025-10-12,220000.0
KH01681,2025-10-12,121000.0
KH00765,2025-10-12,526000.0
KH00276,2025-10-12,111000.0
KH00653,2025-10-12,100000.0
KH01711,2025-10-12,57000.0
KH00386,2025-10-12,817000.0
KH00984,2025-10-12,114000.0
KH00397,2025-10-13,181000.0
KH00179,2025-10-13,164000.0
KH01334,2025-10-13,489000.0
KH01668,2025-10-13,1236000.0
KH00038,2025-10-13,220000.0
KH00833,2025-10-13,88000.0
KH00377,2025-10-13,603000.0
KH01396,2025-10-13,1141000.0
KH01112,2025-10-13,201000.0
KH01516,2025-10-13,324000.0
KH02384,2025-10-13,250000.0
KH00930,2025-10-13,149000.0
KH01075,2025-10-13,324000.0
KH00372,2025-10-13,1084000.0
KH01239,2025-10-13,255000.0
KH01282,2025-10-13,391000.0
KH00235,2025-10-13,630000.0
KH02169,2025-10-13,64000.0
KH00773,2025-10-13,458000.0
KH00311,2025-10-13,83000.0
KH00941,2025-10-13,46000.0
KH01649,2025-10-13,420000.0
KH01529,2025-10-13,284000.0
KH00040,2025-10-13,508000.0
KH01796,2025-10-13,116000.0
KH01710,2025-10-13,373000.0
KH00746,2025-10-13,70000.0
KH01838,2025-10-13,212000.0
KH02273,2025-10-13,199000.0
KH01701,2025-10-13,276000.0
KH00024,2025-10-13,490000.0
KH00431,2025-10-13,320000.0
KH00690,2025-10-13,400000.0
KH01283,2025-10-13,113000.0
KH01458,2025-10-13,356000.0
KH00300,2025-10-13,150000.0
KH00590,2025-10-13,323000.0
KH00640,2025-10-13,164000.0
KH01283,2025-10-13,169000.0
KH01709,2025-10-13,164000.0
KH01293,2025-10-13,82000.0
KH00742,2025-10-13,163000.0
KH01451,2025-10-13,182000.0
KH00890,2025-10-13,291000.0
KH00413,2025-10-13,828000.0
KH00487,2025-10-13,1383000.0
KH01431,2025-10-13,316000.0
KH00814,2025-10-13,128000.0
KH01075,2025-10-13,238000.0
KH01264,2025-10-13,91000.0
KH02407,2025-10-13,157000.0
KH00564,2025-10-13,48000.0
KH01484,2025-10-13,129000.0
KH02049,2025-10-13,227000.0
KH02268,2025-10-13,176000.0
KH00781,2025-10-13,81000.0
KH01012,2025-10-13,22000.0
KH01137,2025-10-13,131000.0
KH00796,2025-10-13,114000.0
KH00641,2025-10-13,511000.0
KH00561,2025-10-13,545000.0
KH00014,2025-10-13,136000.0
KH01211,2025-10-13,152000.0
KH01284,2025-10-13,138000.0
KH00524,2025-10-13,82000.0
KH01420,2025-10-13,130000.0
KH02164,2025-10-13,91000.0
KH00327,2025-10-13,296000.0
KH01201,2025-10-13,115000.0
KH01417,2025-10-13,364000.0
KH02268,2025-10-13,944000.0
KH00141,2025-10-13,545000.0
KH01520,2025-10-13,1294000.0
KH01264,2025-10-13,134000.0
KH01437,2025-10-13,117000.0
KH00671,2025-10-13,415000.0
KH00849,2025-10-13,698000.0
KH00027,2025-10-13,837000.0
KH01066,2025-10-13,167000.0
KH01869,2025-10-13,239000.0
KH02127,2025-10-13,163000.0
KH01045,2025-10-13,189000.0
KH01357,2025-10-13,671000.0
KH00781,2025-10-13,101000.0
KH01930,2025-10-13,38000.0
KH01005,2025-10-13,167000.0
KH01535,2025-10-13,82000.0
KH01764,2025-10-13,543000.0
KH00032,2025-10-13,619000.0
KH02197,2025-10-13,237000.0
KH01322,2025-10-14,81000.0
KH00237,2025-10-14,129000.0
KH00929,2025-10-14,294000.0
KH00308,2025-10-14,57000.0
KH01938,2025-10-14,51000.0
KH02420,2025-10-14,185000.0
KH01821,2025-10-14,234000.0
KH00197,2025-10-14,599000.0
KH00722,2025-10-14,237000.0
KH00424,2025-10-14,98000.0
KH00049,2025-10-14,254000.0
KH01942,2025-10-14,71000.0
KH01418,2025-10-14,283000.0
KH00912,2025-10-14,224000.0
KH01001,2025-10-14,283000.0
KH02183,2025-10-14,501000.0
KH01283,2025-10-14,74000.0
KH00703,2025-10-14,124000.0
KH00132,2025-10-14,265000.0
KH00027,2025-10-14,124000.0
KH00320,2025-10-14,185000.0
KH00268,2025-10-14,76000.0
KH00729,2025-10-14,115000.0
KH01408,2025-10-14,49000.0
KH01181,2025-10-14,187000.0
KH01608,2025-10-14,91000.0
KH02287,2025-10-14,120000.0
KH01690,2025-10-14,147000.0
KH01880,2025-10-14,92000.0
KH01614,2025-10-14,235000.0
KH02375,2025-10-14,134000.0
KH00021,2025-10-14,126000.0
KH02175,2025-10-14,33000.0
KH02275,2025-10-14,469000.0
KH02161,2025-10-14,150000.0
KH01039,2025-10-14,492000.0
KH02049,2025-10-14,55000.0
KH02367,2025-10-14,77000.0
KH02223,2025-10-14,284000.0
KH01302,2025-10-14,514000.0
KH01959,2025-10-14,154000.0
KH00007,2025-10-14,128000.0
KH00357,2025-10-14,321000.0
KH00687,2025-10-14,158000.0
KH01940,2025-10-14,59000.0
KH00500,2025-10-14,834000.0
KH01877,2025-10-14,189000.0
KH02279,2025-10-14,225000.0
KH02157,2025-10-14,150000.0
KH01801,2025-10-14,545000.0
KH00229,2025-10-14,197000.0
KH00308,2025-10-14,47000.0
KH00203,2025-10-14,188000.0
KH00021,2025-10-14,132000.0
KH01172,2025-10-14,91000.0
KH00432,2025-10-14,464000.0
KH01994,2025-10-14,316000.0
KH01711,2025-10-14,254000.0
KH00696,2025-10-14,923000.0
KH01913,2025-10-14,637000.0
KH01942,2025-10-14,191000.0
KH00576,2025-10-14,123000.0
KH01776,2025-10-14,402000.0
KH01059,2025-10-14,430000.0
KH00574,2025-10-14,563000.0
KH01857,2025-10-14,210000.0
KH00316,2025-10-14,1101000.0
KH02459,2025-10-14,239000.0
KH00199,2025-10-14,251000.0
KH02083,2025-10-14,457000.0
KH00684,2025-10-14,344000.0
KH00689,2025-10-14,332000.0
KH00273,2025-10-14,250000.0
KH01190,2025-10-14,349000.0
KH00725,2025-10-14,286000.0
KH01202,2025-10-14,133000.0
KH01454,2025-10-15,299000.0
KH00463,2025-10-15,357000.0
KH00821,2025-10-15,163000.0
KH00987,2025-10-15,159000.0
KH02259,2025-10-15,269000.0
KH00384,2025-10-15,153000.0
KH00055,2025-10-15,94000.0
KH00406,2025-10-15,63000.0
KH00820,2025-10-15,327000.0
KH01427,2025-10-15,64000.0
KH01958,2025-10-15,111000.0
KH00925,2025-10-15,131000.0
KH00922,2025-10-15,233000.0
KH00707,2025-10-15,94000.0
KH02283,2025-10-15,208000.0
KH01105,2025-10-15,216000.0
KH01616,2025-10-15,411000.0
KH01704,2025-10-15,138000.0
KH00132,2025-10-15,136000.0
KH02137,2025-10-15,19000.0
KH01395,2025-10-15,203000.0
KH00278,2025-10-15,375000.0
KH00519,2025-10-15,87000.0
KH00048,2025-10-15,104000.0
KH01484,2025-10-15,279000.0
KH01591,2025-10-15,596000.0
KH01893,2025-10-15,1266000.0
KH00248,2025-10-15,128000.0
KH00624,2025-10-15,237000.0
KH00151,2025-10-15,81000.0
KH00982,2025-10-15,523000.0
KH01701,2025-10-15,263000.0
KH02218,2025-10-15,149000.0
KH00148,2025-10-15,285000.0
KH01808,2025-10-15,143000.0
KH00199,2025-10-15,74000.0
KH00636,2025-10-15,215000.0
KH02113,2025-10-15,77000.0
KH00933,2025-10-15,121000.0
KH02293,2025-10-15,735000.0
KH00306,2025-10-15,2048000.0
KH01647,2025-10-15,2629000.0
KH01160,2025-10-15,92000.0
KH01353,2025-10-15,522000.0
KH02004,2025-10-15,80000.0
KH01060,2025-10-15,205000.0
KH00222,2025-10-15,382000.0
KH00813,2025-10-15,824000.0
KH01937,2025-10-15,587000.0
KH02050,2025-10-15,115000.0
KH00592,2025-10-15,132000.0
KH01929,2025-10-15,80000.0
KH01994,2025-10-15,174000.0
KH01590,2025-10-15,187000.0
KH01335,2025-10-15,78000.0
KH02212,2025-10-15,203000.0
KH01371,2025-10-15,305000.0
KH01195,2025-10-15,423000.0
KH02174,2025-10-15,125000.0
KH02208,2025-10-15,255000.0
KH01142,2025-10-15,155000.0
KH01692,2025-10-15,107000.0
KH01019,2025-10-15,225000.0
KH01851,2025-10-15,130000.0
KH01829,2025-10-15,162000.0
KH00625,2025-10-15,569000.0
KH01750,2025-10-15,289000.0
KH02120,2025-10-15,180000.0
KH00953,2025-10-15,297000.0
KH01982,2025-10-15,437000.0
KH00529,2025-10-15,417000.0
KH01879,2025-10-15,210000.0
KH00886,2025-10-15,186000.0
KH01520,2025-10-15,241000.0
KH01490,2025-10-15,123000.0
KH00860,2025-10-15,458000.0
KH02441,2025-10-15,215000.0
KH00992,2025-10-15,615000.0
KH01335,2025-10-15,77000.0
KH02459,2025-10-15,119000.0
KH00119,2025-10-15,220000.0
KH01866,2025-10-15,154000.0
KH00885,2025-10-15,220000.0
KH01663,2025-10-15,55000.0
KH00831,2025-10-15,300000.0
KH01419,2025-10-15,184000.0
KH00386,2025-10-15,55000.0
KH00557,2025-10-15,385000.0
KH01076,2025-10-15,669000.0
KH01190,2025-10-15,414000.0
KH01348,2025-10-15,443000.0
KH02095,2025-10-16,419000.0
KH02473,2025-10-16,471000.0
KH01475,2025-10-16,149000.0
KH00732,2025-10-16,180000.0
KH02223,2025-10-16,288000.0
KH01435,2025-10-16,688000.0
KH01595,2025-10-16,930000.0
KH02498,2025-10-16,561000.0
KH01953,2025-10-16,236000.0
KH00286,2025-10-16,222000.0
KH01002,2025-10-16,174000.0
KH00426,2025-10-16,167000.0
KH00074,2025-10-16,112000.0
KH02219,2025-10-16,96000.0
KH02179,2025-10-16,547000.0
KH02362,2025-10-16,205000.0
KH01912,2025-10-16,403000.0
KH01733,2025-10-16,283000.0
KH01132,2025-10-16,113000.0
KH01472,2025-10-16,308000.0
KH02189,2025-10-16,72000.0
KH00606,2025-10-16,415000.0
KH02474,2025-10-16,115000.0
KH00828,2025-10-16,189000.0
KH00387,2025-10-16,183000.0
KH01367,2025-10-16,63000.0
KH01569,2025-10-16,603000.0
KH02024,2025-10-16,61000.0
KH01058,2025-10-16,201000.0
KH01865,2025-10-16,158000.0
KH00767,2025-10-16,171000.0
KH00132,2025-10-16,237000.0
KH01536,2025-10-16,414000.0
KH00005,2025-10-16,183000.0
KH01789,2025-10-16,63000.0
KH01012,2025-10-16,42000.0
KH01202,2025-10-16,349000.0
KH02259,2025-10-16,91000.0
KH00266,2025-10-16,338000.0
KH00615,2025-10-16,228000.0
KH01751,2025-10-16,674000.0
KH00224,2025-10-16,117000.0
KH02351,2025-10-16,56000.0
KH00371,2025-10-16,32000.0
KH01796,2025-10-16,95000.0
KH02194,2025-10-16,99000.0
KH00546,2025-10-16,205000.0
KH00234,2025-10-16,139000.0
KH01288,2025-10-16,119000.0
KH00979,2025-10-16,122000.0
KH00587,2025-10-16,668000.0
KH02207,2025-10-16,50000.0
KH00810,2025-10-16,1288000.0
KH00595,2025-10-16,50000.0
KH00561,2025-10-16,353000.0
KH00126,2025-10-16,682000.0
KH00165,2025-10-16,371000.0
KH02125,2025-10-16,243000.0
KH01958,2025-10-16,253000.0
KH01134,2025-10-16,196000.0
KH02199,2025-10-16,96000.0
KH00842,2025-10-16,534000.0
KH02270,2025-10-16,118000.0
KH00318,2025-10-16,351000.0
KH00231,2025-10-16,101000.0
KH01851,2025-10-16,202000.0
KH00694,2025-10-16,370000.0
KH02329,2025-10-16,265000.0
KH01118,2025-10-16,284000.0
KH02251,2025-10-17,663000.0
KH00016,2025-10-17,174000.0
KH00929,2025-10-17,181000.0
KH00853,2025-10-17,246000.0
KH00965,2025-10-17,307000.0
KH01094,2025-10-17,365000.0
KH01689,2025-10-17,245000.0
KH00397,2025-10-17,104000.0
KH01015,2025-10-17,247000.0
KH00410,2025-10-17,137000.0
KH00868,2025-10-17,191000.0
KH02210,2025-10-17,229000.0
KH00749,2025-10-17,111000.0
KH00112,2025-10-17,153000.0
KH01058,2025-10-17,224000.0
KH02122,2025-10-17,161000.0
KH01941,2025-10-17,266000.0
KH02129,2025-10-17,71000.0
KH00566,2025-10-17,154000.0
KH00235,2025-10-17,431000.0
KH00273,2025-10-17,84000.0
KH01124,2025-10-17,336000.0
KH00170,2025-10-17,606000.0
KH00813,2025-10-17,127000.0
KH00106,2025-10-17,512000.0
KH01188,2025-10-17,455000.0
KH00599,2025-10-17,68000.0
KH02311,2025-10-17,173000.0
KH02038,2025-10-17,329000.0
KH02389,2025-10-17,183000.0
KH00661,2025-10-17,67000.0
KH01463,2025-10-17,119000.0
KH00072,2025-10-17,118000.0
KH01827,2025-10-17,156000.0
KH01851,2025-10-17,100000.0
KH00211,2025-10-17,200000.0
KH02018,2025-10-17,488000.0
KH00822,2025-10-17,629000.0
KH01705,2025-10-17,420000.0
KH01337,2025-10-17,149000.0
KH02311,2025-10-17,96000.0
KH01597,2025-10-17,1145000.0
KH00296,2025-10-17,229000.0
KH01413,2025-10-17,161000.0
KH00183,2025-10-17,597000.0
KH01027,2025-10-17,286000.0
KH01741,2025-10-17,217000.0
KH01724,2025-10-17,1366000.0
KH00574,2025-10-17,480000.0
KH02144,2025-10-17,629000.0
KH01044,2025-10-17,144000.0
KH01288,2025-10-17,159000.0
KH01700,2025-10-17,170000.0
KH01971,2025-10-17,878000.0
KH01260,2025-10-17,435000.0
KH00854,2025-10-17,326000.0
KH02055,2025-10-17,151000.0
KH01402,2025-10-17,251000.0
KH01441,2025-10-17,53000.0
KH01402,2025-10-17,54000.0
KH01543,2025-10-17,168000.0
KH01273,2025-10-17,134000.0
KH00727,2025-10-17,93000.0
KH00560,2025-10-17,120000.0
KH01308,2025-10-17,1057000.0
KH00424,2025-10-17,174000.0
KH00440,2025-10-17,345000.0
KH00340,2025-10-17,103000.0
KH00588,2025-10-17,307000.0
KH01815,2025-10-17,1047000.0
KH00742,2025-10-17,275000.0
KH00688,2025-10-17,483000.0
KH00308,2025-10-17,66000.0
KH01824,2025-10-17,268000.0
KH01702,2025-10-17,1036000.0
KH00122,2025-10-17,508000.0
KH01052,2025-10-17,240000.0
KH01605,2025-10-17,1022000.0
KH01556,2025-10-17,255000.0
KH01442,2025-10-17,137000.0
KH01605,2025-10-17,100000.0
KH00018,2025-10-17,110000.0
KH01643,2025-10-17,904000.0
KH00669,2025-10-17,16000.0
KH00879,2025-10-17,155000.0
KH01402,2025-10-18,247000.0
KH00803,2025-10-18,112000.0
KH01839,2025-10-18,138000.0
KH01296,2025-10-18,304000.0
KH01994,2025-10-18,265000.0
KH01522,2025-10-18,110000.0
KH01887,2025-10-18,98000.0
KH01901,2025-10-18,160000.0
KH00661,2025-10-18,66000.0
KH02292,2025-10-18,36000.0
KH00622,2025-10-18,1043000.0
KH02275,2025-10-18,457000.0
KH01431,2025-10-18,150000.0
KH00216,2025-10-18,138000.0
KH01580,2025-10-18,101000.0
KH01077,2025-10-18,249000.0
KH01910,2025-10-18,148000.0
KH02061,2025-10-18,40000.0
KH01334,2025-10-18,329000.0
KH00530,2025-10-18,213000.0
KH00595,2025-10-18,120000.0
KH01528,2025-10-18,247000.0
KH01612,2025-10-18,72000.0
KH00694,2025-10-18,65000.0
KH01701,2025-10-18,341000.0
KH00131,2025-10-18,292000.0
KH01731,2025-10-18,198000.0
KH01641,2025-10-18,243000.0
KH01603,2025-10-18,270000.0
KH00421,2025-10-18,360000.0
KH02313,2025-10-18,133000.0
KH00907,2025-10-18,69000.0
KH01459,2025-10-18,565000.0
KH00027,2025-10-18,140000.0
KH01569,2025-10-18,80000.0
KH00965,2025-10-18,628000.0
KH01959,2025-10-18,196000.0
KH00043,2025-10-18,112000.0
KH00890,2025-10-18,1254000.0
KH01337,2025-10-18,114000.0
KH01975,2025-10-18,172000.0
KH00149,2025-10-18,48000.0
KH01281,2025-10-18,150000.0
KH02401,2025-10-18,257000.0
KH01102,2025-10-18,139000.0
KH00579,2025-10-18,193000.0
KH00963,2025-10-18,102000.0
KH00188,2025-10-18,291000.0
KH01263,2025-10-18,337000.0
KH02202,2025-10-18,857000.0
KH00591,2025-10-18,225000.0
KH00354,2025-10-18,132000.0
KH01217,2025-10-18,672000.0
KH00396,2025-10-18,414000.0
KH00159,2025-10-18,222000.0
KH00975,2025-10-18,78000.0
KH00277,2025-10-18,347000.0
KH02223,2025-10-18,226000.0
KH00573,2025-10-18,63000.0
KH00800,2025-10-18,385000.0
KH00938,2025-10-18,173000.0
KH00882,2025-10-18,797000.0
KH01680,2025-10-18,46000.0
KH01018,2025-10-18,695000.0
KH01328,2025-10-18,130000.0
KH00275,2025-10-18,197000.0
KH00133,2025-10-18,184000.0
KH00345,2025-10-18,805000.0
KH00782,2025-10-18,83000.0
KH01443,2025-10-18,212000.0
KH00764,2025-10-18,133000.0
KH00724,2025-10-18,198000.0
KH01877,2025-10-18,195000.0
KH00530,2025-10-18,132000.0
KH01657,2025-10-18,457000.0
KH00521,2025-10-18,549000.0
KH01097,2025-10-18,140000.0
KH00024,2025-10-18,235000.0
KH00618,2025-10-18,237000.0
KH01694,2025-10-18,49000.0
KH00497,2025-10-18,176000.0
KH02468,2025-10-18,280000.0
KH00778,2025-10-18,386000.0
KH00048,2025-10-18,197000.0
KH01576,2025-10-18,888000.0
KH00676,2025-10-18,108000.0
KH01041,2025-10-18,241000.0
KH00871,2025-10-18,106000.0
KH00272,2025-10-18,1534000.0
KH01485,2025-10-18,57000.0
KH00488,2025-10-18,645000.0
KH01689,2025-10-19,424000.0
KH01681,2025-10-19,162000.0
KH02224,2025-10-19,610000.0
KH02052,2025-10-19,56000.0
KH01469,2025-10-19,175000.0
KH02387,2025-10-19,54000.0
KH02452,2025-10-19,164000.0
KH01942,2025-10-19,66000.0
KH01500,2025-10-19,328000.0
KH00386,2025-10-19,267000.0
KH00937,2025-10-19,660000.0
KH00897,2025-10-19,127000.0
KH00941,2025-10-19,152000.0
KH02303,2025-10-19,245000.0
KH01282,2025-10-19,466000.0
KH00235,2025-10-19,106000.0
KH00397,2025-10-19,99000.0
KH00842,2025-10-19,158000.0
KH00719,2025-10-19,93000.0
KH00260,2025-10-19,400000.0
KH00163,2025-10-19,161000.0
KH00814,2025-10-19,399000.0
KH01304,2025-10-19,185000.0
KH01351,2025-10-19,431000.0
KH02488,2025-10-19,117000.0
KH01965,2025-10-19,172000.0
KH02376,2025-10-19,78000.0
KH01627,2025-10-19,51000.0
KH01308,2025-10-19,215000.0
KH02174,2025-10-19,353000.0
KH01213,2025-10-19,142000.0
KH01849,2025-10-19,251000.0
KH01525,2025-10-19,140000.0
KH01382,2025-10-19,77000.0
KH01353,2025-10-19,319000.0
KH00731,2025-10-19,194000.0
KH01428,2025-10-19,809000.0
KH02034,2025-10-19,54000.0
KH01808,2025-10-19,713000.0
KH00878,2025-10-19,495000.0
KH00491,2025-10-19,290000.0
KH01333,2025-10-19,135000.0
KH01322,2025-10-19,330000.0
KH00145,2025-10-19,201000.0
KH01262,2025-10-19,425000.0
KH02015,2025-10-19,73000.0
KH00948,2025-10-19,196000.0
KH01907,2025-10-19,406000.0
KH01692,2025-10-19,144000.0
KH00048,2025-10-19,472000.0
KH00579,2025-10-19,101000.0
KH00316,2025-10-19,63000.0
KH00490,2025-10-19,290000.0
KH00840,2025-10-19,466000.0
KH00460,2025-10-19,180000.0
KH02169,2025-10-19,169000.0
KH01293,2025-10-19,361000.0
KH00382,2025-10-19,210000.0
KH00729,2025-10-19,127000.0
KH00320,2025-10-19,241000.0
KH00311,2025-10-19,326000.0
KH00272,2025-10-19,198000.0
KH01834,2025-10-19,168000.0
KH01866,2025-10-19,289000.0
KH01676,2025-10-19,185000.0
KH00520,2025-10-19,117000.0
KH01418,2025-10-19,185000.0
KH00448,2025-10-19,315000.0
KH01282,2025-10-19,109000.0
KH02074,2025-10-19,201000.0
KH01967,2025-10-19,449000.0
KH02349,2025-10-19,360000.0
KH01643,2025-10-19,111000.0
KH01122,2025-10-19,377000.0
KH01092,2025-10-19,151000.0
KH01333,2025-10-19,444000.0
KH01558,2025-10-19,322000.0
KH00561,2025-10-19,303000.0
KH01939,2025-10-19,405000.0
KH01156,2025-10-19,604000.0
KH00099,2025-10-19,104000.0
KH00445,2025-10-19,530000.0
KH01899,2025-10-19,81000.0
KH00367,2025-10-19,125000.0
KH02254,2025-10-19,83000.0
KH00673,2025-10-19,107000.0
KH00273,2025-10-19,253000.0
KH02063,2025-10-19,249000.0
KH02111,2025-10-19,28000.0
KH00808,2025-10-20,1042000.0
KH01595,2025-10-20,54000.0
KH02205,2025-10-20,392000.0
KH00970,2025-10-20,182000.0
KH00460,2025-10-20,778000.0
KH01439,2025-10-20,105000.0
KH01304,2025-10-20,61000.0
KH01920,2025-10-20,89000.0
KH01489,2025-10-20,295000.0
KH00134,2025-10-20,320000.0
KH02386,2025-10-20,230000.0
KH01493,2025-10-20,119000.0
KH02368,2025-10-20,85000.0
KH01404,2025-10-20,175000.0
KH02005,2025-10-20,317000.0
KH01814,2025-10-20,125000.0
KH01959,2025-10-20,186000.0
KH00720,2025-10-20,78000.0
KH00616,2025-10-20,699000.0
KH01447,2025-10-20,465000.0
KH00836,2025-10-20,130000.0
KH00341,2025-10-20,1542000.0
KH00749,2025-10-20,762000.0
KH01811,2025-10-20,158000.0
KH01263,2025-10-20,53000.0
KH01363,2025-10-20,503000.0
KH00836,2025-10-20,208000.0
KH01963,2025-10-20,105000.0
KH01912,2025-10-20,88000.0
KH00618,2025-10-20,323000.0
KH02141,2025-10-20,133000.0
KH01055,2025-10-20,206000.0
KH02499,2025-10-20,113000.0
KH00269,2025-10-20,110000.0
KH01337,2025-10-20,176000.0
KH00076,2025-10-20,169000.0
KH01488,2025-10-20,82000.0
KH01057,2025-10-20,87000.0
KH00378,2025-10-20,287000.0
KH01047,2025-10-20,257000.0
KH00016,2025-10-20,364000.0
KH01001,2025-10-20,276000.0
KH00869,2025-10-20,169000.0
KH00377,2025-10-20,173000.0
KH00589,2025-10-20,158000.0
KH01851,2025-10-20,241000.0
KH00491,2025-10-20,364000.0
KH00404,2025-10-20,100000.0
KH01241,2025-10-20,990000.0
KH02397,2025-10-20,142000.0
KH02208,2025-10-20,56000.0
KH00428,2025-10-20,346000.0
KH01048,2025-10-20,257000.0
KH00535,2025-10-20,273000.0
KH00780,2025-10-20,61000.0
KH01182,2025-10-20,568000.0
KH00337,2025-10-20,611000.0
KH02315,2025-10-20,23000.0
KH02109,2025-10-20,213000.0
KH02259,2025-10-20,185000.0
KH02083,2025-10-20,157000.0
KH00397,2025-10-20,210000.0
KH01174,2025-10-20,51000.0
KH00941,2025-10-20,529000.0
KH01375,2025-10-20,130000.0
KH00821,2025-10-20,240000.0
KH02450,2025-10-20,145000.0
KH00460,2025-10-20,72000.0
KH01593,2025-10-20,210000.0
KH02397,2025-10-20,126000.0
KH00087,2025-10-20,298000.0
KH01919,2025-10-20,199000.0
KH02119,2025-10-21,198000.0
KH02218,2025-10-21,262000.0
KH00536,2025-10-21,182000.0
KH00040,2025-10-21,610000.0
KH00513,2025-10-21,274000.0
KH01604,2025-10-21,181000.0
KH00796,2025-10-21,250000.0
KH00787,2025-10-21,1306000.0
KH01999,2025-10-21,47000.0
KH00225,2025-10-21,54000.0
KH02224,2025-10-21,192000.0
KH01664,2025-10-21,225000.0
KH00545,2025-10-21,87000.0
KH00248,2025-10-21,386000.0
KH02299,2025-10-21,197000.0
KH00007,2025-10-21,97000.0
KH01623,2025-10-21,79000.0
KH00328,2025-10-21,53000.0
KH02130,2025-10-21,274000.0
KH00207,2025-10-21,292000.0
KH00038,2025-10-21,405000.0
KH00240,2025-10-21,117000.0
KH01453,2025-10-21,98000.0
KH02317,2025-10-21,62000.0
KH00782,2025-10-21,137000.0
KH01098,2025-10-21,195000.0
KH00973,2025-10-21,87000.0
KH01758,2025-10-21,683000.0
KH01982,2025-10-21,89000.0
KH00626,2025-10-21,435000.0
KH01954,2025-10-21,192000.0
KH02454,2025-10-21,168000.0
KH01243,2025-10-21,254000.0
KH01060,2025-10-21,52000.0
KH02166,2025-10-21,342000.0
KH01663,2025-10-21,124000.0
KH01514,2025-10-21,192000.0
KH00678,2025-10-21,186000.0
KH00498,2025-10-21,130000.0
KH00602,2025-10-21,353000.0
KH01401,2025-10-21,154000.0
KH01835,2025-10-21,419000.0
KH01820,2025-10-21,106000.0
KH00283,2025-10-21,205000.0
KH00868,2025-10-21,317000.0
KH01884,2025-10-21,334000.0
KH00107,2025-10-21,293000.0
KH00220,2025-10-21,222000.0
KH02387,2025-10-21,351000.0
KH00216,2025-10-21,241000.0
KH01577,2025-10-21,107000.0
KH01160,2025-10-21,123000.0
KH00569,2025-10-21,233000.0
KH01241,2025-10-21,343000.0
KH02161,2025-10-21,23000.0
KH00388,2025-10-21,41000.0
KH02049,2025-10-21,195000.0
KH01677,2025-10-21,249000.0
KH00833,2025-10-21,288000.0
KH00690,2025-10-21,261000.0
KH01549,2025-10-21,200000.0
KH01935,2025-10-21,165000.0
KH00028,2025-10-21,154000.0
KH01338,2025-10-21,293000.0
KH02315,2025-10-21,607000.0
KH00179,2025-10-21,122000.0
KH00723,2025-10-21,196000.0
KH00493,2025-10-21,18000.0
KH01412,2025-10-21,94000.0
KH01030,2025-10-21,266000.0
KH02083,2025-10-21,206000.0
KH01747,2025-10-21,182000.0
KH01960,2025-10-21,214000.0
KH00699,2025-10-21,347000.0
KH00287,2025-10-21,547000.0
KH00422,2025-10-21,402000.0
KH01282,2025-10-21,141000.0
KH00910,2025-10-21,250000.0
KH01861,2025-10-21,89000.0
KH00635,2025-10-21,129000.0
KH00354,2025-10-22,223000.0
KH02131,2025-10-22,169000.0
KH01395,2025-10-22,222000.0
KH00490,2025-10-22,286000.0
KH02094,2025-10-22,472000.0
KH00707,2025-10-22,577000.0
KH00490,2025-10-22,376000.0
KH01999,2025-10-22,422000.0
KH00365,2025-10-22,77000.0
KH00841,2025-10-22,92000.0
KH01728,2025-10-22,202000.0
KH01582,2025-10-22,66000.0
KH02383,2025-10-22,378000.0
KH00412,2025-10-22,95000.0
KH00341,2025-10-22,11000.0
KH00654,2025-10-22,290000.0
KH02275,2025-10-22,492000.0
KH00935,2025-10-22,145000.0
KH01761,2025-10-22,159000.0
KH00088,2025-10-22,411000.0
KH01565,2025-10-22,223000.0
KH01332,2025-10-22,240000.0
KH00014,2025-10-22,102000.0
KH00599,2025-10-22,832000.0
KH01269,2025-10-22,578000.0
KH00623,2025-10-22,105000.0
KH01444,2025-10-22,43000.0
KH02095,2025-10-22,60000.0
KH01848,2025-10-22,345000.0
KH00323,2025-10-22,268000.0
KH02133,2025-10-22,58000.0
KH01286,2025-10-22,79000.0
KH00162,2025-10-22,68000.0
KH00032,2025-10-22,105000.0
KH01308,2025-10-22,300000.0
KH01098,2025-10-22,220000.0
KH01261,2025-10-22,86000.0
KH01689,2025-10-22,134000.0
KH01454,2025-10-22,226000.0
KH01379,2025-10-22,130000.0
KH00047,2025-10-22,64000.0
KH02107,2025-10-22,72000.0
KH02312,2025-10-22,107000.0
KH01599,2025-10-22,195000.0
KH02086,2025-10-22,144000.0
KH02220,2025-10-22,302000.0
KH00396,2025-10-22,175000.0
KH00432,2025-10-22,381000.0
KH01353,2025-10-22,261000.0
KH01023,2025-10-22,276000.0
KH01525,2025-10-22,131000.0
KH01538,2025-10-22,1315000.0
KH00253,2025-10-22,105000.0
KH01991,2025-10-22,320000.0
KH02337,2025-10-22,290000.0
KH01009,2025-10-22,83000.0
KH00593,2025-10-22,540000.0
KH00808,2025-10-22,71000.0
KH00877,2025-10-22,321000.0
KH01183,2025-10-22,740000.0
KH02335,2025-10-22,292000.0
KH01643,2025-10-22,821000.0
KH01017,2025-10-22,140000.0
KH01415,2025-10-22,129000.0
KH00986,2025-10-22,160000.0
KH02100,2025-10-22,432000.0
KH01283,2025-10-22,87000.0
KH00909,2025-10-22,567000.0
KH01361,2025-10-22,116000.0
KH02327,2025-10-22,305000.0
KH00458,2025-10-22,350000.0
KH02007,2025-10-22,118000.0
KH00151,2025-10-22,55000.0
KH00843,2025-10-22,65000.0
KH02308,2025-10-22,129000.0
KH01196,2025-10-22,584000.0
KH01365,2025-10-22,852000.0
KH01106,2025-10-22,241000.0
KH00007,2025-10-22,371000.0
KH01575,2025-10-22,146000.0
KH01616,2025-10-22,105000.0
KH02321,2025-10-22,41000.0
KH00253,2025-10-22,127000.0
KH02121,2025-10-22,288000.0
KH02354,2025-10-22,110000.0
KH00932,2025-10-22,370000.0
KH01750,2025-10-22,190000.0
KH01824,2025-10-22,126000.0
KH01935,2025-10-22,333000.0
KH00354,2025-10-22,484000.0
KH02433,2025-10-22,117000.0
KH01284,2025-10-22,91000.0
KH01173,2025-10-22,779000.0
KH01173,2025-10-23,167000.0
KH01770,2025-10-23,591000.0
KH00677,2025-10-23,179000.0
KH02244,2025-10-23,177000.0
KH02116,2025-10-23,68000.0
KH00039,2025-10-23,342000.0
KH01015,2025-10-23,270000.0
KH01651,2025-10-23,365000.0
KH02004,2025-10-23,344000.0
KH01094,2025-10-23,400000.0
KH00142,2025-10-23,87000.0
KH01142,2025-10-23,84000.0
KH02030,2025-10-23,140000.0
KH02338,2025-10-23,2264000.0
KH02045,2025-10-23,3106000.0
KH01431,2025-10-23,45000.0
KH00559,2025-10-23,309000.0
KH00448,2025-10-23,222000.0
KH02329,2025-10-23,1238000.0
KH00567,2025-10-23,163000.0
KH01849,2025-10-23,125000.0
KH01647,2025-10-23,76000.0
KH02169,2025-10-23,469000.0
KH02130,2025-10-23,262000.0
KH00626,2025-10-23,158000.0
KH00827,2025-10-23,1001000.0
KH00576,2025-10-23,264000.0
KH01321,2025-10-23,222000.0
KH00995,2025-10-23,48000.0
KH01249,2025-10-23,84000.0
KH00895,2025-10-23,87000.0
KH00653,2025-10-23,559000.0
KH01565,2025-10-23,97000.0
KH00723,2025-10-23,171000.0
KH00576,2025-10-23,345000.0
KH00872,2025-10-23,120000.0
KH00280,2025-10-23,117000.0
KH00346,2025-10-23,452000.0
KH02060,2025-10-23,700000.0
KH01637,2025-10-23,51000.0
KH02337,2025-10-23,40000.0
KH00691,2025-10-23,363000.0
KH02362,2025-10-23,259000.0
KH00576,2025-10-23,75000.0
KH02328,2025-10-23,296000.0
KH01758,2025-10-23,90000.0
KH01934,2025-10-23,110000.0
KH01626,2025-10-23,61000.0
KH00839,2025-10-23,54000.0
KH02276,2025-10-23,223000.0
KH02181,2025-10-23,61000.0
KH02194,2025-10-23,195000.0
KH00661,2025-10-23,37000.0
KH01080,2025-10-23,173000.0
KH01931,2025-10-23,303000.0
KH02158,2025-10-23,278000.0
KH02179,2025-10-23,687000.0
KH01125,2025-10-23,69000.0
KH01902,2025-10-23,830000.0
KH00716,2025-10-23,266000.0
KH00852,2025-10-23,97000.0
KH01074,2025-10-23,73000.0
KH00084,2025-10-23,37000.0
KH02487,2025-10-23,250000.0
KH00634,2025-10-23,201000.0
KH00801,2025-10-23,248000.0
KH00126,2025-10-23,143000.0
KH02091,2025-10-23,125000.0
KH01547,2025-10-23,154000.0
KH01443,2025-10-23,383000.0
KH00197,2025-10-23,224000.0
KH00220,2025-10-23,70000.0
KH01954,2025-10-23,115000.0
KH01857,2025-10-23,370000.0
KH00838,2025-10-23,220000.0
KH00335,2025-10-23,222000.0
KH01348,2025-10-23,101000.0
KH01922,2025-10-23,254000.0
KH01631,2025-10-23,712000.0
KH01122,2025-10-23,58000.0
KH02283,2025-10-23,273000.0
KH00499,2025-10-23,221000.0
KH00554,2025-10-23,323000.0
KH02098,2025-10-23,86000.0
KH00533,2025-10-23,53000.0
KH01959,2025-10-23,380000.0
KH01571,2025-10-23,259000.0
KH01055,2025-10-23,579000.0
KH00474,2025-10-23,232000.0
KH01531,2025-10-23,302000.0
KH00773,2025-10-24,514000.0
KH02293,2025-10-24,185000.0
KH00711,2025-10-24,142000.0
KH01165,2025-10-24,57000.0
KH00509,2025-10-24,388000.0
KH00889,2025-10-24,483000.0
KH02276,2025-10-24,428000.0
KH02333,2025-10-24,440000.0
KH00737,2025-10-24,373000.0
KH00400,2025-10-24,273000.0
KH00684,2025-10-24,158000.0
KH01322,2025-10-24,184000.0
KH00631,2025-10-24,216000.0
KH01903,2025-10-24,741000.0
KH00733,2025-10-24,319000.0
KH01218,2025-10-24,561000.0
KH01933,2025-10-24,517000.0
KH00435,2025-10-24,488000.0
KH01010,2025-10-24,19000.0
KH00106,2025-10-24,108000.0
KH01752,2025-10-24,85000.0
KH00012,2025-10-24,2296000.0
KH00542,2025-10-24,738000.0
KH02298,2025-10-24,150000.0
KH01112,2025-10-24,722000.0
KH01405,2025-10-24,1169000.0
KH00321,2025-10-24,127000.0
KH01435,2025-10-24,279000.0
KH01180,2025-10-24,102000.0
KH02038,2025-10-24,132000.0
KH02140,2025-10-24,472000.0
KH00669,2025-10-24,56000.0
KH02095,2025-10-24,517000.0
KH00712,2025-10-24,253000.0
KH01713,2025-10-24,241000.0
KH00961,2025-10-24,206000.0
KH01747,2025-10-24,649000.0
KH01059,2025-10-24,197000.0
KH00125,2025-10-24,52000.0
KH00743,2025-10-24,61000.0
KH01715,2025-10-24,159000.0
KH02399,2025-10-24,177000.0
KH00171,2025-10-24,1024000.0
KH00286,2025-10-24,287000.0
KH00136,2025-10-24,288000.0
KH02118,2025-10-24,98000.0
KH02103,2025-10-24,79000.0
KH00023,2025-10-24,786000.0
KH01773,2025-10-24,1017000.0
KH00053,2025-10-24,262000.0
KH01251,2025-10-24,45000.0
KH00635,2025-10-24,275000.0
KH02200,2025-10-24,67000.0
KH01603,2025-10-24,178000.0
KH02097,2025-10-24,249000.0
KH00184,2025-10-24,259000.0
KH01675,2025-10-24,84000.0
KH00595,2025-10-24,164000.0
KH00145,2025-10-24,213000.0
KH01449,2025-10-24,225000.0
KH02253,2025-10-24,581000.0
KH01472,2025-10-24,87000.0
KH02273,2025-10-24,48000.0
KH00043,2025-10-24,119000.0
KH00320,2025-10-24,109000.0
KH01342,2025-10-24,93000.0
KH01478,2025-10-24,139000.0
KH01889,2025-10-24,607000.0
KH01140,2025-10-24,79000.0
KH02104,2025-10-24,148000.0
KH01675,2025-10-24,406000.0
KH00275,2025-10-24,207000.0
KH01073,2025-10-24,178000.0
KH00316,2025-10-24,176000.0
KH01896,2025-10-24,50000.0
KH01321,2025-10-24,402000.0
KH02402,2025-10-24,184000.0
KH00116,2025-10-24,194000.0
KH00087,2025-10-24,226000.0
KH01285,2025-10-24,504000.0
KH01022,2025-10-24,132000.0
KH01620,2025-10-24,102000.0
KH01959,2025-10-24,1176000.0
KH00434,2025-10-24,106000.0
KH00868,2025-10-24,200000.0
KH01322,2025-10-24,535000.0
KH02351,2025-10-24,465000.0
KH01379,2025-10-24,180000.0
KH00886,2025-10-24,103000.0
KH00898,2025-10-24,395000.0
KH01437,2025-10-24,328000.0
KH00264,2025-10-24,1208000.0
KH01263,2025-10-25,32000.0
KH01373,2025-10-25,211000.0
KH00268,2025-10-25,177000.0
KH00512,2025-10-25,61000.0
KH02193,2025-10-25,326000.0
KH01827,2025-10-25,52000.0
KH01996,2025-10-25,631000.0
KH01405,2025-10-25,151000.0
KH01351,2025-10-25,262000.0
KH00382,2025-10-25,253000.0
KH01422,2025-10-25,336000.0
KH01539,2025-10-25,290000.0
KH00827,2025-10-25,241000.0
KH01921,2025-10-25,146000.0
KH01714,2025-10-25,272000.0
KH00621,2025-10-25,213000.0
KH00871,2025-10-25,520000.0
KH01907,2025-10-25,90000.0
KH00944,2025-10-25,468000.0
KH00478,2025-10-25,102000.0
KH01833,2025-10-25,234000.0
KH00116,2025-10-25,81000.0
KH02335,2025-10-25,186000.0
KH02104,2025-10-25,296000.0
KH00940,2025-10-25,107000.0
KH01593,2025-10-25,76000.0
KH01568,2025-10-25,415000.0
KH01372,2025-10-25,264000.0
KH02037,2025-10-25,302000.0
KH01067,2025-10-25,209000.0
KH00834,2025-10-25,293000.0
KH01936,2025-10-25,192000.0
KH01826,2025-10-25,961000.0
KH00927,2025-10-25,140000.0
KH00941,2025-10-25,199000.0
KH02351,2025-10-25,222000.0
KH01574,2025-10-25,102000.0
KH01771,2025-10-25,334000.0
KH00268,2025-10-25,251000.0
KH00039,2025-10-25,436000.0
KH01562,2025-10-25,382000.0
KH01053,2025-10-25,846000.0
KH00948,2025-10-25,246000.0
KH01483,2025-10-25,141000.0
KH00774,2025-10-25,190000.0
KH02348,2025-10-25,212000.0
KH01397,2025-10-25,180000.0
KH01752,2025-10-25,52000.0
KH00081,2025-10-25,498000.0
KH02437,2025-10-25,264000.0
KH02269,2025-10-25,526000.0
KH01593,2025-10-25,58000.0
KH01437,2025-10-25,190000.0
KH02250,2025-10-25,382000.0
KH00499,2025-10-25,101000.0
KH01371,2025-10-25,80000.0
KH02032,2025-10-25,416000.0
KH00686,2025-10-25,508000.0
KH00079,2025-10-25,273000.0
KH00506,2025-10-25,33000.0
KH01007,2025-10-25,354000.0
KH02000,2025-10-25,113000.0
KH02291,2025-10-25,2370000.0
KH02153,2025-10-25,147000.0
KH00557,2025-10-25,364000.0
KH01275,2025-10-25,164000.0
KH00455,2025-10-25,213000.0
KH00694,2025-10-25,137000.0
KH00388,2025-10-25,156000.0
KH00934,2025-10-25,563000.0
KH01822,2025-10-25,103000.0
KH00588,2025-10-25,844000.0
KH01863,2025-10-25,179000.0
KH00424,2025-10-25,261000.0
KH01159,2025-10-26,121000.0
KH00021,2025-10-26,62000.0
KH01561,2025-10-26,593000.0
KH01857,2025-10-26,1237000.0
KH01056,2025-10-26,534000.0
KH01552,2025-10-26,107000.0
KH02348,2025-10-26,415000.0
KH00051,2025-10-26,174000.0
KH00011,2025-10-26,173000.0
KH01063,2025-10-26,674000.0
KH01938,2025-10-26,210000.0
KH02040,2025-10-26,203000.0
KH02023,2025-10-26,77000.0
KH00906,2025-10-26,66000.0
KH02003,2025-10-26,124000.0
KH02166,2025-10-26,295000.0
KH01826,2025-10-26,404000.0
KH00350,2025-10-26,63000.0
KH00944,2025-10-26,87000.0
KH02194,2025-10-26,110000.0
KH02359,2025-10-26,159000.0
KH00151,2025-10-26,413000.0
KH02403,2025-10-26,376000.0
KH01110,2025-10-26,191000.0
KH01814,2025-10-26,79000.0
KH00588,2025-10-26,121000.0
KH01978,2025-10-26,345000.0
KH00529,2025-10-26,333000.0
KH01771,2025-10-26,154000.0
KH00286,2025-10-26,328000.0
KH01803,2025-10-26,411000.0
KH02399,2025-10-26,427000.0
KH01345,2025-10-26,356000.0
KH01685,2025-10-26,87000.0
KH02478,2025-10-26,45000.0
KH00320,2025-10-26,263000.0
KH01881,2025-10-26,531000.0
KH01268,2025-10-26,250000.0
KH00086,2025-10-26,467000.0
KH01145,2025-10-26,520000.0
KH00473,2025-10-26,788000.0
KH01630,2025-10-26,803000.0
KH01987,2025-10-26,818000.0
KH02491,2025-10-26,150000.0
KH01063,2025-10-26,97000.0
KH02382,2025-10-26,175000.0
KH01826,2025-10-26,223000.0
KH00800,2025-10-26,243000.0
KH00334,2025-10-26,371000.0
KH00184,2025-10-26,188000.0
KH00634,2025-10-26,129000.0
KH02161,2025-10-26,349000.0
KH00311,2025-10-26,583000.0
KH00599,2025-10-26,186000.0
KH00535,2025-10-26,222000.0
KH01500,2025-10-26,306000.0
KH02310,2025-10-26,67000.0
KH01233,2025-10-26,186000.0
KH02355,2025-10-26,320000.0
KH02268,2025-10-26,43000.0
KH00141,2025-10-26,120000.0
KH01282,2025-10-26,57000.0
KH01828,2025-10-26,198000.0
KH01268,2025-10-26,209000.0
KH02411,2025-10-26,141000.0
KH02023,2025-10-26,82000.0
KH00697,2025-10-26,458000.0
KH01410,2025-10-26,218000.0
KH00127,2025-10-26,353000.0
KH00548,2025-10-26,111000.0
KH01228,2025-10-26,97000.0
KH00273,2025-10-26,118000.0
KH01140,2025-10-26,267000.0
KH01959,2025-10-26,195000.0
KH00388,2025-10-26,266000.0
KH00853,2025-10-26,187000.0
KH00377,2025-10-26,141000.0
KH01938,2025-10-26,48000.0
KH02433,2025-10-26,82000.0
KH01673,2025-10-26,139000.0
KH01290,2025-10-26,171000.0
KH00223,2025-10-26,234000.0
KH00750,2025-10-26,176000.0
KH01601,2025-10-26,33000.0
KH02074,2025-10-26,1028000.0
KH00217,2025-10-26,182000.0
KH01431,2025-10-26,31000.0
KH02189,2025-10-26,73000.0
KH00133,2025-10-26,183000.0
KH01798,2025-10-26,98000.0
KH01010,2025-10-26,259000.0
KH00409,2025-10-26,149000.0
KH01641,2025-10-26,134000.0
KH02420,2025-10-26,342000.0
KH01093,2025-10-26,153000.0
KH00476,2025-10-26,48000.0
KH00748,2025-10-26,193000.0
KH00260,2025-10-26,42000.0
KH01202,2025-10-26,346000.0
KH01884,2025-10-26,174000.0
KH00204,2025-10-26,244000.0
KH00310,2025-10-26,151000.0
KH00197,2025-10-27,892000.0
KH02245,2025-10-27,396000.0
KH00989,2025-10-27,168000.0
KH01311,2025-10-27,654000.0
KH02012,2025-10-27,267000.0
KH01123,2025-10-27,249000.0
KH01811,2025-10-27,100000.0
KH01731,2025-10-27,122000.0
KH02464,2025-10-27,330000.0
KH00628,2025-10-27,244000.0
KH00137,2025-10-27,235000.0
KH01416,2025-10-27,124000.0
KH01158,2025-10-27,912000.0
KH01146,2025-10-27,200000.0
KH01345,2025-10-27,765000.0
KH01785,2025-10-27,183000.0
KH01125,2025-10-27,125000.0
KH00812,2025-10-27,260000.0
KH00398,2025-10-27,610000.0
KH00254,2025-10-27,141000.0
KH00849,2025-10-27,632000.0
KH00185,2025-10-27,79000.0
KH00821,2025-10-27,863000.0
KH02173,2025-10-27,227000.0
KH00542,2025-10-27,174000.0
KH02357,2025-10-27,407000.0
KH00810,2025-10-27,24000.0
KH01877,2025-10-27,183000.0
KH01909,2025-10-27,51000.0
KH02471,2025-10-27,74000.0
KH01363,2025-10-27,167000.0
KH01183,2025-10-27,235000.0
KH00354,2025-10-27,769000.0
KH02009,2025-10-27,95000.0
KH00476,2025-10-27,152000.0
KH01233,2025-10-27,139000.0
KH00728,2025-10-27,274000.0
KH01358,2025-10-27,92000.0
KH01506,2025-10-27,462000.0
KH01879,2025-10-27,414000.0
KH01579,2025-10-27,98000.0
KH01213,2025-10-27,86000.0
KH00428,2025-10-27,335000.0
KH00949,2025-10-27,240000.0
KH01667,2025-10-27,192000.0
KH00813,2025-10-27,349000.0
KH01067,2025-10-27,102000.0
KH01632,2025-10-27,360000.0
KH02207,2025-10-27,93000.0
KH00889,2025-10-27,83000.0
KH02039,2025-10-27,157000.0
KH01151,2025-10-27,352000.0
KH00218,2025-10-27,690000.0
KH00218,2025-10-27,155000.0
KH00002,2025-10-27,164000.0
KH01906,2025-10-27,251000.0
KH00698,2025-10-28,111000.0
KH01450,2025-10-28,30000.0
KH01882,2025-10-28,378000.0
KH01677,2025-10-28,434000.0
KH00193,2025-10-28,161000.0
KH02061,2025-10-28,129000.0
KH00113,2025-10-28,123000.0
KH02183,2025-10-28,196000.0
KH02001,2025-10-28,87000.0
KH01810,2025-10-28,366000.0
KH02178,2025-10-28,337000.0
KH00078,2025-10-28,894000.0
KH01551,2025-10-28,56000.0
KH00371,2025-10-28,2326000.0
KH02391,2025-10-28,150000.0
KH02397,2025-10-28,159000.0
KH02347,2025-10-28,83000.0
KH00236,2025-10-28,52000.0
KH01946,2025-10-28,69000.0
KH01770,2025-10-28,440000.0
KH01002,2025-10-28,195000.0
KH02008,2025-10-28,162000.0
KH01038,2025-10-28,117000.0
KH01621,2025-10-28,179000.0
KH00979,2025-10-28,603000.0
KH01394,2025-10-28,698000.0
KH01569,2025-10-28,505000.0
KH00487,2025-10-28,76000.0
KH01201,2025-10-28,185000.0
KH01431,2025-10-28,161000.0
KH00750,2025-10-28,1081000.0
KH00012,2025-10-28,156000.0
KH01169,2025-10-28,120000.0
KH00768,2025-10-28,82000.0
KH02298,2025-10-28,219000.0
KH01922,2025-10-28,1280000.0
KH02265,2025-10-28,416000.0
KH00783,2025-10-28,211000.0
KH01978,2025-10-28,88000.0
KH01402,2025-10-28,86000.0
KH00971,2025-10-28,369000.0
KH00865,2025-10-28,123000.0
KH00372,2025-10-28,325000.0
KH02183,2025-10-28,34000.0
KH01616,2025-10-28,145000.0
KH01688,2025-10-28,102000.0
KH02349,2025-10-28,235000.0
KH01857,2025-10-28,143000.0
KH00430,2025-10-28,161000.0
KH01835,2025-10-28,113000.0
KH01479,2025-10-28,181000.0
KH00696,2025-10-28,87000.0
KH00165,2025-10-28,50000.0
KH01528,2025-10-28,726000.0
KH01577,2025-10-28,210000.0
KH02203,2025-10-28,252000.0
KH00615,2025-10-28,100000.0
KH00629,2025-10-28,432000.0
KH00922,2025-10-28,158000.0
KH00827,2025-10-28,242000.0
KH01259,2025-10-28,212000.0
KH00440,2025-10-28,415000.0
KH00886,2025-10-28,31000.0
KH01125,2025-10-28,71000.0
KH01853,2025-10-28,330000.0
KH01087,2025-10-28,239000.0
KH02481,2025-10-28,307000.0
KH02202,2025-10-28,111000.0
KH01598,2025-10-28,2436000.0
KH02474,2025-10-28,368000.0
KH01380,2025-10-28,117000.0
KH01879,2025-10-28,259000.0
KH01669,2025-10-28,568000.0
KH01289,2025-10-28,627000.0
KH02040,2025-10-28,197000.0
KH00922,2025-10-28,73000.0
KH00493,2025-10-28,94000.0
KH00849,2025-10-28,145000.0
KH02066,2025-10-28,67000.0
KH00318,2025-10-28,355000.0
KH00032,2025-10-28,432000.0
KH02218,2025-10-28,26000.0
KH01673,2025-10-28,357000.0
KH00580,2025-10-28,261000.0
KH01286,2025-10-28,94000.0
KH01573,2025-10-28,305000.0
KH00405,2025-10-29,280000.0
KH01427,2025-10-29,180000.0
KH02372,2025-10-29,313000.0
KH02354,2025-10-29,110000.0
KH00979,2025-10-29,218000.0
KH01689,2025-10-29,165000.0
KH02167,2025-10-29,80000.0
KH00808,2025-10-29,406000.0
KH02423,2025-10-29,156000.0
KH00179,2025-10-29,92000.0
KH00657,2025-10-29,67000.0
KH00152,2025-10-29,105000.0
KH01788,2025-10-29,812000.0
KH00492,2025-10-29,61000.0
KH01351,2025-10-29,127000.0
KH01158,2025-10-29,234000.0
KH00388,2025-10-29,164000.0
KH02136,2025-10-29,284000.0
KH01161,2025-10-29,284000.0
KH01708,2025-10-29,196000.0
KH02018,2025-10-29,115000.0
KH00043,2025-10-29,710000.0
KH02344,2025-10-29,469000.0
KH01714,2025-10-29,50000.0
KH00278,2025-10-29,242000.0
KH00971,2025-10-29,971000.0
KH00092,2025-10-29,331000.0
KH00834,2025-10-29,83000.0
KH00637,2025-10-29,82000.0
KH00191,2025-10-29,258000.0
KH00742,2025-10-29,333000.0
KH00661,2025-10-29,153000.0
KH00655,2025-10-29,42000.0
KH00366,2025-10-29,595000.0
KH00942,2025-10-29,456000.0
KH02482,2025-10-29,191000.0
KH01457,2025-10-29,232000.0
KH01851,2025-10-29,176000.0
KH01030,2025-10-29,146000.0
KH01351,2025-10-29,84000.0
KH00759,2025-10-29,323000.0
KH00861,2025-10-29,638000.0
KH02024,2025-10-29,473000.0
KH00636,2025-10-29,324000.0
KH00096,2025-10-29,157000.0
KH01300,2025-10-29,234000.0
KH02085,2025-10-29,310000.0
KH00125,2025-10-29,265000.0
KH02076,2025-10-29,219000.0
KH00018,2025-10-29,93000.0
KH00268,2025-10-29,285000.0
KH00214,2025-10-29,299000.0
KH02420,2025-10-29,77000.0
KH02350,2025-10-29,107000.0
KH01134,2025-10-29,51000.0
KH00604,2025-10-29,35000.0
KH01098,2025-10-29,510000.0
KH00599,2025-10-29,659000.0
KH01203,2025-10-29,309000.0
KH02174,2025-10-29,391000.0
KH00461,2025-10-29,253000.0
KH01468,2025-10-29,48000.0
KH00936,2025-10-29,129000.0
KH01951,2025-10-29,162000.0
KH00996,2025-10-29,84000.0
KH01118,2025-10-29,55000.0
KH02366,2025-10-29,431000.0
KH00377,2025-10-29,606000.0
KH00333,2025-10-29,711000.0
KH01063,2025-10-29,94000.0
KH01517,2025-10-29,134000.0
KH01077,2025-10-29,126000.0
KH01391,2025-10-29,97000.0
KH02299,2025-10-29,402000.0
KH01464,2025-10-29,377000.0
KH01365,2025-10-29,151000.0
KH01624,2025-10-29,51000.0
KH01635,2025-10-29,124000.0
KH00396,2025-10-29,181000.0
KH02316,2025-10-29,39000.0
KH01588,2025-10-29,127000.0
KH00043,2025-10-29,240000.0
KH01812,2025-10-29,382000.0
KH02294,2025-10-29,166000.0
KH01933,2025-10-29,307000.0
KH01169,2025-10-29,911000.0
KH02348,2025-10-29,106000.0
KH02377,2025-10-29,176000.0
KH01413,2025-10-29,1078000.0
KH00864,2025-10-29,981000.0
KH01446,2025-10-29,384000.0
KH01826,2025-10-29,211000.0
KH01180,2025-10-29,108000.0
KH02348,2025-10-29,772000.0
KH00987,2025-10-29,789000.0
KH00185,2025-10-29,42000.0
KH02460,2025-10-29,86000.0
KH02152,2025-10-29,316000.0
KH01154,2025-10-29,108000.0
KH00396,2025-10-29,913000.0
KH01240,2025-10-29,217000.0
KH00125,2025-10-29,1085000.0
KH01056,2025-10-29,47000.0
KH00993,2025-10-29,381000.0
KH00609,2025-10-29,91000.0
KH01771,2025-10-30,334000.0
KH02095,2025-10-30,113000.0
KH01929,2025-10-30,37000.0
KH01650,2025-10-30,54000.0
KH01322,2025-10-30,240000.0
KH00421,2025-10-30,1670000.0
KH00018,2025-10-30,88000.0
KH01070,2025-10-30,333000.0
KH02029,2025-10-30,327000.0
KH00156,2025-10-30,323000.0
KH01069,2025-10-30,93000.0
KH00815,2025-10-30,304000.0
KH02330,2025-10-30,622000.0
KH01862,2025-10-30,362000.0
KH01694,2025-10-30,52000.0
KH00686,2025-10-30,339000.0
KH00519,2025-10-30,1022000.0
KH01190,2025-10-30,82000.0
KH02279,2025-10-30,195000.0
KH01802,2025-10-30,109000.0
KH00058,2025-10-30,171000.0
KH00509,2025-10-30,50000.0
KH00292,2025-10-30,238000.0
KH00530,2025-10-30,184000.0
KH01426,2025-10-30,229000.0
KH02447,2025-10-30,211000.0
KH00782,2025-10-30,486000.0
KH00803,2025-10-30,285000.0
KH01647,2025-10-30,78000.0
KH01580,2025-10-30,153000.0
KH02312,2025-10-30,93000.0
KH01117,2025-10-30,383000.0
KH01860,2025-10-30,362000.0
KH01059,2025-10-30,201000.0
KH01206,2025-10-30,111000.0
KH01433,2025-10-30,285000.0
KH00771,2025-10-30,275000.0
KH01402,2025-10-30,277000.0
KH01544,2025-10-30,219000.0
KH02499,2025-10-30,951000.0
KH01397,2025-10-30,483000.0
KH02261,2025-10-30,642000.0
KH02457,2025-10-30,365000.0
KH00862,2025-10-30,140000.0
KH01564,2025-10-30,335000.0
KH01323,2025-10-30,484000.0
KH01881,2025-10-30,278000.0
KH01035,2025-10-30,175000.0
KH01283,2025-10-30,671000.0
KH01690,2025-10-30,375000.0
KH01173,2025-10-30,159000.0
KH01608,2025-10-30,278000.0
KH01680,2025-10-30,318000.0
KH00864,2025-10-30,208000.0
KH00382,2025-10-30,78000.0
KH01759,2025-10-30,112000.0
KH01276,2025-10-30,90000.0
KH01803,2025-10-30,247000.0
KH01920,2025-10-30,205000.0
KH02400,2025-10-30,201000.0
KH00778,2025-10-30,100000.0
KH01999,2025-10-30,235000.0
KH01180,2025-10-30,168000.0
KH02202,2025-10-30,171000.0
KH00524,2025-10-30,80000.0
KH00795,2025-10-30,60000.0
KH00933,2025-10-30,64000.0
KH00688,2025-10-30,62000.0
KH01643,2025-10-30,101000.0
KH00125,2025-10-30,450000.0
KH00637,2025-10-30,94000.0
KH01824,2025-10-30,68000.0
KH01235,2025-10-30,369000.0
KH00414,2025-10-30,120000.0
KH02286,2025-10-30,227000.0
KH00883,2025-10-30,55000.0
KH00766,2025-10-30,214000.0
KH01578,2025-10-30,217000.0
KH00455,2025-10-30,759000.0
KH01171,2025-10-30,153000.0
KH01771,2025-10-30,673000.0
KH01107,2025-10-30,225000.0
KH01888,2025-10-30,165000.0
KH00815,2025-10-30,332000.0
KH01059,2025-10-31,237000.0
KH00285,2025-10-31,276000.0
KH00723,2025-10-31,1382000.0
KH02062,2025-10-31,158000.0
KH01325,2025-10-31,530000.0
KH02122,2025-10-31,68000.0
KH02369,2025-10-31,87000.0
KH00327,2025-10-31,137000.0
KH02242,2025-10-31,373000.0
KH00902,2025-10-31,256000.0
KH00454,2025-10-31,370000.0
KH00012,2025-10-31,483000.0
KH02014,2025-10-31,332000.0
KH01125,2025-10-31,69000.0
KH01069,2025-10-31,99000.0
KH00460,2025-10-31,287000.0
KH00588,2025-10-31,53000.0
KH00950,2025-10-31,542000.0
KH02348,2025-10-31,131000.0
KH01728,2025-10-31,97000.0
KH02210,2025-10-31,60000.0
KH00798,2025-10-31,211000.0
KH00909,2025-10-31,117000.0
KH00537,2025-10-31,88000.0
KH01684,2025-10-31,236000.0
KH00637,2025-10-31,331000.0
KH00591,2025-10-31,142000.0
KH01201,2025-10-31,77000.0
KH00934,2025-10-31,1346000.0
KH01984,2025-10-31,355000.0
KH01692,2025-10-31,180000.0
KH00296,2025-10-31,445000.0
KH00440,2025-10-31,165000.0
KH01891,2025-10-31,235000.0
KH00414,2025-10-31,62000.0
KH01057,2025-10-31,145000.0
KH01836,2025-10-31,671000.0
KH01309,2025-10-31,40000.0
KH00933,2025-10-31,34000.0
KH00428,2025-10-31,348000.0
KH02167,2025-10-31,167000.0
KH01400,2025-10-31,202000.0
KH00903,2025-10-31,411000.0
KH00012,2025-10-31,239000.0
KH00808,2025-10-31,258000.0
KH02171,2025-10-31,54000.0
KH01240,2025-10-31,480000.0
KH01019,2025-10-31,124000.0
KH01506,2025-10-31,108000.0
KH01631,2025-10-31,183000.0
KH00834,2025-10-31,288000.0
KH01282,2025-10-31,155000.0
KH02471,2025-10-31,326000.0
KH02027,2025-10-31,164000.0
KH02197,2025-10-31,584000.0
KH00044,2025-10-31,225000.0
KH00815,2025-10-31,829000.0
KH01139,2025-10-31,278000.0
KH01518,2025-10-31,556000.0
KH00045,2025-10-31,225000.0
KH00830,2025-10-31,53000.0
KH00922,2025-10-31,158000.0
KH00946,2025-10-31,238000.0
KH02022,2025-10-31,100000.0
KH01577,2025-10-31,579000.0
KH01910,2025-10-31,381000.0
KH01982,2025-10-31,186000.0
KH01437,2025-10-31,142000.0
KH00959,2025-10-31,135000.0
KH00560,2025-10-31,161000.0
KH02327,2025-10-31,104000.0
KH01408,2025-10-31,184000.0
KH01826,2025-10-31,361000.0
KH02267,2025-10-31,53000.0
KH00263,2025-10-31,846000.0
KH00700,2025-10-31,107000.0
KH02080,2025-10-31,225000.0
KH01485,2025-11-01,294000.0
KH00720,2025-11-01,325000.0
KH00566,2025-11-01,567000.0
KH01881,2025-11-01,453000.0
KH00079,2025-11-01,89000.0
KH01576,2025-11-01,404000.0
KH02308,2025-11-01,89000.0
KH01036,2025-11-01,133000.0
KH01669,2025-11-01,1097000.0
KH02067,2025-11-01,129000.0
KH00989,2025-11-01,97000.0
KH00733,2025-11-01,295000.0
KH00599,2025-11-01,91000.0
KH00365,2025-11-01,165000.0
KH00216,2025-11-01,344000.0
KH01931,2025-11-01,210000.0
KH01077,2025-11-01,183000.0
KH01937,2025-11-01,70000.0
KH00773,2025-11-01,106000.0
KH01264,2025-11-01,394000.0
KH01076,2025-11-01,127000.0
KH01134,2025-11-01,421000.0
KH01473,2025-11-01,98000.0
KH02236,2025-11-01,209000.0
KH00500,2025-11-01,81000.0
KH02103,2025-11-01,27000.0
KH01546,2025-11-01,320000.0
KH00991,2025-11-01,208000.0
KH00124,2025-11-01,93000.0
KH02390,2025-11-01,508000.0
KH01211,2025-11-01,104000.0
KH01189,2025-11-01,75000.0
KH00023,2025-11-01,102000.0
KH01211,2025-11-01,232000.0
KH01048,2025-11-01,84000.0
KH02458,2025-11-01,538000.0
KH00334,2025-11-01,235000.0
KH02010,2025-11-01,119000.0
KH01030,2025-11-01,171000.0
KH00637,2025-11-01,128000.0
KH02129,2025-11-01,100000.0
KH00544,2025-11-01,250000.0
KH01866,2025-11-01,181000.0
KH01900,2025-11-01,116000.0
KH02449,2025-11-01,261000.0
KH01424,2025-11-01,89000.0
KH00648,2025-11-01,21000.0
KH02208,2025-11-01,93000.0
KH02111,2025-11-01,111000.0
KH01288,2025-11-01,1029000.0
KH00859,2025-11-01,164000.0
KH01548,2025-11-01,86000.0
KH00576,2025-11-01,165000.0
KH00834,2025-11-01,235000.0
KH00447,2025-11-01,575000.0
KH00653,2025-11-01,59000.0
KH02153,2025-11-01,72000.0
KH01105,2025-11-01,458000.0
KH00754,2025-11-01,87000.0
KH01577,2025-11-01,963000.0
KH00849,2025-11-01,320000.0
KH01416,2025-11-01,472000.0
KH00681,2025-11-01,194000.0
KH01213,2025-11-01,134000.0
KH02485,2025-11-01,420000.0
KH00681,2025-11-01,172000.0
KH00086,2025-11-01,316000.0
KH00491,2025-11-01,175000.0
KH02037,2025-11-01,321000.0
KH02278,2025-11-01,89000.0
KH00544,2025-11-01,149000.0
KH01410,2025-11-01,39000.0
KH00024,2025-11-01,78000.0
KH01747,2025-11-01,93000.0
KH02133,2025-11-01,160000.0
KH00860,2025-11-01,194000.0
KH00273,2025-11-01,109000.0
KH02036,2025-11-01,343000.0
KH00499,2025-11-01,107000.0
KH01692,2025-11-01,99000.0
KH00624,2025-11-01,1246000.0
KH00731,2025-11-02,250000.0
KH00894,2025-11-02,147000.0
KH02083,2025-11-02,186000.0
KH02264,2025-11-02,131000.0
KH00668,2025-11-02,15000.0
KH00687,2025-11-02,36000.0
KH00254,2025-11-02,413000.0
KH01727,2025-11-02,102000.0
KH01221,2025-11-02,208000.0
KH00525,2025-11-02,21000.0
KH01556,2025-11-02,271000.0
KH00761,2025-11-02,258000.0
KH01684,2025-11-02,200000.0
KH00660,2025-11-02,409000.0
KH01907,2025-11-02,98000.0
KH01933,2025-11-02,211000.0
KH02488,2025-11-02,224000.0
KH00657,2025-11-02,117000.0
KH02454,2025-11-02,159000.0
KH01032,2025-11-02,84000.0
KH00027,2025-11-02,175000.0
KH00540,2025-11-02,224000.0
KH02100,2025-11-02,140000.0
KH02285,2025-11-02,95000.0
KH01684,2025-11-02,56000.0
KH01424,2025-11-02,118000.0
KH02231,2025-11-02,309000.0
KH00587,2025-11-02,91000.0
KH00989,2025-11-02,388000.0
KH02350,2025-11-02,441000.0
KH01841,2025-11-02,154000.0
KH01076,2025-11-02,33000.0
KH00671,2025-11-02,160000.0
KH00462,2025-11-02,277000.0
KH00368,2025-11-02,113000.0
KH02456,2025-11-02,305000.0
KH01782,2025-11-02,540000.0
KH00725,2025-11-02,1142000.0
KH01322,2025-11-02,134000.0
KH01479,2025-11-02,729000.0
KH01080,2025-11-02,929000.0
KH01238,2025-11-02,45000.0
KH01882,2025-11-02,213000.0
KH01940,2025-11-02,168000.0
KH00997,2025-11-02,384000.0
KH01554,2025-11-02,346000.0
KH01210,2025-11-02,873000.0
KH00224,2025-11-02,260000.0
KH01128,2025-11-02,491000.0
KH00171,2025-11-02,124000.0
KH00578,2025-11-02,200000.0
KH00365,2025-11-02,797000.0
KH00489,2025-11-02,460000.0
KH01419,2025-11-02,190000.0
KH02094,2025-11-02,320000.0
KH00277,2025-11-02,1024000.0
KH00051,2025-11-02,333000.0
KH00506,2025-11-02,128000.0
KH01039,2025-11-02,298000.0
KH01482,2025-11-02,81000.0
KH01637,2025-11-02,443000.0
KH00263,2025-11-02,314000.0
KH02016,2025-11-02,84000.0
KH00825,2025-11-02,187000.0
KH00915,2025-11-02,139000.0
KH02439,2025-11-02,125000.0
KH01395,2025-11-02,357000.0
KH00079,2025-11-02,249000.0
KH01540,2025-11-02,128000.0
KH01647,2025-11-02,42000.0
KH01864,2025-11-02,226000.0
KH00795,2025-11-02,507000.0
KH00218,2025-11-02,113000.0
KH01323,2025-11-02,73000.0
KH01366,2025-11-02,27000.0
KH00194,2025-11-02,164000.0
KH00338,2025-11-02,146000.0
KH02435,2025-11-02,117000.0
KH02183,2025-11-02,200000.0
KH00459,2025-11-02,46000.0
KH02259,2025-11-02,392000.0
KH01595,2025-11-02,408000.0
KH01374,2025-11-02,153000.0
KH00776,2025-11-02,158000.0
KH00513,2025-11-02,186000.0
KH00510,2025-11-02,156000.0
KH00213,2025-11-02,235000.0
KH01785,2025-11-02,133000.0
KH02060,2025-11-03,69000.0
KH01060,2025-11-03,154000.0
KH01196,2025-11-03,324000.0
KH01866,2025-11-03,116000.0
KH02092,2025-11-03,129000.0
KH01140,2025-11-03,131000.0
KH02067,2025-11-03,18000.0
KH00836,2025-11-03,111000.0
KH01571,2025-11-03,281000.0
KH01705,2025-11-03,214000.0
KH00262,2025-11-03,88000.0
KH01329,2025-11-03,364000.0
KH01060,2025-11-03,34000.0
KH01671,2025-11-03,139000.0
KH00025,2025-11-03,297000.0
KH02063,2025-11-03,244000.0
KH00868,2025-11-03,159000.0
KH02199,2025-11-03,263000.0
KH00533,2025-11-03,85000.0
KH01181,2025-11-03,393000.0
KH00552,2025-11-03,868000.0
KH00770,2025-11-03,102000.0
KH01300,2025-11-03,20000.0
KH00544,2025-11-03,150000.0
KH02018,2025-11-03,158000.0
KH01599,2025-11-03,285000.0
KH00345,2025-11-03,627000.0
KH00687,2025-11-03,61000.0
KH00232,2025-11-03,325000.0
KH01103,2025-11-03,384000.0
KH00696,2025-11-03,132000.0
KH00014,2025-11-03,298000.0
KH00890,2025-11-03,226000.0
KH01204,2025-11-03,321000.0
KH01414,2025-11-03,238000.0
KH02344,2025-11-03,247000.0
KH00272,2025-11-03,570000.0
KH00831,2025-11-03,425000.0
KH01388,2025-11-03,501000.0
KH00328,2025-11-03,140000.0
KH01791,2025-11-03,301000.0
KH00799,2025-11-03,761000.0
KH02479,2025-11-03,84000.0
KH01976,2025-11-03,351000.0
KH00404,2025-11-03,214000.0
KH01025,2025-11-03,374000.0
KH00875,2025-11-03,272000.0
KH00869,2025-11-03,94000.0
KH01077,2025-11-03,333000.0
KH01486,2025-11-03,374000.0
KH00014,2025-11-03,159000.0
KH01612,2025-11-03,421000.0
KH01249,2025-11-03,39000.0
KH02067,2025-11-03,103000.0
KH01500,2025-11-03,215000.0
KH01098,2025-11-03,204000.0
KH00497,2025-11-03,77000.0
KH02389,2025-11-03,388000.0
KH01622,2025-11-03,353000.0
KH00439,2025-11-03,175000.0
KH00086,2025-11-03,169000.0
KH00498,2025-11-03,218000.0
KH00815,2025-11-03,329000.0
KH01382,2025-11-03,138000.0
KH01625,2025-11-03,119000.0
KH00686,2025-11-03,102000.0
KH00272,2025-11-03,124000.0
KH00141,2025-11-03,70000.0
KH01577,2025-11-03,126000.0
KH00398,2025-11-03,203000.0
KH00218,2025-11-04,96000.0
KH01733,2025-11-04,358000.0
KH00422,2025-11-04,263000.0
KH01329,2025-11-04,126000.0
KH01860,2025-11-04,102000.0
KH01220,2025-11-04,157000.0
KH02111,2025-11-04,139000.0
KH00340,2025-11-04,454000.0
KH00048,2025-11-04,490000.0
KH01034,2025-11-04,153000.0
KH01374,2025-11-04,134000.0
KH02215,2025-11-04,127000.0
KH01770,2025-11-04,359000.0
KH02301,2025-11-04,192000.0
KH00678,2025-11-04,136000.0
KH02271,2025-11-04,173000.0
KH02075,2025-11-04,919000.0
KH00765,2025-11-04,468000.0
KH01716,2025-11-04,274000.0
KH00582,2025-11-04,323000.0
KH00096,2025-11-04,133000.0
KH01788,2025-11-04,136000.0
KH01122,2025-11-04,828000.0
KH02267,2025-11-04,654000.0
KH00335,2025-11-04,83000.0
KH02251,2025-11-04,134000.0
KH01787,2025-11-04,79000.0
KH01525,2025-11-04,240000.0
KH01193,2025-11-04,149000.0
KH00493,2025-11-04,295000.0
KH01083,2025-11-04,178000.0
KH00106,2025-11-04,210000.0
KH00570,2025-11-04,267000.0
KH02060,2025-11-04,338000.0
KH02099,2025-11-04,175000.0
KH01655,2025-11-04,139000.0
KH00950,2025-11-04,95000.0
KH01353,2025-11-04,110000.0
KH02244,2025-11-04,552000.0
KH01334,2025-11-04,173000.0
KH00244,2025-11-04,508000.0
KH02083,2025-11-04,43000.0
KH00646,2025-11-04,457000.0
KH00641,2025-11-04,189000.0
KH00438,2025-11-04,285000.0
KH02015,2025-11-04,286000.0
KH00397,2025-11-04,555000.0
KH01194,2025-11-04,928000.0
KH02454,2025-11-04,386000.0
KH02181,2025-11-04,187000.0
KH02299,2025-11-04,389000.0
KH01648,2025-11-04,20000.0
KH01334,2025-11-04,224000.0
KH02114,2025-11-04,116000.0
KH00825,2025-11-04,578000.0
KH00465,2025-11-04,127000.0
KH01449,2025-11-04,708000.0
KH00446,2025-11-04,204000.0
KH01649,2025-11-04,484000.0
KH01118,2025-11-04,305000.0
KH02176,2025-11-04,335000.0
KH01760,2025-11-04,722000.0
KH00606,2025-11-04,242000.0
KH00636,2025-11-04,141000.0
KH01110,2025-11-04,322000.0
KH01931,2025-11-04,431000.0
KH00410,2025-11-04,335000.0
KH01428,2025-11-04,207000.0
KH01185,2025-11-04,195000.0
KH00086,2025-11-04,363000.0
KH00102,2025-11-04,553000.0
KH01250,2025-11-04,451000.0
KH01404,2025-11-04,396000.0
KH00601,2025-11-04,1003000.0
KH01060,2025-11-04,114000.0
KH00086,2025-11-04,119000.0
KH01499,2025-11-04,116000.0
KH02074,2025-11-04,58000.0
KH01302,2025-11-04,160000.0
KH00940,2025-11-04,45000.0
KH00070,2025-11-04,362000.0
KH01932,2025-11-04,168000.0
KH00006,2025-11-05,387000.0
KH01059,2025-11-05,173000.0
KH02249,2025-11-05,279000.0
KH01034,2025-11-05,55000.0
KH00734,2025-11-05,74000.0
KH02189,2025-11-05,66000.0
KH00895,2025-11-05,263000.0
KH01160,2025-11-05,190000.0
KH00986,2025-11-05,286000.0
KH00889,2025-11-05,131000.0
KH01705,2025-11-05,63000.0
KH00544,2025-11-05,214000.0
KH01796,2025-11-05,372000.0
KH01566,2025-11-05,99000.0
KH00533,2025-11-05,415000.0
KH02383,2025-11-05,35000.0
KH01624,2025-11-05,339000.0
KH00213,2025-11-05,229000.0
KH00365,2025-11-05,412000.0
KH01791,2025-11-05,226000.0
KH00059,2025-11-05,68000.0
KH00299,2025-11-05,199000.0
KH01711,2025-11-05,93000.0
KH01012,2025-11-05,293000.0
KH00400,2025-11-05,119000.0
KH00880,2025-11-05,1112000.0
KH01976,2025-11-05,181000.0
KH00171,2025-11-05,127000.0
KH01267,2025-11-05,410000.0
KH02198,2025-11-05,539000.0
KH01112,2025-11-05,517000.0
KH00651,2025-11-05,234000.0
KH01975,2025-11-05,275000.0
KH01840,2025-11-05,510000.0
KH02389,2025-11-05,452000.0
KH01181,2025-11-05,400000.0
KH00430,2025-11-05,106000.0
KH00365,2025-11-05,815000.0
KH00608,2025-11-05,243000.0
KH02413,2025-11-05,1102000.0
KH00365,2025-11-05,836000.0
KH00553,2025-11-05,171000.0
KH02091,2025-11-05,117000.0
KH01402,2025-11-05,193000.0
KH02397,2025-11-05,131000.0
KH00287,2025-11-05,197000.0
KH02316,2025-11-05,56000.0
KH01767,2025-11-05,220000.0
KH00505,2025-11-05,457000.0
KH01066,2025-11-05,389000.0
KH02420,2025-11-05,174000.0
KH01630,2025-11-05,105000.0
KH00499,2025-11-05,155000.0
KH00074,2025-11-05,98000.0
KH01004,2025-11-05,132000.0
KH01075,2025-11-05,97000.0
KH02399,2025-11-05,29000.0
KH00236,2025-11-05,228000.0
KH02293,2025-11-05,217000.0
KH00873,2025-11-05,1334000.0
KH01410,2025-11-05,776000.0
KH00490,2025-11-05,1043000.0
KH00323,2025-11-05,76000.0
KH01289,2025-11-05,478000.0
KH02317,2025-11-05,129000.0
KH01632,2025-11-05,244000.0
KH01625,2025-11-05,710000.0
KH00684,2025-11-05,281000.0
KH00090,2025-11-05,469000.0
KH01751,2025-11-05,201000.0
KH01913,2025-11-05,349000.0
KH01903,2025-11-05,41000.0
KH00537,2025-11-05,276000.0
KH01606,2025-11-05,196000.0
KH01802,2025-11-05,112000.0
KH00313,2025-11-05,187000.0
KH00742,2025-11-05,236000.0
KH00480,2025-11-05,215000.0
KH01360,2025-11-05,174000.0
KH02009,2025-11-05,44000.0
KH01479,2025-11-05,70000.0
KH01581,2025-11-05,26000.0
KH00192,2025-11-05,252000.0
KH01866,2025-11-05,171000.0
KH01013,2025-11-05,1119000.0
KH01362,2025-11-05,1975000.0
KH02388,2025-11-05,80000.0
KH02167,2025-11-05,101000.0
KH00559,2025-11-05,70000.0
KH01023,2025-11-06,686000.0
KH01339,2025-11-06,88000.0
KH00888,2025-11-06,40000.0
KH02249,2025-11-06,129000.0
KH02293,2025-11-06,235000.0
KH01529,2025-11-06,264000.0
KH01784,2025-11-06,330000.0
KH02230,2025-11-06,762000.0
KH00480,2025-11-06,349000.0
KH01799,2025-11-06,200000.0
KH00564,2025-11-06,81000.0
KH00497,2025-11-06,203000.0
KH00827,2025-11-06,85000.0
KH02283,2025-11-06,273000.0
KH00233,2025-11-06,130000.0
KH00391,2025-11-06,82000.0
KH00720,2025-11-06,68000.0
KH02087,2025-11-06,107000.0
KH00056,2025-11-06,314000.0
KH01293,2025-11-06,453000.0
KH00509,2025-11-06,113000.0
KH02183,2025-11-06,218000.0
KH02362,2025-11-06,373000.0
KH01206,2025-11-06,209000.0
KH00923,2025-11-06,129000.0
KH00490,2025-11-06,356000.0
KH02272,2025-11-06,287000.0
KH01405,2025-11-06,134000.0
KH00699,2025-11-06,207000.0
KH01022,2025-11-06,229000.0
KH01499,2025-11-06,354000.0
KH01066,2025-11-06,178000.0
KH01835,2025-11-06,84000.0
KH00349,2025-11-06,769000.0
KH00145,2025-11-06,391000.0
KH02060,2025-11-06,222000.0
KH00934,2025-11-06,203000.0
KH00278,2025-11-06,87000.0
KH01706,2025-11-06,23000.0
KH01747,2025-11-06,311000.0
KH00506,2025-11-06,150000.0
KH00799,2025-11-06,68000.0
KH02413,2025-11-06,157000.0
KH00024,2025-11-06,264000.0
KH00151,2025-11-06,727000.0
KH01832,2025-11-06,620000.0
KH02153,2025-11-06,668000.0
KH01759,2025-11-06,758000.0
KH00933,2025-11-06,611000.0
KH01677,2025-11-06,57000.0
KH01129,2025-11-06,248000.0
KH00801,2025-11-06,52000.0
KH00016,2025-11-06,157000.0
KH01665,2025-11-06,135000.0
KH01537,2025-11-06,1356000.0
KH00686,2025-11-06,179000.0
KH01433,2025-11-06,179000.0
KH01261,2025-11-06,201000.0
KH02099,2025-11-06,470000.0
KH01606,2025-11-06,277000.0
KH01394,2025-11-06,164000.0
KH00786,2025-11-06,187000.0
KH00035,2025-11-06,128000.0
KH01600,2025-11-06,184000.0
KH02030,2025-11-06,524000.0
KH01672,2025-11-06,348000.0
KH01705,2025-11-06,308000.0
KH00372,2025-11-06,47000.0
KH00190,2025-11-06,80000.0
KH02180,2025-11-06,98000.0
KH00389,2025-11-06,423000.0
KH01811,2025-11-06,379000.0
KH02344,2025-11-06,73000.0
KH01701,2025-11-06,677000.0
KH02148,2025-11-06,222000.0
KH00474,2025-11-06,350000.0
KH00912,2025-11-06,169000.0
KH01872,2025-11-06,291000.0
KH00618,2025-11-06,510000.0
KH01443,2025-11-06,133000.0
KH00364,2025-11-07,307000.0
KH00417,2025-11-07,550000.0
KH02015,2025-11-07,73000.0
KH00171,2025-11-07,45000.0
KH00212,2025-11-07,33000.0
KH02279,2025-11-07,126000.0
KH00280,2025-11-07,193000.0
KH01798,2025-11-07,206000.0
KH00552,2025-11-07,65000.0
KH01186,2025-11-07,228000.0
KH01685,2025-11-07,200000.0
KH02240,2025-11-07,140000.0
KH00416,2025-11-07,66000.0
KH02066,2025-11-07,342000.0
KH02259,2025-11-07,289000.0
KH01103,2025-11-07,1185000.0
KH00557,2025-11-07,236000.0
KH00992,2025-11-07,71000.0
KH00211,2025-11-07,90000.0
KH01092,2025-11-07,36000.0
KH00194,2025-11-07,79000.0
KH02127,2025-11-07,231000.0
KH00641,2025-11-07,256000.0
KH01732,2025-11-07,135000.0
KH01497,2025-11-07,222000.0
KH01129,2025-11-07,400000.0
KH00192,2025-11-07,1138000.0
KH02173,2025-11-07,125000.0
KH02374,2025-11-07,156000.0
KH01959,2025-11-07,1031000.0
KH01833,2025-11-07,730000.0
KH00222,2025-11-07,33000.0
KH01554,2025-11-07,254000.0
KH02495,2025-11-07,149000.0
KH00538,2025-11-07,309000.0
KH01819,2025-11-07,485000.0
KH01455,2025-11-07,73000.0
KH00448,2025-11-07,31000.0
KH01490,2025-11-07,122000.0
KH01202,2025-11-07,416000.0
KH00372,2025-11-07,263000.0
KH00872,2025-11-07,105000.0
KH02457,2025-11-07,41000.0
KH01118,2025-11-07,126000.0
KH01694,2025-11-07,64000.0
KH00974,2025-11-07,130000.0
KH00465,2025-11-07,90000.0
KH00948,2025-11-07,40000.0
KH00719,2025-11-07,107000.0
KH01206,2025-11-07,83000.0
KH00018,2025-11-07,251000.0
KH02144,2025-11-07,33000.0
KH02477,2025-11-07,184000.0
KH00989,2025-11-07,325000.0
KH01058,2025-11-07,499000.0
KH02268,2025-11-07,802000.0
KH00408,2025-11-07,557000.0
KH01022,2025-11-07,188000.0
KH00070,2025-11-07,125000.0
KH01856,2025-11-07,144000.0
KH00579,2025-11-07,23000.0
KH00370,2025-11-07,229000.0
KH01684,2025-11-07,123000.0
KH01463,2025-11-07,275000.0
KH01154,2025-11-07,1091000.0
KH00864,2025-11-07,238000.0
KH01507,2025-11-07,1804000.0
KH01589,2025-11-07,164000.0
KH00375,2025-11-07,261000.0
KH02240,2025-11-07,110000.0
KH00587,2025-11-07,147000.0
KH01545,2025-11-07,563000.0
KH00866,2025-11-07,501000.0
KH02092,2025-11-07,153000.0
KH01408,2025-11-07,201000.0
KH01332,2025-11-07,1014000.0
KH00413,2025-11-07,242000.0
KH00750,2025-11-07,151000.0
KH00868,2025-11-07,89000.0
KH00363,2025-11-07,312000.0
KH01610,2025-11-07,361000.0
KH00622,2025-11-08,153000.0
KH02122,2025-11-08,1210000.0
KH00027,2025-11-08,81000.0
KH01143,2025-11-08,382000.0
KH00813,2025-11-08,398000.0
KH00490,2025-11-08,164000.0
KH00691,2025-11-08,262000.0
KH00793,2025-11-08,119000.0
KH01392,2025-11-08,342000.0
KH01077,2025-11-08,276000.0
KH02344,2025-11-08,55000.0
KH00102,2025-11-08,126000.0
KH00467,2025-11-08,92000.0
KH02388,2025-11-08,136000.0
KH01413,2025-11-08,55000.0
KH01887,2025-11-08,220000.0
KH02469,2025-11-08,124000.0
KH02095,2025-11-08,114000.0
KH02095,2025-11-08,975000.0
KH00031,2025-11-08,67000.0
KH00086,2025-11-08,122000.0
KH00905,2025-11-08,541000.0
KH02109,2025-11-08,147000.0
KH02266,2025-11-08,250000.0
KH00398,2025-11-08,118000.0
KH01624,2025-11-08,128000.0
KH02480,2025-11-08,138000.0
KH00770,2025-11-08,384000.0
KH00268,2025-11-08,113000.0
KH00997,2025-11-08,196000.0
KH01282,2025-11-08,191000.0
KH01768,2025-11-08,56000.0
KH01946,2025-11-08,212000.0
KH01803,2025-11-08,373000.0
KH01000,2025-11-08,290000.0
KH01484,2025-11-08,166000.0
KH01335,2025-11-08,429000.0
KH01183,2025-11-08,184000.0
KH00485,2025-11-08,177000.0
KH02346,2025-11-08,430000.0
KH01397,2025-11-08,86000.0
KH00369,2025-11-08,562000.0
KH01341,2025-11-08,443000.0
KH00592,2025-11-08,709000.0
KH00687,2025-11-08,436000.0
KH01971,2025-11-08,134000.0
KH01982,2025-11-08,82000.0
KH02095,2025-11-08,434000.0
KH01931,2025-11-08,363000.0
KH00460,2025-11-08,379000.0
KH00114,2025-11-08,233000.0
KH02471,2025-11-08,309000.0
KH00603,2025-11-08,91000.0
KH00907,2025-11-08,346000.0
KH01824,2025-11-08,198000.0
KH01664,2025-11-08,58000.0
KH00981,2025-11-08,294000.0
KH00458,2025-11-08,655000.0
KH02480,2025-11-08,46000.0
KH01256,2025-11-08,92000.0
KH01352,2025-11-08,163000.0
KH01408,2025-11-08,106000.0
KH02061,2025-11-08,228000.0
KH00239,2025-11-08,126000.0
KH02208,2025-11-08,350000.0
KH00582,2025-11-08,264000.0
KH00057,2025-11-08,256000.0
KH01668,2025-11-08,139000.0
KH00584,2025-11-08,67000.0
KH02245,2025-11-08,692000.0
KH01781,2025-11-08,690000.0
KH02052,2025-11-08,213000.0
KH01058,2025-11-08,482000.0
KH01806,2025-11-08,88000.0
KH00990,2025-11-08,46000.0
KH00873,2025-11-08,46000.0
KH00688,2025-11-08,404000.0
KH01480,2025-11-08,1295000.0
KH00487,2025-11-08,360000.0
KH00300,2025-11-08,60000.0
KH00151,2025-11-08,633000.0
KH00191,2025-11-08,150000.0
KH00659,2025-11-08,128000.0
KH01800,2025-11-08,67000.0
KH01402,2025-11-08,60000.0
KH02411,2025-11-08,56000.0
KH02436,2025-11-08,819000.0
KH01388,2025-11-08,655000.0
KH01759,2025-11-09,143000.0
KH01605,2025-11-09,542000.0
KH00446,2025-11-09,83000.0
KH00199,2025-11-09,169000.0
KH01181,2025-11-09,136000.0
KH00253,2025-11-09,141000.0
KH00683,2025-11-09,90000.0
KH00750,2025-11-09,214000.0
KH00493,2025-11-09,137000.0
KH01600,2025-11-09,242000.0
KH01504,2025-11-09,389000.0
KH01481,2025-11-09,741000.0
KH00694,2025-11-09,339000.0
KH00194,2025-11-09,349000.0
KH00902,2025-11-09,934000.0
KH00347,2025-11-09,153000.0
KH02256,2025-11-09,212000.0
KH00200,2025-11-09,87000.0
KH00821,2025-11-09,246000.0
KH00871,2025-11-09,197000.0
KH02193,2025-11-09,423000.0
KH00459,2025-11-09,168000.0
KH00708,2025-11-09,177000.0
KH00413,2025-11-09,327000.0
KH01958,2025-11-09,71000.0
KH00645,2025-11-09,90000.0
KH02021,2025-11-09,224000.0
KH00424,2025-11-09,25000.0
KH02131,2025-11-09,287000.0
KH00514,2025-11-09,100000.0
KH00559,2025-11-09,321000.0
KH01718,2025-11-09,90000.0
KH01982,2025-11-09,60000.0
KH01677,2025-11-09,211000.0
KH01058,2025-11-09,141000.0
KH02406,2025-11-09,1001000.0
KH00778,2025-11-09,109000.0
KH00222,2025-11-09,545000.0
KH00909,2025-11-09,249000.0
KH01608,2025-11-09,93000.0
KH02100,2025-11-09,655000.0
KH00648,2025-11-09,310000.0
KH01019,2025-11-09,400000.0
KH01605,2025-11-09,182000.0
KH01084,2025-11-09,911000.0
KH01335,2025-11-09,350000.0
KH01811,2025-11-09,355000.0
KH01487,2025-11-09,158000.0
KH00460,2025-11-09,152000.0
KH00599,2025-11-09,230000.0
KH00819,2025-11-09,380000.0
KH00333,2025-11-09,806000.0
KH00633,2025-11-09,158000.0
KH00313,2025-11-09,340000.0
KH01750,2025-11-09,865000.0
KH00972,2025-11-09,275000.0
KH02381,2025-11-09,574000.0
KH01346,2025-11-09,382000.0
KH01495,2025-11-09,177000.0
KH02142,2025-11-09,150000.0
KH02337,2025-11-09,222000.0
KH00685,2025-11-09,741000.0
KH00648,2025-11-09,422000.0
KH00536,2025-11-09,87000.0
KH02096,2025-11-09,194000.0
KH01677,2025-11-09,72000.0
KH00718,2025-11-09,302000.0
KH00698,2025-11-09,109000.0
KH01407,2025-11-09,300000.0
KH01404,2025-11-09,222000.0
KH01806,2025-11-09,139000.0
KH00135,2025-11-09,530000.0
KH02388,2025-11-09,234000.0
KH01987,2025-11-09,242000.0
KH01773,2025-11-09,160000.0
KH00062,2025-11-09,45000.0
KH01380,2025-11-09,183000.0
KH02317,2025-11-09,276000.0
KH00465,2025-11-09,50000.0
KH00982,2025-11-09,117000.0
KH01708,2025-11-09,95000.0
KH01683,2025-11-09,286000.0
KH00317,2025-11-09,142000.0
KH00617,2025-11-09,219000.0
KH02251,2025-11-09,141000.0
KH01232,2025-11-09,553000.0
KH01767,2025-11-09,152000.0
KH01807,2025-11-09,230000.0
KH02406,2025-11-09,79000.0
KH00607,2025-11-09,168000.0
KH00794,2025-11-10,159000.0
KH01264,2025-11-10,210000.0
KH00064,2025-11-10,1347000.0
KH01851,2025-11-10,56000.0
KH00571,2025-11-10,206000.0
KH02390,2025-11-10,675000.0
KH00476,2025-11-10,246000.0
KH01412,2025-11-10,58000.0
KH02473,2025-11-10,115000.0
KH01002,2025-11-10,130000.0
KH00408,2025-11-10,158000.0
KH00332,2025-11-10,1060000.0
KH02435,2025-11-10,171000.0
KH01078,2025-11-10,284000.0
KH01700,2025-11-10,130000.0
KH00321,2025-11-10,399000.0
KH01461,2025-11-10,64000.0
KH01277,2025-11-10,69000.0
KH01525,2025-11-10,59000.0
KH00808,2025-11-10,126000.0
KH01424,2025-11-10,55000.0
KH00918,2025-11-10,470000.0
KH00595,2025-11-10,74000.0
KH02006,2025-11-10,118000.0
KH02189,2025-11-10,108000.0
KH01789,2025-11-10,1465000.0
KH00378,2025-11-10,134000.0
KH00467,2025-11-10,92000.0
KH00334,2025-11-10,329000.0
KH01220,2025-11-10,111000.0
KH02400,2025-11-10,67000.0
KH01984,2025-11-10,311000.0
KH02057,2025-11-10,322000.0
KH01892,2025-11-10,61000.0
KH02346,2025-11-10,84000.0
KH00276,2025-11-10,83000.0
KH00490,2025-11-10,110000.0
KH00561,2025-11-10,282000.0
KH00932,2025-11-10,214000.0
KH02350,2025-11-10,58000.0
KH01363,2025-11-10,173000.0
KH02284,2025-11-10,127000.0
KH00024,2025-11-10,314000.0
KH01751,2025-11-10,51000.0
KH00384,2025-11-10,169000.0
KH01238,2025-11-10,372000.0
KH00743,2025-11-10,130000.0
KH00711,2025-11-10,1454000.0
KH01297,2025-11-10,141000.0
KH01308,2025-11-10,74000.0
KH01697,2025-11-10,113000.0
KH02220,2025-11-10,41000.0
KH00261,2025-11-10,289000.0
KH00604,2025-11-10,448000.0
KH00770,2025-11-10,102000.0
KH01158,2025-11-10,250000.0
KH00642,2025-11-10,329000.0
KH00333,2025-11-10,356000.0
KH01958,2025-11-10,119000.0
KH00542,2025-11-10,440000.0
KH02219,2025-11-10,88000.0
KH00702,2025-11-10,42000.0
KH01477,2025-11-10,427000.0
KH02291,2025-11-10,138000.0
KH00156,2025-11-10,326000.0
KH02364,2025-11-10,188000.0
KH00744,2025-11-10,51000.0
KH01811,2025-11-10,97000.0
KH00392,2025-11-10,160000.0
KH00498,2025-11-10,645000.0
KH01443,2025-11-10,513000.0
KH00402,2025-11-10,82000.0
KH00037,2025-11-10,355000.0
KH01939,2025-11-10,424000.0
KH01402,2025-11-10,446000.0
KH00010,2025-11-10,731000.0
KH00212,2025-11-10,161000.0
KH00002,2025-11-10,35000.0
KH01065,2025-11-11,100000.0
KH00611,2025-11-11,65000.0
KH01155,2025-11-11,281000.0
KH02204,2025-11-11,109000.0
KH00298,2025-11-11,21000.0
KH00161,2025-11-11,549000.0
KH01861,2025-11-11,349000.0
KH01643,2025-11-11,271000.0
KH01492,2025-11-11,488000.0
KH01809,2025-11-11,461000.0
KH01618,2025-11-11,374000.0
KH02141,2025-11-11,57000.0
KH02344,2025-11-11,226000.0
KH00942,2025-11-11,211000.0
KH01554,2025-11-11,99000.0
KH01708,2025-11-11,397000.0
KH01948,2025-11-11,237000.0
KH01654,2025-11-11,26000.0
KH01776,2025-11-11,106000.0
KH00413,2025-11-11,49000.0
KH01968,2025-11-11,60000.0
KH00856,2025-11-11,145000.0
KH02287,2025-11-11,98000.0
KH01632,2025-11-11,621000.0
KH00976,2025-11-11,568000.0
KH00194,2025-11-11,218000.0
KH01278,2025-11-11,110000.0
KH00396,2025-11-11,174000.0
KH01927,2025-11-11,54000.0
KH01525,2025-11-11,247000.0
KH01178,2025-11-11,148000.0
KH01331,2025-11-11,554000.0
KH02024,2025-11-11,202000.0
KH01000,2025-11-11,99000.0
KH01172,2025-11-11,169000.0
KH01613,2025-11-11,486000.0
KH01289,2025-11-11,520000.0
KH00240,2025-11-11,184000.0
KH01214,2025-11-11,90000.0
KH00203,2025-11-11,104000.0
KH01683,2025-11-11,242000.0
KH00365,2025-11-11,369000.0
KH01142,2025-11-11,434000.0
KH02166,2025-11-11,211000.0
KH02148,2025-11-11,84000.0
KH01606,2025-11-11,155000.0
KH01397,2025-11-11,162000.0
KH00967,2025-11-11,183000.0
KH00917,2025-11-11,458000.0
KH00500,2025-11-11,144000.0
KH01528,2025-11-11,98000.0
KH02191,2025-11-11,137000.0
KH01254,2025-11-11,399000.0
KH00212,2025-11-11,798000.0
KH00544,2025-11-11,113000.0
KH01085,2025-11-11,381000.0
KH02013,2025-11-11,66000.0
KH02319,2025-11-11,428000.0
KH01359,2025-11-11,276000.0
KH01819,2025-11-11,576000.0
KH00827,2025-11-11,222000.0
KH00707,2025-11-11,197000.0
KH01320,2025-11-11,210000.0
KH00458,2025-11-11,1140000.0
KH00636,2025-11-11,217000.0
KH01099,2025-11-11,909000.0
KH01186,2025-11-11,158000.0
KH00983,2025-11-11,48000.0
KH01327,2025-11-11,73000.0
KH02108,2025-11-11,101000.0
KH00671,2025-11-11,48000.0
KH02196,2025-11-11,93000.0
KH00266,2025-11-11,54000.0
KH02480,2025-11-11,127000.0
KH01032,2025-11-11,69000.0
KH00838,2025-11-11,53000.0
KH02129,2025-11-11,206000.0
KH00647,2025-11-11,360000.0
KH00254,2025-11-11,96000.0
KH02490,2025-11-11,163000.0
KH00923,2025-11-11,129000.0
KH01488,2025-11-11,54000.0
KH02153,2025-11-11,388000.0
KH00410,2025-11-11,113000.0
KH00127,2025-11-11,101000.0
KH01088,2025-11-11,292000.0
KH02341,2025-11-11,1587000.0
KH01898,2025-11-11,1518000.0
KH00956,2025-11-12,260000.0
KH00111,2025-11-12,551000.0
KH01415,2025-11-12,45000.0
KH01261,2025-11-12,163000.0
KH00697,2025-11-12,676000.0
KH02295,2025-11-12,198000.0
KH00568,2025-11-12,213000.0
KH00768,2025-11-12,230000.0
KH02102,2025-11-12,150000.0
KH01416,2025-11-12,498000.0
KH01054,2025-11-12,1726000.0
KH01937,2025-11-12,138000.0
KH01766,2025-11-12,668000.0
KH00173,2025-11-12,112000.0
KH02069,2025-11-12,113000.0
KH00868,2025-11-12,157000.0
KH00513,2025-11-12,389000.0
KH01973,2025-11-12,278000.0
KH00398,2025-11-12,122000.0
KH01525,2025-11-12,869000.0
KH01038,2025-11-12,315000.0
KH01265,2025-11-12,197000.0
KH01769,2025-11-12,899000.0
KH01724,2025-11-12,115000.0
KH01641,2025-11-12,392000.0
KH01460,2025-11-12,806000.0
KH02227,2025-11-12,136000.0
KH00498,2025-11-12,90000.0
KH01481,2025-11-12,226000.0
KH01786,2025-11-12,143000.0
KH01702,2025-11-12,133000.0
KH02060,2025-11-12,192000.0
KH00659,2025-11-12,195000.0
KH00348,2025-11-12,552000.0
KH00773,2025-11-12,464000.0
KH02399,2025-11-12,630000.0
KH00144,2025-11-12,117000.0
KH01767,2025-11-12,1572000.0
KH00687,2025-11-12,57000.0
KH00913,2025-11-12,300000.0
KH00624,2025-11-12,131000.0
KH02347,2025-11-12,870000.0
KH00498,2025-11-12,64000.0
KH00430,2025-11-12,344000.0
KH01605,2025-11-12,250000.0
KH01870,2025-11-12,92000.0
KH00027,2025-11-12,191000.0
KH00261,2025-11-12,335000.0
KH00129,2025-11-12,96000.0
KH00388,2025-11-12,483000.0
KH01045,2025-11-12,407000.0
KH01075,2025-11-12,566000.0
KH01206,2025-11-12,282000.0
KH01581,2025-11-12,571000.0
KH02060,2025-11-12,560000.0
KH02448,2025-11-12,510000.0
KH00733,2025-11-12,99000.0
KH01207,2025-11-12,374000.0
KH02261,2025-11-12,127000.0
KH02386,2025-11-12,206000.0
KH01613,2025-11-12,116000.0
KH01516,2025-11-12,123000.0
KH00745,2025-11-12,42000.0
KH01605,2025-11-12,61000.0
KH02216,2025-11-12,45000.0
KH00200,2025-11-12,207000.0
KH02162,2025-11-12,448000.0
KH01455,2025-11-12,183000.0
KH01724,2025-11-12,276000.0
KH02499,2025-11-12,182000.0
KH00553,2025-11-12,292000.0
KH00364,2025-11-12,223000.0
KH02355,2025-11-12,591000.0
KH00796,2025-11-12,243000.0
KH01987,2025-11-12,282000.0
KH00240,2025-11-12,85000.0
KH01571,2025-11-12,419000.0
KH00359,2025-11-12,147000.0
KH02302,2025-11-12,251000.0
KH00463,2025-11-12,93000.0
KH00216,2025-11-12,200000.0
KH01551,2025-11-12,158000.0
KH01211,2025-11-12,167000.0
KH02281,2025-11-12,437000.0
KH02224,2025-11-12,65000.0
KH01121,2025-11-12,309000.0
KH01288,2025-11-12,63000.0
KH01215,2025-11-12,136000.0
KH01746,2025-11-12,84000.0
KH00563,2025-11-12,359000.0
KH01829,2025-11-12,629000.0
KH00032,2025-11-12,90000.0
KH02454,2025-11-12,453000.0
KH00889,2025-11-13,245000.0
KH00254,2025-11-13,93000.0
KH01822,2025-11-13,254000.0
KH02139,2025-11-13,887000.0
KH02278,2025-11-13,205000.0
KH00448,2025-11-13,247000.0
KH00856,2025-11-13,213000.0
KH02166,2025-11-13,116000.0
KH00192,2025-11-13,481000.0
KH00578,2025-11-13,255000.0
KH02122,2025-11-13,91000.0
KH01142,2025-11-13,215000.0
KH01472,2025-11-13,118000.0
KH01889,2025-11-13,588000.0
KH00853,2025-11-13,185000.0
KH01722,2025-11-13,102000.0
KH02200,2025-11-13,754000.0
KH01956,2025-11-13,300000.0
KH02281,2025-11-13,503000.0
KH01782,2025-11-13,66000.0
KH00992,2025-11-13,310000.0
KH02175,2025-11-13,3807000.0
KH01593,2025-11-13,60000.0
KH00192,2025-11-13,132000.0
KH01480,2025-11-13,106000.0
KH00238,2025-11-13,104000.0
KH00269,2025-11-13,261000.0
KH01796,2025-11-13,211000.0
KH00176,2025-11-13,130000.0
KH00346,2025-11-13,105000.0
KH00192,2025-11-13,36000.0
KH00903,2025-11-13,376000.0
KH02279,2025-11-13,241000.0
KH01759,2025-11-13,153000.0
KH00115,2025-11-13,140000.0
KH02363,2025-11-13,373000.0
KH02415,2025-11-13,595000.0
KH01694,2025-11-13,822000.0
KH00657,2025-11-13,207000.0
KH02178,2025-11-13,215000.0
KH01675,2025-11-13,400000.0
KH01229,2025-11-13,310000.0
KH00906,2025-11-13,157000.0
KH01454,2025-11-13,116000.0
KH00544,2025-11-13,161000.0
KH01603,2025-11-13,444000.0
KH01561,2025-11-13,274000.0
KH01514,2025-11-13,974000.0
KH01791,2025-11-13,181000.0
KH01040,2025-11-13,147000.0
KH02471,2025-11-13,283000.0
KH01269,2025-11-13,100000.0
KH00794,2025-11-13,35000.0
KH00121,2025-11-13,837000.0
KH00799,2025-11-13,220000.0
KH00890,2025-11-13,128000.0
KH01388,2025-11-13,68000.0
KH01323,2025-11-13,301000.0
KH01811,2025-11-13,101000.0
KH00751,2025-11-13,310000.0
KH01187,2025-11-13,55000.0
KH02386,2025-11-13,245000.0
KH02187,2025-11-13,303000.0
KH00941,2025-11-13,238000.0
KH00249,2025-11-13,92000.0
KH00082,2025-11-13,392000.0
KH00524,2025-11-13,612000.0
KH00333,2025-11-13,30000.0
KH02015,2025-11-13,514000.0
KH00407,2025-11-13,571000.0
KH00921,2025-11-13,90000.0
KH00787,2025-11-13,138000.0
KH02413,2025-11-13,713000.0
KH00236,2025-11-13,110000.0
KH01835,2025-11-13,503000.0
KH00973,2025-11-13,194000.0
KH01982,2025-11-13,71000.0
KH02136,2025-11-13,51000.0
KH02283,2025-11-13,69000.0
KH00868,2025-11-13,591000.0
KH02344,2025-11-13,56000.0
KH00068,2025-11-13,223000.0
KH01883,2025-11-13,109000.0
KH00760,2025-11-13,177000.0
KH02218,2025-11-13,66000.0
KH01473,2025-11-13,266000.0
KH01686,2025-11-13,77000.0
KH01339,2025-11-13,369000.0
KH00441,2025-11-13,661000.0
KH00074,2025-11-14,271000.0
KH00088,2025-11-14,1401000.0
KH01994,2025-11-14,226000.0
KH02237,2025-11-14,117000.0
KH02083,2025-11-14,118000.0
KH00491,2025-11-14,94000.0
KH00379,2025-11-14,291000.0
KH01051,2025-11-14,92000.0
KH01760,2025-11-14,135000.0
KH00860,2025-11-14,158000.0
KH00129,2025-11-14,484000.0
KH00404,2025-11-14,69000.0
KH01859,2025-11-14,28000.0
KH01781,2025-11-14,250000.0
KH00623,2025-11-14,315000.0
KH00328,2025-11-14,168000.0
KH01506,2025-11-14,47000.0
KH00776,2025-11-14,152000.0
KH02437,2025-11-14,107000.0
KH02153,2025-11-14,314000.0
KH00151,2025-11-14,258000.0
KH00119,2025-11-14,486000.0
KH02261,2025-11-14,157000.0
KH01016,2025-11-14,39000.0
KH00697,2025-11-14,179000.0
KH01281,2025-11-14,975000.0
KH02276,2025-11-14,420000.0
KH02107,2025-11-14,208000.0
KH00389,2025-11-14,385000.0
KH01264,2025-11-14,393000.0
KH00367,2025-11-14,691000.0
KH02105,2025-11-14,181000.0
KH01914,2025-11-14,63000.0
KH01866,2025-11-14,249000.0
KH02403,2025-11-14,179000.0
KH01400,2025-11-14,235000.0
KH00500,2025-11-14,359000.0
KH02105,2025-11-14,139000.0
KH01479,2025-11-14,163000.0
KH01227,2025-11-14,284000.0
KH01304,2025-11-14,110000.0
KH00497,2025-11-14,222000.0
KH01077,2025-11-14,81000.0
KH00109,2025-11-14,381000.0
KH02028,2025-11-14,288000.0
KH01335,2025-11-14,409000.0
KH00115,2025-11-14,137000.0
KH01248,2025-11-14,467000.0
KH00526,2025-11-14,156000.0
KH00032,2025-11-14,559000.0
KH02496,2025-11-14,1849000.0
KH00069,2025-11-14,177000.0
KH01077,2025-11-14,115000.0
KH01230,2025-11-14,275000.0
KH00022,2025-11-14,71000.0
KH02458,2025-11-14,79000.0
KH00027,2025-11-14,210000.0
KH00854,2025-11-14,593000.0
KH00812,2025-11-14,334000.0
KH00548,2025-11-14,121000.0
KH01374,2025-11-14,103000.0
KH00279,2025-11-14,557000.0
KH02199,2025-11-14,73000.0
KH00204,2025-11-14,149000.0
KH00480,2025-11-14,232000.0
KH01671,2025-11-14,69000.0
KH02093,2025-11-14,310000.0
KH00041,2025-11-14,782000.0
KH00014,2025-11-14,179000.0
KH00921,2025-11-14,1278000.0
KH00064,2025-11-14,393000.0
KH02473,2025-11-14,111000.0
KH01900,2025-11-14,351000.0
KH01740,2025-11-15,778000.0
KH00965,2025-11-15,343000.0
KH01705,2025-11-15,259000.0
KH00354,2025-11-15,214000.0
KH01334,2025-11-15,188000.0
KH02030,2025-11-15,211000.0
KH00508,2025-11-15,111000.0
KH01412,2025-11-15,138000.0
KH00860,2025-11-15,372000.0
KH01857,2025-11-15,60000.0
KH02213,2025-11-15,1870000.0
KH00911,2025-11-15,63000.0
KH02099,2025-11-15,551000.0
KH00116,2025-11-15,147000.0
KH00040,2025-11-15,324000.0
KH01621,2025-11-15,183000.0
KH00471,2025-11-15,146000.0
KH00530,2025-11-15,625000.0
KH01412,2025-11-15,84000.0
KH00260,2025-11-15,301000.0
KH01856,2025-11-15,211000.0
KH01686,2025-11-15,949000.0
KH02409,2025-11-15,292000.0
KH00596,2025-11-15,126000.0
KH01673,2025-11-15,1549000.0
KH01413,2025-11-15,153000.0
KH02433,2025-11-15,94000.0
KH02311,2025-11-15,142000.0
KH01690,2025-11-15,299000.0
KH00332,2025-11-15,233000.0
KH02376,2025-11-15,343000.0
KH00403,2025-11-15,127000.0
KH01006,2025-11-15,518000.0
KH01684,2025-11-15,71000.0
KH00984,2025-11-15,298000.0
KH01906,2025-11-15,1025000.0
KH00644,2025-11-15,338000.0
KH01128,2025-11-15,71000.0
KH00440,2025-11-15,360000.0
KH01256,2025-11-15,70000.0
KH01986,2025-11-15,116000.0
KH00714,2025-11-15,315000.0
KH01275,2025-11-15,75000.0
KH00116,2025-11-15,455000.0
KH01546,2025-11-15,516000.0
KH00161,2025-11-15,75000.0
KH00268,2025-11-15,466000.0
KH00919,2025-11-15,205000.0
KH02062,2025-11-15,422000.0
KH01099,2025-11-15,173000.0
KH00755,2025-11-15,271000.0
KH00139,2025-11-15,80000.0
KH00243,2025-11-15,450000.0
KH02411,2025-11-15,47000.0
KH01106,2025-11-15,439000.0
KH00101,2025-11-15,31000.0
KH00369,2025-11-15,126000.0
KH01747,2025-11-15,69000.0
KH00016,2025-11-15,434000.0
KH00392,2025-11-15,86000.0
KH02327,2025-11-15,117000.0
KH00984,2025-11-15,106000.0
KH01977,2025-11-15,173000.0
KH00254,2025-11-15,153000.0
KH01149,2025-11-15,151000.0
KH02122,2025-11-15,774000.0
KH02284,2025-11-15,274000.0
KH00502,2025-11-15,132000.0
KH01078,2025-11-15,1038000.0
KH00986,2025-11-15,327000.0
KH01146,2025-11-15,298000.0
KH02436,2025-11-15,90000.0
KH01363,2025-11-15,119000.0
KH00489,2025-11-15,260000.0
KH01618,2025-11-15,149000.0
KH01709,2025-11-15,381000.0
KH00780,2025-11-16,237000.0
KH00922,2025-11-16,78000.0
KH00096,2025-11-16,71000.0
KH01040,2025-11-16,575000.0
KH01262,2025-11-16,239000.0
KH00365,2025-11-16,288000.0
KH02495,2025-11-16,180000.0
KH00355,2025-11-16,73000.0
KH00174,2025-11-16,92000.0
KH01427,2025-11-16,379000.0
KH02410,2025-11-16,258000.0
KH02319,2025-11-16,106000.0
KH00685,2025-11-16,168000.0
KH00515,2025-11-16,204000.0
KH00117,2025-11-16,174000.0
KH01687,2025-11-16,87000.0
KH01896,2025-11-16,292000.0
KH02490,2025-11-16,159000.0
KH01284,2025-11-16,364000.0
KH02338,2025-11-16,93000.0
KH00152,2025-11-16,186000.0
KH01903,2025-11-16,692000.0
KH01464,2025-11-16,1188000.0
KH00887,2025-11-16,225000.0
KH00770,2025-11-16,102000.0
KH01690,2025-11-16,171000.0
KH01692,2025-11-16,227000.0
KH00930,2025-11-16,335000.0
KH01281,2025-11-16,181000.0
KH02423,2025-11-16,298000.0
KH01045,2025-11-16,593000.0
KH02267,2025-11-16,386000.0
KH02332,2025-11-16,450000.0
KH01013,2025-11-16,356000.0
KH01202,2025-11-16,76000.0
KH01713,2025-11-16,145000.0
KH00792,2025-11-16,175000.0
KH00179,2025-11-16,3735000.0
KH01062,2025-11-16,154000.0
KH00794,2025-11-16,313000.0
KH02169,2025-11-16,171000.0
KH00367,2025-11-16,122000.0
KH01732,2025-11-16,21000.0
KH02261,2025-11-16,438000.0
KH01937,2025-11-16,199000.0
KH00229,2025-11-16,220000.0
KH00721,2025-11-16,408000.0
KH00808,2025-11-16,661000.0
KH00610,2025-11-16,1232000.0
KH00063,2025-11-16,204000.0
KH01185,2025-11-16,246000.0
KH02347,2025-11-16,62000.0
KH00931,2025-11-16,108000.0
KH00890,2025-11-16,75000.0
KH02181,2025-11-16,207000.0
KH02463,2025-11-16,134000.0
KH01196,2025-11-16,178000.0
KH01185,2025-11-16,121000.0
KH00260,2025-11-16,155000.0
KH00506,2025-11-16,779000.0
KH00532,2025-11-16,138000.0
KH00389,2025-11-16,452000.0
KH00634,2025-11-16,345000.0
KH00078,2025-11-16,433000.0
KH00499,2025-11-16,297000.0
KH02068,2025-11-17,227000.0
KH02308,2025-11-17,66000.0
KH00754,2025-11-17,451000.0
KH01410,2025-11-17,139000.0
KH02261,2025-11-17,104000.0
KH01337,2025-11-17,363000.0
KH00622,2025-11-17,86000.0
KH01032,2025-11-17,211000.0
KH02286,2025-11-17,116000.0
KH00889,2025-11-17,140000.0
KH00271,2025-11-17,149000.0
KH02082,2025-11-17,438000.0
KH02267,2025-11-17,61000.0
KH00808,2025-11-17,147000.0
KH00865,2025-11-17,122000.0
KH00955,2025-11-17,396000.0
KH01579,2025-11-17,105000.0
KH01439,2025-11-17,72000.0
KH00149,2025-11-17,160000.0
KH01283,2025-11-17,104000.0
KH02061,2025-11-17,111000.0
KH00637,2025-11-17,110000.0
KH01765,2025-11-17,44000.0
KH00059,2025-11-17,694000.0
KH00856,2025-11-17,407000.0
KH02368,2025-11-17,403000.0
KH00141,2025-11-17,146000.0
KH00307,2025-11-17,60000.0
KH00805,2025-11-17,136000.0
KH00235,2025-11-17,116000.0
KH00944,2025-11-17,254000.0
KH00382,2025-11-17,147000.0
KH01668,2025-11-17,129000.0
KH00149,2025-11-17,197000.0
KH02183,2025-11-17,222000.0
KH00126,2025-11-17,198000.0
KH00398,2025-11-17,240000.0
KH00748,2025-11-17,116000.0
KH02101,2025-11-17,150000.0
KH02128,2025-11-17,506000.0
KH02077,2025-11-17,348000.0
KH01139,2025-11-17,265000.0
KH01122,2025-11-17,347000.0
KH01372,2025-11-17,428000.0
KH01146,2025-11-17,245000.0
KH00075,2025-11-17,230000.0
KH00038,2025-11-17,151000.0
KH00368,2025-11-17,193000.0
KH00007,2025-11-17,175000.0
KH02040,2025-11-17,193000.0
KH01123,2025-11-17,329000.0
KH01853,2025-11-17,203000.0
KH01881,2025-11-17,579000.0
KH00707,2025-11-17,23000.0
KH01646,2025-11-17,200000.0
KH01433,2025-11-17,291000.0
KH00220,2025-11-17,61000.0
KH00769,2025-11-17,171000.0
KH01508,2025-11-17,107000.0
KH02344,2025-11-17,168000.0
KH00519,2025-11-17,711000.0
KH00576,2025-11-17,75000.0
KH01122,2025-11-17,216000.0
KH01866,2025-11-17,732000.0
KH00873,2025-11-17,737000.0
KH01610,2025-11-17,171000.0
KH01944,2025-11-17,47000.0
KH00220,2025-11-17,290000.0
KH01747,2025-11-17,235000.0
KH02240,2025-11-17,107000.0
KH01056,2025-11-17,313000.0
KH02005,2025-11-17,63000.0
KH00806,2025-11-17,774000.0
KH01185,2025-11-17,136000.0
KH01703,2025-11-17,292000.0
KH01843,2025-11-17,116000.0
KH01257,2025-11-17,181000.0
KH00233,2025-11-17,458000.0
KH00989,2025-11-17,420000.0
KH02472,2025-11-17,75000.0
KH00932,2025-11-17,124000.0
KH01559,2025-11-17,267000.0
KH00857,2025-11-17,125000.0
KH01565,2025-11-17,172000.0
KH00307,2025-11-17,265000.0
KH00460,2025-11-17,62000.0
KH00798,2025-11-17,550000.0
KH00399,2025-11-17,180000.0
KH02156,2025-11-17,94000.0
KH01148,2025-11-17,177000.0
KH01791,2025-11-17,364000.0
KH01395,2025-11-17,94000.0
KH01534,2025-11-17,141000.0
KH02098,2025-11-17,228000.0
KH00690,2025-11-18,68000.0
KH01059,2025-11-18,190000.0
KH00984,2025-11-18,365000.0
KH01039,2025-11-18,205000.0
KH01759,2025-11-18,45000.0
KH01793,2025-11-18,30000.0
KH00270,2025-11-18,460000.0
KH00252,2025-11-18,129000.0
KH00207,2025-11-18,124000.0
KH02094,2025-11-18,87000.0
KH00678,2025-11-18,146000.0
KH01188,2025-11-18,339000.0
KH02083,2025-11-18,176000.0
KH00352,2025-11-18,174000.0
KH00634,2025-11-18,215000.0
KH02380,2025-11-18,133000.0
KH01464,2025-11-18,77000.0
KH00457,2025-11-18,180000.0
KH00087,2025-11-18,382000.0
KH02462,2025-11-18,241000.0
KH00408,2025-11-18,501000.0
KH02049,2025-11-18,197000.0
KH00145,2025-11-18,104000.0
KH01506,2025-11-18,121000.0
KH01840,2025-11-18,245000.0
KH00395,2025-11-18,86000.0
KH01059,2025-11-18,299000.0
KH00460,2025-11-18,662000.0
KH00455,2025-11-18,230000.0
KH01935,2025-11-18,660000.0
KH01567,2025-11-18,129000.0
KH02231,2025-11-18,239000.0
KH00067,2025-11-18,523000.0
KH02178,2025-11-18,123000.0
KH01175,2025-11-18,192000.0
KH00009,2025-11-18,250000.0
KH01550,2025-11-18,82000.0
KH00282,2025-11-18,106000.0
KH02328,2025-11-18,151000.0
KH00364,2025-11-18,108000.0
KH00292,2025-11-18,224000.0
KH01148,2025-11-18,79000.0
KH00291,2025-11-18,335000.0
KH00486,2025-11-18,93000.0
KH00939,2025-11-18,293000.0
KH00040,2025-11-18,98000.0
KH02078,2025-11-18,227000.0
KH01062,2025-11-18,327000.0
KH01098,2025-11-18,480000.0
KH01202,2025-11-18,212000.0
KH01835,2025-11-18,342000.0
KH02145,2025-11-18,314000.0
KH02005,2025-11-18,175000.0
KH00848,2025-11-18,285000.0
KH00177,2025-11-18,189000.0
KH00402,2025-11-18,180000.0
KH00075,2025-11-18,43000.0
KH00657,2025-11-18,229000.0
KH00335,2025-11-18,142000.0
KH01946,2025-11-18,679000.0
KH02206,2025-11-18,148000.0
KH00222,2025-11-18,67000.0
KH01480,2025-11-18,120000.0
KH02095,2025-11-18,77000.0
KH01437,2025-11-18,116000.0
KH02294,2025-11-18,484000.0
KH01689,2025-11-18,158000.0
KH02109,2025-11-18,23000.0
KH02403,2025-11-18,313000.0
KH01571,2025-11-18,13000.0
KH00488,2025-11-18,53000.0
KH01091,2025-11-18,79000.0
KH02292,2025-11-18,166000.0
KH01980,2025-11-18,139000.0
KH01225,2025-11-18,137000.0
KH01879,2025-11-18,74000.0
KH00075,2025-11-18,143000.0
KH01712,2025-11-18,88000.0
KH00566,2025-11-18,108000.0
KH02066,2025-11-18,106000.0
KH01404,2025-11-18,114000.0
KH00198,2025-11-18,212000.0
KH00535,2025-11-18,248000.0
KH00452,2025-11-18,94000.0
KH00323,2025-11-18,369000.0
KH01395,2025-11-18,252000.0
KH00338,2025-11-19,101000.0
KH01062,2025-11-19,422000.0
KH00307,2025-11-19,40000.0
KH01198,2025-11-19,630000.0
KH01456,2025-11-19,487000.0
KH01446,2025-11-19,234000.0
KH02222,2025-11-19,386000.0
KH00528,2025-11-19,267000.0
KH01922,2025-11-19,80000.0
KH01296,2025-11-19,521000.0
KH01334,2025-11-19,157000.0
KH02313,2025-11-19,109000.0
KH01856,2025-11-19,567000.0
KH00862,2025-11-19,101000.0
KH00392,2025-11-19,92000.0
KH01589,2025-11-19,64000.0
KH01038,2025-11-19,271000.0
KH01998,2025-11-19,273000.0
KH00975,2025-11-19,1158000.0
KH00535,2025-11-19,65000.0
KH01221,2025-11-19,158000.0
KH01268,2025-11-19,45000.0
KH00499,2025-11-19,600000.0
KH00939,2025-11-19,308000.0
KH01089,2025-11-19,188000.0
KH01472,2025-11-19,2030000.0
KH00352,2025-11-19,352000.0
KH00633,2025-11-19,923000.0
KH02290,2025-11-19,149000.0
KH00703,2025-11-19,68000.0
KH01611,2025-11-19,293000.0
KH00154,2025-11-19,84000.0
KH01291,2025-11-19,257000.0
KH01350,2025-11-19,719000.0
KH02420,2025-11-19,145000.0
KH00688,2025-11-19,118000.0
KH01614,2025-11-19,451000.0
KH02283,2025-11-19,131000.0
KH01680,2025-11-19,224000.0
KH02236,2025-11-19,1261000.0
KH01435,2025-11-19,295000.0
KH01576,2025-11-19,179000.0
KH01058,2025-11-19,162000.0
KH00635,2025-11-19,128000.0
KH01129,2025-11-19,360000.0
KH01918,2025-11-19,38000.0
KH01727,2025-11-19,270000.0
KH00848,2025-11-19,732000.0
KH01009,2025-11-19,134000.0
KH00020,2025-11-19,70000.0
KH00183,2025-11-19,485000.0
KH00143,2025-11-19,109000.0
KH02293,2025-11-19,135000.0
KH01454,2025-11-19,208000.0
KH01744,2025-11-19,302000.0
KH01494,2025-11-19,115000.0
KH00707,2025-11-19,502000.0
KH02143,2025-11-19,296000.0
KH01410,2025-11-19,863000.0
KH01194,2025-11-19,274000.0
KH00729,2025-11-19,287000.0
KH00040,2025-11-19,203000.0
KH01028,2025-11-19,111000.0
KH00057,2025-11-19,63000.0
KH01196,2025-11-19,53000.0
KH01877,2025-11-19,112000.0
KH00615,2025-11-19,245000.0
KH01139,2025-11-19,223000.0
KH00647,2025-11-19,356000.0
KH01340,2025-11-19,334000.0
KH01487,2025-11-19,89000.0
KH00384,2025-11-19,313000.0
KH00051,2025-11-19,319000.0
KH00406,2025-11-20,109000.0
KH00550,2025-11-20,90000.0
KH01340,2025-11-20,171000.0
KH00723,2025-11-20,78000.0
KH01321,2025-11-20,103000.0
KH00454,2025-11-20,445000.0
KH01500,2025-11-20,176000.0
KH01408,2025-11-20,95000.0
KH01468,2025-11-20,127000.0
KH00457,2025-11-20,79000.0
KH01963,2025-11-20,58000.0
KH00396,2025-11-20,154000.0
KH00280,2025-11-20,127000.0
KH01764,2025-11-20,267000.0
KH00022,2025-11-20,222000.0
KH01903,2025-11-20,165000.0
KH02470,2025-11-20,210000.0
KH01218,2025-11-20,182000.0
KH00873,2025-11-20,140000.0
KH00307,2025-11-20,174000.0
KH00979,2025-11-20,138000.0
KH01165,2025-11-20,161000.0
KH00308,2025-11-20,109000.0
KH02244,2025-11-20,77000.0
KH00712,2025-11-20,145000.0
KH00166,2025-11-20,119000.0
KH00593,2025-11-20,138000.0
KH00194,2025-11-20,259000.0
KH00064,2025-11-20,282000.0
KH01029,2025-11-20,460000.0
KH01421,2025-11-20,403000.0
KH00970,2025-11-20,181000.0
KH00464,2025-11-20,120000.0
KH00309,2025-11-20,68000.0
KH00646,2025-11-20,233000.0
KH02245,2025-11-20,407000.0
KH01811,2025-11-20,1964000.0
KH00460,2025-11-20,628000.0
KH02109,2025-11-20,212000.0
KH01376,2025-11-20,307000.0
KH00889,2025-11-20,117000.0
KH02023,2025-11-20,180000.0
KH02097,2025-11-20,290000.0
KH01267,2025-11-20,1018000.0
KH00176,2025-11-20,233000.0
KH00349,2025-11-20,86000.0
KH00940,2025-11-20,221000.0
KH02306,2025-11-20,139000.0
KH02156,2025-11-20,103000.0
KH01077,2025-11-20,24000.0
KH00804,2025-11-20,168000.0
KH02308,2025-11-20,186000.0
KH00087,2025-11-20,135000.0
KH01094,2025-11-20,337000.0
KH02344,2025-11-20,1384000.0
KH01348,2025-11-20,95000.0
KH00899,2025-11-20,183000.0
KH01262,2025-11-20,239000.0
KH00437,2025-11-20,312000.0
KH02061,2025-11-20,71000.0
KH00036,2025-11-20,152000.0
KH01849,2025-11-20,126000.0
KH00168,2025-11-20,483000.0
KH01372,2025-11-20,88000.0
KH00662,2025-11-20,506000.0
KH01326,2025-11-20,99000.0
KH00780,2025-11-20,125000.0
KH00192,2025-11-20,204000.0
KH00407,2025-11-20,661000.0
KH02321,2025-11-20,110000.0
KH01296,2025-11-20,394000.0
KH01737,2025-11-20,191000.0
KH01491,2025-11-20,83000.0
KH02118,2025-11-20,411000.0
KH01161,2025-11-20,302000.0
KH01477,2025-11-20,410000.0
KH01994,2025-11-20,820000.0
KH01537,2025-11-20,349000.0
KH01404,2025-11-20,128000.0
KH00500,2025-11-20,289000.0
KH00526,2025-11-20,656000.0
KH01392,2025-11-20,58000.0
KH00478,2025-11-20,100000.0
KH00075,2025-11-20,324000.0
KH01601,2025-11-21,330000.0
KH01128,2025-11-21,102000.0
KH01186,2025-11-21,301000.0
KH00013,2025-11-21,881000.0
KH01496,2025-11-21,39000.0
KH02262,2025-11-21,426000.0
KH00836,2025-11-21,175000.0
KH00934,2025-11-21,659000.0
KH00757,2025-11-21,290000.0
KH01489,2025-11-21,75000.0
KH00014,2025-11-21,530000.0
KH01840,2025-11-21,142000.0
KH01418,2025-11-21,120000.0
KH01332,2025-11-21,229000.0
KH00048,2025-11-21,128000.0
KH02285,2025-11-21,67000.0
KH01740,2025-11-21,103000.0
KH01909,2025-11-21,57000.0
KH02389,2025-11-21,187000.0
KH00420,2025-11-21,179000.0
KH01748,2025-11-21,437000.0
KH00743,2025-11-21,256000.0
KH00141,2025-11-21,366000.0
KH02098,2025-11-21,99000.0
KH01197,2025-11-21,87000.0
KH02086,2025-11-21,77000.0
KH00114,2025-11-21,59000.0
KH00921,2025-11-21,298000.0
KH01296,2025-11-21,241000.0
KH01720,2025-11-21,699000.0
KH01460,2025-11-21,157000.0
KH02275,2025-11-21,308000.0
KH02273,2025-11-21,30000.0
KH00235,2025-11-21,243000.0
KH00774,2025-11-21,144000.0
KH02397,2025-11-21,233000.0
KH00172,2025-11-21,130000.0
KH00011,2025-11-21,203000.0
KH00958,2025-11-21,500000.0
KH00857,2025-11-21,794000.0
KH01624,2025-11-21,188000.0
KH00774,2025-11-21,182000.0
KH02105,2025-11-21,156000.0
KH01865,2025-11-21,183000.0
KH01207,2025-11-21,320000.0
KH00679,2025-11-21,931000.0
KH00723,2025-11-21,206000.0
KH00328,2025-11-21,161000.0
KH01914,2025-11-21,118000.0
KH00967,2025-11-21,199000.0
KH00813,2025-11-21,74000.0
KH02432,2025-11-21,43000.0
KH02291,2025-11-21,316000.0
KH00910,2025-11-21,122000.0
KH00164,2025-11-21,326000.0
KH00283,2025-11-21,69000.0
KH02397,2025-11-21,346000.0
KH00735,2025-11-21,575000.0
KH02109,2025-11-21,970000.0
KH00885,2025-11-21,68000.0
KH00561,2025-11-21,210000.0
KH01242,2025-11-21,252000.0
KH00402,2025-11-21,224000.0
KH01694,2025-11-21,120000.0
KH01341,2025-11-21,237000.0
KH01506,2025-11-21,307000.0
KH00024,2025-11-21,300000.0
KH02156,2025-11-21,940000.0
KH01619,2025-11-21,221000.0
KH02151,2025-11-21,171000.0
KH01943,2025-11-21,146000.0
KH01068,2025-11-21,166000.0
KH00530,2025-11-21,368000.0
KH02389,2025-11-21,151000.0
KH01732,2025-11-21,222000.0
KH01857,2025-11-21,27000.0
KH00474,2025-11-21,456000.0
KH01487,2025-11-21,1110000.0
KH00548,2025-11-21,136000.0
KH01856,2025-11-21,780000.0
KH00599,2025-11-21,127000.0
KH01937,2025-11-21,29000.0
KH01004,2025-11-21,84000.0
KH01808,2025-11-21,125000.0
KH00556,2025-11-21,215000.0
KH00943,2025-11-21,63000.0
KH02146,2025-11-21,52000.0
KH01062,2025-11-21,38000.0
KH00919,2025-11-21,302000.0
KH01714,2025-11-21,305000.0
KH00441,2025-11-22,181000.0
KH01773,2025-11-22,94000.0
KH00722,2025-11-22,1249000.0
KH01566,2025-11-22,133000.0
KH00589,2025-11-22,67000.0
KH01089,2025-11-22,132000.0
KH02492,2025-11-22,271000.0
KH00959,2025-11-22,332000.0
KH02348,2025-11-22,88000.0
KH00405,2025-11-22,219000.0
KH02492,2025-11-22,82000.0
KH01640,2025-11-22,285000.0
KH00941,2025-11-22,217000.0
KH02060,2025-11-22,581000.0
KH00996,2025-11-22,124000.0
KH01819,2025-11-22,74000.0
KH01451,2025-11-22,261000.0
KH00430,2025-11-22,477000.0
KH01482,2025-11-22,90000.0
KH00338,2025-11-22,174000.0
KH01398,2025-11-22,95000.0
KH00424,2025-11-22,752000.0
KH00821,2025-11-22,487000.0
KH00934,2025-11-22,385000.0
KH01408,2025-11-22,381000.0
KH01807,2025-11-22,287000.0
KH02118,2025-11-22,454000.0
KH00431,2025-11-22,11000.0
KH00647,2025-11-22,228000.0
KH00491,2025-11-22,136000.0
KH01262,2025-11-22,192000.0
KH00062,2025-11-22,147000.0
KH00855,2025-11-22,213000.0
KH01257,2025-11-22,370000.0
KH02235,2025-11-22,79000.0
KH00555,2025-11-22,313000.0
KH01080,2025-11-22,228000.0
KH02112,2025-11-22,443000.0
KH00830,2025-11-22,144000.0
KH00742,2025-11-22,95000.0
KH00596,2025-11-22,571000.0
KH02318,2025-11-22,753000.0
KH01622,2025-11-22,209000.0
KH01395,2025-11-22,161000.0
KH01789,2025-11-22,249000.0
KH00487,2025-11-22,168000.0
KH01543,2025-11-22,458000.0
KH02349,2025-11-22,178000.0
KH00110,2025-11-22,116000.0
KH01376,2025-11-22,248000.0
KH00845,2025-11-22,496000.0
KH00627,2025-11-22,353000.0
KH00998,2025-11-22,541000.0
KH01335,2025-11-22,152000.0
KH01295,2025-11-22,156000.0
KH01782,2025-11-22,433000.0
KH00697,2025-11-22,1215000.0
KH01975,2025-11-22,142000.0
KH01804,2025-11-22,289000.0
KH01991,2025-11-22,340000.0
KH00119,2025-11-22,103000.0
KH00032,2025-11-22,358000.0
KH00299,2025-11-22,255000.0
KH01401,2025-11-22,187000.0
KH02164,2025-11-22,111000.0
KH00002,2025-11-22,315000.0
KH00599,2025-11-22,83000.0
KH01514,2025-11-22,475000.0
KH00584,2025-11-22,442000.0
KH02476,2025-11-22,538000.0
KH01951,2025-11-22,645000.0
KH00986,2025-11-22,125000.0
KH00622,2025-11-22,198000.0
KH01263,2025-11-22,162000.0
KH00622,2025-11-22,50000.0
KH00732,2025-11-22,278000.0
KH02359,2025-11-22,87000.0
KH00341,2025-11-22,295000.0
KH00712,2025-11-22,207000.0
KH00626,2025-11-22,263000.0
KH00820,2025-11-22,1681000.0
KH02337,2025-11-22,160000.0
KH01693,2025-11-22,120000.0
KH00186,2025-11-22,215000.0
KH00748,2025-11-22,404000.0
KH01377,2025-11-22,343000.0
KH01242,2025-11-22,169000.0
KH00491,2025-11-22,141000.0
KH01773,2025-11-22,143000.0
KH00227,2025-11-22,108000.0
KH01267,2025-11-22,156000.0
KH00573,2025-11-22,32000.0
KH00773,2025-11-22,647000.0
KH00396,2025-11-23,55000.0
KH01773,2025-11-23,641000.0
KH01536,2025-11-23,200000.0
KH00234,2025-11-23,225000.0
KH02056,2025-11-23,261000.0
KH01050,2025-11-23,912000.0
KH01939,2025-11-23,396000.0
KH00286,2025-11-23,531000.0
KH00972,2025-11-23,346000.0
KH00865,2025-11-23,145000.0
KH00333,2025-11-23,202000.0
KH01529,2025-11-23,240000.0
KH02327,2025-11-23,191000.0
KH01420,2025-11-23,108000.0
KH01987,2025-11-23,140000.0
KH00278,2025-11-23,124000.0
KH00852,2025-11-23,164000.0
KH00698,2025-11-23,241000.0
KH01836,2025-11-23,61000.0
KH00139,2025-11-23,60000.0
KH01187,2025-11-23,136000.0
KH00801,2025-11-23,52000.0
KH00827,2025-11-23,117000.0
KH02241,2025-11-23,250000.0
KH00018,2025-11-23,203000.0
KH00236,2025-11-23,299000.0
KH00521,2025-11-23,559000.0
KH02469,2025-11-23,452000.0
KH01057,2025-11-23,267000.0
KH00971,2025-11-23,200000.0
KH00576,2025-11-23,652000.0
KH01056,2025-11-23,66000.0
KH02495,2025-11-23,182000.0
KH02292,2025-11-23,196000.0
KH02122,2025-11-23,245000.0
KH00125,2025-11-23,177000.0
KH02354,2025-11-23,218000.0
KH00675,2025-11-23,962000.0
KH01893,2025-11-23,230000.0
KH02062,2025-11-23,113000.0
KH01307,2025-11-23,328000.0
KH00328,2025-11-23,373000.0
KH00910,2025-11-23,88000.0
KH02347,2025-11-23,953000.0
KH01812,2025-11-23,65000.0
KH00086,2025-11-23,325000.0
KH02105,2025-11-23,275000.0
KH01648,2025-11-23,440000.0
KH01330,2025-11-23,165000.0
KH02451,2025-11-23,309000.0
KH01303,2025-11-23,199000.0
KH00716,2025-11-23,156000.0
KH01086,2025-11-23,154000.0
KH01804,2025-11-23,70000.0
KH01803,2025-11-23,186000.0
KH00502,2025-11-23,383000.0
KH01558,2025-11-23,239000.0
KH01175,2025-11-23,247000.0
KH01553,2025-11-23,123000.0
KH01032,2025-11-23,122000.0
KH00570,2025-11-23,156000.0
KH01622,2025-11-23,281000.0
KH01181,2025-11-23,238000.0
KH00173,2025-11-23,119000.0
KH00437,2025-11-23,284000.0
KH01344,2025-11-23,238000.0
KH02043,2025-11-23,953000.0
KH00809,2025-11-23,84000.0
KH01995,2025-11-23,400000.0
KH02356,2025-11-23,238000.0
KH01420,2025-11-23,422000.0
KH01056,2025-11-23,71000.0
KH00396,2025-11-23,360000.0
KH00367,2025-11-23,72000.0
KH00022,2025-11-23,47000.0
KH01595,2025-11-24,161000.0
KH01772,2025-11-24,135000.0
KH00536,2025-11-24,169000.0
KH01320,2025-11-24,61000.0
KH01792,2025-11-24,258000.0
KH02486,2025-11-24,293000.0
KH01297,2025-11-24,302000.0
KH02289,2025-11-24,554000.0
KH00976,2025-11-24,520000.0
KH00324,2025-11-24,15000.0
KH00375,2025-11-24,394000.0
KH00289,2025-11-24,126000.0
KH01122,2025-11-24,324000.0
KH01335,2025-11-24,906000.0
KH01701,2025-11-24,589000.0
KH01274,2025-11-24,243000.0
KH00493,2025-11-24,39000.0
KH02401,2025-11-24,840000.0
KH01302,2025-11-24,400000.0
KH00569,2025-11-24,172000.0
KH02273,2025-11-24,80000.0
KH00725,2025-11-24,118000.0
KH01018,2025-11-24,157000.0
KH01966,2025-11-24,150000.0
KH02122,2025-11-24,44000.0
KH00359,2025-11-24,291000.0
KH00479,2025-11-24,329000.0
KH01194,2025-11-24,176000.0
KH01175,2025-11-24,436000.0
KH01288,2025-11-24,436000.0
KH00440,2025-11-24,116000.0
KH00796,2025-11-24,379000.0
KH00699,2025-11-24,67000.0
KH01423,2025-11-24,564000.0
KH02312,2025-11-24,397000.0
KH01934,2025-11-24,25000.0
KH00181,2025-11-24,62000.0
KH00926,2025-11-24,478000.0
KH00785,2025-11-24,275000.0
KH01402,2025-11-24,1274000.0
KH00987,2025-11-24,99000.0
KH00519,2025-11-24,65000.0
KH00043,2025-11-24,58000.0
KH01742,2025-11-24,189000.0
KH00759,2025-11-24,157000.0
KH01408,2025-11-24,373000.0
KH00364,2025-11-24,191000.0
KH01500,2025-11-24,750000.0
KH01604,2025-11-24,204000.0
KH02473,2025-11-24,381000.0
KH01063,2025-11-24,122000.0
KH00769,2025-11-24,93000.0
KH00252,2025-11-24,315000.0
KH00364,2025-11-24,435000.0
KH01007,2025-11-24,169000.0
KH02450,2025-11-24,404000.0
KH01746,2025-11-24,208000.0
KH01841,2025-11-24,138000.0
KH01554,2025-11-24,128000.0
KH01833,2025-11-24,236000.0
KH00242,2025-11-24,75000.0
KH00298,2025-11-24,140000.0
KH01323,2025-11-24,117000.0
KH01744,2025-11-24,257000.0
KH01516,2025-11-24,739000.0
KH02458,2025-11-24,331000.0
KH01075,2025-11-24,58000.0
KH00768,2025-11-24,98000.0
KH02125,2025-11-24,211000.0
KH02003,2025-11-24,148000.0
KH01053,2025-11-24,465000.0
KH00418,2025-11-24,141000.0
KH01834,2025-11-24,501000.0
KH00366,2025-11-24,198000.0
KH00497,2025-11-24,180000.0
KH00019,2025-11-24,103000.0
KH01643,2025-11-24,631000.0
KH00993,2025-11-24,68000.0
KH00565,2025-11-24,603000.0
KH00629,2025-11-24,102000.0
KH01626,2025-11-24,59000.0
KH01010,2025-11-24,88000.0
KH00090,2025-11-24,562000.0
KH02003,2025-11-24,105000.0
KH01122,2025-11-25,256000.0
KH02346,2025-11-25,66000.0
KH01268,2025-11-25,130000.0
KH02470,2025-11-25,51000.0
KH00742,2025-11-25,63000.0
KH02412,2025-11-25,217000.0
KH00637,2025-11-25,484000.0
KH01933,2025-11-25,191000.0
KH02071,2025-11-25,293000.0
KH00454,2025-11-25,242000.0
KH00366,2025-11-25,420000.0
KH01137,2025-11-25,179000.0
KH00768,2025-11-25,144000.0
KH00171,2025-11-25,359000.0
KH00535,2025-11-25,273000.0
KH00976,2025-11-25,49000.0
KH01199,2025-11-25,41000.0
KH00575,2025-11-25,77000.0
KH00657,2025-11-25,92000.0
KH00239,2025-11-25,509000.0
KH01741,2025-11-25,208000.0
KH00379,2025-11-25,1138000.0
KH01188,2025-11-25,829000.0
KH01484,2025-11-25,70000.0
KH01055,2025-11-25,193000.0
KH02026,2025-11-25,138000.0
KH01555,2025-11-25,125000.0
KH01144,2025-11-25,225000.0
KH02045,2025-11-25,62000.0
KH02217,2025-11-25,289000.0
KH01351,2025-11-25,53000.0
KH00963,2025-11-25,340000.0
KH01672,2025-11-25,735000.0
KH02060,2025-11-25,496000.0
KH02173,2025-11-25,300000.0
KH01450,2025-11-25,253000.0
KH01475,2025-11-25,204000.0
KH00647,2025-11-25,842000.0
KH00750,2025-11-25,193000.0
KH01341,2025-11-25,658000.0
KH00558,2025-11-25,205000.0
KH00275,2025-11-25,45000.0
KH01385,2025-11-25,270000.0
KH00681,2025-11-25,426000.0
KH00172,2025-11-25,246000.0
KH00759,2025-11-25,92000.0
KH01796,2025-11-25,121000.0
KH01529,2025-11-25,107000.0
KH01916,2025-11-25,266000.0
KH00419,2025-11-25,69000.0
KH00553,2025-11-25,545000.0
KH00235,2025-11-25,377000.0
KH01472,2025-11-25,192000.0
KH00828,2025-11-25,1047000.0
KH02394,2025-11-25,276000.0
KH01443,2025-11-25,228000.0
KH02310,2025-11-25,93000.0
KH02065,2025-11-25,64000.0
KH01941,2025-11-25,305000.0
KH00027,2025-11-25,519000.0
KH00086,2025-11-25,380000.0
KH02259,2025-11-25,157000.0
KH02119,2025-11-25,195000.0
KH00444,2025-11-25,313000.0
KH00559,2025-11-25,127000.0
KH00921,2025-11-25,66000.0
KH02420,2025-11-25,802000.0
KH00334,2025-11-25,159000.0
KH00515,2025-11-25,142000.0
KH00424,2025-11-25,34000.0
KH00912,2025-11-25,299000.0
KH01089,2025-11-25,325000.0
KH02216,2025-11-25,192000.0
KH01951,2025-11-25,325000.0
KH00877,2025-11-25,154000.0
KH01057,2025-11-25,527000.0
KH00770,2025-11-25,292000.0
KH00272,2025-11-25,186000.0
KH01407,2025-11-25,112000.0
KH01559,2025-11-25,78000.0
KH02060,2025-11-25,592000.0
KH00460,2025-11-25,107000.0
KH02333,2025-11-25,93000.0
KH00689,2025-11-25,511000.0
KH00287,2025-11-25,102000.0
KH00846,2025-11-25,313000.0
KH01623,2025-11-25,450000.0
KH02219,2025-11-25,397000.0
KH02185,2025-11-25,150000.0
KH00850,2025-11-26,98000.0
KH00281,2025-11-26,193000.0
KH01094,2025-11-26,87000.0
KH01094,2025-11-26,704000.0
KH01084,2025-11-26,124000.0
KH00917,2025-11-26,82000.0
KH00721,2025-11-26,260000.0
KH00392,2025-11-26,262000.0
KH00764,2025-11-26,168000.0
KH00546,2025-11-26,303000.0
KH01991,2025-11-26,48000.0
KH02144,2025-11-26,282000.0
KH01951,2025-11-26,242000.0
KH00335,2025-11-26,109000.0
KH01262,2025-11-26,428000.0
KH01024,2025-11-26,175000.0
KH00145,2025-11-26,167000.0
KH00526,2025-11-26,278000.0
KH02122,2025-11-26,782000.0
KH00004,2025-11-26,411000.0
KH00355,2025-11-26,174000.0
KH00087,2025-11-26,132000.0
KH01170,2025-11-26,190000.0
KH01205,2025-11-26,456000.0
KH01328,2025-11-26,259000.0
KH00744,2025-11-26,90000.0
KH00633,2025-11-26,95000.0
KH01178,2025-11-26,305000.0
KH01508,2025-11-26,245000.0
KH00668,2025-11-26,220000.0
KH01201,2025-11-26,331000.0
KH00001,2025-11-26,51000.0
KH02011,2025-11-26,402000.0
KH01902,2025-11-26,101000.0
KH00645,2025-11-26,33000.0
KH02404,2025-11-26,180000.0
KH01854,2025-11-26,199000.0
KH00629,2025-11-26,958000.0
KH00499,2025-11-26,190000.0
KH00877,2025-11-26,245000.0
KH00317,2025-11-26,295000.0
KH00371,2025-11-26,1207000.0
KH01292,2025-11-26,664000.0
KH00273,2025-11-26,242000.0
KH02036,2025-11-26,425000.0
KH00757,2025-11-26,49000.0
KH00404,2025-11-26,169000.0
KH01037,2025-11-26,176000.0
KH01275,2025-11-26,324000.0
KH00699,2025-11-26,158000.0
KH01851,2025-11-26,258000.0
KH01879,2025-11-26,328000.0
KH00607,2025-11-26,255000.0
KH00483,2025-11-26,153000.0
KH01848,2025-11-26,199000.0
KH00648,2025-11-26,455000.0
KH01714,2025-11-26,327000.0
KH00931,2025-11-26,100000.0
KH00584,2025-11-26,75000.0
KH01402,2025-11-26,653000.0
KH01212,2025-11-26,402000.0
KH01062,2025-11-26,75000.0
KH00935,2025-11-26,566000.0
KH01872,2025-11-26,115000.0
KH00154,2025-11-26,337000.0
KH02367,2025-11-26,338000.0
KH00515,2025-11-26,306000.0
KH01626,2025-11-26,357000.0
KH00441,2025-11-26,201000.0
KH01595,2025-11-26,250000.0
KH00379,2025-11-26,356000.0
KH00116,2025-11-26,59000.0
KH01967,2025-11-26,597000.0
KH00093,2025-11-26,702000.0
KH02399,2025-11-26,239000.0
KH01767,2025-11-26,24000.0
KH01078,2025-11-26,186000.0
KH00633,2025-11-26,93000.0
KH01193,2025-11-26,104000.0
KH01498,2025-11-26,333000.0
KH02166,2025-11-26,463000.0
KH02005,2025-11-27,155000.0
KH02040,2025-11-27,482000.0
KH01076,2025-11-27,227000.0
KH01987,2025-11-27,636000.0
KH01730,2025-11-27,287000.0
KH01251,2025-11-27,111000.0
KH01953,2025-11-27,111000.0
KH02231,2025-11-27,202000.0
KH01844,2025-11-27,90000.0
KH00051,2025-11-27,205000.0
KH01402,2025-11-27,247000.0
KH01135,2025-11-27,65000.0
KH00898,2025-11-27,56000.0
KH02155,2025-11-27,169000.0
KH01427,2025-11-27,604000.0
KH00234,2025-11-27,642000.0
KH00487,2025-11-27,132000.0
KH00300,2025-11-27,283000.0
KH01458,2025-11-27,83000.0
KH02224,2025-11-27,303000.0
KH02330,2025-11-27,94000.0
KH02340,2025-11-27,197000.0
KH00415,2025-11-27,245000.0
KH00232,2025-11-27,39000.0
KH00599,2025-11-27,95000.0
KH01022,2025-11-27,971000.0
KH00200,2025-11-27,1469000.0
KH02129,2025-11-27,107000.0
KH02069,2025-11-27,298000.0
KH01719,2025-11-27,41000.0
KH00654,2025-11-27,179000.0
KH00780,2025-11-27,164000.0
KH01069,2025-11-27,184000.0
KH00398,2025-11-27,173000.0
KH00232,2025-11-27,188000.0
KH02241,2025-11-27,663000.0
KH00497,2025-11-27,207000.0
KH01288,2025-11-27,148000.0
KH01548,2025-11-27,176000.0
KH02091,2025-11-27,241000.0
KH02056,2025-11-27,59000.0
KH01056,2025-11-27,35000.0
KH01563,2025-11-27,53000.0
KH01571,2025-11-27,47000.0
KH01641,2025-11-27,123000.0
KH00273,2025-11-27,100000.0
KH02051,2025-11-27,482000.0
KH00273,2025-11-27,684000.0
KH01057,2025-11-27,86000.0
KH01972,2025-11-27,62000.0
KH01961,2025-11-27,157000.0
KH00542,2025-11-27,233000.0
KH01804,2025-11-27,67000.0
KH01407,2025-11-27,103000.0
KH01042,2025-11-27,41000.0
KH01434,2025-11-27,205000.0
KH00275,2025-11-27,31000.0
KH02077,2025-11-27,192000.0
KH01933,2025-11-27,151000.0
KH02214,2025-11-27,98000.0
KH01773,2025-11-27,303000.0
KH02129,2025-11-27,288000.0
KH01840,2025-11-27,298000.0
KH01834,2025-11-27,171000.0
KH01826,2025-11-27,262000.0
KH01833,2025-11-27,191000.0
KH02490,2025-11-27,49000.0
KH01826,2025-11-27,146000.0
KH01265,2025-11-27,337000.0
KH01205,2025-11-27,104000.0
KH02362,2025-11-27,119000.0
KH00934,2025-11-27,102000.0
KH00089,2025-11-27,690000.0
KH00974,2025-11-27,318000.0
KH02129,2025-11-27,367000.0
KH00238,2025-11-27,320000.0
KH00416,2025-11-27,61000.0
KH01094,2025-11-27,112000.0
KH00527,2025-11-27,174000.0
KH00110,2025-11-27,338000.0
KH00328,2025-11-27,310000.0
KH00954,2025-11-28,201000.0
KH00757,2025-11-28,285000.0
KH00642,2025-11-28,1276000.0
KH01443,2025-11-28,343000.0
KH01791,2025-11-28,73000.0
KH00456,2025-11-28,1667000.0
KH01137,2025-11-28,124000.0
KH02232,2025-11-28,96000.0
KH00693,2025-11-28,409000.0
KH00948,2025-11-28,153000.0
KH00637,2025-11-28,265000.0
KH01865,2025-11-28,329000.0
KH00554,2025-11-28,134000.0
KH01854,2025-11-28,92000.0
KH02274,2025-11-28,220000.0
KH00197,2025-11-28,207000.0
KH01516,2025-11-28,278000.0
KH01470,2025-11-28,305000.0
KH00944,2025-11-28,168000.0
KH01401,2025-11-28,113000.0
KH01052,2025-11-28,272000.0
KH00093,2025-11-28,103000.0
KH02354,2025-11-28,625000.0
KH01747,2025-11-28,153000.0
KH00574,2025-11-28,48000.0
KH00814,2025-11-28,111000.0
KH00291,2025-11-28,639000.0
KH01853,2025-11-28,294000.0
KH01035,2025-11-28,62000.0
KH00836,2025-11-28,273000.0
KH00726,2025-11-28,48000.0
KH02266,2025-11-28,368000.0
KH02085,2025-11-28,270000.0
KH01596,2025-11-28,334000.0
KH01749,2025-11-28,312000.0
KH00660,2025-11-28,163000.0
KH01088,2025-11-28,37000.0
KH00491,2025-11-28,713000.0
KH00315,2025-11-28,191000.0
KH02308,2025-11-28,449000.0
KH01705,2025-11-28,212000.0
KH01901,2025-11-28,114000.0
KH00075,2025-11-28,77000.0
KH00009,2025-11-28,375000.0
KH01869,2025-11-28,177000.0
KH01377,2025-11-28,897000.0
KH02310,2025-11-28,308000.0
KH00989,2025-11-28,198000.0
KH02040,2025-11-28,192000.0
KH01057,2025-11-28,1461000.0
KH00624,2025-11-28,707000.0
KH00510,2025-11-28,230000.0
KH01397,2025-11-28,173000.0
KH00086,2025-11-28,488000.0
KH02476,2025-11-28,612000.0
KH02427,2025-11-28,441000.0
KH00033,2025-11-28,49000.0
KH02397,2025-11-28,132000.0
KH01929,2025-11-28,142000.0
KH00179,2025-11-28,56000.0
KH01214,2025-11-28,25000.0
KH00037,2025-11-28,632000.0
KH00448,2025-11-28,270000.0
KH00683,2025-11-28,841000.0
KH00116,2025-11-28,93000.0
KH00954,2025-11-28,179000.0
KH00940,2025-11-28,384000.0
KH00646,2025-11-28,268000.0
KH00648,2025-11-28,297000.0
KH02281,2025-11-28,28000.0
KH00252,2025-11-28,125000.0
KH01630,2025-11-28,141000.0
KH00095,2025-11-28,220000.0
KH02408,2025-11-28,87000.0
KH02240,2025-11-28,56000.0
KH00569,2025-11-28,203000.0
KH01782,2025-11-28,173000.0
KH02080,2025-11-28,87000.0
KH01066,2025-11-28,765000.0
KH00272,2025-11-28,100000.0
KH00852,2025-11-28,231000.0
KH01066,2025-11-28,163000.0
KH02311,2025-11-28,81000.0
KH00069,2025-11-28,114000.0
KH01945,2025-11-28,342000.0
KH01304,2025-11-28,48000.0
KH01157,2025-11-28,123000.0
KH00160,2025-11-28,436000.0
KH02109,2025-11-29,444000.0
KH01090,2025-11-29,412000.0
KH01091,2025-11-29,137000.0
KH00548,2025-11-29,153000.0
KH00852,2025-11-29,106000.0
KH00396,2025-11-29,348000.0
KH01381,2025-11-29,327000.0
KH01463,2025-11-29,257000.0
KH00607,2025-11-29,101000.0
KH00198,2025-11-29,1270000.0
KH01779,2025-11-29,861000.0
KH02420,2025-11-29,162000.0
KH00525,2025-11-29,627000.0
KH01631,2025-11-29,108000.0
KH02097,2025-11-29,142000.0
KH02208,2025-11-29,352000.0
KH01829,2025-11-29,285000.0
KH02223,2025-11-29,56000.0
KH00277,2025-11-29,45000.0
KH01595,2025-11-29,730000.0
KH01787,2025-11-29,384000.0
KH01467,2025-11-29,194000.0
KH01604,2025-11-29,118000.0
KH01689,2025-11-29,345000.0
KH01209,2025-11-29,109000.0
KH00110,2025-11-29,208000.0
KH01500,2025-11-29,372000.0
KH01497,2025-11-29,276000.0
KH02271,2025-11-29,233000.0
KH01866,2025-11-29,218000.0
KH00665,2025-11-29,55000.0
KH00967,2025-11-29,666000.0
KH01798,2025-11-29,444000.0
KH00509,2025-11-29,243000.0
KH02491,2025-11-29,108000.0
KH01607,2025-11-29,73000.0
KH01349,2025-11-29,127000.0
KH00616,2025-11-29,203000.0
KH00340,2025-11-29,368000.0
KH00542,2025-11-29,126000.0
KH00360,2025-11-29,225000.0
KH01648,2025-11-29,323000.0
KH00986,2025-11-29,281000.0
KH00360,2025-11-29,339000.0
KH02248,2025-11-29,451000.0
KH01857,2025-11-29,408000.0
KH01576,2025-11-29,105000.0
KH00452,2025-11-29,144000.0
KH00289,2025-11-29,586000.0
KH00950,2025-11-29,481000.0
KH00448,2025-11-29,185000.0
KH02261,2025-11-29,432000.0
KH00056,2025-11-29,163000.0
KH01055,2025-11-29,459000.0
KH02474,2025-11-29,639000.0
KH00348,2025-11-29,34000.0
KH00308,2025-11-29,145000.0
KH00073,2025-11-29,148000.0
KH02437,2025-11-29,235000.0
KH00923,2025-11-29,99000.0
KH00163,2025-11-29,75000.0
KH01163,2025-11-29,229000.0
KH01408,2025-11-29,1044000.0
KH00720,2025-11-29,50000.0
KH01770,2025-11-29,855000.0
KH01944,2025-11-29,605000.0
KH01313,2025-11-29,200000.0
KH01091,2025-11-29,466000.0
KH00575,2025-11-29,194000.0
KH01735,2025-11-29,394000.0
KH01663,2025-11-29,73000.0
KH00115,2025-11-29,51000.0
KH01776,2025-11-29,130000.0
KH00324,2025-11-29,185000.0
KH00575,2025-11-29,57000.0
KH00920,2025-11-29,141000.0
KH02311,2025-11-29,248000.0
KH00932,2025-11-29,54000.0
KH02121,2025-11-29,153000.0
KH02061,2025-11-29,255000.0
KH00290,2025-11-29,201000.0
KH01415,2025-11-29,55000.0
KH00828,2025-11-29,191000.0
KH01701,2025-11-29,71000.0
KH00571,2025-11-29,785000.0
KH02454,2025-11-29,221000.0
KH00386,2025-11-29,114000.0
KH00096,2025-11-29,154000.0
KH00315,2025-11-29,180000.0
KH00574,2025-11-29,427000.0
KH01853,2025-11-29,74000.0
KH02476,2025-11-29,85000.0
KH02327,2025-11-29,101000.0
KH00154,2025-11-29,311000.0
KH00487,2025-11-30,498000.0
KH01402,2025-11-30,89000.0
KH00746,2025-11-30,355000.0
KH00805,2025-11-30,40000.0
KH00941,2025-11-30,444000.0
KH02166,2025-11-30,232000.0
KH02423,2025-11-30,100000.0
KH01508,2025-11-30,211000.0
KH00348,2025-11-30,64000.0
KH01549,2025-11-30,288000.0
KH02379,2025-11-30,235000.0
KH01564,2025-11-30,155000.0
KH00039,2025-11-30,1217000.0
KH02183,2025-11-30,144000.0
KH00459,2025-11-30,69000.0
KH00808,2025-11-30,411000.0
KH01419,2025-11-30,171000.0
KH00299,2025-11-30,305000.0
KH00657,2025-11-30,161000.0
KH00526,2025-11-30,296000.0
KH01464,2025-11-30,361000.0
KH00317,2025-11-30,387000.0
KH02362,2025-11-30,286000.0
KH01463,2025-11-30,385000.0
KH01704,2025-11-30,99000.0
KH02429,2025-11-30,193000.0
KH00648,2025-11-30,106000.0
KH00225,2025-11-30,61000.0
KH01764,2025-11-30,129000.0
KH01889,2025-11-30,159000.0
KH01365,2025-11-30,355000.0
KH00193,2025-11-30,75000.0
KH01773,2025-11-30,214000.0
KH00546,2025-11-30,192000.0
KH02002,2025-11-30,178000.0
KH01388,2025-11-30,340000.0
KH01224,2025-11-30,644000.0
KH01898,2025-11-30,184000.0
KH00379,2025-11-30,395000.0
KH01844,2025-11-30,106000.0
KH01937,2025-11-30,329000.0
KH01987,2025-11-30,100000.0
KH01475,2025-11-30,318000.0
KH00524,2025-11-30,211000.0
KH00208,2025-11-30,221000.0
KH00626,2025-11-30,96000.0
KH01602,2025-11-30,239000.0
KH00308,2025-11-30,283000.0
KH00179,2025-11-30,109000.0
KH02214,2025-11-30,536000.0
KH01736,2025-11-30,124000.0
KH01170,2025-11-30,157000.0
KH00075,2025-11-30,183000.0
KH02037,2025-11-30,136000.0
KH00522,2025-11-30,678000.0
KH00292,2025-11-30,322000.0
KH01715,2025-11-30,911000.0
KH00114,2025-11-30,112000.0
KH00893,2025-11-30,321000.0
KH00519,2025-11-30,105000.0
KH00183,2025-11-30,243000.0
KH00115,2025-11-30,236000.0
KH00808,2025-11-30,820000.0
KH01262,2025-11-30,74000.0
KH00016,2025-11-30,80000.0
KH00971,2025-11-30,134000.0
KH00392,2025-11-30,75000.0
KH02077,2025-11-30,253000.0
KH00831,2025-11-30,130000.0
KH00104,2025-11-30,70000.0
KH01747,2025-11-30,348000.0
KH00066,2025-11-30,634000.0
KH00024,2025-12-01,92000.0
KH02127,2025-12-01,102000.0
KH01779,2025-12-01,258000.0
KH00355,2025-12-01,467000.0
KH01040,2025-12-01,162000.0
KH00174,2025-12-01,182000.0
KH00365,2025-12-01,59000.0
KH02175,2025-12-01,115000.0
KH00956,2025-12-01,275000.0
KH00550,2025-12-01,89000.0
KH01826,2025-12-01,345000.0
KH02344,2025-12-01,274000.0
KH01747,2025-12-01,236000.0
KH01154,2025-12-01,449000.0
KH00290,2025-12-01,310000.0
KH01639,2025-12-01,923000.0
KH02380,2025-12-01,154000.0
KH00872,2025-12-01,154000.0
KH01853,2025-12-01,315000.0
KH00099,2025-12-01,139000.0
KH01279,2025-12-01,366000.0
KH00612,2025-12-01,206000.0
KH00272,2025-12-01,273000.0
KH00171,2025-12-01,168000.0
KH02120,2025-12-01,237000.0
KH00890,2025-12-01,24000.0
KH00533,2025-12-01,68000.0
KH00683,2025-12-01,558000.0
KH01142,2025-12-01,114000.0
KH01661,2025-12-01,229000.0
KH01226,2025-12-01,209000.0
KH02069,2025-12-01,860000.0
KH00699,2025-12-01,108000.0
KH00169,2025-12-01,107000.0
KH01841,2025-12-01,275000.0
KH00444,2025-12-01,211000.0
KH01374,2025-12-01,83000.0
KH01544,2025-12-01,626000.0
KH00850,2025-12-01,1005000.0
KH00503,2025-12-01,848000.0
KH02349,2025-12-01,313000.0
KH00561,2025-12-01,675000.0
KH01237,2025-12-01,353000.0
KH01819,2025-12-01,124000.0
KH00402,2025-12-01,725000.0
KH00695,2025-12-01,135000.0
KH00049,2025-12-01,111000.0
KH00550,2025-12-01,488000.0
KH00032,2025-12-01,68000.0
KH02397,2025-12-01,861000.0
KH02362,2025-12-01,830000.0
KH00803,2025-12-01,72000.0
KH02244,2025-12-01,71000.0
KH01122,2025-12-01,123000.0
KH00880,2025-12-01,508000.0
KH01410,2025-12-01,215000.0
KH01293,2025-12-01,77000.0
KH01053,2025-12-01,174000.0
KH01557,2025-12-01,645000.0
KH01153,2025-12-01,86000.0
KH00929,2025-12-01,148000.0
KH01137,2025-12-01,369000.0
KH01129,2025-12-01,123000.0
KH01468,2025-12-01,863000.0
KH01305,2025-12-01,210000.0
KH00032,2025-12-01,109000.0
KH01437,2025-12-01,120000.0
KH00086,2025-12-01,35000.0
KH00335,2025-12-01,645000.0
KH00141,2025-12-01,317000.0
KH02453,2025-12-01,29000.0
KH00395,2025-12-01,116000.0
KH01078,2025-12-01,123000.0
KH00660,2025-12-01,251000.0
KH00932,2025-12-01,134000.0
KH01134,2025-12-01,557000.0
KH00424,2025-12-01,338000.0
KH00898,2025-12-01,156000.0
KH01279,2025-12-01,315000.0
KH01771,2025-12-01,266000.0
KH02477,2025-12-01,99000.0
KH01386,2025-12-01,466000.0
KH00318,2025-12-01,131000.0
KH00825,2025-12-01,246000.0
KH00861,2025-12-02,151000.0
KH00975,2025-12-02,186000.0
KH00023,2025-12-02,163000.0
KH01018,2025-12-02,399000.0
KH01441,2025-12-02,699000.0
KH02308,2025-12-02,200000.0
KH01939,2025-12-02,254000.0
KH02141,2025-12-02,147000.0
KH00996,2025-12-02,102000.0
KH00765,2025-12-02,204000.0
KH01066,2025-12-02,207000.0
KH01555,2025-12-02,270000.0
KH01162,2025-12-02,167000.0
KH00396,2025-12-02,115000.0
KH00580,2025-12-02,189000.0
KH01672,2025-12-02,173000.0
KH01770,2025-12-02,303000.0
KH01202,2025-12-02,33000.0
KH02269,2025-12-02,123000.0
KH01972,2025-12-02,297000.0
KH01036,2025-12-02,198000.0
KH00922,2025-12-02,240000.0
KH01175,2025-12-02,136000.0
KH01473,2025-12-02,96000.0
KH00541,2025-12-02,180000.0
KH01352,2025-12-02,829000.0
KH00940,2025-12-02,171000.0
KH00500,2025-12-02,248000.0
KH01588,2025-12-02,166000.0
KH00599,2025-12-02,440000.0
KH00674,2025-12-02,464000.0
KH01249,2025-12-02,234000.0
KH00415,2025-12-02,337000.0
KH02325,2025-12-02,117000.0
KH01625,2025-12-02,241000.0
KH00596,2025-12-02,99000.0
KH00740,2025-12-02,81000.0
KH01595,2025-12-02,393000.0
KH00040,2025-12-02,244000.0
KH00922,2025-12-02,322000.0
KH01565,2025-12-02,1089000.0
KH01825,2025-12-02,253000.0
KH01892,2025-12-02,465000.0
KH01139,2025-12-02,247000.0
KH01560,2025-12-02,240000.0
KH00188,2025-12-02,170000.0
KH00533,2025-12-02,624000.0
KH02122,2025-12-02,254000.0
KH00464,2025-12-02,140000.0
KH02250,2025-12-02,270000.0
KH01963,2025-12-02,194000.0
KH00798,2025-12-02,187000.0
KH01602,2025-12-02,116000.0
KH02348,2025-12-02,177000.0
KH00696,2025-12-02,193000.0
KH00234,2025-12-02,910000.0
KH01578,2025-12-02,71000.0
KH02129,2025-12-02,99000.0
KH00235,2025-12-02,219000.0
KH00258,2025-12-02,213000.0
KH00078,2025-12-02,270000.0
KH00187,2025-12-02,1457000.0
KH01902,2025-12-02,485000.0
KH00065,2025-12-02,1785000.0
KH02204,2025-12-02,204000.0
KH01371,2025-12-02,172000.0
KH00697,2025-12-02,259000.0
KH00622,2025-12-02,112000.0
KH00699,2025-12-02,424000.0
KH02479,2025-12-02,39000.0
KH00324,2025-12-02,519000.0
KH00899,2025-12-02,233000.0
KH00489,2025-12-02,423000.0
KH01494,2025-12-02,1443000.0
KH00069,2025-12-02,48000.0
KH02351,2025-12-02,145000.0
KH02125,2025-12-02,234000.0
KH00849,2025-12-02,64000.0
KH01077,2025-12-02,78000.0
KH01377,2025-12-02,1226000.0
KH01706,2025-12-02,93000.0
KH02321,2025-12-02,60000.0
KH00700,2025-12-03,180000.0
KH00070,2025-12-03,162000.0
KH00997,2025-12-03,601000.0
KH01228,2025-12-03,117000.0
KH01777,2025-12-03,284000.0
KH00524,2025-12-03,21000.0
KH01630,2025-12-03,183000.0
KH01727,2025-12-03,106000.0
KH01406,2025-12-03,149000.0
KH02176,2025-12-03,178000.0
KH01480,2025-12-03,1478000.0
KH00166,2025-12-03,172000.0
KH02160,2025-12-03,79000.0
KH01480,2025-12-03,197000.0
KH00305,2025-12-03,818000.0
KH02136,2025-12-03,875000.0
KH00825,2025-12-03,542000.0
KH00805,2025-12-03,747000.0
KH01183,2025-12-03,66000.0
KH02185,2025-12-03,242000.0
KH01728,2025-12-03,262000.0
KH01066,2025-12-03,434000.0
KH01404,2025-12-03,159000.0
KH00298,2025-12-03,206000.0
KH00863,2025-12-03,64000.0
KH01018,2025-12-03,92000.0
KH02014,2025-12-03,112000.0
KH01995,2025-12-03,1236000.0
KH00754,2025-12-03,134000.0
KH00553,2025-12-03,198000.0
KH01092,2025-12-03,422000.0
KH01729,2025-12-03,161000.0
KH01330,2025-12-03,174000.0
KH01382,2025-12-03,866000.0
KH01103,2025-12-03,76000.0
KH00116,2025-12-03,123000.0
KH02344,2025-12-03,340000.0
KH01981,2025-12-03,202000.0
KH00174,2025-12-03,126000.0
KH01059,2025-12-03,158000.0
KH01778,2025-12-03,71000.0
KH01933,2025-12-03,118000.0
KH01770,2025-12-03,254000.0
KH02175,2025-12-03,108000.0
KH01652,2025-12-03,106000.0
KH01406,2025-12-03,252000.0
KH00532,2025-12-03,269000.0
KH01342,2025-12-03,114000.0
KH00087,2025-12-03,59000.0
KH02038,2025-12-03,173000.0
KH01822,2025-12-03,105000.0
KH00969,2025-12-03,201000.0
KH01183,2025-12-03,115000.0
KH02439,2025-12-03,334000.0
KH01606,2025-12-03,84000.0
KH01530,2025-12-03,195000.0
KH00411,2025-12-03,237000.0
KH01135,2025-12-03,164000.0
KH01914,2025-12-03,163000.0
KH01618,2025-12-03,300000.0
KH01769,2025-12-03,49000.0
KH01099,2025-12-03,151000.0
KH01688,2025-12-03,197000.0
KH02403,2025-12-03,229000.0
KH00112,2025-12-03,583000.0
KH00057,2025-12-03,229000.0
KH01757,2025-12-03,58000.0
KH01614,2025-12-03,72000.0
KH00367,2025-12-03,93000.0
KH00127,2025-12-03,367000.0
KH02406,2025-12-03,328000.0
KH00267,2025-12-03,162000.0
KH02367,2025-12-03,909000.0
KH00825,2025-12-03,194000.0
KH01051,2025-12-03,51000.0
KH00240,2025-12-04,124000.0
KH01244,2025-12-04,72000.0
KH01683,2025-12-04,183000.0
KH00868,2025-12-04,1102000.0
KH02099,2025-12-04,159000.0
KH00014,2025-12-04,353000.0
KH02444,2025-12-04,185000.0
KH01912,2025-12-04,97000.0
KH02437,2025-12-04,79000.0
KH02347,2025-12-04,205000.0
KH01083,2025-12-04,118000.0
KH01616,2025-12-04,153000.0
KH01872,2025-12-04,275000.0
KH00913,2025-12-04,140000.0
KH00087,2025-12-04,72000.0
KH01332,2025-12-04,90000.0
KH01529,2025-12-04,213000.0
KH01150,2025-12-04,221000.0
KH01710,2025-12-04,205000.0
KH00769,2025-12-04,44000.0
KH01417,2025-12-04,162000.0
KH02251,2025-12-04,80000.0
KH00159,2025-12-04,1054000.0
KH02116,2025-12-04,65000.0
KH00972,2025-12-04,100000.0
KH02255,2025-12-04,189000.0
KH02242,2025-12-04,47000.0
KH00209,2025-12-04,278000.0
KH00751,2025-12-04,267000.0
KH02354,2025-12-04,1236000.0
KH01688,2025-12-04,359000.0
KH01954,2025-12-04,57000.0
KH01057,2025-12-04,237000.0
KH01786,2025-12-04,140000.0
KH01567,2025-12-04,162000.0
KH00493,2025-12-04,137000.0
KH00253,2025-12-04,254000.0
KH01699,2025-12-04,145000.0
KH02465,2025-12-04,98000.0
KH00453,2025-12-04,373000.0
KH00757,2025-12-04,207000.0
KH01492,2025-12-04,34000.0
KH01125,2025-12-04,139000.0
KH01848,2025-12-04,246000.0
KH01028,2025-12-04,203000.0
KH00198,2025-12-04,187000.0
KH02318,2025-12-04,235000.0
KH00837,2025-12-04,151000.0
KH01689,2025-12-04,106000.0
KH01020,2025-12-04,38000.0
KH00584,2025-12-04,323000.0
KH00878,2025-12-04,503000.0
KH02220,2025-12-04,661000.0
KH00028,2025-12-04,335000.0
KH00183,2025-12-04,371000.0
KH01190,2025-12-04,336000.0
KH02457,2025-12-04,223000.0
KH01677,2025-12-04,121000.0
KH00184,2025-12-04,33000.0
KH02443,2025-12-04,197000.0
KH00466,2025-12-04,277000.0
KH01233,2025-12-04,292000.0
KH00004,2025-12-04,447000.0
KH01887,2025-12-04,424000.0
KH00979,2025-12-04,162000.0
KH02241,2025-12-04,94000.0
KH00681,2025-12-04,169000.0
KH00333,2025-12-04,285000.0
KH00576,2025-12-04,226000.0
KH02314,2025-12-04,229000.0
KH02369,2025-12-04,691000.0
KH01573,2025-12-04,233000.0
KH00223,2025-12-04,143000.0
KH00377,2025-12-04,841000.0
KH00963,2025-12-04,226000.0
KH02473,2025-12-04,378000.0
KH01557,2025-12-04,94000.0
KH02319,2025-12-04,129000.0
KH02289,2025-12-05,152000.0
KH02225,2025-12-05,746000.0
KH00537,2025-12-05,141000.0
KH00680,2025-12-05,119000.0
KH01815,2025-12-05,730000.0
KH01400,2025-12-05,766000.0
KH01881,2025-12-05,295000.0
KH01192,2025-12-05,79000.0
KH02297,2025-12-05,361000.0
KH02473,2025-12-05,110000.0
KH00487,2025-12-05,102000.0
KH00448,2025-12-05,236000.0
KH00772,2025-12-05,983000.0
KH00726,2025-12-05,250000.0
KH00359,2025-12-05,123000.0
KH00576,2025-12-05,173000.0
KH00560,2025-12-05,410000.0
KH01315,2025-12-05,251000.0
KH00430,2025-12-05,149000.0
KH00191,2025-12-05,48000.0
KH00324,2025-12-05,310000.0
KH00209,2025-12-05,306000.0
KH02122,2025-12-05,987000.0
KH02401,2025-12-05,240000.0
KH00072,2025-12-05,279000.0
KH01972,2025-12-05,106000.0
KH00563,2025-12-05,258000.0
KH00200,2025-12-05,182000.0
KH00079,2025-12-05,521000.0
KH01111,2025-12-05,284000.0
KH01039,2025-12-05,387000.0
KH02446,2025-12-05,58000.0
KH02479,2025-12-05,313000.0
KH00959,2025-12-05,145000.0
KH00500,2025-12-05,320000.0
KH02367,2025-12-05,248000.0
KH00742,2025-12-05,156000.0
KH01111,2025-12-05,79000.0
KH00509,2025-12-05,336000.0
KH00976,2025-12-05,228000.0
KH00626,2025-12-05,241000.0
KH00446,2025-12-05,119000.0
KH00450,2025-12-05,26000.0
KH02390,2025-12-05,294000.0
KH00487,2025-12-05,125000.0
KH00724,2025-12-05,431000.0
KH02118,2025-12-05,42000.0
KH01866,2025-12-05,63000.0
KH02069,2025-12-05,288000.0
KH02259,2025-12-05,478000.0
KH01556,2025-12-05,35000.0
KH02060,2025-12-05,201000.0
KH01612,2025-12-05,100000.0
KH01410,2025-12-05,223000.0
KH00027,2025-12-05,173000.0
KH00972,2025-12-05,1094000.0
KH01741,2025-12-05,47000.0
KH01550,2025-12-05,159000.0
KH00360,2025-12-05,233000.0
KH00360,2025-12-05,831000.0
KH00984,2025-12-05,94000.0
KH02226,2025-12-05,137000.0
KH02103,2025-12-05,325000.0
KH01884,2025-12-05,103000.0
KH02060,2025-12-05,148000.0
KH02193,2025-12-05,181000.0
KH01321,2025-12-05,300000.0
KH01183,2025-12-05,57000.0
KH00249,2025-12-05,432000.0
KH01373,2025-12-05,70000.0
KH00141,2025-12-05,145000.0
KH00125,2025-12-05,662000.0
KH02161,2025-12-05,110000.0
KH00899,2025-12-05,86000.0
KH00916,2025-12-05,90000.0
KH02416,2025-12-05,316000.0
KH02012,2025-12-06,102000.0
KH01514,2025-12-06,291000.0
KH02104,2025-12-06,77000.0
KH02449,2025-12-06,93000.0
KH00214,2025-12-06,612000.0
KH00577,2025-12-06,52000.0
KH01646,2025-12-06,82000.0
KH01048,2025-12-06,36000.0
KH00718,2025-12-06,221000.0
KH01568,2025-12-06,234000.0
KH01146,2025-12-06,360000.0
KH00556,2025-12-06,482000.0
KH02112,2025-12-06,133000.0
KH00641,2025-12-06,191000.0
KH00179,2025-12-06,126000.0
KH01458,2025-12-06,358000.0
KH02067,2025-12-06,91000.0
KH00661,2025-12-06,93000.0
KH00672,2025-12-06,105000.0
KH01595,2025-12-06,139000.0
KH01465,2025-12-06,366000.0
KH00438,2025-12-06,137000.0
KH00570,2025-12-06,195000.0
KH02476,2025-12-06,135000.0
KH01480,2025-12-06,270000.0
KH00100,2025-12-06,429000.0
KH02104,2025-12-06,51000.0
KH01237,2025-12-06,103000.0
KH01178,2025-12-06,71000.0
KH00527,2025-12-06,197000.0
KH00644,2025-12-06,109000.0
KH00755,2025-12-06,192000.0
KH00833,2025-12-06,227000.0
KH01970,2025-12-06,148000.0
KH00357,2025-12-06,134000.0
KH01896,2025-12-06,69000.0
KH01796,2025-12-06,558000.0
KH02077,2025-12-06,186000.0
KH00781,2025-12-06,250000.0
KH00460,2025-12-06,186000.0
KH01659,2025-12-06,76000.0
KH00839,2025-12-06,178000.0
KH00988,2025-12-06,200000.0
KH02255,2025-12-06,88000.0
KH00563,2025-12-06,47000.0
KH01460,2025-12-06,46000.0
KH00668,2025-12-06,251000.0
KH01016,2025-12-06,253000.0
KH00799,2025-12-06,78000.0
KH00857,2025-12-06,117000.0
KH00633,2025-12-06,241000.0
KH01004,2025-12-06,438000.0
KH02363,2025-12-06,160000.0
KH02398,2025-12-06,226000.0
KH01207,2025-12-06,217000.0
KH00577,2025-12-06,751000.0
KH01194,2025-12-06,653000.0
KH00721,2025-12-06,612000.0
KH02277,2025-12-06,96000.0
KH01984,2025-12-06,416000.0
KH01997,2025-12-06,160000.0
KH01684,2025-12-06,53000.0
KH00896,2025-12-06,217000.0
KH00653,2025-12-06,417000.0
KH00902,2025-12-06,183000.0
KH02473,2025-12-06,92000.0
KH01916,2025-12-06,816000.0
KH01708,2025-12-06,286000.0
KH00537,2025-12-06,220000.0
KH02208,2025-12-06,175000.0
KH01454,2025-12-06,202000.0
KH01777,2025-12-06,497000.0
KH00175,2025-12-06,147000.0
KH00770,2025-12-06,90000.0
KH00171,2025-12-06,48000.0
KH02001,2025-12-06,135000.0
KH01897,2025-12-06,504000.0
KH00415,2025-12-06,247000.0
KH01563,2025-12-06,1926000.0
KH01937,2025-12-07,83000.0
KH01844,2025-12-07,611000.0
KH01770,2025-12-07,170000.0
KH00614,2025-12-07,151000.0
KH00924,2025-12-07,123000.0
KH02160,2025-12-07,550000.0
KH00989,2025-12-07,172000.0
KH00708,2025-12-07,521000.0
KH02278,2025-12-07,244000.0
KH00815,2025-12-07,192000.0
KH01839,2025-12-07,895000.0
KH00415,2025-12-07,274000.0
KH00010,2025-12-07,145000.0
KH02496,2025-12-07,61000.0
KH00455,2025-12-07,520000.0
KH01408,2025-12-07,467000.0
KH01395,2025-12-07,110000.0
KH00406,2025-12-07,832000.0
KH02268,2025-12-07,243000.0
KH01069,2025-12-07,217000.0
KH00418,2025-12-07,174000.0
KH01146,2025-12-07,75000.0
KH01121,2025-12-07,862000.0
KH00270,2025-12-07,161000.0
KH00239,2025-12-07,65000.0
KH01442,2025-12-07,181000.0
KH00724,2025-12-07,375000.0
KH00828,2025-12-07,283000.0
KH01192,2025-12-07,382000.0
KH01611,2025-12-07,123000.0
KH00397,2025-12-07,145000.0
KH00856,2025-12-07,660000.0
KH02131,2025-12-07,169000.0
KH01199,2025-12-07,25000.0
KH00072,2025-12-07,96000.0
KH02127,2025-12-07,108000.0
KH01778,2025-12-07,211000.0
KH01327,2025-12-07,397000.0
KH01688,2025-12-07,80000.0
KH01286,2025-12-07,111000.0
KH00056,2025-12-07,222000.0
KH01888,2025-12-07,214000.0
KH00018,2025-12-07,128000.0
KH00872,2025-12-07,197000.0
KH01770,2025-12-07,787000.0
KH01951,2025-12-07,245000.0
KH00093,2025-12-07,267000.0
KH01836,2025-12-07,465000.0
KH02292,2025-12-07,278000.0
KH01317,2025-12-07,73000.0
KH01195,2025-12-07,189000.0
KH02133,2025-12-07,149000.0
KH01454,2025-12-07,532000.0
KH00776,2025-12-07,103000.0
KH01033,2025-12-07,130000.0
KH00830,2025-12-07,211000.0
KH00699,2025-12-07,141000.0
KH02200,2025-12-07,300000.0
KH01784,2025-12-07,164000.0
KH01406,2025-12-07,614000.0
KH01053,2025-12-07,441000.0
KH01843,2025-12-07,603000.0
KH00354,2025-12-07,755000.0
KH01866,2025-12-07,225000.0
KH01435,2025-12-07,73000.0
KH02038,2025-12-07,270000.0
KH02234,2025-12-07,632000.0
KH01059,2025-12-07,106000.0
KH00540,2025-12-07,99000.0
KH01889,2025-12-07,150000.0
KH01004,2025-12-07,264000.0
KH00240,2025-12-07,132000.0
KH01026,2025-12-07,202000.0
KH00657,2025-12-07,588000.0
KH00267,2025-12-07,270000.0
KH00110,2025-12-07,450000.0
KH01057,2025-12-07,155000.0
KH01045,2025-12-07,315000.0
KH00043,2025-12-07,811000.0
KH00116,2025-12-07,98000.0
KH00460,2025-12-07,85000.0
KH01432,2025-12-07,72000.0
KH00199,2025-12-07,114000.0
KH01931,2025-12-07,319000.0
KH00553,2025-12-07,203000.0
KH00546,2025-12-07,36000.0
KH00634,2025-12-07,154000.0
KH01600,2025-12-07,438000.0
KH01473,2025-12-07,230000.0
KH01474,2025-12-07,50000.0
KH00407,2025-12-07,100000.0
KH00191,2025-12-07,244000.0
KH01949,2025-12-07,666000.0
KH00460,2025-12-07,88000.0
KH01550,2025-12-07,65000.0
KH02469,2025-12-07,292000.0
KH00570,2025-12-07,108000.0
KH00284,2025-12-08,38000.0
KH01963,2025-12-08,143000.0
KH02067,2025-12-08,91000.0
KH01941,2025-12-08,412000.0
KH02275,2025-12-08,1284000.0
KH00860,2025-12-08,133000.0
KH01243,2025-12-08,250000.0
KH01268,2025-12-08,1157000.0
KH00735,2025-12-08,112000.0
KH01483,2025-12-08,317000.0
KH02139,2025-12-08,118000.0
KH00957,2025-12-08,171000.0
KH02397,2025-12-08,46000.0
KH00333,2025-12-08,73000.0
KH01149,2025-12-08,235000.0
KH02303,2025-12-08,39000.0
KH02218,2025-12-08,118000.0
KH00218,2025-12-08,155000.0
KH01510,2025-12-08,114000.0
KH00248,2025-12-08,207000.0
KH02018,2025-12-08,172000.0
KH00452,2025-12-08,310000.0
KH01958,2025-12-08,401000.0
KH01575,2025-12-08,68000.0
KH01833,2025-12-08,490000.0
KH01760,2025-12-08,151000.0
KH01473,2025-12-08,535000.0
KH00169,2025-12-08,79000.0
KH02101,2025-12-08,76000.0
KH01601,2025-12-08,816000.0
KH00954,2025-12-08,2507000.0
KH01139,2025-12-08,427000.0
KH00073,2025-12-08,101000.0
KH00752,2025-12-08,176000.0
KH00866,2025-12-08,121000.0
KH02167,2025-12-08,182000.0
KH01004,2025-12-08,74000.0
KH00318,2025-12-08,545000.0
KH00657,2025-12-08,165000.0
KH01730,2025-12-08,50000.0
KH01963,2025-12-08,216000.0
KH00126,2025-12-08,144000.0
KH00185,2025-12-08,103000.0
KH01225,2025-12-08,273000.0
KH01048,2025-12-08,231000.0
KH01740,2025-12-08,93000.0
KH01877,2025-12-08,132000.0
KH01450,2025-12-08,371000.0
KH00236,2025-12-08,296000.0
KH00731,2025-12-08,119000.0
KH02104,2025-12-08,86000.0
KH00906,2025-12-08,47000.0
KH00181,2025-12-08,130000.0
KH00349,2025-12-08,175000.0
KH01791,2025-12-08,5781000.0
KH00526,2025-12-08,109000.0
KH00367,2025-12-08,431000.0
KH00341,2025-12-08,57000.0
KH02213,2025-12-08,154000.0
KH00147,2025-12-08,300000.0
KH01383,2025-12-08,94000.0
KH02356,2025-12-08,381000.0
KH01473,2025-12-08,208000.0
KH01288,2025-12-08,141000.0
KH00117,2025-12-08,54000.0
KH02299,2025-12-08,77000.0
KH02380,2025-12-08,259000.0
KH01643,2025-12-08,252000.0
KH02061,2025-12-08,117000.0
KH01810,2025-12-08,329000.0
KH02356,2025-12-08,1119000.0
KH01170,2025-12-08,316000.0
KH00360,2025-12-08,377000.0
KH00296,2025-12-08,70000.0
KH01441,2025-12-08,99000.0
KH02273,2025-12-08,645000.0
KH01385,2025-12-08,74000.0
KH01571,2025-12-08,1038000.0
KH00933,2025-12-09,140000.0
KH00102,2025-12-09,93000.0
KH00857,2025-12-09,55000.0
KH01307,2025-12-09,180000.0
KH01605,2025-12-09,177000.0
KH01987,2025-12-09,121000.0
KH01226,2025-12-09,195000.0
KH00921,2025-12-09,462000.0
KH02153,2025-12-09,199000.0
KH01625,2025-12-09,145000.0
KH00027,2025-12-09,201000.0
KH02244,2025-12-09,135000.0
KH00526,2025-12-09,180000.0
KH01379,2025-12-09,208000.0
KH00383,2025-12-09,288000.0
KH02182,2025-12-09,151000.0
KH02495,2025-12-09,398000.0
KH00420,2025-12-09,110000.0
KH02497,2025-12-09,133000.0
KH02134,2025-12-09,79000.0
KH01890,2025-12-09,107000.0
KH00531,2025-12-09,233000.0
KH01398,2025-12-09,154000.0
KH01566,2025-12-09,239000.0
KH00687,2025-12-09,190000.0
KH01714,2025-12-09,302000.0
KH01595,2025-12-09,314000.0
KH01862,2025-12-09,406000.0
KH02005,2025-12-09,576000.0
KH00197,2025-12-09,304000.0
KH00329,2025-12-09,2271000.0
KH00151,2025-12-09,67000.0
KH01295,2025-12-09,178000.0
KH02139,2025-12-09,395000.0
KH01308,2025-12-09,374000.0
KH00890,2025-12-09,158000.0
KH00278,2025-12-09,300000.0
KH00661,2025-12-09,877000.0
KH00741,2025-12-09,249000.0
KH00239,2025-12-09,204000.0
KH00057,2025-12-09,999000.0
KH01826,2025-12-09,129000.0
KH02417,2025-12-09,325000.0
KH00520,2025-12-09,138000.0
KH00116,2025-12-09,272000.0
KH00986,2025-12-09,193000.0
KH02268,2025-12-09,96000.0
KH02472,2025-12-09,166000.0
KH01075,2025-12-09,310000.0
KH00735,2025-12-09,444000.0
KH02448,2025-12-09,1610000.0
KH01954,2025-12-09,168000.0
KH00819,2025-12-09,130000.0
KH02292,2025-12-09,105000.0
KH01716,2025-12-09,504000.0
KH00770,2025-12-09,84000.0
KH00064,2025-12-09,236000.0
KH01608,2025-12-09,167000.0
KH02257,2025-12-09,684000.0
KH02122,2025-12-09,151000.0
KH00350,2025-12-09,107000.0
KH02420,2025-12-09,309000.0
KH02473,2025-12-09,273000.0
KH01377,2025-12-09,69000.0
KH02122,2025-12-09,90000.0
KH00677,2025-12-09,356000.0
KH00852,2025-12-09,321000.0
KH02118,2025-12-09,171000.0
KH02492,2025-12-09,65000.0
KH00463,2025-12-09,46000.0
KH00308,2025-12-09,133000.0
KH01335,2025-12-09,734000.0
KH02169,2025-12-09,101000.0
KH01857,2025-12-09,671000.0
KH00591,2025-12-09,376000.0
KH01567,2025-12-09,161000.0
KH00564,2025-12-09,221000.0
KH00559,2025-12-09,288000.0
KH02103,2025-12-09,298000.0
KH01412,2025-12-10,103000.0
KH01621,2025-12-10,669000.0
KH01863,2025-12-10,236000.0
KH00569,2025-12-10,373000.0
KH00239,2025-12-10,512000.0
KH00774,2025-12-10,135000.0
KH02251,2025-12-10,91000.0
KH02436,2025-12-10,135000.0
KH00890,2025-12-10,123000.0
KH01022,2025-12-10,297000.0
KH01593,2025-12-10,429000.0
KH01506,2025-12-10,210000.0
KH00472,2025-12-10,269000.0
KH00725,2025-12-10,70000.0
KH02060,2025-12-10,91000.0
KH01404,2025-12-10,111000.0
KH00912,2025-12-10,98000.0
KH01978,2025-12-10,52000.0
KH00022,2025-12-10,412000.0
KH00037,2025-12-10,168000.0
KH01212,2025-12-10,448000.0
KH01776,2025-12-10,271000.0
KH00869,2025-12-10,232000.0
KH01814,2025-12-10,642000.0
KH00497,2025-12-10,69000.0
KH02041,2025-12-10,36000.0
KH01892,2025-12-10,123000.0
KH00145,2025-12-10,148000.0
KH00364,2025-12-10,233000.0
KH00061,2025-12-10,111000.0
KH00588,2025-12-10,153000.0
KH02437,2025-12-10,309000.0
KH02377,2025-12-10,102000.0
KH01880,2025-12-10,187000.0
KH01556,2025-12-10,330000.0
KH00687,2025-12-10,213000.0
KH01987,2025-12-10,249000.0
KH02109,2025-12-10,295000.0
KH00016,2025-12-10,358000.0
KH01657,2025-12-10,404000.0
KH01359,2025-12-10,174000.0
KH01860,2025-12-10,112000.0
KH02227,2025-12-10,212000.0
KH00910,2025-12-10,336000.0
KH00548,2025-12-10,167000.0
KH02316,2025-12-10,111000.0
KH02420,2025-12-10,189000.0
KH01111,2025-12-10,139000.0
KH01805,2025-12-10,804000.0
KH02383,2025-12-10,608000.0
KH02019,2025-12-10,763000.0
KH01982,2025-12-10,1113000.0
KH00518,2025-12-10,189000.0
KH01486,2025-12-10,203000.0
KH01705,2025-12-10,84000.0
KH01596,2025-12-10,356000.0
KH00224,2025-12-10,247000.0
KH00084,2025-12-10,189000.0
KH01909,2025-12-10,284000.0
KH00251,2025-12-10,1023000.0
KH01263,2025-12-10,154000.0
KH01626,2025-12-10,338000.0
KH02463,2025-12-10,84000.0
KH01519,2025-12-10,216000.0
KH01786,2025-12-10,414000.0
KH00020,2025-12-10,145000.0
KH01892,2025-12-10,317000.0
KH01771,2025-12-10,176000.0
KH00657,2025-12-10,99000.0
KH00197,2025-12-10,178000.0
KH01818,2025-12-10,284000.0
KH00386,2025-12-10,103000.0
KH02420,2025-12-11,119000.0
KH01672,2025-12-11,1104000.0
KH00951,2025-12-11,107000.0
KH00607,2025-12-11,1148000.0
KH00431,2025-12-11,92000.0
KH00040,2025-12-11,285000.0
KH00765,2025-12-11,216000.0
KH01933,2025-12-11,145000.0
KH01391,2025-12-11,1021000.0
KH00167,2025-12-11,413000.0
KH02030,2025-12-11,243000.0
KH02133,2025-12-11,251000.0
KH01971,2025-12-11,582000.0
KH02096,2025-12-11,447000.0
KH02190,2025-12-11,376000.0
KH01544,2025-12-11,511000.0
KH00220,2025-12-11,57000.0
KH01615,2025-12-11,135000.0
KH01475,2025-12-11,387000.0
KH02085,2025-12-11,137000.0
KH01388,2025-12-11,75000.0
KH01438,2025-12-11,456000.0
KH00606,2025-12-11,166000.0
KH01431,2025-12-11,56000.0
KH02470,2025-12-11,837000.0
KH02229,2025-12-11,111000.0
KH02214,2025-12-11,191000.0
KH01686,2025-12-11,149000.0
KH00831,2025-12-11,706000.0
KH00147,2025-12-11,203000.0
KH01579,2025-12-11,74000.0
KH01829,2025-12-11,106000.0
KH02218,2025-12-11,93000.0
KH00234,2025-12-11,351000.0
KH01407,2025-12-11,440000.0
KH02480,2025-12-11,446000.0
KH01737,2025-12-11,117000.0
KH00451,2025-12-11,353000.0
KH02388,2025-12-11,176000.0
KH01684,2025-12-11,80000.0
KH02096,2025-12-11,729000.0
KH00580,2025-12-11,320000.0
KH01782,2025-12-11,150000.0
KH01834,2025-12-11,90000.0
KH01392,2025-12-11,127000.0
KH00365,2025-12-11,135000.0
KH01401,2025-12-11,394000.0
KH00447,2025-12-11,99000.0
KH01352,2025-12-11,373000.0
KH01353,2025-12-11,171000.0
KH01402,2025-12-11,56000.0
KH01123,2025-12-11,65000.0
KH00972,2025-12-11,140000.0
KH01168,2025-12-11,79000.0
KH01614,2025-12-11,424000.0
KH00194,2025-12-11,69000.0
KH00141,2025-12-11,346000.0
KH00804,2025-12-11,476000.0
KH02278,2025-12-11,184000.0
KH00156,2025-12-11,428000.0
KH00771,2025-12-11,93000.0
KH01687,2025-12-11,310000.0
KH02061,2025-12-11,128000.0
KH00977,2025-12-11,423000.0
KH00533,2025-12-11,212000.0
KH00863,2025-12-11,172000.0
KH00363,2025-12-11,112000.0
KH02141,2025-12-11,240000.0
KH01862,2025-12-11,187000.0
KH01841,2025-12-11,251000.0
KH02346,2025-12-11,105000.0
KH01289,2025-12-11,241000.0
KH00544,2025-12-11,67000.0
KH02422,2025-12-11,195000.0
KH01262,2025-12-11,137000.0
KH02391,2025-12-11,18000.0
KH00721,2025-12-11,382000.0
KH02222,2025-12-11,168000.0
KH02367,2025-12-11,404000.0
KH00582,2025-12-11,622000.0
KH01054,2025-12-11,144000.0
KH00014,2025-12-11,159000.0
KH00749,2025-12-11,244000.0
KH01337,2025-12-11,83000.0
KH02240,2025-12-11,35000.0
KH01573,2025-12-11,395000.0
KH00902,2025-12-11,69000.0
KH01698,2025-12-12,170000.0
KH00190,2025-12-12,161000.0
KH01480,2025-12-12,336000.0
KH01693,2025-12-12,422000.0
KH00309,2025-12-12,242000.0
KH01603,2025-12-12,177000.0
KH02374,2025-12-12,289000.0
KH00480,2025-12-12,163000.0
KH00363,2025-12-12,469000.0
KH00903,2025-12-12,1124000.0
KH00808,2025-12-12,199000.0
KH01035,2025-12-12,227000.0
KH01525,2025-12-12,265000.0
KH00689,2025-12-12,698000.0
KH00243,2025-12-12,116000.0
KH02190,2025-12-12,2334000.0
KH01148,2025-12-12,97000.0
KH00728,2025-12-12,165000.0
KH01277,2025-12-12,111000.0
KH00457,2025-12-12,148000.0
KH00636,2025-12-12,111000.0
KH01728,2025-12-12,178000.0
KH02236,2025-12-12,210000.0
KH00852,2025-12-12,896000.0
KH01161,2025-12-12,417000.0
KH02118,2025-12-12,102000.0
KH02242,2025-12-12,251000.0
KH02219,2025-12-12,288000.0
KH01396,2025-12-12,79000.0
KH00368,2025-12-12,628000.0
KH01714,2025-12-12,200000.0
KH01700,2025-12-12,78000.0
KH02344,2025-12-12,152000.0
KH00525,2025-12-12,323000.0
KH01304,2025-12-12,491000.0
KH01479,2025-12-12,596000.0
KH01750,2025-12-12,139000.0
KH00910,2025-12-12,313000.0
KH01906,2025-12-12,404000.0
KH00204,2025-12-12,278000.0
KH02367,2025-12-12,167000.0
KH01435,2025-12-12,164000.0
KH00144,2025-12-12,990000.0
KH00564,2025-12-12,132000.0
KH01401,2025-12-12,49000.0
KH00252,2025-12-12,275000.0
KH02417,2025-12-12,233000.0
KH01263,2025-12-12,205000.0
KH02122,2025-12-12,150000.0
KH00868,2025-12-12,108000.0
KH00151,2025-12-12,413000.0
KH01388,2025-12-12,180000.0
KH01203,2025-12-12,550000.0
KH01926,2025-12-12,59000.0
KH01529,2025-12-12,327000.0
KH00721,2025-12-12,149000.0
KH00125,2025-12-12,184000.0
KH02245,2025-12-12,227000.0
KH02499,2025-12-12,50000.0
KH00868,2025-12-12,181000.0
KH01265,2025-12-12,151000.0
KH02231,2025-12-12,133000.0
KH00535,2025-12-12,92000.0
KH00192,2025-12-12,322000.0
KH00769,2025-12-12,286000.0
KH02104,2025-12-12,249000.0
KH01430,2025-12-12,311000.0
KH00761,2025-12-12,87000.0
KH00064,2025-12-12,140000.0
KH01577,2025-12-12,54000.0
KH00360,2025-12-12,533000.0
KH00228,2025-12-12,316000.0
KH01285,2025-12-12,130000.0
KH01808,2025-12-12,35000.0
KH01472,2025-12-12,89000.0
KH00080,2025-12-12,453000.0
KH00976,2025-12-12,110000.0
KH00287,2025-12-12,122000.0
KH01595,2025-12-12,192000.0
KH02084,2025-12-12,155000.0
KH02398,2025-12-12,143000.0
KH01382,2025-12-12,405000.0
KH01264,2025-12-12,192000.0
KH00067,2025-12-13,129000.0
KH01090,2025-12-13,313000.0
KH00559,2025-12-13,497000.0
KH02476,2025-12-13,160000.0
KH01227,2025-12-13,143000.0
KH02491,2025-12-13,116000.0
KH02212,2025-12-13,27000.0
KH00279,2025-12-13,147000.0
KH00615,2025-12-13,156000.0
KH01322,2025-12-13,179000.0
KH00796,2025-12-13,297000.0
KH02119,2025-12-13,205000.0
KH00132,2025-12-13,179000.0
KH01620,2025-12-13,336000.0
KH00726,2025-12-13,383000.0
KH02400,2025-12-13,173000.0
KH00801,2025-12-13,159000.0
KH02175,2025-12-13,318000.0
KH00750,2025-12-13,182000.0
KH00363,2025-12-13,57000.0
KH02090,2025-12-13,478000.0
KH00512,2025-12-13,167000.0
KH01937,2025-12-13,384000.0
KH01983,2025-12-13,340000.0
KH00857,2025-12-13,53000.0
KH01413,2025-12-13,340000.0
KH00976,2025-12-13,74000.0
KH01601,2025-12-13,131000.0
KH00438,2025-12-13,279000.0
KH01431,2025-12-13,167000.0
KH02333,2025-12-13,216000.0
KH00829,2025-12-13,282000.0
KH00132,2025-12-13,614000.0
KH00770,2025-12-13,88000.0
KH01072,2025-12-13,286000.0
KH01602,2025-12-13,173000.0
KH01557,2025-12-13,93000.0
KH02320,2025-12-13,308000.0
KH02101,2025-12-13,384000.0
KH01684,2025-12-13,224000.0
KH01882,2025-12-13,46000.0
KH00424,2025-12-13,97000.0
KH00555,2025-12-13,284000.0
KH01315,2025-12-13,313000.0
KH00509,2025-12-13,293000.0
KH01106,2025-12-13,128000.0
KH00064,2025-12-13,76000.0
KH02287,2025-12-13,108000.0
KH00328,2025-12-13,641000.0
KH01737,2025-12-13,409000.0
KH00816,2025-12-13,76000.0
KH00300,2025-12-13,249000.0
KH01729,2025-12-13,75000.0
KH01835,2025-12-13,80000.0
KH00087,2025-12-13,399000.0
KH01782,2025-12-13,205000.0
KH01073,2025-12-13,26000.0
KH02083,2025-12-13,294000.0
KH02424,2025-12-13,125000.0
KH01463,2025-12-13,548000.0
KH01272,2025-12-13,1156000.0
KH01060,2025-12-13,138000.0
KH01984,2025-12-13,191000.0
KH01016,2025-12-13,428000.0
KH02457,2025-12-13,93000.0
KH02231,2025-12-13,212000.0
KH01420,2025-12-13,175000.0
KH02156,2025-12-13,151000.0
KH00084,2025-12-13,42000.0
KH00928,2025-12-13,248000.0
KH00889,2025-12-13,494000.0
KH01736,2025-12-13,48000.0
KH01838,2025-12-13,358000.0
KH01444,2025-12-13,335000.0
KH02392,2025-12-13,167000.0
KH01481,2025-12-13,360000.0
KH01151,2025-12-13,205000.0
KH01542,2025-12-13,235000.0
KH00201,2025-12-13,1025000.0
KH01696,2025-12-13,269000.0
KH02306,2025-12-13,83000.0
KH01244,2025-12-14,337000.0
KH02269,2025-12-14,67000.0
KH00624,2025-12-14,237000.0
KH00752,2025-12-14,154000.0
KH02146,2025-12-14,206000.0
KH02021,2025-12-14,319000.0
KH00509,2025-12-14,110000.0
KH00655,2025-12-14,126000.0
KH01680,2025-12-14,107000.0
KH00404,2025-12-14,209000.0
KH01431,2025-12-14,100000.0
KH01570,2025-12-14,498000.0
KH01300,2025-12-14,142000.0
KH01302,2025-12-14,246000.0
KH00890,2025-12-14,929000.0
KH01734,2025-12-14,320000.0
KH01574,2025-12-14,120000.0
KH02425,2025-12-14,836000.0
KH00413,2025-12-14,136000.0
KH00959,2025-12-14,148000.0
KH00460,2025-12-14,376000.0
KH00746,2025-12-14,243000.0
KH02061,2025-12-14,456000.0
KH01014,2025-12-14,175000.0
KH01694,2025-12-14,137000.0
KH00327,2025-12-14,40000.0
KH02248,2025-12-14,302000.0
KH00074,2025-12-14,1467000.0
KH00921,2025-12-14,230000.0
KH01206,2025-12-14,93000.0
KH00106,2025-12-14,309000.0
KH00705,2025-12-14,1147000.0
KH02071,2025-12-14,52000.0
KH00732,2025-12-14,451000.0
KH01205,2025-12-14,231000.0
KH01110,2025-12-14,240000.0
KH01502,2025-12-14,302000.0
KH00199,2025-12-14,115000.0
KH01380,2025-12-14,168000.0
KH00699,2025-12-14,307000.0
KH00240,2025-12-14,71000.0
KH00686,2025-12-14,225000.0
KH00646,2025-12-14,88000.0
KH01725,2025-12-14,757000.0
KH01165,2025-12-14,149000.0
KH01474,2025-12-14,106000.0
KH01456,2025-12-14,220000.0
KH01195,2025-12-14,61000.0
KH01918,2025-12-14,378000.0
KH01961,2025-12-14,133000.0
KH00491,2025-12-14,63000.0
KH00703,2025-12-14,83000.0
KH01760,2025-12-14,144000.0
KH00821,2025-12-14,369000.0
KH00458,2025-12-14,85000.0
KH01185,2025-12-14,145000.0
KH01933,2025-12-14,204000.0
KH02153,2025-12-14,181000.0
KH01745,2025-12-14,110000.0
KH02148,2025-12-14,73000.0
KH00813,2025-12-14,247000.0
KH00086,2025-12-14,780000.0
KH00290,2025-12-14,204000.0
KH00548,2025-12-14,969000.0
KH01994,2025-12-14,146000.0
KH02203,2025-12-14,394000.0
KH02024,2025-12-14,643000.0
KH00821,2025-12-14,235000.0
KH02006,2025-12-14,301000.0
KH00884,2025-12-14,69000.0
KH01958,2025-12-14,223000.0
KH02401,2025-12-14,263000.0
KH01525,2025-12-14,100000.0
KH00812,2025-12-14,90000.0
KH01724,2025-12-14,444000.0
KH01212,2025-12-14,137000.0
KH02049,2025-12-14,242000.0
KH01851,2025-12-14,141000.0
KH00939,2025-12-14,285000.0
KH01028,2025-12-14,251000.0
KH02140,2025-12-14,297000.0
KH00546,2025-12-14,747000.0
KH00801,2025-12-14,255000.0
KH02007,2025-12-15,116000.0
KH02343,2025-12-15,43000.0
KH01685,2025-12-15,202000.0
KH01004,2025-12-15,163000.0
KH00032,2025-12-15,349000.0
KH00633,2025-12-15,44000.0
KH01744,2025-12-15,682000.0
KH01535,2025-12-15,397000.0
KH00552,2025-12-15,474000.0
KH01516,2025-12-15,233000.0
KH00044,2025-12-15,266000.0
KH01494,2025-12-15,153000.0
KH00770,2025-12-15,237000.0
KH00961,2025-12-15,147000.0
KH00827,2025-12-15,128000.0
KH00413,2025-12-15,173000.0
KH02447,2025-12-15,164000.0
KH00242,2025-12-15,173000.0
KH00686,2025-12-15,609000.0
KH02037,2025-12-15,200000.0
KH01091,2025-12-15,209000.0
KH01096,2025-12-15,1339000.0
KH00445,2025-12-15,566000.0
KH02037,2025-12-15,447000.0
KH01456,2025-12-15,170000.0
KH00021,2025-12-15,52000.0
KH01146,2025-12-15,18000.0
KH02375,2025-12-15,129000.0
KH02134,2025-12-15,127000.0
KH01371,2025-12-15,350000.0
KH00500,2025-12-15,168000.0
KH00109,2025-12-15,377000.0
KH02435,2025-12-15,217000.0
KH01175,2025-12-15,138000.0
KH01557,2025-12-15,196000.0
KH01118,2025-12-15,304000.0
KH00537,2025-12-15,409000.0
KH02071,2025-12-15,423000.0
KH02139,2025-12-15,556000.0
KH00808,2025-12-15,386000.0
KH01409,2025-12-15,518000.0
KH02087,2025-12-15,216000.0
KH00588,2025-12-15,109000.0
KH02430,2025-12-15,328000.0
KH00487,2025-12-15,255000.0
KH01571,2025-12-15,159000.0
KH00646,2025-12-15,294000.0
KH02431,2025-12-15,129000.0
KH01804,2025-12-15,221000.0
KH01055,2025-12-15,517000.0
KH00737,2025-12-15,1281000.0
KH00934,2025-12-15,90000.0
KH00694,2025-12-15,158000.0
KH01267,2025-12-15,189000.0
KH02341,2025-12-15,435000.0
KH00286,2025-12-15,295000.0
KH00411,2025-12-15,247000.0
KH01261,2025-12-15,80000.0
KH01282,2025-12-15,77000.0
KH01815,2025-12-15,166000.0
KH00052,2025-12-15,498000.0
KH00453,2025-12-15,81000.0
KH00593,2025-12-15,285000.0
KH00101,2025-12-15,232000.0
KH01783,2025-12-15,1598000.0
KH00531,2025-12-15,329000.0
KH01499,2025-12-15,146000.0
KH01435,2025-12-15,61000.0
KH01039,2025-12-15,381000.0
KH01029,2025-12-15,155000.0
KH01740,2025-12-15,424000.0
KH00228,2025-12-15,100000.0
KH00160,2025-12-15,297000.0
KH00600,2025-12-15,186000.0
KH01017,2025-12-15,112000.0
KH00909,2025-12-15,33000.0
KH01023,2025-12-16,389000.0
KH01370,2025-12-16,161000.0
KH01770,2025-12-16,223000.0
KH02327,2025-12-16,185000.0
KH00151,2025-12-16,222000.0
KH00475,2025-12-16,280000.0
KH02249,2025-12-16,246000.0
KH02069,2025-12-16,201000.0
KH00078,2025-12-16,993000.0
KH01881,2025-12-16,1187000.0
KH00821,2025-12-16,255000.0
KH01955,2025-12-16,30000.0
KH00673,2025-12-16,222000.0
KH01122,2025-12-16,328000.0
KH01865,2025-12-16,121000.0
KH00421,2025-12-16,511000.0
KH00317,2025-12-16,273000.0
KH00497,2025-12-16,130000.0
KH01480,2025-12-16,274000.0
KH00689,2025-12-16,682000.0
KH01776,2025-12-16,136000.0
KH01628,2025-12-16,258000.0
KH01062,2025-12-16,60000.0
KH01285,2025-12-16,156000.0
KH01363,2025-12-16,337000.0
KH01694,2025-12-16,205000.0
KH02238,2025-12-16,78000.0
KH00606,2025-12-16,167000.0
KH01961,2025-12-16,218000.0
KH00873,2025-12-16,112000.0
KH00173,2025-12-16,39000.0
KH02040,2025-12-16,84000.0
KH00421,2025-12-16,147000.0
KH01086,2025-12-16,160000.0
KH01734,2025-12-16,343000.0
KH02473,2025-12-16,162000.0
KH01021,2025-12-16,545000.0
KH00116,2025-12-16,172000.0
KH01747,2025-12-16,260000.0
KH01716,2025-12-16,132000.0
KH00233,2025-12-16,88000.0
KH01940,2025-12-16,168000.0
KH00357,2025-12-16,169000.0
KH02234,2025-12-16,310000.0
KH00560,2025-12-16,172000.0
KH01229,2025-12-16,520000.0
KH02178,2025-12-16,140000.0
KH01520,2025-12-16,85000.0
KH00629,2025-12-16,34000.0
KH01860,2025-12-16,524000.0
KH01806,2025-12-16,641000.0
KH02057,2025-12-16,80000.0
KH02218,2025-12-16,222000.0
KH00961,2025-12-16,927000.0
KH02354,2025-12-16,252000.0
KH02033,2025-12-16,263000.0
KH01694,2025-12-16,529000.0
KH00989,2025-12-16,97000.0
KH00258,2025-12-16,240000.0
KH02161,2025-12-16,92000.0
KH01169,2025-12-16,577000.0
KH01713,2025-12-16,222000.0
KH00538,2025-12-16,101000.0
KH00290,2025-12-16,273000.0
KH01875,2025-12-16,142000.0
KH01643,2025-12-16,62000.0
KH01687,2025-12-16,180000.0
KH02078,2025-12-16,357000.0
KH01777,2025-12-16,377000.0
KH00386,2025-12-16,80000.0
KH00338,2025-12-16,1616000.0
KH01538,2025-12-16,174000.0
KH02083,2025-12-16,166000.0
KH00744,2025-12-16,149000.0
KH02039,2025-12-16,343000.0
KH01579,2025-12-16,272000.0
KH01757,2025-12-16,473000.0
KH00647,2025-12-16,74000.0
KH01322,2025-12-16,165000.0
KH00599,2025-12-16,368000.0
KH02205,2025-12-16,191000.0
KH01178,2025-12-16,471000.0
KH00330,2025-12-16,61000.0
KH00222,2025-12-16,193000.0
KH02084,2025-12-16,315000.0
KH00465,2025-12-16,146000.0
KH02300,2025-12-16,91000.0
KH01168,2025-12-16,471000.0
KH01177,2025-12-17,94000.0
KH01202,2025-12-17,39000.0
KH00663,2025-12-17,122000.0
KH00290,2025-12-17,194000.0
KH02029,2025-12-17,259000.0
KH02437,2025-12-17,485000.0
KH01802,2025-12-17,31000.0
KH01632,2025-12-17,409000.0
KH01419,2025-12-17,641000.0
KH01770,2025-12-17,214000.0
KH01516,2025-12-17,176000.0
KH01056,2025-12-17,70000.0
KH01968,2025-12-17,59000.0
KH00699,2025-12-17,145000.0
KH02001,2025-12-17,723000.0
KH01919,2025-12-17,207000.0
KH01529,2025-12-17,268000.0
KH01055,2025-12-17,349000.0
KH00081,2025-12-17,146000.0
KH01028,2025-12-17,713000.0
KH01119,2025-12-17,333000.0
KH01262,2025-12-17,320000.0
KH00287,2025-12-17,111000.0
KH02350,2025-12-17,299000.0
KH01806,2025-12-17,392000.0
KH00060,2025-12-17,94000.0
KH01661,2025-12-17,30000.0
KH00041,2025-12-17,205000.0
KH02310,2025-12-17,433000.0
KH00557,2025-12-17,755000.0
KH02153,2025-12-17,200000.0
KH00487,2025-12-17,234000.0
KH00576,2025-12-17,219000.0
KH01826,2025-12-17,244000.0
KH00531,2025-12-17,298000.0
KH00648,2025-12-17,38000.0
KH00856,2025-12-17,256000.0
KH00613,2025-12-17,246000.0
KH02315,2025-12-17,112000.0
KH01420,2025-12-17,231000.0
KH02351,2025-12-17,77000.0
KH01643,2025-12-17,98000.0
KH01731,2025-12-17,213000.0
KH01190,2025-12-17,299000.0
KH00905,2025-12-17,253000.0
KH00808,2025-12-17,415000.0
KH01036,2025-12-17,339000.0
KH00721,2025-12-17,445000.0
KH01670,2025-12-17,147000.0
KH00438,2025-12-17,640000.0
KH02173,2025-12-17,74000.0
KH00545,2025-12-17,120000.0
KH00399,2025-12-17,312000.0
KH00558,2025-12-17,239000.0
KH00102,2025-12-17,1265000.0
KH00849,2025-12-17,153000.0
KH00099,2025-12-17,137000.0
KH01612,2025-12-17,183000.0
KH02250,2025-12-17,345000.0
KH00642,2025-12-17,62000.0
KH01546,2025-12-17,439000.0
KH00365,2025-12-17,62000.0
KH01613,2025-12-17,112000.0
KH01415,2025-12-17,264000.0
KH02368,2025-12-17,741000.0
KH00437,2025-12-17,220000.0
KH01195,2025-12-17,532000.0
KH02040,2025-12-17,152000.0
KH00553,2025-12-17,923000.0
KH00750,2025-12-17,390000.0
KH02139,2025-12-17,129000.0
KH01436,2025-12-17,106000.0
KH01806,2025-12-17,105000.0
KH00329,2025-12-17,172000.0
KH02056,2025-12-17,271000.0
KH00335,2025-12-17,128000.0
KH01372,2025-12-17,729000.0
KH00142,2025-12-17,995000.0
KH00603,2025-12-17,118000.0
KH01284,2025-12-17,682000.0
KH00775,2025-12-17,120000.0
KH00043,2025-12-17,90000.0
KH02424,2025-12-17,506000.0
KH02065,2025-12-17,88000.0
KH00338,2025-12-17,86000.0
KH00263,2025-12-17,57000.0
KH02148,2025-12-17,308000.0
KH01757,2025-12-17,221000.0
KH00527,2025-12-17,487000.0
KH01853,2025-12-17,163000.0
KH01340,2025-12-17,180000.0
KH00514,2025-12-17,185000.0
KH00921,2025-12-17,132000.0
KH01767,2025-12-17,319000.0
KH01443,2025-12-17,63000.0
KH00460,2025-12-17,146000.0
KH00796,2025-12-18,98000.0
KH00263,2025-12-18,111000.0
KH01471,2025-12-18,103000.0
KH02122,2025-12-18,35000.0
KH01987,2025-12-18,170000.0
KH00528,2025-12-18,176000.0
KH00910,2025-12-18,338000.0
KH02273,2025-12-18,190000.0
KH00980,2025-12-18,256000.0
KH01656,2025-12-18,87000.0
KH00491,2025-12-18,88000.0
KH00128,2025-12-18,89000.0
KH01550,2025-12-18,109000.0
KH02465,2025-12-18,284000.0
KH00901,2025-12-18,200000.0
KH01486,2025-12-18,120000.0
KH01276,2025-12-18,84000.0
KH00263,2025-12-18,123000.0
KH02219,2025-12-18,79000.0
KH01857,2025-12-18,67000.0
KH00592,2025-12-18,106000.0
KH00944,2025-12-18,23000.0
KH01980,2025-12-18,708000.0
KH01309,2025-12-18,282000.0
KH01057,2025-12-18,64000.0
KH00868,2025-12-18,92000.0
KH00922,2025-12-18,39000.0
KH01963,2025-12-18,384000.0
KH01258,2025-12-18,174000.0
KH01782,2025-12-18,201000.0
KH01863,2025-12-18,356000.0
KH00491,2025-12-18,278000.0
KH00451,2025-12-18,306000.0
KH02399,2025-12-18,537000.0
KH01612,2025-12-18,150000.0
KH01694,2025-12-18,94000.0
KH01736,2025-12-18,202000.0
KH01016,2025-12-18,225000.0
KH02215,2025-12-18,93000.0
KH00537,2025-12-18,468000.0
KH02292,2025-12-18,43000.0
KH02170,2025-12-18,83000.0
KH00644,2025-12-18,263000.0
KH00116,2025-12-18,239000.0
KH01258,2025-12-18,226000.0
KH00503,2025-12-18,286000.0
KH00218,2025-12-18,196000.0
KH01334,2025-12-18,768000.0
KH01479,2025-12-18,87000.0
KH02424,2025-12-18,358000.0
KH01036,2025-12-18,199000.0
KH01916,2025-12-18,258000.0
KH00950,2025-12-18,175000.0
KH00929,2025-12-18,114000.0
KH02284,2025-12-18,265000.0
KH01402,2025-12-18,377000.0
KH01037,2025-12-18,399000.0
KH00016,2025-12-18,245000.0
KH02391,2025-12-18,333000.0
KH00300,2025-12-18,239000.0
KH01625,2025-12-18,87000.0
KH00805,2025-12-18,197000.0
KH01154,2025-12-18,415000.0
KH02400,2025-12-18,165000.0
KH01149,2025-12-18,76000.0
KH01561,2025-12-18,79000.0
KH02095,2025-12-18,763000.0
KH02439,2025-12-18,381000.0
KH00881,2025-12-18,379000.0
KH01145,2025-12-18,101000.0
KH00044,2025-12-18,141000.0
KH01549,2025-12-19,104000.0
KH01912,2025-12-19,100000.0
KH02304,2025-12-19,1587000.0
KH02128,2025-12-19,101000.0
KH00207,2025-12-19,169000.0
KH02265,2025-12-19,87000.0
KH00179,2025-12-19,359000.0
KH02188,2025-12-19,143000.0
KH02234,2025-12-19,94000.0
KH01901,2025-12-19,326000.0
KH01122,2025-12-19,281000.0
KH01377,2025-12-19,218000.0
KH01293,2025-12-19,326000.0
KH01852,2025-12-19,212000.0
KH01500,2025-12-19,243000.0
KH01077,2025-12-19,419000.0
KH00460,2025-12-19,43000.0
KH01519,2025-12-19,347000.0
KH01161,2025-12-19,207000.0
KH00055,2025-12-19,110000.0
KH01660,2025-12-19,374000.0
KH01774,2025-12-19,533000.0
KH00498,2025-12-19,121000.0
KH02262,2025-12-19,303000.0
KH01848,2025-12-19,123000.0
KH00827,2025-12-19,155000.0
KH00515,2025-12-19,748000.0
KH01531,2025-12-19,101000.0
KH00582,2025-12-19,1682000.0
KH01296,2025-12-19,91000.0
KH00687,2025-12-19,264000.0
KH01009,2025-12-19,790000.0
KH01750,2025-12-19,639000.0
KH02284,2025-12-19,97000.0
KH00498,2025-12-19,236000.0
KH02060,2025-12-19,188000.0
KH00021,2025-12-19,154000.0
KH01269,2025-12-19,466000.0
KH00564,2025-12-19,110000.0
KH02482,2025-12-19,738000.0
KH01817,2025-12-19,289000.0
KH01482,2025-12-19,739000.0
KH01454,2025-12-19,624000.0
KH01509,2025-12-19,121000.0
KH01401,2025-12-19,244000.0
KH00213,2025-12-19,121000.0
KH02158,2025-12-19,53000.0
KH01091,2025-12-19,558000.0
KH00859,2025-12-19,19000.0
KH02480,2025-12-19,126000.0
KH00141,2025-12-19,428000.0
KH01935,2025-12-19,937000.0
KH01574,2025-12-19,29000.0
KH01058,2025-12-19,76000.0
KH01055,2025-12-19,111000.0
KH01097,2025-12-19,202000.0
KH01612,2025-12-19,227000.0
KH00687,2025-12-19,351000.0
KH00641,2025-12-19,193000.0
KH01579,2025-12-19,422000.0
KH02348,2025-12-19,148000.0
KH00972,2025-12-19,110000.0
KH02158,2025-12-19,134000.0
KH00064,2025-12-19,405000.0
KH00014,2025-12-19,338000.0
KH00078,2025-12-19,535000.0
KH01808,2025-12-19,217000.0
KH01121,2025-12-19,256000.0
KH02396,2025-12-19,231000.0
KH02386,2025-12-19,348000.0
KH02075,2025-12-19,101000.0
KH00637,2025-12-19,907000.0
KH00997,2025-12-19,127000.0
KH00505,2025-12-19,1056000.0
KH02401,2025-12-19,179000.0
KH00002,2025-12-19,187000.0
KH02068,2025-12-19,418000.0
KH00281,2025-12-19,626000.0
KH01840,2025-12-20,638000.0
KH01134,2025-12-20,253000.0
KH02144,2025-12-20,315000.0
KH02037,2025-12-20,226000.0
KH01929,2025-12-20,182000.0
KH01206,2025-12-20,140000.0
KH01773,2025-12-20,225000.0
KH00388,2025-12-20,205000.0
KH00033,2025-12-20,323000.0
KH01823,2025-12-20,94000.0
KH01504,2025-12-20,232000.0
KH01063,2025-12-20,64000.0
KH00408,2025-12-20,161000.0
KH01382,2025-12-20,121000.0
KH01730,2025-12-20,459000.0
KH01965,2025-12-20,926000.0
KH02483,2025-12-20,928000.0
KH01300,2025-12-20,180000.0
KH00154,2025-12-20,348000.0
KH01896,2025-12-20,179000.0
KH00566,2025-12-20,219000.0
KH00111,2025-12-20,133000.0
KH02331,2025-12-20,40000.0
KH01600,2025-12-20,43000.0
KH02076,2025-12-20,140000.0
KH00174,2025-12-20,299000.0
KH02491,2025-12-20,27000.0
KH00379,2025-12-20,116000.0
KH00962,2025-12-20,187000.0
KH01751,2025-12-20,124000.0
KH02128,2025-12-20,657000.0
KH00599,2025-12-20,147000.0
KH01073,2025-12-20,162000.0
KH00529,2025-12-20,867000.0
KH00673,2025-12-20,40000.0
KH00262,2025-12-20,297000.0
KH01759,2025-12-20,80000.0
KH01651,2025-12-20,252000.0
KH01701,2025-12-20,97000.0
KH01678,2025-12-20,205000.0
KH00149,2025-12-20,169000.0
KH02275,2025-12-20,145000.0
KH00922,2025-12-20,112000.0
KH00432,2025-12-20,560000.0
KH00648,2025-12-20,176000.0
KH00877,2025-12-20,539000.0
KH00043,2025-12-20,75000.0
KH01670,2025-12-20,313000.0
KH02060,2025-12-20,412000.0
KH01023,2025-12-20,122000.0
KH02313,2025-12-20,126000.0
KH00407,2025-12-20,127000.0
KH00179,2025-12-20,270000.0
KH02429,2025-12-20,398000.0
KH00116,2025-12-20,151000.0
KH01193,2025-12-20,200000.0
KH01395,2025-12-20,1280000.0
KH01058,2025-12-20,52000.0
KH02484,2025-12-20,345000.0
KH02067,2025-12-20,69000.0
KH00972,2025-12-20,735000.0
KH01414,2025-12-20,186000.0
KH01345,2025-12-20,73000.0
KH01944,2025-12-20,113000.0
KH00179,2025-12-20,270000.0
KH02444,2025-12-20,654000.0
KH00365,2025-12-20,103000.0
KH01852,2025-12-20,433000.0
KH01300,2025-12-20,955000.0
KH02486,2025-12-20,174000.0
KH00770,2025-12-20,855000.0
KH01429,2025-12-20,333000.0
KH00957,2025-12-20,259000.0
KH00560,2025-12-20,148000.0
KH00386,2025-12-20,177000.0
KH00074,2025-12-20,63000.0
KH00387,2025-12-21,459000.0
KH01100,2025-12-21,144000.0
KH00799,2025-12-21,142000.0
KH01942,2025-12-21,105000.0
KH00244,2025-12-21,240000.0
KH02327,2025-12-21,249000.0
KH01001,2025-12-21,555000.0
KH01371,2025-12-21,171000.0
KH00078,2025-12-21,274000.0
KH01091,2025-12-21,88000.0
KH01150,2025-12-21,163000.0
KH00803,2025-12-21,594000.0
KH01733,2025-12-21,53000.0
KH00709,2025-12-21,300000.0
KH00632,2025-12-21,86000.0
KH00407,2025-12-21,163000.0
KH02240,2025-12-21,725000.0
KH00853,2025-12-21,573000.0
KH01647,2025-12-21,437000.0
KH00515,2025-12-21,201000.0
KH02275,2025-12-21,165000.0
KH00632,2025-12-21,135000.0
KH02069,2025-12-21,66000.0
KH01184,2025-12-21,173000.0
KH02118,2025-12-21,1266000.0
KH00710,2025-12-21,111000.0
KH01250,2025-12-21,229000.0
KH01702,2025-12-21,106000.0
KH02034,2025-12-21,52000.0
KH02348,2025-12-21,454000.0
KH00544,2025-12-21,301000.0
KH02486,2025-12-21,215000.0
KH01293,2025-12-21,721000.0
KH01265,2025-12-21,147000.0
KH02161,2025-12-21,553000.0
KH01619,2025-12-21,231000.0
KH01767,2025-12-21,265000.0
KH00630,2025-12-21,266000.0
KH01716,2025-12-21,136000.0
KH01382,2025-12-21,181000.0
KH00950,2025-12-21,168000.0
KH02266,2025-12-21,57000.0
KH00987,2025-12-21,82000.0
KH01647,2025-12-21,159000.0
KH01840,2025-12-21,239000.0
KH01062,2025-12-21,241000.0
KH01932,2025-12-21,70000.0
KH01069,2025-12-21,250000.0
KH00573,2025-12-21,299000.0
KH02066,2025-12-21,109000.0
KH01229,2025-12-21,373000.0
KH02282,2025-12-21,246000.0
KH01892,2025-12-21,68000.0
KH00770,2025-12-21,420000.0
KH01342,2025-12-21,388000.0
KH01696,2025-12-21,341000.0
KH01136,2025-12-21,197000.0
KH00018,2025-12-21,95000.0
KH01257,2025-12-21,27000.0
KH02176,2025-12-21,375000.0
KH00718,2025-12-21,184000.0
KH00066,2025-12-21,46000.0
KH02194,2025-12-21,261000.0
KH00774,2025-12-21,219000.0
KH00497,2025-12-21,73000.0
KH00324,2025-12-21,70000.0
KH00519,2025-12-21,266000.0
KH00618,2025-12-21,50000.0
KH00170,2025-12-21,176000.0
KH00922,2025-12-21,343000.0
KH01549,2025-12-21,111000.0
KH00769,2025-12-21,217000.0
KH01201,2025-12-21,29000.0
KH00247,2025-12-21,150000.0
KH00460,2025-12-21,193000.0
KH00553,2025-12-21,183000.0
KH02139,2025-12-21,396000.0
KH02439,2025-12-21,719000.0
KH01349,2025-12-21,729000.0
KH00533,2025-12-21,279000.0
KH01884,2025-12-21,545000.0
KH00889,2025-12-21,285000.0
KH01454,2025-12-22,151000.0
KH01779,2025-12-22,95000.0
KH00979,2025-12-22,151000.0
KH01399,2025-12-22,258000.0
KH00555,2025-12-22,285000.0
KH01767,2025-12-22,315000.0
KH01105,2025-12-22,59000.0
KH00544,2025-12-22,360000.0
KH00689,2025-12-22,333000.0
KH00047,2025-12-22,364000.0
KH00027,2025-12-22,66000.0
KH00744,2025-12-22,113000.0
KH01857,2025-12-22,160000.0
KH00677,2025-12-22,101000.0
KH00044,2025-12-22,160000.0
KH00729,2025-12-22,142000.0
KH01186,2025-12-22,54000.0
KH01395,2025-12-22,779000.0
KH01605,2025-12-22,125000.0
KH01602,2025-12-22,1144000.0
KH01135,2025-12-22,91000.0
KH01589,2025-12-22,970000.0
KH00687,2025-12-22,196000.0
KH02200,2025-12-22,596000.0
KH02164,2025-12-22,76000.0
KH00548,2025-12-22,82000.0
KH02311,2025-12-22,281000.0
KH01262,2025-12-22,173000.0
KH01481,2025-12-22,183000.0
KH01853,2025-12-22,212000.0
KH00944,2025-12-22,75000.0
KH00056,2025-12-22,234000.0
KH01839,2025-12-22,388000.0
KH00119,2025-12-22,83000.0
KH00976,2025-12-22,188000.0
KH00119,2025-12-22,63000.0
KH00922,2025-12-22,228000.0
KH02320,2025-12-22,433000.0
KH00931,2025-12-22,143000.0
KH00821,2025-12-22,217000.0
KH01936,2025-12-22,242000.0
KH01218,2025-12-22,182000.0
KH00322,2025-12-22,69000.0
KH00199,2025-12-22,241000.0
KH00984,2025-12-22,54000.0
KH00607,2025-12-22,143000.0
KH00333,2025-12-22,284000.0
KH01363,2025-12-22,353000.0
KH02074,2025-12-22,81000.0
KH01497,2025-12-22,280000.0
KH00686,2025-12-22,138000.0
KH00808,2025-12-22,280000.0
KH00198,2025-12-22,301000.0
KH01201,2025-12-22,481000.0
KH01948,2025-12-22,171000.0
KH02444,2025-12-22,56000.0
KH00689,2025-12-22,245000.0
KH01464,2025-12-22,139000.0
KH00519,2025-12-22,183000.0
KH01004,2025-12-22,46000.0
KH01914,2025-12-22,149000.0
KH01553,2025-12-22,59000.0
KH01419,2025-12-22,298000.0
KH01536,2025-12-22,312000.0
KH00491,2025-12-22,1184000.0
KH02061,2025-12-22,625000.0
KH00082,2025-12-23,260000.0
KH00176,2025-12-23,238000.0
KH00402,2025-12-23,77000.0
KH00135,2025-12-23,28000.0
KH00794,2025-12-23,489000.0
KH01470,2025-12-23,117000.0
KH02075,2025-12-23,727000.0
KH00216,2025-12-23,158000.0
KH01195,2025-12-23,246000.0
KH02050,2025-12-23,174000.0
KH00735,2025-12-23,36000.0
KH01001,2025-12-23,88000.0
KH01287,2025-12-23,424000.0
KH01444,2025-12-23,56000.0
KH01644,2025-12-23,297000.0
KH00024,2025-12-23,270000.0
KH01173,2025-12-23,215000.0
KH01361,2025-12-23,216000.0
KH01072,2025-12-23,207000.0
KH01334,2025-12-23,174000.0
KH02227,2025-12-23,188000.0
KH00403,2025-12-23,164000.0
KH01302,2025-12-23,468000.0
KH01484,2025-12-23,158000.0
KH02304,2025-12-23,245000.0
KH01946,2025-12-23,46000.0
KH01381,2025-12-23,288000.0
KH00589,2025-12-23,212000.0
KH00305,2025-12-23,424000.0
KH01791,2025-12-23,435000.0
KH01678,2025-12-23,332000.0
KH00808,2025-12-23,433000.0
KH01589,2025-12-23,236000.0
KH02095,2025-12-23,309000.0
KH02354,2025-12-23,169000.0
KH01524,2025-12-23,180000.0
KH02483,2025-12-23,498000.0
KH01614,2025-12-23,224000.0
KH00570,2025-12-23,570000.0
KH02225,2025-12-23,165000.0
KH00801,2025-12-23,234000.0
KH01506,2025-12-23,141000.0
KH00181,2025-12-23,649000.0
KH00970,2025-12-23,164000.0
KH00948,2025-12-23,173000.0
KH01458,2025-12-23,165000.0
KH02360,2025-12-23,172000.0
KH01951,2025-12-23,175000.0
KH02491,2025-12-23,254000.0
KH02121,2025-12-23,392000.0
KH00244,2025-12-23,522000.0
KH00102,2025-12-23,663000.0
KH00151,2025-12-23,60000.0
KH02015,2025-12-23,324000.0
KH00390,2025-12-23,153000.0
KH01187,2025-12-23,195000.0
KH01122,2025-12-23,290000.0
KH00861,2025-12-23,217000.0
KH00906,2025-12-23,101000.0
KH00063,2025-12-23,176000.0
KH02292,2025-12-23,44000.0
KH01665,2025-12-23,535000.0
KH00350,2025-12-23,353000.0
KH01615,2025-12-23,138000.0
KH01146,2025-12-23,72000.0
KH00694,2025-12-23,237000.0
KH01315,2025-12-24,84000.0
KH00596,2025-12-24,308000.0
KH01055,2025-12-24,679000.0
KH01591,2025-12-24,205000.0
KH01051,2025-12-24,143000.0
KH00240,2025-12-24,650000.0
KH01307,2025-12-24,97000.0
KH01380,2025-12-24,695000.0
KH01076,2025-12-24,246000.0
KH01271,2025-12-24,533000.0
KH02173,2025-12-24,942000.0
KH00078,2025-12-24,69000.0
KH01274,2025-12-24,390000.0
KH02362,2025-12-24,222000.0
KH02015,2025-12-24,712000.0
KH02377,2025-12-24,419000.0
KH02470,2025-12-24,72000.0
KH00661,2025-12-24,235000.0
KH00941,2025-12-24,46000.0
KH02486,2025-12-24,197000.0
KH01860,2025-12-24,1204000.0
KH02246,2025-12-24,133000.0
KH00197,2025-12-24,66000.0
KH02453,2025-12-24,136000.0
KH00510,2025-12-24,88000.0
KH02457,2025-12-24,265000.0
KH00054,2025-12-24,109000.0
KH02194,2025-12-24,338000.0
KH00144,2025-12-24,86000.0
KH01713,2025-12-24,309000.0
KH02213,2025-12-24,194000.0
KH00526,2025-12-24,302000.0
KH01213,2025-12-24,235000.0
KH02230,2025-12-24,124000.0
KH02453,2025-12-24,298000.0
KH01220,2025-12-24,259000.0
KH01551,2025-12-24,363000.0
KH02118,2025-12-24,457000.0
KH00767,2025-12-24,195000.0
KH00554,2025-12-24,28000.0
KH00936,2025-12-24,120000.0
KH00949,2025-12-24,188000.0
KH01561,2025-12-24,61000.0
KH00963,2025-12-24,47000.0
KH00328,2025-12-24,252000.0
KH00227,2025-12-24,284000.0
KH00589,2025-12-24,138000.0
KH00992,2025-12-24,632000.0
KH00893,2025-12-24,94000.0
KH00940,2025-12-24,134000.0
KH00453,2025-12-24,103000.0
KH00771,2025-12-24,333000.0
KH00070,2025-12-24,65000.0
KH02380,2025-12-24,208000.0
KH00855,2025-12-24,161000.0
KH01531,2025-12-24,67000.0
KH00032,2025-12-24,250000.0
KH00249,2025-12-24,109000.0
KH01395,2025-12-24,66000.0
KH01933,2025-12-24,603000.0
KH01934,2025-12-24,90000.0
KH02102,2025-12-24,252000.0
KH01823,2025-12-24,483000.0
KH00685,2025-12-24,65000.0
KH00348,2025-12-24,108000.0
KH01578,2025-12-24,550000.0
KH00287,2025-12-24,97000.0
KH02030,2025-12-24,219000.0
KH00827,2025-12-24,356000.0
KH00750,2025-12-24,244000.0
KH00776,2025-12-24,28000.0
KH01569,2025-12-24,274000.0
KH00224,2025-12-24,415000.0
KH00573,2025-12-24,252000.0
KH02061,2025-12-24,108000.0
KH00600,2025-12-24,189000.0
KH02469,2025-12-24,77000.0
KH00137,2025-12-24,316000.0
KH01917,2025-12-24,531000.0
KH00831,2025-12-24,144000.0
KH01671,2025-12-24,286000.0
KH01036,2025-12-24,1683000.0
KH01430,2025-12-24,393000.0
KH01170,2025-12-24,86000.0
KH01999,2025-12-24,69000.0
KH00381,2025-12-24,359000.0
KH02346,2025-12-25,269000.0
KH02471,2025-12-25,237000.0
KH00894,2025-12-25,193000.0
KH00295,2025-12-25,308000.0
KH00145,2025-12-25,405000.0
KH01714,2025-12-25,94000.0
KH00132,2025-12-25,217000.0
KH01596,2025-12-25,336000.0
KH00307,2025-12-25,274000.0
KH00329,2025-12-25,36000.0
KH02083,2025-12-25,265000.0
KH02091,2025-12-25,392000.0
KH01150,2025-12-25,320000.0
KH00102,2025-12-25,574000.0
KH01502,2025-12-25,362000.0
KH00687,2025-12-25,305000.0
KH01570,2025-12-25,231000.0
KH02181,2025-12-25,196000.0
KH00327,2025-12-25,696000.0
KH01856,2025-12-25,80000.0
KH02487,2025-12-25,117000.0
KH01933,2025-12-25,48000.0
KH02049,2025-12-25,145000.0
KH00184,2025-12-25,94000.0
KH02467,2025-12-25,282000.0
KH01656,2025-12-25,181000.0
KH01608,2025-12-25,350000.0
KH01388,2025-12-25,317000.0
KH01213,2025-12-25,129000.0
KH00234,2025-12-25,794000.0
KH01849,2025-12-25,241000.0
KH00565,2025-12-25,87000.0
KH00856,2025-12-25,277000.0
KH00428,2025-12-25,807000.0
KH01282,2025-12-25,87000.0
KH01882,2025-12-25,327000.0
KH00613,2025-12-25,282000.0
KH00184,2025-12-25,210000.0
KH00656,2025-12-25,93000.0
KH02374,2025-12-25,446000.0
KH01851,2025-12-25,296000.0
KH01247,2025-12-25,57000.0
KH01852,2025-12-25,103000.0
KH01932,2025-12-25,215000.0
KH02212,2025-12-25,632000.0
KH00599,2025-12-25,477000.0
KH02411,2025-12-25,252000.0
KH01781,2025-12-25,117000.0
KH01976,2025-12-25,77000.0
KH02470,2025-12-25,165000.0
KH00078,2025-12-25,73000.0
KH02327,2025-12-25,162000.0
KH00033,2025-12-25,216000.0
KH02040,2025-12-25,364000.0
KH00337,2025-12-25,20000.0
KH00954,2025-12-25,253000.0
KH00335,2025-12-25,215000.0
KH00170,2025-12-25,142000.0
KH00533,2025-12-25,93000.0
KH02076,2025-12-25,327000.0
KH01500,2025-12-25,234000.0
KH02004,2025-12-25,320000.0
KH01395,2025-12-25,97000.0
KH00618,2025-12-25,145000.0
KH01067,2025-12-25,333000.0
KH01287,2025-12-25,657000.0
KH01058,2025-12-25,41000.0
KH01431,2025-12-25,216000.0
KH02224,2025-12-25,236000.0
KH01786,2025-12-25,177000.0
KH01048,2025-12-25,301000.0
KH02228,2025-12-25,878000.0
KH00820,2025-12-25,510000.0
KH01407,2025-12-25,340000.0
KH01563,2025-12-25,186000.0
KH02278,2025-12-25,47000.0
KH01522,2025-12-25,183000.0
KH01197,2025-12-25,244000.0
KH01739,2025-12-25,63000.0
KH01771,2025-12-25,179000.0
KH00527,2025-12-25,179000.0
KH01118,2025-12-25,67000.0
KH00698,2025-12-25,307000.0
KH00856,2025-12-26,278000.0
KH01058,2025-12-26,213000.0
KH02170,2025-12-26,847000.0
KH01148,2025-12-26,224000.0
KH00233,2025-12-26,31000.0
KH02329,2025-12-26,122000.0
KH00711,2025-12-26,320000.0
KH00960,2025-12-26,197000.0
KH02168,2025-12-26,167000.0
KH01212,2025-12-26,217000.0
KH00415,2025-12-26,157000.0
KH01684,2025-12-26,374000.0
KH01304,2025-12-26,299000.0
KH01257,2025-12-26,412000.0
KH01348,2025-12-26,197000.0
KH01039,2025-12-26,132000.0
KH01240,2025-12-26,173000.0
KH01199,2025-12-26,640000.0
KH00335,2025-12-26,155000.0
KH00801,2025-12-26,130000.0
KH01091,2025-12-26,627000.0
KH00589,2025-12-26,219000.0
KH01351,2025-12-26,503000.0
KH01799,2025-12-26,34000.0
KH01135,2025-12-26,147000.0
KH01520,2025-12-26,111000.0
KH00087,2025-12-26,228000.0
KH02200,2025-12-26,102000.0
KH00008,2025-12-26,746000.0
KH02426,2025-12-26,86000.0
KH00460,2025-12-26,510000.0
KH02178,2025-12-26,339000.0
KH01228,2025-12-26,250000.0
KH00919,2025-12-26,550000.0
KH00272,2025-12-26,765000.0
KH02452,2025-12-26,151000.0
KH00078,2025-12-26,121000.0
KH01473,2025-12-26,259000.0
KH00354,2025-12-26,338000.0
KH01234,2025-12-26,47000.0
KH00014,2025-12-26,157000.0
KH01759,2025-12-26,280000.0
KH00405,2025-12-26,161000.0
KH01135,2025-12-26,239000.0
KH01938,2025-12-26,117000.0
KH02439,2025-12-26,124000.0
KH00458,2025-12-26,600000.0
KH01565,2025-12-26,79000.0
KH01794,2025-12-26,124000.0
KH02027,2025-12-26,479000.0
KH02178,2025-12-26,169000.0
KH01105,2025-12-26,188000.0
KH02130,2025-12-26,107000.0
KH02270,2025-12-26,67000.0
KH01594,2025-12-26,123000.0
KH01406,2025-12-26,415000.0
KH00248,2025-12-26,287000.0
KH02186,2025-12-26,117000.0
KH00288,2025-12-26,148000.0
KH00896,2025-12-26,168000.0
KH01256,2025-12-26,648000.0
KH00679,2025-12-26,241000.0
KH00769,2025-12-26,170000.0
KH00078,2025-12-26,217000.0
KH00612,2025-12-26,1622000.0
KH02214,2025-12-26,36000.0
KH00580,2025-12-26,123000.0
KH00599,2025-12-26,95000.0
KH01526,2025-12-26,354000.0
KH00498,2025-12-26,180000.0
KH02060,2025-12-26,149000.0
KH00269,2025-12-26,117000.0
KH00908,2025-12-26,300000.0
KH00833,2025-12-26,156000.0
KH00100,2025-12-26,279000.0
KH01168,2025-12-26,196000.0
KH00466,2025-12-26,266000.0
KH01962,2025-12-26,78000.0
KH01785,2025-12-26,66000.0
KH01471,2025-12-26,201000.0
KH02490,2025-12-27,38000.0
KH00132,2025-12-27,254000.0
KH02227,2025-12-27,399000.0
KH01423,2025-12-27,75000.0
KH00948,2025-12-27,111000.0
KH00409,2025-12-27,406000.0
KH02122,2025-12-27,280000.0
KH01935,2025-12-27,252000.0
KH01014,2025-12-27,169000.0
KH01286,2025-12-27,229000.0
KH01025,2025-12-27,199000.0
KH01793,2025-12-27,213000.0
KH00890,2025-12-27,166000.0
KH01133,2025-12-27,132000.0
KH00647,2025-12-27,309000.0
KH01935,2025-12-27,305000.0
KH00209,2025-12-27,162000.0
KH01622,2025-12-27,431000.0
KH00428,2025-12-27,125000.0
KH00212,2025-12-27,220000.0
KH00992,2025-12-27,350000.0
KH00781,2025-12-27,500000.0
KH00421,2025-12-27,167000.0
KH00130,2025-12-27,79000.0
KH01621,2025-12-27,83000.0
KH00254,2025-12-27,43000.0
KH00535,2025-12-27,212000.0
KH00550,2025-12-27,228000.0
KH02133,2025-12-27,131000.0
KH00455,2025-12-27,56000.0
KH01779,2025-12-27,100000.0
KH00499,2025-12-27,85000.0
KH02348,2025-12-27,85000.0
KH01734,2025-12-27,407000.0
KH00239,2025-12-27,47000.0
KH00773,2025-12-27,176000.0
KH00537,2025-12-27,209000.0
KH00395,2025-12-27,264000.0
KH00936,2025-12-27,786000.0
KH00212,2025-12-27,712000.0
KH00695,2025-12-27,894000.0
KH00235,2025-12-27,867000.0
KH01777,2025-12-27,141000.0
KH00136,2025-12-27,284000.0
KH00960,2025-12-27,72000.0
KH01537,2025-12-27,89000.0
KH00958,2025-12-27,142000.0
KH01479,2025-12-27,167000.0
KH02136,2025-12-27,74000.0
KH01045,2025-12-27,243000.0
KH02078,2025-12-27,72000.0
KH00305,2025-12-27,41000.0
KH02255,2025-12-27,600000.0
KH01512,2025-12-27,361000.0
KH02293,2025-12-27,135000.0
KH00686,2025-12-27,224000.0
KH01004,2025-12-27,75000.0
KH00070,2025-12-27,128000.0
KH00913,2025-12-27,605000.0
KH01959,2025-12-27,111000.0
KH00020,2025-12-27,94000.0
KH02465,2025-12-27,236000.0
KH01236,2025-12-27,373000.0
KH00923,2025-12-27,1941000.0
KH00294,2025-12-27,309000.0
KH02174,2025-12-27,507000.0
KH02408,2025-12-27,318000.0
KH00137,2025-12-27,561000.0
KH00793,2025-12-27,355000.0
KH00637,2025-12-27,356000.0
KH00548,2025-12-27,118000.0
KH00291,2025-12-27,414000.0
KH00111,2025-12-27,656000.0
KH01281,2025-12-27,228000.0
KH01032,2025-12-27,96000.0
KH00294,2025-12-27,408000.0
KH01351,2025-12-27,218000.0
KH01146,2025-12-28,271000.0
KH01652,2025-12-28,70000.0
KH01437,2025-12-28,42000.0
KH01264,2025-12-28,91000.0
KH00151,2025-12-28,59000.0
KH01752,2025-12-28,206000.0
KH00448,2025-12-28,97000.0
KH01618,2025-12-28,431000.0
KH02092,2025-12-28,435000.0
KH02469,2025-12-28,54000.0
KH00503,2025-12-28,290000.0
KH01507,2025-12-28,397000.0
KH01976,2025-12-28,255000.0
KH02178,2025-12-28,76000.0
KH00145,2025-12-28,173000.0
KH00781,2025-12-28,557000.0
KH00625,2025-12-28,529000.0
KH00626,2025-12-28,58000.0
KH00972,2025-12-28,320000.0
KH00460,2025-12-28,755000.0
KH02494,2025-12-28,212000.0
KH02499,2025-12-28,182000.0
KH00941,2025-12-28,152000.0
KH00723,2025-12-28,97000.0
KH01072,2025-12-28,234000.0
KH00726,2025-12-28,551000.0
KH00525,2025-12-28,197000.0
KH01544,2025-12-28,162000.0
KH01254,2025-12-28,36000.0
KH01106,2025-12-28,115000.0
KH00570,2025-12-28,50000.0
KH01503,2025-12-28,200000.0
KH00346,2025-12-28,149000.0
KH00617,2025-12-28,900000.0
KH01080,2025-12-28,317000.0
KH01725,2025-12-28,349000.0
KH00903,2025-12-28,454000.0
KH02473,2025-12-28,68000.0
KH00278,2025-12-28,87000.0
KH00148,2025-12-28,246000.0
KH00488,2025-12-28,265000.0
KH02283,2025-12-28,190000.0
KH00151,2025-12-28,167000.0
KH00480,2025-12-28,127000.0
KH01621,2025-12-28,192000.0
KH00480,2025-12-28,126000.0
KH01374,2025-12-28,72000.0
KH00911,2025-12-28,95000.0
KH00229,2025-12-28,265000.0
KH02145,2025-12-28,143000.0
KH01671,2025-12-28,219000.0
KH02090,2025-12-28,88000.0
KH02315,2025-12-28,115000.0
KH01426,2025-12-28,158000.0
KH00404,2025-12-28,592000.0
KH02062,2025-12-28,75000.0
KH01066,2025-12-28,191000.0
KH01220,2025-12-28,951000.0
KH01106,2025-12-28,103000.0
KH01076,2025-12-28,485000.0
KH01321,2025-12-28,108000.0
KH01392,2025-12-28,76000.0
KH00944,2025-12-28,212000.0
KH00619,2025-12-28,270000.0
KH00432,2025-12-28,394000.0
KH00439,2025-12-28,152000.0
KH00709,2025-12-28,209000.0
KH00890,2025-12-28,276000.0
KH01254,2025-12-28,407000.0
KH02129,2025-12-28,49000.0
KH00330,2025-12-28,136000.0
KH01640,2025-12-28,251000.0
KH02100,2025-12-28,188000.0
KH01278,2025-12-28,265000.0
KH01356,2025-12-28,100000.0
KH01397,2025-12-29,168000.0
KH00276,2025-12-29,264000.0
KH02429,2025-12-29,142000.0
KH01861,2025-12-29,202000.0
KH00441,2025-12-29,142000.0
KH00856,2025-12-29,333000.0
KH02283,2025-12-29,182000.0
KH01458,2025-12-29,168000.0
KH02024,2025-12-29,409000.0
KH00151,2025-12-29,293000.0
KH00837,2025-12-29,184000.0
KH02052,2025-12-29,67000.0
KH01344,2025-12-29,243000.0
KH00041,2025-12-29,145000.0
KH01747,2025-12-29,117000.0
KH02109,2025-12-29,90000.0
KH01773,2025-12-29,157000.0
KH00586,2025-12-29,269000.0
KH01091,2025-12-29,269000.0
KH02218,2025-12-29,638000.0
KH01851,2025-12-29,209000.0
KH00022,2025-12-29,178000.0
KH00107,2025-12-29,243000.0
KH00986,2025-12-29,46000.0
KH02144,2025-12-29,84000.0
KH01299,2025-12-29,217000.0
KH01581,2025-12-29,151000.0
KH01615,2025-12-29,146000.0
KH00680,2025-12-29,482000.0
KH00749,2025-12-29,64000.0
KH01847,2025-12-29,674000.0
KH00486,2025-12-29,287000.0
KH00774,2025-12-29,230000.0
KH02488,2025-12-29,325000.0
KH00649,2025-12-29,401000.0
KH02262,2025-12-29,116000.0
KH01103,2025-12-29,92000.0
KH01181,2025-12-29,261000.0
KH00911,2025-12-29,279000.0
KH01467,2025-12-29,88000.0
KH01853,2025-12-29,381000.0
KH01462,2025-12-29,175000.0
KH01371,2025-12-29,40000.0
KH01736,2025-12-29,105000.0
KH02361,2025-12-29,56000.0
KH00499,2025-12-29,140000.0
KH01231,2025-12-29,646000.0
KH02040,2025-12-29,99000.0
KH00723,2025-12-29,346000.0
KH01577,2025-12-29,94000.0
KH01569,2025-12-29,631000.0
KH01958,2025-12-29,119000.0
KH00364,2025-12-29,136000.0
KH01496,2025-12-29,310000.0
KH00404,2025-12-29,336000.0
KH01396,2025-12-29,142000.0
KH00807,2025-12-29,420000.0
KH02076,2025-12-29,438000.0
KH00332,2025-12-29,100000.0
KH01372,2025-12-29,287000.0
KH00974,2025-12-29,137000.0
KH01684,2025-12-29,155000.0
KH00750,2025-12-29,161000.0
KH00979,2025-12-29,218000.0
KH00607,2025-12-29,408000.0
KH01803,2025-12-29,228000.0
KH00935,2025-12-29,156000.0
KH00622,2025-12-29,150000.0
KH00840,2025-12-29,168000.0
KH01042,2025-12-29,405000.0
KH00467,2025-12-29,100000.0
KH00651,2025-12-29,160000.0
KH00520,2025-12-29,253000.0
KH00199,2025-12-29,1044000.0
KH02205,2025-12-29,724000.0
KH00150,2025-12-29,114000.0
KH01519,2025-12-29,281000.0
KH00273,2025-12-29,212000.0
KH00230,2025-12-29,300000.0
KH00124,2025-12-29,68000.0
KH01834,2025-12-30,373000.0
KH02013,2025-12-30,346000.0
KH00742,2025-12-30,109000.0
KH01861,2025-12-30,194000.0
KH00645,2025-12-30,96000.0
KH00055,2025-12-30,153000.0
KH02383,2025-12-30,198000.0
KH02052,2025-12-30,2377000.0
KH02329,2025-12-30,181000.0
KH00074,2025-12-30,319000.0
KH01958,2025-12-30,215000.0
KH01978,2025-12-30,153000.0
KH01100,2025-12-30,468000.0
KH01054,2025-12-30,197000.0
KH02278,2025-12-30,149000.0
KH02061,2025-12-30,232000.0
KH00932,2025-12-30,517000.0
KH00850,2025-12-30,59000.0
KH00428,2025-12-30,500000.0
KH01009,2025-12-30,57000.0
KH01265,2025-12-30,330000.0
KH00460,2025-12-30,227000.0
KH00987,2025-12-30,56000.0
KH01145,2025-12-30,66000.0
KH01865,2025-12-30,257000.0
KH02221,2025-12-30,503000.0
KH01402,2025-12-30,258000.0
KH00266,2025-12-30,315000.0
KH01187,2025-12-30,1315000.0
KH01298,2025-12-30,212000.0
KH01498,2025-12-30,114000.0
KH01066,2025-12-30,250000.0
KH00689,2025-12-30,368000.0
KH02320,2025-12-30,88000.0
KH02358,2025-12-30,262000.0
KH00771,2025-12-30,1095000.0
KH02175,2025-12-30,290000.0
KH00476,2025-12-30,89000.0
KH00659,2025-12-30,438000.0
KH00010,2025-12-30,301000.0
KH02427,2025-12-30,414000.0
KH01327,2025-12-30,55000.0
KH00392,2025-12-30,155000.0
KH02199,2025-12-30,69000.0
KH01889,2025-12-30,422000.0
KH00675,2025-12-30,272000.0
KH02174,2025-12-30,122000.0
KH01439,2025-12-30,637000.0
KH00066,2025-12-30,81000.0
KH01118,2025-12-30,240000.0
KH00445,2025-12-30,210000.0
KH00636,2025-12-30,81000.0
KH00209,2025-12-30,304000.0
KH00913,2025-12-30,69000.0
KH01281,2025-12-30,312000.0
KH01479,2025-12-30,31000.0
KH00750,2025-12-30,160000.0
KH02473,2025-12-30,134000.0
KH01228,2025-12-30,140000.0
KH01736,2025-12-30,324000.0
KH00813,2025-12-30,473000.0
KH02016,2025-12-30,156000.0
KH01934,2025-12-30,262000.0
KH01565,2025-12-30,101000.0
KH00099,2025-12-30,308000.0
KH01920,2025-12-30,103000.0
KH01860,2025-12-30,299000.0
KH02380,2025-12-30,149000.0
KH00395,2025-12-30,37000.0
KH02223,2025-12-30,156000.0
KH01139,2025-12-30,20000.0
KH00687,2025-12-30,189000.0
KH00656,2025-12-30,68000.0
KH02280,2025-12-30,258000.0
KH01933,2025-12-30,131000.0
KH01183,2025-12-30,727000.0
KH01636,2025-12-30,156000.0
KH01663,2025-12-30,570000.0
KH02329,2025-12-30,427000.0
KH00217,2025-12-30,376000.0
KH00562,2025-12-30,265000.0
KH00191,2025-12-30,235000.0
KH00109,2025-12-30,487000.0
KH02190,2025-12-30,385000.0
KH01211,2025-12-30,578000.0
KH01106,2025-12-30,180000.0
KH00222,2025-12-30,53000.0
KH02271,2025-12-31,418000.0
KH00834,2025-12-31,91000.0
KH02223,2025-12-31,121000.0
KH00559,2025-12-31,410000.0
KH01028,2025-12-31,251000.0
KH01693,2025-12-31,370000.0
KH00364,2025-12-31,30000.0
KH01424,2025-12-31,157000.0
KH01817,2025-12-31,242000.0
KH01247,2025-12-31,423000.0
KH02329,2025-12-31,154000.0
KH00310,2025-12-31,375000.0
KH00363,2025-12-31,79000.0
KH00973,2025-12-31,180000.0
KH00365,2025-12-31,94000.0
KH02019,2025-12-31,130000.0
KH01100,2025-12-31,893000.0
KH00188,2025-12-31,46000.0
KH02003,2025-12-31,479000.0
KH00712,2025-12-31,118000.0
KH02206,2025-12-31,55000.0
KH01888,2025-12-31,87000.0
KH00115,2025-12-31,618000.0
KH00814,2025-12-31,798000.0
KH02272,2025-12-31,426000.0
KH02374,2025-12-31,338000.0
KH01658,2025-12-31,252000.0
KH00476,2025-12-31,126000.0
KH00377,2025-12-31,104000.0
KH00032,2025-12-31,253000.0
KH01354,2025-12-31,338000.0
KH00825,2025-12-31,339000.0
KH01849,2025-12-31,65000.0
KH02049,2025-12-31,589000.0
KH01410,2025-12-31,385000.0
KH02303,2025-12-31,305000.0
KH02482,2025-12-31,205000.0
KH01069,2025-12-31,89000.0
KH02259,2025-12-31,176000.0
KH01175,2025-12-31,193000.0
KH01804,2025-12-31,395000.0
KH01265,2025-12-31,81000.0
KH01288,2025-12-31,275000.0
KH01334,2025-12-31,410000.0
KH02240,2025-12-31,33000.0
KH00974,2025-12-31,296000.0
KH01405,2025-12-31,189000.0
KH00577,2025-12-31,294000.0
KH00738,2025-12-31,202000.0
KH00196,2025-12-31,711000.0
KH00873,2025-12-31,232000.0
KH00592,2025-12-31,62000.0
KH00677,2025-12-31,519000.0
KH01402,2025-12-31,90000.0
KH01463,2025-12-31,144000.0
KH01713,2025-12-31,30000.0
KH00565,2025-12-31,637000.0
KH00114,2025-12-31,636000.0
KH01929,2025-12-31,63000.0
KH01550,2025-12-31,85000.0
KH01173,2025-12-31,48000.0
KH01710,2025-12-31,61000.0
KH01974,2025-12-31,203000.0
KH01028,2025-12-31,34000.0
KH00430,2025-12-31,107000.0
KH01108,2025-12-31,1226000.0
KH00750,2025-12-31,61000.0
KH01315,2025-12-31,335000.0
KH00773,2025-12-31,206000.0
KH00616,2025-12-31,789000.0
KH01472,2025-12-31,491000.0
KH02280,2025-12-31,31000.0
KH01117,2025-12-31,57000.0
KH00329,2025-12-31,300000.0
KH00689,2025-12-31,430000.0
KH00022,2026-01-01,506000.0
KH01012,2026-01-01,229000.0
KH01084,2026-01-01,49000.0
KH00379,2026-01-01,85000.0
KH00164,2026-01-01,350000.0
KH00897,2026-01-01,159000.0
KH02227,2026-01-01,12000.0
KH02482,2026-01-01,854000.0
KH00767,2026-01-01,48000.0
KH02432,2026-01-01,439000.0
KH00420,2026-01-01,302000.0
KH00427,2026-01-01,164000.0
KH01435,2026-01-01,281000.0
KH02189,2026-01-01,295000.0
KH02304,2026-01-01,190000.0
KH01621,2026-01-01,86000.0
KH01770,2026-01-01,213000.0
KH00845,2026-01-01,308000.0
KH00648,2026-01-01,73000.0
KH02420,2026-01-01,90000.0
KH01432,2026-01-01,227000.0
KH01201,2026-01-01,125000.0
KH01641,2026-01-01,153000.0
KH02248,2026-01-01,55000.0
KH00777,2026-01-01,248000.0
KH00497,2026-01-01,71000.0
KH02264,2026-01-01,585000.0
KH00540,2026-01-01,374000.0
KH02403,2026-01-01,74000.0
KH01157,2026-01-01,89000.0
KH01485,2026-01-01,286000.0
KH02075,2026-01-01,214000.0
KH01671,2026-01-01,1039000.0
KH02055,2026-01-01,86000.0
KH01608,2026-01-01,356000.0
KH00064,2026-01-01,246000.0
KH01056,2026-01-01,112000.0
KH00686,2026-01-01,186000.0
KH01395,2026-01-01,170000.0
KH00504,2026-01-01,181000.0
KH01508,2026-01-01,304000.0
KH00067,2026-01-01,205000.0
KH00126,2026-01-01,674000.0
KH02259,2026-01-01,72000.0
KH01253,2026-01-01,214000.0
KH02176,2026-01-01,289000.0
KH00281,2026-01-01,288000.0
KH00293,2026-01-01,118000.0
KH01798,2026-01-01,761000.0
KH02128,2026-01-01,158000.0
KH00970,2026-01-01,168000.0
KH01371,2026-01-01,53000.0
KH01273,2026-01-01,98000.0
KH00010,2026-01-01,148000.0
KH00646,2026-01-01,1139000.0
KH01835,2026-01-01,126000.0
KH01758,2026-01-01,120000.0
KH02428,2026-01-01,142000.0
KH00216,2026-01-01,140000.0
KH01958,2026-01-01,168000.0
KH01504,2026-01-01,218000.0
KH01038,2026-01-01,76000.0
KH00994,2026-01-01,192000.0
KH02404,2026-01-01,165000.0
KH01178,2026-01-01,551000.0
KH00080,2026-01-01,96000.0
KH00835,2026-01-01,75000.0
KH00486,2026-01-02,186000.0
KH01870,2026-01-02,263000.0
KH02118,2026-01-02,194000.0
KH01290,2026-01-02,410000.0
KH00082,2026-01-02,85000.0
KH00258,2026-01-02,277000.0
KH00905,2026-01-02,127000.0
KH01989,2026-01-02,190000.0
KH01571,2026-01-02,160000.0
KH00567,2026-01-02,809000.0
KH01537,2026-01-02,150000.0
KH01857,2026-01-02,465000.0
KH02369,2026-01-02,60000.0
KH01709,2026-01-02,251000.0
KH00220,2026-01-02,348000.0
KH02472,2026-01-02,400000.0
KH01289,2026-01-02,260000.0
KH01628,2026-01-02,199000.0
KH01684,2026-01-02,326000.0
KH01274,2026-01-02,112000.0
KH01285,2026-01-02,167000.0
KH00744,2026-01-02,364000.0
KH00665,2026-01-02,808000.0
KH00606,2026-01-02,418000.0
KH01637,2026-01-02,166000.0
KH00936,2026-01-02,497000.0
KH00553,2026-01-02,404000.0
KH00916,2026-01-02,343000.0
KH02471,2026-01-02,148000.0
KH02343,2026-01-02,403000.0
KH01234,2026-01-02,109000.0
KH01458,2026-01-02,119000.0
KH01094,2026-01-02,543000.0
KH02199,2026-01-02,258000.0
KH01984,2026-01-02,236000.0
KH00360,2026-01-02,106000.0
KH01497,2026-01-02,244000.0
KH01420,2026-01-02,121000.0
KH02148,2026-01-02,152000.0
KH00856,2026-01-02,232000.0
KH00199,2026-01-02,656000.0
KH02075,2026-01-02,223000.0
KH01310,2026-01-02,126000.0
KH01371,2026-01-02,279000.0
KH01168,2026-01-02,199000.0
KH00746,2026-01-02,38000.0
KH01717,2026-01-02,353000.0
KH00307,2026-01-02,267000.0
KH00410,2026-01-02,205000.0
KH01647,2026-01-02,93000.0
KH00933,2026-01-02,539000.0
KH01450,2026-01-02,168000.0
KH00684,2026-01-02,291000.0
KH01413,2026-01-02,309000.0
KH01001,2026-01-02,326000.0
KH01146,2026-01-02,202000.0
KH01273,2026-01-02,390000.0
KH01973,2026-01-02,252000.0
KH01825,2026-01-02,668000.0
KH01406,2026-01-02,212000.0
KH02400,2026-01-02,57000.0
KH02250,2026-01-02,474000.0
KH01891,2026-01-02,153000.0
KH00718,2026-01-02,47000.0
KH02321,2026-01-02,165000.0
KH00808,2026-01-02,151000.0
KH00802,2026-01-02,79000.0
KH01283,2026-01-02,253000.0
KH02062,2026-01-02,120000.0
KH02259,2026-01-02,146000.0
KH01769,2026-01-02,155000.0
KH00718,2026-01-02,188000.0
KH01106,2026-01-02,506000.0
KH01053,2026-01-02,68000.0
KH00247,2026-01-02,237000.0
KH01770,2026-01-02,123000.0
KH01364,2026-01-02,1229000.0
KH00554,2026-01-02,76000.0
KH01472,2026-01-02,638000.0
KH01366,2026-01-02,256000.0
KH00905,2026-01-02,676000.0
KH01080,2026-01-02,206000.0
KH00430,2026-01-02,324000.0
KH01975,2026-01-02,120000.0
KH00813,2026-01-02,265000.0
KH00273,2026-01-02,439000.0
KH00854,2026-01-02,70000.0
KH01220,2026-01-02,47000.0
KH01133,2026-01-02,375000.0
KH00366,2026-01-03,511000.0
KH00751,2026-01-03,70000.0
KH02253,2026-01-03,91000.0
KH00085,2026-01-03,55000.0
KH01139,2026-01-03,57000.0
KH00413,2026-01-03,86000.0
KH00755,2026-01-03,213000.0
KH00002,2026-01-03,320000.0
KH02173,2026-01-03,115000.0
KH01677,2026-01-03,934000.0
KH00269,2026-01-03,236000.0
KH00743,2026-01-03,72000.0
KH01601,2026-01-03,202000.0
KH02273,2026-01-03,89000.0
KH01511,2026-01-03,38000.0
KH01566,2026-01-03,125000.0
KH02252,2026-01-03,44000.0
KH00038,2026-01-03,134000.0
KH01555,2026-01-03,725000.0
KH01237,2026-01-03,497000.0
KH01893,2026-01-03,531000.0
KH01376,2026-01-03,137000.0
KH01192,2026-01-03,930000.0
KH00151,2026-01-03,142000.0
KH00497,2026-01-03,156000.0
KH00902,2026-01-03,156000.0
KH02091,2026-01-03,72000.0
KH00526,2026-01-03,249000.0
KH00090,2026-01-03,331000.0
KH00793,2026-01-03,133000.0
KH01849,2026-01-03,170000.0
KH01370,2026-01-03,334000.0
KH01892,2026-01-03,133000.0
KH01290,2026-01-03,152000.0
KH01192,2026-01-03,159000.0
KH02037,2026-01-03,118000.0
KH00041,2026-01-03,128000.0
KH02206,2026-01-03,545000.0
KH02128,2026-01-03,244000.0
KH00330,2026-01-03,107000.0
KH00834,2026-01-03,326000.0
KH00311,2026-01-03,109000.0
KH00770,2026-01-03,92000.0
KH00509,2026-01-03,250000.0
KH00767,2026-01-03,204000.0
KH00194,2026-01-03,145000.0
KH01733,2026-01-03,612000.0
KH01880,2026-01-03,90000.0
KH00940,2026-01-03,102000.0
KH01172,2026-01-03,98000.0
KH01659,2026-01-03,125000.0
KH00799,2026-01-03,98000.0
KH01573,2026-01-03,45000.0
KH01819,2026-01-03,491000.0
KH01614,2026-01-03,759000.0
KH01839,2026-01-03,127000.0
KH01777,2026-01-03,245000.0
KH01895,2026-01-03,57000.0
KH00887,2026-01-03,111000.0
KH00151,2026-01-03,350000.0
KH00111,2026-01-03,218000.0
KH00460,2026-01-03,110000.0
KH01850,2026-01-03,328000.0
KH01349,2026-01-03,417000.0
KH00750,2026-01-03,259000.0
KH02344,2026-01-03,152000.0
KH00021,2026-01-03,1080000.0
KH00814,2026-01-03,151000.0
KH01077,2026-01-03,21000.0
KH01262,2026-01-03,205000.0
KH01606,2026-01-03,109000.0
KH00171,2026-01-03,361000.0
KH00971,2026-01-03,414000.0
KH01463,2026-01-03,306000.0
KH02278,2026-01-03,291000.0
KH00276,2026-01-03,234000.0
KH01916,2026-01-03,63000.0
KH00311,2026-01-03,368000.0
KH00830,2026-01-03,445000.0
KH02451,2026-01-03,210000.0
KH01353,2026-01-03,182000.0
KH00114,2026-01-03,37000.0
KH01348,2026-01-03,524000.0
KH00505,2026-01-03,101000.0
KH02222,2026-01-04,77000.0
KH02240,2026-01-04,55000.0
KH00096,2026-01-04,202000.0
KH02092,2026-01-04,32000.0
KH02402,2026-01-04,285000.0
KH01647,2026-01-04,419000.0
KH00431,2026-01-04,120000.0
KH00541,2026-01-04,476000.0
KH00499,2026-01-04,300000.0
KH02222,2026-01-04,126000.0
KH00491,2026-01-04,66000.0
KH01918,2026-01-04,113000.0
KH01812,2026-01-04,138000.0
KH00537,2026-01-04,269000.0
KH00073,2026-01-04,319000.0
KH01606,2026-01-04,81000.0
KH02433,2026-01-04,120000.0
KH01325,2026-01-04,152000.0
KH00589,2026-01-04,338000.0
KH00622,2026-01-04,287000.0
KH01146,2026-01-04,138000.0
KH02265,2026-01-04,162000.0
KH01741,2026-01-04,71000.0
KH02183,2026-01-04,146000.0
KH00548,2026-01-04,415000.0
KH01912,2026-01-04,920000.0
KH01344,2026-01-04,443000.0
KH00836,2026-01-04,191000.0
KH02377,2026-01-04,165000.0
KH01026,2026-01-04,45000.0
KH00129,2026-01-04,106000.0
KH02261,2026-01-04,108000.0
KH00151,2026-01-04,393000.0
KH02383,2026-01-04,351000.0
KH02225,2026-01-04,126000.0
KH01441,2026-01-04,194000.0
KH00592,2026-01-04,300000.0
KH00310,2026-01-04,541000.0
KH00179,2026-01-04,831000.0
KH00388,2026-01-04,400000.0
KH01616,2026-01-04,205000.0
KH00995,2026-01-04,259000.0
KH01597,2026-01-04,863000.0
KH00644,2026-01-04,474000.0
KH01042,2026-01-04,123000.0
KH00688,2026-01-04,68000.0
KH02380,2026-01-04,130000.0
KH00648,2026-01-04,350000.0
KH01278,2026-01-04,414000.0
KH00469,2026-01-04,113000.0
KH00037,2026-01-04,89000.0
KH00232,2026-01-04,443000.0
KH01335,2026-01-04,227000.0
KH00825,2026-01-04,272000.0
KH02130,2026-01-04,46000.0
KH00141,2026-01-04,507000.0
KH01078,2026-01-04,40000.0
KH00556,2026-01-04,118000.0
KH02291,2026-01-04,194000.0
KH01669,2026-01-04,107000.0
KH01744,2026-01-04,317000.0
KH00561,2026-01-04,329000.0
KH01472,2026-01-04,72000.0
KH00276,2026-01-04,331000.0
KH00558,2026-01-04,175000.0
KH00251,2026-01-04,201000.0
KH01971,2026-01-04,334000.0
KH02185,2026-01-04,137000.0
KH02202,2026-01-04,347000.0
KH01205,2026-01-04,127000.0
KH00126,2026-01-04,302000.0
KH00668,2026-01-04,366000.0
KH02005,2026-01-04,93000.0
KH01055,2026-01-04,82000.0
KH02074,2026-01-04,574000.0
KH02367,2026-01-04,589000.0
KH01566,2026-01-04,378000.0
KH00868,2026-01-04,61000.0
KH01954,2026-01-04,227000.0
KH01202,2026-01-04,312000.0
KH00837,2026-01-04,521000.0
KH00706,2026-01-05,974000.0
KH01933,2026-01-05,89000.0
KH00345,2026-01-05,94000.0
KH00093,2026-01-05,129000.0
KH01770,2026-01-05,137000.0
KH00281,2026-01-05,47000.0
KH00308,2026-01-05,194000.0
KH01345,2026-01-05,177000.0
KH00867,2026-01-05,715000.0
KH01472,2026-01-05,174000.0
KH01482,2026-01-05,193000.0
KH00277,2026-01-05,163000.0
KH01776,2026-01-05,41000.0
KH02284,2026-01-05,231000.0
KH02230,2026-01-05,263000.0
KH01106,2026-01-05,187000.0
KH00035,2026-01-05,707000.0
KH01195,2026-01-05,45000.0
KH00360,2026-01-05,38000.0
KH00078,2026-01-05,159000.0
KH02291,2026-01-05,292000.0
KH00625,2026-01-05,227000.0
KH02310,2026-01-05,166000.0
KH00157,2026-01-05,355000.0
KH00535,2026-01-05,158000.0
KH01785,2026-01-05,14000.0
KH00006,2026-01-05,390000.0
KH01187,2026-01-05,92000.0
KH01718,2026-01-05,150000.0
KH02122,2026-01-05,38000.0
KH02175,2026-01-05,739000.0
KH00014,2026-01-05,493000.0
KH01891,2026-01-05,95000.0
KH01932,2026-01-05,160000.0
KH01942,2026-01-05,332000.0
KH00396,2026-01-05,1014000.0
KH00075,2026-01-05,136000.0
KH01934,2026-01-05,77000.0
KH01796,2026-01-05,636000.0
KH01321,2026-01-05,114000.0
KH01076,2026-01-05,403000.0
KH00278,2026-01-05,285000.0
KH00272,2026-01-05,97000.0
KH00119,2026-01-05,399000.0
KH02108,2026-01-05,45000.0
KH00040,2026-01-05,101000.0
KH00111,2026-01-05,145000.0
KH01656,2026-01-05,340000.0
KH00858,2026-01-05,372000.0
KH00209,2026-01-05,380000.0
KH02095,2026-01-05,77000.0
KH02118,2026-01-05,73000.0
KH01012,2026-01-05,301000.0
KH00683,2026-01-05,76000.0
KH00260,2026-01-05,383000.0
KH02328,2026-01-05,293000.0
KH02194,2026-01-05,438000.0
KH01412,2026-01-05,249000.0
KH00744,2026-01-05,567000.0
KH00817,2026-01-05,74000.0
KH01216,2026-01-05,456000.0
KH02344,2026-01-05,32000.0
KH01066,2026-01-05,436000.0
KH00214,2026-01-05,373000.0
KH01883,2026-01-05,299000.0
KH01361,2026-01-05,140000.0
KH02062,2026-01-05,779000.0
KH01080,2026-01-05,105000.0
KH00428,2026-01-05,168000.0
KH02010,2026-01-05,521000.0
KH01111,2026-01-05,55000.0
KH00294,2026-01-06,135000.0
KH00770,2026-01-06,139000.0
KH00391,2026-01-06,408000.0
KH01334,2026-01-06,139000.0
KH01620,2026-01-06,279000.0
KH02223,2026-01-06,81000.0
KH00002,2026-01-06,545000.0
KH00920,2026-01-06,162000.0
KH00257,2026-01-06,267000.0
KH00451,2026-01-06,135000.0
KH00711,2026-01-06,135000.0
KH01889,2026-01-06,244000.0
KH00141,2026-01-06,285000.0
KH02028,2026-01-06,247000.0
KH00708,2026-01-06,125000.0
KH01026,2026-01-06,311000.0
KH00880,2026-01-06,100000.0
KH00668,2026-01-06,86000.0
KH00811,2026-01-06,267000.0
KH00698,2026-01-06,732000.0
KH01608,2026-01-06,2139000.0
KH00509,2026-01-06,84000.0
KH01721,2026-01-06,203000.0
KH00921,2026-01-06,200000.0
KH00332,2026-01-06,206000.0
KH00825,2026-01-06,618000.0
KH00755,2026-01-06,84000.0
KH02492,2026-01-06,839000.0
KH01076,2026-01-06,190000.0
KH00333,2026-01-06,183000.0
KH02349,2026-01-06,250000.0
KH00800,2026-01-06,95000.0
KH01816,2026-01-06,1394000.0
KH00199,2026-01-06,140000.0
KH01105,2026-01-06,144000.0
KH01329,2026-01-06,101000.0
KH01853,2026-01-06,81000.0
KH02057,2026-01-06,680000.0
KH02366,2026-01-06,578000.0
KH01643,2026-01-06,185000.0
KH00442,2026-01-06,173000.0
KH01202,2026-01-06,106000.0
KH02403,2026-01-06,183000.0
KH00929,2026-01-06,215000.0
KH01505,2026-01-06,110000.0
KH02060,2026-01-06,481000.0
KH00075,2026-01-06,272000.0
KH02045,2026-01-06,612000.0
KH01042,2026-01-06,427000.0
KH00714,2026-01-06,114000.0
KH00273,2026-01-06,234000.0
KH00709,2026-01-06,245000.0
KH02078,2026-01-06,433000.0
KH00004,2026-01-06,70000.0
KH02369,2026-01-06,881000.0
KH01458,2026-01-06,53000.0
KH02465,2026-01-06,459000.0
KH01139,2026-01-06,267000.0
KH02452,2026-01-06,247000.0
KH00371,2026-01-06,38000.0
KH00866,2026-01-06,223000.0
KH02463,2026-01-06,170000.0
KH00307,2026-01-06,94000.0
KH01620,2026-01-06,205000.0
KH00198,2026-01-06,477000.0
KH01001,2026-01-06,83000.0
KH01174,2026-01-06,130000.0
KH01435,2026-01-06,145000.0
KH02067,2026-01-06,374000.0
KH00758,2026-01-06,200000.0
KH00264,2026-01-06,288000.0
KH02311,2026-01-06,134000.0
KH00497,2026-01-06,850000.0
KH00027,2026-01-06,148000.0
KH01838,2026-01-06,486000.0
KH00935,2026-01-06,100000.0
KH00887,2026-01-06,114000.0
KH01326,2026-01-06,260000.0
KH02015,2026-01-06,325000.0
KH01737,2026-01-06,294000.0
KH02413,2026-01-06,254000.0
KH00306,2026-01-06,176000.0
KH00440,2026-01-06,246000.0
KH01563,2026-01-06,404000.0
KH00616,2026-01-06,104000.0
KH01869,2026-01-07,60000.0
KH02052,2026-01-07,153000.0
KH02075,2026-01-07,308000.0
KH02186,2026-01-07,807000.0
KH01063,2026-01-07,199000.0
KH02464,2026-01-07,57000.0
KH01866,2026-01-07,701000.0
KH02169,2026-01-07,241000.0
KH00292,2026-01-07,113000.0
KH00430,2026-01-07,198000.0
KH02047,2026-01-07,127000.0
KH01232,2026-01-07,193000.0
KH00458,2026-01-07,250000.0
KH01884,2026-01-07,638000.0
KH00868,2026-01-07,494000.0
KH00329,2026-01-07,40000.0
KH02122,2026-01-07,269000.0
KH01240,2026-01-07,618000.0
KH00228,2026-01-07,178000.0
KH01293,2026-01-07,831000.0
KH01301,2026-01-07,1954000.0
KH00345,2026-01-07,219000.0
KH01408,2026-01-07,37000.0
KH02276,2026-01-07,114000.0
KH02111,2026-01-07,911000.0
KH00726,2026-01-07,297000.0
KH00441,2026-01-07,86000.0
KH02460,2026-01-07,119000.0
KH02137,2026-01-07,70000.0
KH00460,2026-01-07,509000.0
KH01249,2026-01-07,73000.0
KH02327,2026-01-07,695000.0
KH00091,2026-01-07,44000.0
KH00743,2026-01-07,304000.0
KH01078,2026-01-07,133000.0
KH00879,2026-01-07,208000.0
KH01331,2026-01-07,116000.0
KH02018,2026-01-07,225000.0
KH02465,2026-01-07,172000.0
KH02104,2026-01-07,96000.0
KH00365,2026-01-07,280000.0
KH01285,2026-01-07,364000.0
KH00390,2026-01-07,283000.0
KH01458,2026-01-07,443000.0
KH00641,2026-01-07,72000.0
KH00729,2026-01-07,113000.0
KH00252,2026-01-07,103000.0
KH01918,2026-01-07,599000.0
KH02360,2026-01-07,252000.0
KH01471,2026-01-07,158000.0
KH01400,2026-01-07,160000.0
KH00141,2026-01-07,139000.0
KH01402,2026-01-07,322000.0
KH01934,2026-01-07,205000.0
KH01186,2026-01-07,110000.0
KH01472,2026-01-07,191000.0
KH02122,2026-01-07,163000.0
KH01708,2026-01-07,465000.0
KH01454,2026-01-07,113000.0
KH01707,2026-01-07,404000.0
KH00263,2026-01-07,175000.0
KH01413,2026-01-07,293000.0
KH01608,2026-01-07,110000.0
KH02362,2026-01-07,193000.0
KH01293,2026-01-07,82000.0
KH00785,2026-01-07,100000.0
KH00761,2026-01-07,376000.0
KH01143,2026-01-07,103000.0
KH01323,2026-01-07,152000.0
KH01444,2026-01-07,282000.0
KH02067,2026-01-07,1984000.0
KH01993,2026-01-07,160000.0
KH01485,2026-01-07,111000.0
KH00599,2026-01-07,160000.0
KH01537,2026-01-07,60000.0
KH01658,2026-01-07,59000.0
KH00354,2026-01-07,153000.0
KH01310,2026-01-07,122000.0
KH00012,2026-01-07,477000.0
KH00793,2026-01-07,501000.0
KH00224,2026-01-07,512000.0
KH00984,2026-01-07,582000.0
KH01680,2026-01-07,195000.0
KH01525,2026-01-07,168000.0
KH00138,2026-01-07,162000.0
KH02327,2026-01-07,79000.0
KH00520,2026-01-07,151000.0
KH00521,2026-01-07,140000.0
KH01437,2026-01-07,311000.0
KH00378,2026-01-08,78000.0
KH01625,2026-01-08,97000.0
KH01341,2026-01-08,789000.0
KH02012,2026-01-08,258000.0
KH00734,2026-01-08,298000.0
KH00281,2026-01-08,460000.0
KH00349,2026-01-08,820000.0
KH01185,2026-01-08,543000.0
KH01699,2026-01-08,181000.0
KH00078,2026-01-08,20000.0
KH01884,2026-01-08,93000.0
KH02276,2026-01-08,630000.0
KH01457,2026-01-08,307000.0
KH01976,2026-01-08,796000.0
KH00499,2026-01-08,231000.0
KH00254,2026-01-08,392000.0
KH00398,2026-01-08,367000.0
KH00005,2026-01-08,90000.0
KH02407,2026-01-08,58000.0
KH01308,2026-01-08,157000.0
KH01439,2026-01-08,168000.0
KH00043,2026-01-08,191000.0
KH00172,2026-01-08,82000.0
KH02251,2026-01-08,283000.0
KH02107,2026-01-08,352000.0
KH02267,2026-01-08,1599000.0
KH01892,2026-01-08,442000.0
KH01737,2026-01-08,434000.0
KH01487,2026-01-08,214000.0
KH01729,2026-01-08,698000.0
KH00266,2026-01-08,137000.0
KH02108,2026-01-08,117000.0
KH00020,2026-01-08,309000.0
KH01325,2026-01-08,201000.0
KH01083,2026-01-08,14000.0
KH01457,2026-01-08,647000.0
KH01988,2026-01-08,220000.0
KH01333,2026-01-08,318000.0
KH00468,2026-01-08,615000.0
KH01022,2026-01-08,121000.0
KH02199,2026-01-08,244000.0
KH00421,2026-01-08,376000.0
KH01625,2026-01-08,239000.0
KH01593,2026-01-08,169000.0
KH02148,2026-01-08,191000.0
KH01271,2026-01-08,245000.0
KH00677,2026-01-08,367000.0
KH01071,2026-01-08,145000.0
KH00946,2026-01-08,209000.0
KH01913,2026-01-08,734000.0
KH00852,2026-01-08,422000.0
KH01359,2026-01-08,65000.0
KH00025,2026-01-08,387000.0
KH01879,2026-01-08,188000.0
KH02100,2026-01-08,302000.0
KH01072,2026-01-08,243000.0
KH00509,2026-01-08,205000.0
KH00018,2026-01-08,224000.0
KH01265,2026-01-08,529000.0
KH01689,2026-01-08,168000.0
KH00335,2026-01-08,138000.0
KH01632,2026-01-08,70000.0
KH01997,2026-01-08,191000.0
KH01315,2026-01-08,154000.0
KH01094,2026-01-08,311000.0
KH00438,2026-01-08,1186000.0
KH00831,2026-01-08,87000.0
KH01965,2026-01-08,254000.0
KH02208,2026-01-08,191000.0
KH02235,2026-01-08,147000.0
KH02191,2026-01-08,459000.0
KH01796,2026-01-08,189000.0
KH00633,2026-01-08,39000.0
KH01866,2026-01-08,264000.0
KH00512,2026-01-08,140000.0
KH02144,2026-01-08,190000.0
KH02117,2026-01-08,96000.0
KH01826,2026-01-09,343000.0
KH01066,2026-01-09,436000.0
KH02447,2026-01-09,159000.0
KH01850,2026-01-09,91000.0
KH01098,2026-01-09,50000.0
KH00838,2026-01-09,182000.0
KH02362,2026-01-09,65000.0
KH02311,2026-01-09,138000.0
KH01561,2026-01-09,274000.0
KH02214,2026-01-09,115000.0
KH00723,2026-01-09,55000.0
KH00055,2026-01-09,362000.0
KH01930,2026-01-09,365000.0
KH00193,2026-01-09,341000.0
KH00345,2026-01-09,163000.0
KH01129,2026-01-09,85000.0
KH00335,2026-01-09,479000.0
KH00932,2026-01-09,199000.0
KH01921,2026-01-09,261000.0
KH01640,2026-01-09,73000.0
KH00526,2026-01-09,178000.0
KH02420,2026-01-09,425000.0
KH01401,2026-01-09,395000.0
KH01809,2026-01-09,47000.0
KH02127,2026-01-09,600000.0
KH01018,2026-01-09,101000.0
KH02119,2026-01-09,361000.0
KH02354,2026-01-09,715000.0
KH01293,2026-01-09,177000.0
KH02061,2026-01-09,86000.0
KH00886,2026-01-09,503000.0
KH00006,2026-01-09,482000.0
KH01605,2026-01-09,315000.0
KH02218,2026-01-09,144000.0
KH01815,2026-01-09,874000.0
KH01286,2026-01-09,385000.0
KH01705,2026-01-09,74000.0
KH01392,2026-01-09,132000.0
KH02391,2026-01-09,141000.0
KH01759,2026-01-09,132000.0
KH01302,2026-01-09,111000.0
KH00909,2026-01-09,263000.0
KH01441,2026-01-09,1306000.0
KH01924,2026-01-09,738000.0
KH00110,2026-01-09,1494000.0
KH01626,2026-01-09,472000.0
KH01771,2026-01-09,394000.0
KH00119,2026-01-09,164000.0
KH00997,2026-01-09,148000.0
KH01382,2026-01-09,878000.0
KH00821,2026-01-09,436000.0
KH02292,2026-01-09,511000.0
KH01435,2026-01-09,557000.0
KH00765,2026-01-09,564000.0
KH01579,2026-01-09,209000.0
KH02185,2026-01-09,62000.0
KH02078,2026-01-09,413000.0
KH01032,2026-01-09,49000.0
KH00661,2026-01-09,212000.0
KH00366,2026-01-09,125000.0
KH01898,2026-01-09,61000.0
KH01709,2026-01-09,519000.0
KH01781,2026-01-09,351000.0
KH02125,2026-01-09,106000.0
KH01677,2026-01-09,95000.0
KH01287,2026-01-09,73000.0
KH01406,2026-01-09,74000.0
KH02183,2026-01-09,213000.0
KH01322,2026-01-10,356000.0
KH00390,2026-01-10,208000.0
KH01894,2026-01-10,188000.0
KH01826,2026-01-10,268000.0
KH01169,2026-01-10,217000.0
KH01614,2026-01-10,85000.0
KH01516,2026-01-10,91000.0
KH02489,2026-01-10,385000.0
KH00425,2026-01-10,339000.0
KH01559,2026-01-10,261000.0
KH01959,2026-01-10,693000.0
KH00093,2026-01-10,93000.0
KH01054,2026-01-10,233000.0
KH01725,2026-01-10,317000.0
KH00711,2026-01-10,184000.0
KH01747,2026-01-10,249000.0
KH00645,2026-01-10,218000.0
KH00770,2026-01-10,190000.0
KH02381,2026-01-10,92000.0
KH00236,2026-01-10,594000.0
KH00547,2026-01-10,800000.0
KH00936,2026-01-10,208000.0
KH02194,2026-01-10,220000.0
KH00890,2026-01-10,103000.0
KH01123,2026-01-10,177000.0
KH01100,2026-01-10,82000.0
KH01095,2026-01-10,88000.0
KH00974,2026-01-10,373000.0
KH00780,2026-01-10,377000.0
KH00593,2026-01-10,326000.0
KH02119,2026-01-10,10000.0
KH02282,2026-01-10,298000.0
KH01916,2026-01-10,427000.0
KH01046,2026-01-10,62000.0
KH00679,2026-01-10,243000.0
KH02036,2026-01-10,67000.0
KH01264,2026-01-10,92000.0
KH02270,2026-01-10,80000.0
KH00898,2026-01-10,464000.0
KH01786,2026-01-10,198000.0
KH01692,2026-01-10,171000.0
KH00327,2026-01-10,1170000.0
KH00723,2026-01-10,332000.0
KH00224,2026-01-10,147000.0
KH01374,2026-01-10,55000.0
KH00653,2026-01-10,155000.0
KH00466,2026-01-10,83000.0
KH00852,2026-01-10,464000.0
KH01556,2026-01-10,199000.0
KH01756,2026-01-10,358000.0
KH01273,2026-01-10,108000.0
KH01309,2026-01-10,421000.0
KH01819,2026-01-10,474000.0
KH01685,2026-01-10,173000.0
KH00593,2026-01-10,1125000.0
KH01187,2026-01-10,49000.0
KH00586,2026-01-10,216000.0
KH02052,2026-01-10,153000.0
KH02413,2026-01-10,432000.0
KH01641,2026-01-10,292000.0
KH02436,2026-01-10,626000.0
KH00125,2026-01-10,240000.0
KH02362,2026-01-10,154000.0
KH00786,2026-01-10,285000.0
KH00132,2026-01-10,343000.0
KH01494,2026-01-10,383000.0
KH02283,2026-01-10,193000.0
KH02379,2026-01-10,1315000.0
KH00934,2026-01-11,193000.0
KH00259,2026-01-11,185000.0
KH01073,2026-01-11,128000.0
KH02333,2026-01-11,514000.0
KH01896,2026-01-11,222000.0
KH01202,2026-01-11,317000.0
KH01463,2026-01-11,137000.0
KH01321,2026-01-11,111000.0
KH00292,2026-01-11,34000.0
KH00525,2026-01-11,204000.0
KH01563,2026-01-11,252000.0
KH00700,2026-01-11,505000.0
KH01080,2026-01-11,220000.0
KH01427,2026-01-11,217000.0
KH02129,2026-01-11,87000.0
KH00813,2026-01-11,368000.0
KH01595,2026-01-11,72000.0
KH02119,2026-01-11,682000.0
KH02416,2026-01-11,240000.0
KH01700,2026-01-11,167000.0
KH02337,2026-01-11,91000.0
KH01648,2026-01-11,167000.0
KH01420,2026-01-11,197000.0
KH00825,2026-01-11,119000.0
KH01090,2026-01-11,343000.0
KH00690,2026-01-11,397000.0
KH00827,2026-01-11,346000.0
KH02227,2026-01-11,194000.0
KH01443,2026-01-11,364000.0
KH01933,2026-01-11,101000.0
KH02271,2026-01-11,132000.0
KH01204,2026-01-11,143000.0
KH00369,2026-01-11,184000.0
KH01412,2026-01-11,469000.0
KH00118,2026-01-11,889000.0
KH01614,2026-01-11,543000.0
KH00222,2026-01-11,5147000.0
KH02466,2026-01-11,195000.0
KH00392,2026-01-11,227000.0
KH01902,2026-01-11,659000.0
KH00024,2026-01-11,168000.0
KH02386,2026-01-11,126000.0
KH00273,2026-01-11,236000.0
KH00858,2026-01-11,458000.0
KH01293,2026-01-11,295000.0
KH01214,2026-01-11,142000.0
KH01460,2026-01-11,372000.0
KH01994,2026-01-11,395000.0
KH01415,2026-01-11,569000.0
KH00450,2026-01-11,398000.0
KH00697,2026-01-11,330000.0
KH00642,2026-01-11,262000.0
KH01315,2026-01-11,49000.0
KH02292,2026-01-11,424000.0
KH00487,2026-01-11,441000.0
KH00276,2026-01-11,116000.0
KH00933,2026-01-11,146000.0
KH01879,2026-01-11,238000.0
KH02465,2026-01-11,765000.0
KH01662,2026-01-11,199000.0
KH01407,2026-01-11,125000.0
KH01579,2026-01-11,531000.0
KH00065,2026-01-11,117000.0
KH01800,2026-01-11,138000.0
KH00263,2026-01-11,108000.0
KH00649,2026-01-11,288000.0
KH02175,2026-01-11,128000.0
KH02014,2026-01-11,207000.0
KH00820,2026-01-11,92000.0
KH00198,2026-01-11,143000.0
KH00519,2026-01-11,490000.0
KH00040,2026-01-11,563000.0
KH00441,2026-01-11,958000.0
KH00353,2026-01-11,119000.0
KH01620,2026-01-11,569000.0
KH01750,2026-01-11,71000.0
KH01371,2026-01-11,70000.0
KH00091,2026-01-11,312000.0
KH00528,2026-01-12,364000.0
KH00825,2026-01-12,113000.0
KH00939,2026-01-12,275000.0
KH01505,2026-01-12,115000.0
KH00776,2026-01-12,535000.0
KH01059,2026-01-12,385000.0
KH01900,2026-01-12,502000.0
KH00905,2026-01-12,680000.0
KH00629,2026-01-12,233000.0
KH02057,2026-01-12,88000.0
KH02459,2026-01-12,65000.0
KH01680,2026-01-12,184000.0
KH02261,2026-01-12,134000.0
KH01048,2026-01-12,212000.0
KH00976,2026-01-12,192000.0
KH00563,2026-01-12,261000.0
KH00535,2026-01-12,519000.0
KH00903,2026-01-12,703000.0
KH01786,2026-01-12,103000.0
KH00102,2026-01-12,59000.0
KH01768,2026-01-12,730000.0
KH00718,2026-01-12,207000.0
KH01530,2026-01-12,2144000.0
KH01454,2026-01-12,384000.0
KH01773,2026-01-12,94000.0
KH00159,2026-01-12,280000.0
KH02274,2026-01-12,257000.0
KH01677,2026-01-12,195000.0
KH00633,2026-01-12,108000.0
KH00352,2026-01-12,289000.0
KH02179,2026-01-12,51000.0
KH02040,2026-01-12,204000.0
KH01719,2026-01-12,319000.0
KH00557,2026-01-12,186000.0
KH01069,2026-01-12,100000.0
KH02441,2026-01-12,151000.0
KH02298,2026-01-12,241000.0
KH02409,2026-01-12,74000.0
KH01998,2026-01-12,89000.0
KH00141,2026-01-12,696000.0
KH00460,2026-01-12,166000.0
KH02441,2026-01-12,107000.0
KH01406,2026-01-12,267000.0
KH02473,2026-01-12,106000.0
KH01822,2026-01-12,87000.0
KH00248,2026-01-12,548000.0
KH00548,2026-01-12,68000.0
KH00192,2026-01-12,71000.0
KH00036,2026-01-12,318000.0
KH01407,2026-01-12,338000.0
KH01069,2026-01-12,69000.0
KH02148,2026-01-12,211000.0
KH00012,2026-01-12,62000.0
KH01146,2026-01-12,189000.0
KH02380,2026-01-12,144000.0
KH00839,2026-01-12,67000.0
KH00770,2026-01-12,545000.0
KH01781,2026-01-12,93000.0
KH01235,2026-01-12,255000.0
KH01300,2026-01-12,142000.0
KH00881,2026-01-12,149000.0
KH00316,2026-01-12,353000.0
KH01233,2026-01-12,197000.0
KH00880,2026-01-12,71000.0
KH02256,2026-01-13,215000.0
KH01987,2026-01-13,141000.0
KH02300,2026-01-13,359000.0
KH02173,2026-01-13,386000.0
KH00258,2026-01-13,314000.0
KH00464,2026-01-13,116000.0
KH02446,2026-01-13,167000.0
KH00166,2026-01-13,181000.0
KH01480,2026-01-13,167000.0
KH00199,2026-01-13,78000.0
KH00806,2026-01-13,340000.0
KH01251,2026-01-13,58000.0
KH00696,2026-01-13,119000.0
KH01594,2026-01-13,285000.0
KH00565,2026-01-13,232000.0
KH00971,2026-01-13,305000.0
KH02432,2026-01-13,196000.0
KH00887,2026-01-13,272000.0
KH00240,2026-01-13,43000.0
KH01625,2026-01-13,287000.0
KH00938,2026-01-13,117000.0
KH00530,2026-01-13,294000.0
KH01029,2026-01-13,382000.0
KH02103,2026-01-13,388000.0
KH00576,2026-01-13,396000.0
KH00575,2026-01-13,203000.0
KH02390,2026-01-13,334000.0
KH00335,2026-01-13,59000.0
KH02280,2026-01-13,591000.0
KH01835,2026-01-13,145000.0
KH00125,2026-01-13,544000.0
KH01058,2026-01-13,384000.0
KH01829,2026-01-13,110000.0
KH01516,2026-01-13,199000.0
KH00415,2026-01-13,82000.0
KH01875,2026-01-13,241000.0
KH00660,2026-01-13,69000.0
KH01940,2026-01-13,213000.0
KH02493,2026-01-13,46000.0
KH01410,2026-01-13,111000.0
KH02462,2026-01-13,596000.0
KH01567,2026-01-13,278000.0
KH01183,2026-01-13,222000.0
KH00896,2026-01-13,57000.0
KH02166,2026-01-13,542000.0
KH01796,2026-01-13,64000.0
KH02131,2026-01-13,64000.0
KH00801,2026-01-13,356000.0
KH01525,2026-01-13,323000.0
KH02064,2026-01-13,173000.0
KH00613,2026-01-13,139000.0
KH01530,2026-01-13,345000.0
KH00109,2026-01-13,664000.0
KH00765,2026-01-13,556000.0
KH01293,2026-01-13,356000.0
KH02031,2026-01-13,1729000.0
KH02433,2026-01-13,127000.0
KH01546,2026-01-13,78000.0
KH01171,2026-01-13,149000.0
KH00799,2026-01-13,193000.0
KH01855,2026-01-13,157000.0
KH02341,2026-01-13,243000.0
KH00027,2026-01-13,330000.0
KH00282,2026-01-13,433000.0
KH02391,2026-01-13,98000.0
KH01420,2026-01-13,114000.0
KH00114,2026-01-13,485000.0
KH00056,2026-01-13,124000.0
KH02091,2026-01-13,73000.0
KH00140,2026-01-13,215000.0
KH00113,2026-01-13,294000.0
KH02434,2026-01-13,333000.0
KH00691,2026-01-13,86000.0
KH01313,2026-01-13,303000.0
KH01776,2026-01-14,100000.0
KH02344,2026-01-14,482000.0
KH00048,2026-01-14,338000.0
KH02225,2026-01-14,245000.0
KH00229,2026-01-14,174000.0
KH00063,2026-01-14,190000.0
KH01623,2026-01-14,469000.0
KH00560,2026-01-14,54000.0
KH01530,2026-01-14,71000.0
KH01752,2026-01-14,437000.0
KH01492,2026-01-14,157000.0
KH00296,2026-01-14,686000.0
KH00582,2026-01-14,94000.0
KH01987,2026-01-14,229000.0
KH01963,2026-01-14,153000.0
KH00596,2026-01-14,78000.0
KH00840,2026-01-14,116000.0
KH00997,2026-01-14,138000.0
KH01689,2026-01-14,267000.0
KH01112,2026-01-14,186000.0
KH00498,2026-01-14,462000.0
KH01494,2026-01-14,283000.0
KH02498,2026-01-14,158000.0
KH00376,2026-01-14,94000.0
KH02222,2026-01-14,82000.0
KH01960,2026-01-14,203000.0
KH00275,2026-01-14,523000.0
KH00935,2026-01-14,101000.0
KH02323,2026-01-14,69000.0
KH01732,2026-01-14,198000.0
KH02324,2026-01-14,58000.0
KH01774,2026-01-14,625000.0
KH01959,2026-01-14,88000.0
KH00631,2026-01-14,132000.0
KH00206,2026-01-14,153000.0
KH01401,2026-01-14,121000.0
KH00291,2026-01-14,544000.0
KH00747,2026-01-14,46000.0
KH01431,2026-01-14,81000.0
KH01468,2026-01-14,725000.0
KH00078,2026-01-14,61000.0
KH02076,2026-01-14,164000.0
KH01067,2026-01-14,521000.0
KH01544,2026-01-14,256000.0
KH01533,2026-01-14,254000.0
KH00712,2026-01-14,167000.0
KH00997,2026-01-14,192000.0
KH01380,2026-01-14,124000.0
KH02104,2026-01-14,1560000.0
KH01285,2026-01-14,897000.0
KH00027,2026-01-14,231000.0
KH01402,2026-01-14,48000.0
KH01532,2026-01-14,369000.0
KH01066,2026-01-14,61000.0
KH00183,2026-01-14,534000.0
KH01773,2026-01-14,151000.0
KH00472,2026-01-14,103000.0
KH01006,2026-01-14,112000.0
KH02356,2026-01-14,74000.0
KH01042,2026-01-14,75000.0
KH02158,2026-01-14,151000.0
KH02320,2026-01-14,389000.0
KH01641,2026-01-14,268000.0
KH00347,2026-01-14,280000.0
KH00262,2026-01-14,261000.0
KH00144,2026-01-14,509000.0
KH02176,2026-01-14,317000.0
KH01335,2026-01-14,257000.0
KH00226,2026-01-14,489000.0
KH02109,2026-01-14,132000.0
KH01190,2026-01-14,58000.0
KH01146,2026-01-14,125000.0
KH00087,2026-01-14,99000.0
KH01572,2026-01-14,190000.0
KH01344,2026-01-14,119000.0
KH00267,2026-01-14,141000.0
KH01911,2026-01-14,171000.0
KH02204,2026-01-14,43000.0
KH02356,2026-01-14,1576000.0
KH01560,2026-01-14,318000.0
KH00184,2026-01-14,173000.0
KH00886,2026-01-14,242000.0
KH00750,2026-01-14,273000.0
KH01048,2026-01-14,113000.0
KH00961,2026-01-14,187000.0
KH01204,2026-01-14,132000.0
KH01546,2026-01-14,207000.0
KH01283,2026-01-14,144000.0
KH02281,2026-01-14,139000.0
KH00903,2026-01-15,255000.0
KH00683,2026-01-15,162000.0
KH01824,2026-01-15,264000.0
KH02453,2026-01-15,502000.0
KH01579,2026-01-15,157000.0
KH01556,2026-01-15,318000.0
KH00596,2026-01-15,389000.0
KH00955,2026-01-15,341000.0
KH00497,2026-01-15,188000.0
KH01283,2026-01-15,195000.0
KH00334,2026-01-15,260000.0
KH01262,2026-01-15,315000.0
KH01677,2026-01-15,123000.0
KH01086,2026-01-15,433000.0
KH01302,2026-01-15,89000.0
KH02024,2026-01-15,284000.0
KH02372,2026-01-15,74000.0
KH01890,2026-01-15,113000.0
KH00578,2026-01-15,588000.0
KH00313,2026-01-15,121000.0
KH01599,2026-01-15,96000.0
KH00640,2026-01-15,233000.0
KH00506,2026-01-15,61000.0
KH00597,2026-01-15,321000.0
KH00060,2026-01-15,86000.0
KH00335,2026-01-15,152000.0
KH01402,2026-01-15,600000.0
KH01074,2026-01-15,126000.0
KH00173,2026-01-15,502000.0
KH00360,2026-01-15,102000.0
KH01447,2026-01-15,142000.0
KH00591,2026-01-15,138000.0
KH00725,2026-01-15,115000.0
KH01889,2026-01-15,313000.0
KH01806,2026-01-15,503000.0
KH02011,2026-01-15,170000.0
KH00473,2026-01-15,108000.0
KH01651,2026-01-15,489000.0
KH01390,2026-01-15,154000.0
KH00815,2026-01-15,154000.0
KH00850,2026-01-15,104000.0
KH01580,2026-01-15,103000.0
KH00588,2026-01-15,46000.0
KH00723,2026-01-15,854000.0
KH01920,2026-01-15,51000.0
KH01377,2026-01-15,496000.0
KH00555,2026-01-15,272000.0
KH00377,2026-01-15,247000.0
KH02303,2026-01-15,78000.0
KH01965,2026-01-15,158000.0
KH02305,2026-01-15,356000.0
KH00106,2026-01-15,226000.0
KH01629,2026-01-15,158000.0
KH00821,2026-01-15,249000.0
KH02359,2026-01-15,103000.0
KH02262,2026-01-15,833000.0
KH00240,2026-01-15,304000.0
KH01658,2026-01-15,132000.0
KH00132,2026-01-15,172000.0
KH01284,2026-01-15,591000.0
KH00849,2026-01-15,270000.0
KH01950,2026-01-15,187000.0
KH00875,2026-01-15,144000.0
KH00001,2026-01-15,220000.0
KH00183,2026-01-15,491000.0
KH00688,2026-01-15,269000.0
KH00940,2026-01-15,63000.0
KH01877,2026-01-15,586000.0
KH01377,2026-01-15,744000.0
KH00873,2026-01-15,139000.0
KH01725,2026-01-15,68000.0
KH01620,2026-01-15,150000.0
KH01731,2026-01-15,59000.0
KH01373,2026-01-15,15000.0
KH01002,2026-01-15,189000.0
KH00377,2026-01-15,400000.0
KH02052,2026-01-16,94000.0
KH00931,2026-01-16,620000.0
KH00115,2026-01-16,204000.0
KH00724,2026-01-16,317000.0
KH01488,2026-01-16,115000.0
KH01767,2026-01-16,109000.0
KH02125,2026-01-16,117000.0
KH00941,2026-01-16,528000.0
KH00574,2026-01-16,41000.0
KH00837,2026-01-16,139000.0
KH01603,2026-01-16,463000.0
KH01428,2026-01-16,148000.0
KH00686,2026-01-16,119000.0
KH00728,2026-01-16,70000.0
KH00096,2026-01-16,85000.0
KH01295,2026-01-16,112000.0
KH01851,2026-01-16,185000.0
KH01922,2026-01-16,299000.0
KH01819,2026-01-16,111000.0
KH01674,2026-01-16,117000.0
KH01379,2026-01-16,135000.0
KH00112,2026-01-16,178000.0
KH01716,2026-01-16,141000.0
KH00067,2026-01-16,296000.0
KH01778,2026-01-16,129000.0
KH02161,2026-01-16,470000.0
KH02373,2026-01-16,880000.0
KH00218,2026-01-16,1465000.0
KH01137,2026-01-16,455000.0
KH00688,2026-01-16,331000.0
KH02295,2026-01-16,256000.0
KH00400,2026-01-16,659000.0
KH00391,2026-01-16,185000.0
KH02192,2026-01-16,143000.0
KH00397,2026-01-16,40000.0
KH01441,2026-01-16,164000.0
KH01478,2026-01-16,188000.0
KH00317,2026-01-16,29000.0
KH02136,2026-01-16,65000.0
KH00895,2026-01-16,489000.0
KH02071,2026-01-16,67000.0
KH00524,2026-01-16,486000.0
KH00913,2026-01-16,666000.0
KH00537,2026-01-16,559000.0
KH01220,2026-01-16,40000.0
KH02349,2026-01-16,233000.0
KH00115,2026-01-16,301000.0
KH01693,2026-01-16,136000.0
KH02092,2026-01-16,303000.0
KH01331,2026-01-16,182000.0
KH02105,2026-01-16,365000.0
KH02301,2026-01-16,230000.0
KH00002,2026-01-16,842000.0
KH01237,2026-01-16,1028000.0
KH00067,2026-01-16,158000.0
KH01468,2026-01-16,84000.0
KH00296,2026-01-16,407000.0
KH00853,2026-01-16,98000.0
KH00183,2026-01-16,363000.0
KH01198,2026-01-16,143000.0
KH00151,2026-01-16,775000.0
KH00628,2026-01-16,294000.0
KH02348,2026-01-16,55000.0
KH01977,2026-01-16,91000.0
KH01628,2026-01-16,254000.0
KH00398,2026-01-16,76000.0
KH02447,2026-01-16,338000.0
KH00017,2026-01-16,105000.0
KH01390,2026-01-16,83000.0
KH00601,2026-01-16,88000.0
KH01178,2026-01-16,326000.0
KH00694,2026-01-16,42000.0
KH01337,2026-01-16,211000.0
KH01197,2026-01-16,475000.0
KH00115,2026-01-16,1359000.0
KH00122,2026-01-16,226000.0
KH02335,2026-01-16,394000.0
KH01727,2026-01-16,139000.0
KH00293,2026-01-16,173000.0
KH01709,2026-01-16,622000.0
KH00381,2026-01-16,289000.0
KH00645,2026-01-17,198000.0
KH00513,2026-01-17,121000.0
KH01000,2026-01-17,64000.0
KH00079,2026-01-17,336000.0
KH02354,2026-01-17,81000.0
KH00174,2026-01-17,1058000.0
KH01008,2026-01-17,377000.0
KH01057,2026-01-17,92000.0
KH02208,2026-01-17,100000.0
KH00276,2026-01-17,114000.0
KH02125,2026-01-17,138000.0
KH01959,2026-01-17,117000.0
KH00063,2026-01-17,415000.0
KH02471,2026-01-17,460000.0
KH02027,2026-01-17,409000.0
KH00526,2026-01-17,197000.0
KH00592,2026-01-17,109000.0
KH00757,2026-01-17,71000.0
KH00446,2026-01-17,218000.0
KH00670,2026-01-17,125000.0
KH01741,2026-01-17,193000.0
KH01656,2026-01-17,136000.0
KH00934,2026-01-17,98000.0
KH01310,2026-01-17,176000.0
KH01373,2026-01-17,141000.0
KH00059,2026-01-17,46000.0
KH00114,2026-01-17,95000.0
KH02076,2026-01-17,84000.0
KH01042,2026-01-17,205000.0
KH00308,2026-01-17,134000.0
KH01047,2026-01-17,181000.0
KH02315,2026-01-17,72000.0
KH02157,2026-01-17,287000.0
KH02494,2026-01-17,44000.0
KH00916,2026-01-17,318000.0
KH00400,2026-01-17,158000.0
KH00984,2026-01-17,347000.0
KH01457,2026-01-17,283000.0
KH01073,2026-01-17,326000.0
KH00961,2026-01-17,56000.0
KH00016,2026-01-17,779000.0
KH01856,2026-01-17,870000.0
KH01549,2026-01-17,67000.0
KH00600,2026-01-17,794000.0
KH02420,2026-01-17,99000.0
KH02259,2026-01-17,227000.0
KH01062,2026-01-17,488000.0
KH01337,2026-01-17,397000.0
KH02384,2026-01-17,52000.0
KH01749,2026-01-17,100000.0
KH01334,2026-01-17,293000.0
KH02129,2026-01-17,374000.0
KH01181,2026-01-17,145000.0
KH00450,2026-01-17,295000.0
KH00733,2026-01-17,96000.0
KH00067,2026-01-17,76000.0
KH01076,2026-01-17,265000.0
KH00959,2026-01-17,265000.0
KH02411,2026-01-17,180000.0
KH02128,2026-01-17,504000.0
KH02100,2026-01-17,163000.0
KH01379,2026-01-17,435000.0
KH00536,2026-01-17,305000.0
KH01472,2026-01-17,98000.0
KH00872,2026-01-17,54000.0
KH01077,2026-01-17,327000.0
KH02223,2026-01-17,75000.0
KH01078,2026-01-17,1665000.0
KH00138,2026-01-17,91000.0
KH01341,2026-01-17,606000.0
KH01290,2026-01-17,164000.0
KH01548,2026-01-17,233000.0
KH01789,2026-01-17,43000.0
KH02070,2026-01-17,262000.0
KH01053,2026-01-17,279000.0
KH00560,2026-01-17,509000.0
KH01987,2026-01-17,81000.0
KH01335,2026-01-17,293000.0
KH01684,2026-01-17,477000.0
KH01672,2026-01-17,196000.0
KH01175,2026-01-17,199000.0
KH00364,2026-01-17,418000.0
KH02276,2026-01-17,67000.0
KH02335,2026-01-17,158000.0
KH00380,2026-01-17,303000.0
KH01666,2026-01-17,155000.0
KH00332,2026-01-17,131000.0
KH00278,2026-01-17,98000.0
KH01847,2026-01-17,169000.0
KH01349,2026-01-17,50000.0
KH02406,2026-01-18,220000.0
KH01717,2026-01-18,92000.0
KH01836,2026-01-18,225000.0
KH02211,2026-01-18,545000.0
KH01402,2026-01-18,1106000.0
KH00933,2026-01-18,82000.0
KH00929,2026-01-18,50000.0
KH02490,2026-01-18,160000.0
KH01783,2026-01-18,90000.0
KH00364,2026-01-18,955000.0
KH01076,2026-01-18,589000.0
KH00605,2026-01-18,521000.0
KH01824,2026-01-18,53000.0
KH01880,2026-01-18,191000.0
KH02362,2026-01-18,97000.0
KH00064,2026-01-18,308000.0
KH02292,2026-01-18,292000.0
KH00941,2026-01-18,30000.0
KH00364,2026-01-18,94000.0
KH00766,2026-01-18,153000.0
KH00633,2026-01-18,203000.0
KH01181,2026-01-18,221000.0
KH01546,2026-01-18,434000.0
KH00300,2026-01-18,440000.0
KH01041,2026-01-18,230000.0
KH01349,2026-01-18,388000.0
KH00450,2026-01-18,100000.0
KH02420,2026-01-18,1795000.0
KH01843,2026-01-18,239000.0
KH00526,2026-01-18,252000.0
KH01550,2026-01-18,137000.0
KH00706,2026-01-18,481000.0
KH00786,2026-01-18,516000.0
KH00816,2026-01-18,140000.0
KH01862,2026-01-18,47000.0
KH01187,2026-01-18,1846000.0
KH00214,2026-01-18,317000.0
KH01714,2026-01-18,118000.0
KH01472,2026-01-18,80000.0
KH01170,2026-01-18,50000.0
KH00587,2026-01-18,146000.0
KH01587,2026-01-18,334000.0
KH00948,2026-01-18,244000.0
KH02224,2026-01-18,182000.0
KH01385,2026-01-18,485000.0
KH00986,2026-01-18,265000.0
KH01612,2026-01-18,102000.0
KH01329,2026-01-18,418000.0
KH00251,2026-01-18,392000.0
KH00403,2026-01-18,249000.0
KH01565,2026-01-18,124000.0
KH02144,2026-01-18,162000.0
KH01295,2026-01-18,120000.0
KH02134,2026-01-18,418000.0
KH02435,2026-01-18,452000.0
KH00185,2026-01-18,180000.0
KH00149,2026-01-18,148000.0
KH00827,2026-01-18,225000.0
KH00115,2026-01-18,75000.0
KH01496,2026-01-18,375000.0
KH00278,2026-01-18,632000.0
KH00894,2026-01-18,373000.0
KH00715,2026-01-18,299000.0
KH00574,2026-01-18,71000.0
KH01159,2026-01-18,494000.0
KH01295,2026-01-18,313000.0
KH00483,2026-01-18,75000.0
KH00332,2026-01-18,109000.0
KH00505,2026-01-18,129000.0
KH01505,2026-01-18,1638000.0
KH00014,2026-01-18,104000.0
KH01636,2026-01-18,151000.0
KH00321,2026-01-18,112000.0
KH01725,2026-01-18,170000.0
KH00019,2026-01-18,1549000.0
KH00119,2026-01-18,401000.0
KH01777,2026-01-18,179000.0
KH00765,2026-01-18,60000.0
KH01851,2026-01-18,228000.0
KH02077,2026-01-19,162000.0
KH01438,2026-01-19,117000.0
KH02447,2026-01-19,168000.0
KH00460,2026-01-19,72000.0
KH00868,2026-01-19,122000.0
KH02420,2026-01-19,615000.0
KH01536,2026-01-19,68000.0
KH00827,2026-01-19,626000.0
KH02161,2026-01-19,214000.0
KH02062,2026-01-19,518000.0
KH00067,2026-01-19,283000.0
KH00036,2026-01-19,33000.0
KH01759,2026-01-19,51000.0
KH02271,2026-01-19,287000.0
KH00233,2026-01-19,444000.0
KH02219,2026-01-19,302000.0
KH02001,2026-01-19,238000.0
KH02056,2026-01-19,624000.0
KH00953,2026-01-19,229000.0
KH02160,2026-01-19,439000.0
KH00942,2026-01-19,256000.0
KH00364,2026-01-19,155000.0
KH02486,2026-01-19,505000.0
KH01595,2026-01-19,104000.0
KH01146,2026-01-19,62000.0
KH01460,2026-01-19,490000.0
KH00727,2026-01-19,246000.0
KH01939,2026-01-19,34000.0
KH01125,2026-01-19,111000.0
KH01788,2026-01-19,132000.0
KH01751,2026-01-19,545000.0
KH01773,2026-01-19,139000.0
KH01836,2026-01-19,622000.0
KH00291,2026-01-19,314000.0
KH01181,2026-01-19,82000.0
KH02295,2026-01-19,233000.0
KH01420,2026-01-19,221000.0
KH02379,2026-01-19,223000.0
KH02134,2026-01-19,124000.0
KH01643,2026-01-19,190000.0
KH02181,2026-01-19,135000.0
KH00503,2026-01-19,209000.0
KH00582,2026-01-19,225000.0
KH01023,2026-01-19,136000.0
KH01746,2026-01-19,315000.0
KH01897,2026-01-19,877000.0
KH01752,2026-01-19,113000.0
KH00559,2026-01-19,172000.0
KH00446,2026-01-19,141000.0
KH00028,2026-01-19,342000.0
KH01018,2026-01-19,466000.0
KH00769,2026-01-19,103000.0
KH00069,2026-01-19,321000.0
KH02268,2026-01-19,576000.0
KH02270,2026-01-19,92000.0
KH01487,2026-01-19,185000.0
KH00742,2026-01-19,99000.0
KH01442,2026-01-19,153000.0
KH00359,2026-01-19,98000.0
KH00993,2026-01-19,162000.0
KH00787,2026-01-19,121000.0
KH02037,2026-01-19,286000.0
KH00403,2026-01-19,271000.0
KH02067,2026-01-19,150000.0
KH01264,2026-01-19,304000.0
KH00222,2026-01-19,606000.0
KH00133,2026-01-19,151000.0
KH00406,2026-01-19,128000.0
KH01641,2026-01-19,132000.0
KH02470,2026-01-19,72000.0
KH00424,2026-01-19,417000.0
KH02026,2026-01-19,202000.0
KH01354,2026-01-19,235000.0
KH02031,2026-01-19,655000.0
KH00316,2026-01-20,150000.0
KH00235,2026-01-20,718000.0
KH00888,2026-01-20,239000.0
KH01425,2026-01-20,156000.0
KH01826,2026-01-20,103000.0
KH01335,2026-01-20,250000.0
KH02216,2026-01-20,241000.0
KH00071,2026-01-20,111000.0
KH01194,2026-01-20,1181000.0
KH02441,2026-01-20,651000.0
KH00808,2026-01-20,91000.0
KH00415,2026-01-20,608000.0
KH01029,2026-01-20,57000.0
KH00622,2026-01-20,122000.0
KH00986,2026-01-20,72000.0
KH00656,2026-01-20,1062000.0
KH02111,2026-01-20,117000.0
KH02013,2026-01-20,704000.0
KH00040,2026-01-20,292000.0
KH00312,2026-01-20,551000.0
KH02295,2026-01-20,133000.0
KH00886,2026-01-20,83000.0
KH00526,2026-01-20,182000.0
KH00918,2026-01-20,98000.0
KH01745,2026-01-20,480000.0
KH01412,2026-01-20,406000.0
KH01022,2026-01-20,293000.0
KH01677,2026-01-20,260000.0
KH00054,2026-01-20,67000.0
KH01315,2026-01-20,643000.0
KH00009,2026-01-20,87000.0
KH01598,2026-01-20,106000.0
KH01131,2026-01-20,221000.0
KH02425,2026-01-20,57000.0
KH00532,2026-01-20,44000.0
KH01998,2026-01-20,235000.0
KH02390,2026-01-20,229000.0
KH00905,2026-01-20,281000.0
KH02212,2026-01-20,200000.0
KH01510,2026-01-20,36000.0
KH02338,2026-01-20,186000.0
KH00141,2026-01-20,39000.0
KH00365,2026-01-20,81000.0
KH02138,2026-01-20,47000.0
KH00460,2026-01-20,140000.0
KH01673,2026-01-20,555000.0
KH01782,2026-01-20,163000.0
KH00460,2026-01-20,413000.0
KH01091,2026-01-20,444000.0
KH01938,2026-01-20,163000.0
KH00199,2026-01-20,532000.0
KH00316,2026-01-20,170000.0
KH00209,2026-01-20,87000.0
KH01282,2026-01-20,444000.0
KH01333,2026-01-20,1058000.0
KH00580,2026-01-20,584000.0
KH01685,2026-01-20,545000.0
KH00478,2026-01-20,95000.0
KH00856,2026-01-20,91000.0
KH02068,2026-01-20,129000.0
KH01495,2026-01-20,195000.0
KH01350,2026-01-20,494000.0
KH00284,2026-01-20,119000.0
KH00966,2026-01-20,149000.0
KH02408,2026-01-20,133000.0
KH01201,2026-01-20,328000.0
KH01221,2026-01-20,201000.0
KH00607,2026-01-20,56000.0
KH01233,2026-01-20,119000.0
KH00498,2026-01-20,381000.0
KH00584,2026-01-20,225000.0
KH01552,2026-01-20,128000.0
KH00333,2026-01-20,106000.0
KH00014,2026-01-20,120000.0
KH00428,2026-01-20,181000.0
KH01925,2026-01-20,276000.0
KH02301,2026-01-20,315000.0
KH02358,2026-01-20,201000.0
KH02111,2026-01-21,171000.0
KH00348,2026-01-21,493000.0
KH00291,2026-01-21,162000.0
KH01251,2026-01-21,297000.0
KH02108,2026-01-21,448000.0
KH01631,2026-01-21,412000.0
KH02074,2026-01-21,210000.0
KH02061,2026-01-21,215000.0
KH01536,2026-01-21,791000.0
KH00815,2026-01-21,143000.0
KH01759,2026-01-21,146000.0
KH01097,2026-01-21,253000.0
KH02476,2026-01-21,277000.0
KH00014,2026-01-21,80000.0
KH00538,2026-01-21,113000.0
KH02189,2026-01-21,77000.0
KH00660,2026-01-21,384000.0
KH01866,2026-01-21,338000.0
KH01941,2026-01-21,262000.0
KH01794,2026-01-21,122000.0
KH00773,2026-01-21,163000.0
KH01161,2026-01-21,405000.0
KH02156,2026-01-21,244000.0
KH00678,2026-01-21,342000.0
KH00863,2026-01-21,629000.0
KH00354,2026-01-21,275000.0
KH01083,2026-01-21,180000.0
KH01942,2026-01-21,96000.0
KH02136,2026-01-21,93000.0
KH00576,2026-01-21,207000.0
KH01183,2026-01-21,197000.0
KH02454,2026-01-21,62000.0
KH01950,2026-01-21,158000.0
KH00016,2026-01-21,207000.0
KH01993,2026-01-21,62000.0
KH00363,2026-01-21,178000.0
KH00064,2026-01-21,267000.0
KH00816,2026-01-21,627000.0
KH01729,2026-01-21,109000.0
KH01941,2026-01-21,209000.0
KH01781,2026-01-21,205000.0
KH01212,2026-01-21,554000.0
KH02108,2026-01-21,70000.0
KH01522,2026-01-21,77000.0
KH01910,2026-01-21,236000.0
KH00935,2026-01-21,386000.0
KH01058,2026-01-21,271000.0
KH01624,2026-01-21,165000.0
KH00318,2026-01-21,543000.0
KH01860,2026-01-21,179000.0
KH00577,2026-01-21,85000.0
KH01520,2026-01-21,267000.0
KH01546,2026-01-21,100000.0
KH00764,2026-01-21,53000.0
KH01912,2026-01-21,736000.0
KH00487,2026-01-21,259000.0
KH00474,2026-01-21,277000.0
KH00134,2026-01-21,139000.0
KH01882,2026-01-21,77000.0
KH01815,2026-01-21,173000.0
KH01136,2026-01-21,195000.0
KH00972,2026-01-21,35000.0
KH00828,2026-01-21,438000.0
KH01207,2026-01-21,229000.0
KH01134,2026-01-21,121000.0
KH02082,2026-01-21,225000.0
KH00813,2026-01-21,581000.0
KH01362,2026-01-21,412000.0
KH02067,2026-01-21,133000.0
KH00006,2026-01-21,120000.0
KH01954,2026-01-21,112000.0
KH02061,2026-01-21,743000.0
KH01643,2026-01-21,484000.0
KH00408,2026-01-21,110000.0
KH00224,2026-01-21,266000.0
KH02301,2026-01-21,119000.0
KH01753,2026-01-21,276000.0
KH00245,2026-01-21,203000.0
KH00609,2026-01-21,159000.0
KH00650,2026-01-21,296000.0
KH00820,2026-01-21,215000.0
KH00581,2026-01-21,117000.0
KH01968,2026-01-21,251000.0
KH01091,2026-01-21,352000.0
KH00420,2026-01-21,231000.0
KH01065,2026-01-21,124000.0
KH00527,2026-01-21,185000.0
KH01881,2026-01-21,1590000.0
KH00260,2026-01-21,323000.0
KH01578,2026-01-21,332000.0
KH00809,2026-01-21,185000.0
KH02055,2026-01-21,139000.0
KH00924,2026-01-21,134000.0
KH01728,2026-01-21,85000.0
KH00317,2026-01-21,211000.0
KH00800,2026-01-21,68000.0
KH00968,2026-01-21,179000.0
KH02061,2026-01-21,491000.0
KH00035,2026-01-21,172000.0
KH01441,2026-01-21,79000.0
KH00010,2026-01-21,535000.0
KH01084,2026-01-21,102000.0
KH01707,2026-01-21,162000.0
KH02117,2026-01-22,924000.0
KH02166,2026-01-22,106000.0
KH01929,2026-01-22,54000.0
KH02480,2026-01-22,318000.0
KH01971,2026-01-22,603000.0
KH01216,2026-01-22,39000.0
KH00725,2026-01-22,154000.0
KH01234,2026-01-22,275000.0
KH01713,2026-01-22,225000.0
KH02065,2026-01-22,144000.0
KH01058,2026-01-22,1257000.0
KH00209,2026-01-22,102000.0
KH00364,2026-01-22,335000.0
KH00119,2026-01-22,97000.0
KH00541,2026-01-22,105000.0
KH01395,2026-01-22,190000.0
KH02248,2026-01-22,1304000.0
KH01725,2026-01-22,1505000.0
KH00974,2026-01-22,461000.0
KH01812,2026-01-22,57000.0
KH00305,2026-01-22,153000.0
KH02068,2026-01-22,59000.0
KH00672,2026-01-22,178000.0
KH00114,2026-01-22,130000.0
KH00315,2026-01-22,130000.0
KH00441,2026-01-22,848000.0
KH00921,2026-01-22,92000.0
KH02408,2026-01-22,86000.0
KH00908,2026-01-22,140000.0
KH00110,2026-01-22,443000.0
KH01971,2026-01-22,535000.0
KH00765,2026-01-22,156000.0
KH01062,2026-01-22,1044000.0
KH02383,2026-01-22,114000.0
KH00004,2026-01-22,83000.0
KH01359,2026-01-22,487000.0
KH00633,2026-01-22,147000.0
KH01933,2026-01-22,686000.0
KH00920,2026-01-22,376000.0
KH00224,2026-01-22,194000.0
KH00576,2026-01-22,57000.0
KH00540,2026-01-22,523000.0
KH00849,2026-01-22,310000.0
KH01402,2026-01-22,127000.0
KH00542,2026-01-22,263000.0
KH00548,2026-01-22,269000.0
KH02327,2026-01-22,92000.0
KH02252,2026-01-22,167000.0
KH01335,2026-01-22,92000.0
KH00963,2026-01-22,729000.0
KH00918,2026-01-22,177000.0
KH00426,2026-01-22,98000.0
KH01532,2026-01-22,173000.0
KH01269,2026-01-22,503000.0
KH01450,2026-01-22,1090000.0
KH01710,2026-01-22,164000.0
KH02061,2026-01-22,240000.0
KH00624,2026-01-22,389000.0
KH01571,2026-01-22,189000.0
KH01773,2026-01-22,74000.0
KH00650,2026-01-22,307000.0
KH00546,2026-01-22,658000.0
KH02088,2026-01-22,69000.0
KH00653,2026-01-22,54000.0
KH00580,2026-01-22,220000.0
KH00406,2026-01-22,262000.0
KH01855,2026-01-23,199000.0
KH00203,2026-01-23,371000.0
KH01472,2026-01-23,74000.0
KH01239,2026-01-23,171000.0
KH01022,2026-01-23,188000.0
KH01362,2026-01-23,45000.0
KH01483,2026-01-23,32000.0
KH01487,2026-01-23,529000.0
KH00827,2026-01-23,273000.0
KH01672,2026-01-23,260000.0
KH00592,2026-01-23,93000.0
KH01410,2026-01-23,120000.0
KH00358,2026-01-23,184000.0
KH02218,2026-01-23,293000.0
KH01261,2026-01-23,658000.0
KH01136,2026-01-23,370000.0
KH00224,2026-01-23,199000.0
KH00020,2026-01-23,328000.0
KH00010,2026-01-23,343000.0
KH01863,2026-01-23,159000.0
KH00649,2026-01-23,359000.0
KH02428,2026-01-23,157000.0
KH02467,2026-01-23,57000.0
KH02144,2026-01-23,227000.0
KH00743,2026-01-23,426000.0
KH01510,2026-01-23,106000.0
KH02240,2026-01-23,125000.0
KH01258,2026-01-23,484000.0
KH01598,2026-01-23,108000.0
KH01385,2026-01-23,465000.0
KH01728,2026-01-23,84000.0
KH01401,2026-01-23,784000.0
KH01084,2026-01-23,187000.0
KH01418,2026-01-23,189000.0
KH01397,2026-01-23,141000.0
KH01909,2026-01-23,83000.0
KH01829,2026-01-23,72000.0
KH02153,2026-01-23,249000.0
KH00884,2026-01-23,656000.0
KH02341,2026-01-23,292000.0
KH01202,2026-01-23,86000.0
KH00936,2026-01-23,118000.0
KH02016,2026-01-23,587000.0
KH00926,2026-01-23,325000.0
KH00890,2026-01-23,305000.0
KH00859,2026-01-23,485000.0
KH00863,2026-01-23,341000.0
KH01776,2026-01-23,420000.0
KH00437,2026-01-23,84000.0
KH02101,2026-01-23,97000.0
KH00675,2026-01-23,136000.0
KH01325,2026-01-23,84000.0
KH01555,2026-01-23,254000.0
KH01058,2026-01-23,184000.0
KH00029,2026-01-23,73000.0
KH01351,2026-01-23,521000.0
KH01965,2026-01-23,1210000.0
KH01094,2026-01-23,160000.0
KH00462,2026-01-23,146000.0
KH01022,2026-01-23,73000.0
KH02444,2026-01-23,190000.0
KH01791,2026-01-23,81000.0
KH01246,2026-01-23,207000.0
KH00150,2026-01-23,116000.0
KH01111,2026-01-23,92000.0
KH00961,2026-01-23,349000.0
KH01872,2026-01-23,337000.0
KH01888,2026-01-23,135000.0
KH01900,2026-01-23,213000.0
KH00751,2026-01-23,445000.0
KH00933,2026-01-23,355000.0
KH00299,2026-01-23,132000.0
KH00675,2026-01-23,2054000.0
KH00863,2026-01-23,135000.0
KH00533,2026-01-23,87000.0
KH00641,2026-01-23,431000.0
KH02340,2026-01-23,236000.0
KH01073,2026-01-23,222000.0
KH02194,2026-01-23,313000.0
KH00012,2026-01-23,66000.0
KH01460,2026-01-23,154000.0
KH00832,2026-01-23,116000.0
KH01505,2026-01-23,57000.0
KH02028,2026-01-24,487000.0
KH00829,2026-01-24,312000.0
KH01818,2026-01-24,128000.0
KH01257,2026-01-24,142000.0
KH01083,2026-01-24,217000.0
KH01641,2026-01-24,780000.0
KH01285,2026-01-24,197000.0
KH00873,2026-01-24,197000.0
KH00959,2026-01-24,213000.0
KH02034,2026-01-24,149000.0
KH02291,2026-01-24,410000.0
KH01822,2026-01-24,133000.0
KH01467,2026-01-24,2275000.0
KH02203,2026-01-24,226000.0
KH00696,2026-01-24,128000.0
KH02411,2026-01-24,433000.0
KH01461,2026-01-24,359000.0
KH01562,2026-01-24,394000.0
KH02186,2026-01-24,443000.0
KH02293,2026-01-24,234000.0
KH02466,2026-01-24,75000.0
KH01963,2026-01-24,355000.0
KH00460,2026-01-24,68000.0
KH02028,2026-01-24,188000.0
KH01030,2026-01-24,76000.0
KH01835,2026-01-24,180000.0
KH02146,2026-01-24,120000.0
KH01836,2026-01-24,153000.0
KH02473,2026-01-24,90000.0
KH00487,2026-01-24,401000.0
KH01891,2026-01-24,156000.0
KH00967,2026-01-24,174000.0
KH00252,2026-01-24,85000.0
KH01089,2026-01-24,169000.0
KH00172,2026-01-24,43000.0
KH01615,2026-01-24,370000.0
KH01042,2026-01-24,194000.0
KH01826,2026-01-24,86000.0
KH00866,2026-01-24,83000.0
KH01643,2026-01-24,145000.0
KH00689,2026-01-24,246000.0
KH01856,2026-01-24,360000.0
KH01344,2026-01-24,339000.0
KH01199,2026-01-24,129000.0
KH00382,2026-01-24,259000.0
KH02207,2026-01-24,70000.0
KH02350,2026-01-24,159000.0
KH01110,2026-01-24,41000.0
KH02113,2026-01-24,264000.0
KH02398,2026-01-24,250000.0
KH02476,2026-01-24,660000.0
KH01209,2026-01-24,457000.0
KH01114,2026-01-24,481000.0
KH01380,2026-01-24,1128000.0
KH00032,2026-01-24,182000.0
KH01879,2026-01-24,800000.0
KH00668,2026-01-24,593000.0
KH00810,2026-01-24,72000.0
KH00248,2026-01-24,193000.0
KH01062,2026-01-24,257000.0
KH00211,2026-01-24,134000.0
KH00553,2026-01-24,103000.0
KH00085,2026-01-24,72000.0
KH00686,2026-01-24,344000.0
KH02092,2026-01-24,324000.0
KH01800,2026-01-24,156000.0
KH01270,2026-01-24,347000.0
KH00348,2026-01-24,121000.0
KH01118,2026-01-24,392000.0
KH02121,2026-01-24,1367000.0
KH02276,2026-01-24,122000.0
KH00686,2026-01-24,435000.0
KH01249,2026-01-24,2119000.0
KH00497,2026-01-24,114000.0
KH01047,2026-01-24,24000.0
KH02487,2026-01-24,492000.0
KH00820,2026-01-24,313000.0
KH01536,2026-01-24,127000.0
KH00174,2026-01-24,226000.0
KH01651,2026-01-24,45000.0
KH00138,2026-01-24,379000.0
KH01806,2026-01-24,95000.0
KH00858,2026-01-24,52000.0
KH02113,2026-01-24,461000.0
KH02278,2026-01-24,171000.0
KH01288,2026-01-24,93000.0
KH02457,2026-01-24,90000.0
KH00478,2026-01-24,38000.0
KH01206,2026-01-25,326000.0
KH00370,2026-01-25,227000.0
KH01084,2026-01-25,102000.0
KH01836,2026-01-25,316000.0
KH01038,2026-01-25,639000.0
KH00017,2026-01-25,110000.0
KH01529,2026-01-25,128000.0
KH00766,2026-01-25,146000.0
KH00576,2026-01-25,691000.0
KH00622,2026-01-25,273000.0
KH01051,2026-01-25,180000.0
KH00867,2026-01-25,83000.0
KH00544,2026-01-25,65000.0
KH00207,2026-01-25,185000.0
KH00283,2026-01-25,172000.0
KH01643,2026-01-25,831000.0
KH00451,2026-01-25,413000.0
KH01987,2026-01-25,106000.0
KH01576,2026-01-25,198000.0
KH01812,2026-01-25,89000.0
KH00453,2026-01-25,285000.0
KH00478,2026-01-25,277000.0
KH02008,2026-01-25,410000.0
KH01464,2026-01-25,270000.0
KH01249,2026-01-25,828000.0
KH00038,2026-01-25,293000.0
KH01392,2026-01-25,89000.0
KH02161,2026-01-25,144000.0
KH01278,2026-01-25,254000.0
KH01078,2026-01-25,257000.0
KH01458,2026-01-25,111000.0
KH02435,2026-01-25,445000.0
KH00402,2026-01-25,299000.0
KH00605,2026-01-25,169000.0
KH02242,2026-01-25,103000.0
KH00945,2026-01-25,125000.0
KH01435,2026-01-25,76000.0
KH01016,2026-01-25,102000.0
KH00177,2026-01-25,191000.0
KH00497,2026-01-25,71000.0
KH00932,2026-01-25,214000.0
KH01481,2026-01-25,153000.0
KH00644,2026-01-25,116000.0
KH02480,2026-01-25,189000.0
KH01155,2026-01-25,149000.0
KH02351,2026-01-25,349000.0
KH00340,2026-01-25,684000.0
KH01687,2026-01-25,237000.0
KH02113,2026-01-25,602000.0
KH01924,2026-01-25,399000.0
KH01622,2026-01-25,102000.0
KH00796,2026-01-25,445000.0
KH00484,2026-01-25,189000.0
KH02158,2026-01-25,9000.0
KH00683,2026-01-25,99000.0
KH00272,2026-01-25,171000.0
KH01736,2026-01-25,152000.0
KH01118,2026-01-25,729000.0
KH00014,2026-01-25,464000.0
KH02401,2026-01-25,99000.0
KH01620,2026-01-25,153000.0
KH02383,2026-01-25,708000.0
KH00281,2026-01-25,272000.0
KH00543,2026-01-25,509000.0
KH02331,2026-01-25,104000.0
KH00665,2026-01-25,98000.0
KH00808,2026-01-25,253000.0
KH01077,2026-01-25,100000.0
KH01443,2026-01-25,303000.0
KH01172,2026-01-25,65000.0
KH02408,2026-01-25,196000.0
KH02356,2026-01-26,496000.0
KH02420,2026-01-26,101000.0
KH00427,2026-01-26,351000.0
KH00688,2026-01-26,205000.0
KH01261,2026-01-26,134000.0
KH02264,2026-01-26,43000.0
KH01778,2026-01-26,215000.0
KH01544,2026-01-26,326000.0
KH00500,2026-01-26,153000.0
KH00957,2026-01-26,992000.0
KH02184,2026-01-26,338000.0
KH01929,2026-01-26,196000.0
KH01322,2026-01-26,115000.0
KH00062,2026-01-26,316000.0
KH01334,2026-01-26,240000.0
KH01359,2026-01-26,93000.0
KH02272,2026-01-26,351000.0
KH02143,2026-01-26,101000.0
KH01844,2026-01-26,47000.0
KH00868,2026-01-26,51000.0
KH00997,2026-01-26,145000.0
KH01651,2026-01-26,671000.0
KH02197,2026-01-26,266000.0
KH00519,2026-01-26,524000.0
KH02359,2026-01-26,36000.0
KH01408,2026-01-26,301000.0
KH00204,2026-01-26,185000.0
KH00786,2026-01-26,332000.0
KH01619,2026-01-26,224000.0
KH00707,2026-01-26,460000.0
KH02431,2026-01-26,145000.0
KH01530,2026-01-26,392000.0
KH00537,2026-01-26,718000.0
KH01881,2026-01-26,352000.0
KH00777,2026-01-26,206000.0
KH00743,2026-01-26,105000.0
KH01452,2026-01-26,122000.0
KH00932,2026-01-26,35000.0
KH00151,2026-01-26,494000.0
KH00593,2026-01-26,302000.0
KH02272,2026-01-26,94000.0
KH01233,2026-01-26,208000.0
KH02441,2026-01-26,168000.0
KH01577,2026-01-26,48000.0
KH01397,2026-01-26,91000.0
KH01350,2026-01-26,185000.0
KH01744,2026-01-26,57000.0
KH01390,2026-01-26,267000.0
KH01196,2026-01-26,342000.0
KH00958,2026-01-26,127000.0
KH01192,2026-01-26,113000.0
KH01098,2026-01-26,101000.0
KH01057,2026-01-26,135000.0
KH01335,2026-01-26,326000.0
KH01620,2026-01-26,307000.0
KH00680,2026-01-26,162000.0
KH02459,2026-01-26,276000.0
KH01312,2026-01-26,150000.0
KH01546,2026-01-26,143000.0
KH01706,2026-01-26,184000.0
KH00231,2026-01-26,178000.0
KH00327,2026-01-26,477000.0
KH00863,2026-01-26,317000.0
KH01727,2026-01-26,257000.0
KH00565,2026-01-26,500000.0
KH01059,2026-01-26,109000.0
KH00637,2026-01-26,72000.0
KH01640,2026-01-26,3428000.0
KH00533,2026-01-26,78000.0
KH01735,2026-01-26,87000.0
KH00392,2026-01-26,80000.0
KH01806,2026-01-26,134000.0
KH00953,2026-01-26,181000.0
KH00183,2026-01-26,146000.0
KH02005,2026-01-26,88000.0
KH01500,2026-01-26,236000.0
KH01007,2026-01-26,1079000.0
KH02402,2026-01-26,114000.0
KH01202,2026-01-26,147000.0
KH01978,2026-01-26,1804000.0
KH00218,2026-01-26,922000.0
KH00043,2026-01-26,289000.0
KH02166,2026-01-26,125000.0
KH00563,2026-01-26,51000.0
KH01768,2026-01-26,64000.0
KH02225,2026-01-26,172000.0
KH01168,2026-01-26,37000.0
KH02093,2026-01-26,166000.0
KH00575,2026-01-27,166000.0
KH02236,2026-01-27,600000.0
KH01009,2026-01-27,235000.0
KH00917,2026-01-27,358000.0
KH00646,2026-01-27,481000.0
KH02344,2026-01-27,617000.0
KH01154,2026-01-27,593000.0
KH02066,2026-01-27,165000.0
KH01262,2026-01-27,292000.0
KH02487,2026-01-27,2086000.0
KH00532,2026-01-27,254000.0
KH00278,2026-01-27,79000.0
KH01668,2026-01-27,138000.0
KH01647,2026-01-27,241000.0
KH02262,2026-01-27,294000.0
KH02377,2026-01-27,558000.0
KH00272,2026-01-27,75000.0
KH01334,2026-01-27,1446000.0
KH01940,2026-01-27,205000.0
KH00217,2026-01-27,313000.0
KH00220,2026-01-27,52000.0
KH00425,2026-01-27,257000.0
KH01006,2026-01-27,435000.0
KH00816,2026-01-27,186000.0
KH00377,2026-01-27,84000.0
KH00655,2026-01-27,726000.0
KH02040,2026-01-27,121000.0
KH01060,2026-01-27,133000.0
KH00687,2026-01-27,282000.0
KH01785,2026-01-27,36000.0
KH02432,2026-01-27,266000.0
KH00770,2026-01-27,244000.0
KH02304,2026-01-27,53000.0
KH00707,2026-01-27,154000.0
KH01347,2026-01-27,105000.0
KH01341,2026-01-27,213000.0
KH01270,2026-01-27,143000.0
KH02103,2026-01-27,556000.0
KH00124,2026-01-27,99000.0
KH02120,2026-01-27,863000.0
KH02284,2026-01-27,86000.0
KH00004,2026-01-27,380000.0
KH00680,2026-01-27,323000.0
KH00478,2026-01-27,57000.0
KH00480,2026-01-27,213000.0
KH00128,2026-01-27,57000.0
KH01575,2026-01-27,355000.0
KH02111,2026-01-27,253000.0
KH02168,2026-01-27,185000.0
KH02380,2026-01-27,77000.0
KH01780,2026-01-27,85000.0
KH02476,2026-01-27,149000.0
KH00239,2026-01-27,329000.0
KH02194,2026-01-27,54000.0
KH02309,2026-01-27,247000.0
KH00427,2026-01-27,219000.0
KH00815,2026-01-27,178000.0
KH00219,2026-01-27,193000.0
KH01068,2026-01-27,853000.0
KH00622,2026-01-27,406000.0
KH00198,2026-01-27,334000.0
KH02488,2026-01-27,315000.0
KH00262,2026-01-27,306000.0
KH02223,2026-01-27,894000.0
KH01705,2026-01-27,73000.0
KH02252,2026-01-27,217000.0
KH00698,2026-01-27,224000.0
KH00278,2026-01-27,161000.0
KH00604,2026-01-27,138000.0
KH00432,2026-01-27,411000.0
KH01708,2026-01-27,165000.0
KH00198,2026-01-27,256000.0
KH00333,2026-01-27,349000.0
KH01274,2026-01-27,472000.0
KH00544,2026-01-27,69000.0
KH02190,2026-01-27,122000.0
KH02328,2026-01-27,195000.0
KH01007,2026-01-27,203000.0
KH01353,2026-01-27,137000.0
KH02060,2026-01-27,299000.0
KH00890,2026-01-28,178000.0
KH01982,2026-01-28,240000.0
KH00327,2026-01-28,202000.0
KH02327,2026-01-28,504000.0
KH01022,2026-01-28,292000.0
KH00583,2026-01-28,231000.0
KH00566,2026-01-28,84000.0
KH00119,2026-01-28,25000.0
KH00391,2026-01-28,165000.0
KH01118,2026-01-28,254000.0
KH01843,2026-01-28,378000.0
KH00850,2026-01-28,398000.0
KH00637,2026-01-28,84000.0
KH01395,2026-01-28,47000.0
KH01274,2026-01-28,147000.0
KH01329,2026-01-28,228000.0
KH01995,2026-01-28,448000.0
KH00769,2026-01-28,327000.0
KH00916,2026-01-28,293000.0
KH02201,2026-01-28,203000.0
KH00870,2026-01-28,408000.0
KH02430,2026-01-28,101000.0
KH00133,2026-01-28,327000.0
KH02334,2026-01-28,129000.0
KH02406,2026-01-28,35000.0
KH01767,2026-01-28,204000.0
KH00191,2026-01-28,155000.0
KH00101,2026-01-28,218000.0
KH00275,2026-01-28,459000.0
KH00455,2026-01-28,98000.0
KH02040,2026-01-28,141000.0
KH01774,2026-01-28,263000.0
KH01826,2026-01-28,984000.0
KH02316,2026-01-28,124000.0
KH01843,2026-01-28,71000.0
KH02236,2026-01-28,102000.0
KH02452,2026-01-28,235000.0
KH01617,2026-01-28,103000.0
KH00286,2026-01-28,379000.0
KH00687,2026-01-28,669000.0
KH01350,2026-01-28,647000.0
KH01967,2026-01-28,373000.0
KH01595,2026-01-28,312000.0
KH00646,2026-01-28,57000.0
KH00606,2026-01-28,151000.0
KH01639,2026-01-28,281000.0
KH01470,2026-01-28,350000.0
KH01070,2026-01-28,118000.0
KH02495,2026-01-28,522000.0
KH01303,2026-01-28,304000.0
KH00245,2026-01-28,289000.0
KH02359,2026-01-28,171000.0
KH00725,2026-01-28,922000.0
KH01105,2026-01-28,439000.0
KH01653,2026-01-28,67000.0
KH01322,2026-01-28,160000.0
KH02130,2026-01-28,1091000.0
KH02344,2026-01-28,213000.0
KH00813,2026-01-28,78000.0
KH00388,2026-01-28,44000.0
KH00581,2026-01-28,61000.0
KH00192,2026-01-28,144000.0
KH01851,2026-01-28,194000.0
KH02162,2026-01-28,1268000.0
KH00943,2026-01-28,388000.0
KH00072,2026-01-28,571000.0
KH00305,2026-01-28,141000.0
KH01877,2026-01-28,212000.0
KH00224,2026-01-28,194000.0
KH00112,2026-01-28,177000.0
KH01100,2026-01-28,159000.0
KH00665,2026-01-28,80000.0
KH01632,2026-01-28,92000.0
KH00527,2026-01-28,196000.0
KH00263,2026-01-28,206000.0
KH01613,2026-01-28,66000.0
KH01142,2026-01-28,69000.0
KH01022,2026-01-28,76000.0
KH00637,2026-01-28,173000.0
KH00256,2026-01-28,91000.0
KH01907,2026-01-28,164000.0
KH02160,2026-01-28,209000.0
KH00458,2026-01-28,84000.0
KH01768,2026-01-28,115000.0
KH02356,2026-01-28,523000.0
KH00603,2026-01-29,82000.0
KH00491,2026-01-29,975000.0
KH00359,2026-01-29,167000.0
KH00863,2026-01-29,308000.0
KH00076,2026-01-29,669000.0
KH01282,2026-01-29,59000.0
KH02423,2026-01-29,57000.0
KH01269,2026-01-29,1304000.0
KH02406,2026-01-29,406000.0
KH00810,2026-01-29,298000.0
KH02179,2026-01-29,621000.0
KH01819,2026-01-29,69000.0
KH02426,2026-01-29,508000.0
KH01262,2026-01-29,100000.0
KH00801,2026-01-29,252000.0
KH02298,2026-01-29,814000.0
KH00450,2026-01-29,200000.0
KH00115,2026-01-29,140000.0
KH01385,2026-01-29,144000.0
KH01055,2026-01-29,223000.0
KH00413,2026-01-29,270000.0
KH01392,2026-01-29,234000.0
KH02119,2026-01-29,500000.0
KH02384,2026-01-29,153000.0
KH01315,2026-01-29,294000.0
KH01192,2026-01-29,136000.0
KH02127,2026-01-29,228000.0
KH01939,2026-01-29,293000.0
KH02377,2026-01-29,240000.0
KH02173,2026-01-29,905000.0
KH01092,2026-01-29,333000.0
KH00750,2026-01-29,117000.0
KH02232,2026-01-29,567000.0
KH02479,2026-01-29,116000.0
KH00372,2026-01-29,476000.0
KH01551,2026-01-29,99000.0
KH00590,2026-01-29,671000.0
KH00272,2026-01-29,186000.0
KH02346,2026-01-29,47000.0
KH01996,2026-01-29,172000.0
KH00122,2026-01-29,451000.0
KH01404,2026-01-29,163000.0
KH00808,2026-01-29,153000.0
KH01015,2026-01-29,581000.0
KH00834,2026-01-29,284000.0
KH00183,2026-01-29,220000.0
KH01561,2026-01-29,824000.0
KH01525,2026-01-29,120000.0
KH01363,2026-01-29,128000.0
KH00769,2026-01-29,510000.0
KH01374,2026-01-29,267000.0
KH01063,2026-01-29,450000.0
KH01373,2026-01-29,425000.0
KH00540,2026-01-29,55000.0
KH00525,2026-01-29,277000.0
KH00699,2026-01-29,60000.0
KH01170,2026-01-29,120000.0
KH00056,2026-01-29,105000.0
KH02261,2026-01-29,153000.0
KH01781,2026-01-29,167000.0
KH00619,2026-01-29,97000.0
KH01103,2026-01-29,264000.0
KH02040,2026-01-29,285000.0
KH01263,2026-01-29,396000.0
KH01243,2026-01-29,146000.0
KH00621,2026-01-29,372000.0
KH00095,2026-01-29,63000.0
KH02228,2026-01-29,270000.0
KH00653,2026-01-29,330000.0
KH00075,2026-01-29,392000.0
KH00584,2026-01-29,136000.0
KH01987,2026-01-29,359000.0
KH00067,2026-01-29,315000.0
KH00576,2026-01-30,536000.0
KH01000,2026-01-30,191000.0
KH00688,2026-01-30,68000.0
KH01873,2026-01-30,409000.0
KH00623,2026-01-30,370000.0
KH02340,2026-01-30,316000.0
KH01221,2026-01-30,37000.0
KH00125,2026-01-30,202000.0
KH02133,2026-01-30,293000.0
KH01752,2026-01-30,70000.0
KH00581,2026-01-30,91000.0
KH00857,2026-01-30,296000.0
KH00800,2026-01-30,93000.0
KH01214,2026-01-30,443000.0
KH02178,2026-01-30,492000.0
KH00287,2026-01-30,36000.0
KH01275,2026-01-30,255000.0
KH00935,2026-01-30,287000.0
KH01464,2026-01-30,86000.0
KH00993,2026-01-30,250000.0
KH01632,2026-01-30,211000.0
KH02178,2026-01-30,1338000.0
KH00100,2026-01-30,223000.0
KH01851,2026-01-30,170000.0
KH00535,2026-01-30,156000.0
KH00686,2026-01-30,503000.0
KH00064,2026-01-30,61000.0
KH02140,2026-01-30,282000.0
KH01256,2026-01-30,339000.0
KH00160,2026-01-30,43000.0
KH00204,2026-01-30,117000.0
KH01064,2026-01-30,57000.0
KH01261,2026-01-30,718000.0
KH02218,2026-01-30,509000.0
KH02252,2026-01-30,111000.0
KH02234,2026-01-30,103000.0
KH02118,2026-01-30,433000.0
KH00923,2026-01-30,677000.0
KH00402,2026-01-30,183000.0
KH00335,2026-01-30,154000.0
KH02076,2026-01-30,271000.0
KH02420,2026-01-30,202000.0
KH02027,2026-01-30,520000.0
KH01465,2026-01-30,375000.0
KH00138,2026-01-30,121000.0
KH01552,2026-01-30,56000.0
KH01747,2026-01-30,135000.0
KH01933,2026-01-30,210000.0
KH00446,2026-01-30,731000.0
KH02374,2026-01-30,182000.0
KH00827,2026-01-30,457000.0
KH01648,2026-01-30,770000.0
KH01510,2026-01-30,88000.0
KH00513,2026-01-30,524000.0
KH01889,2026-01-30,230000.0
KH02235,2026-01-30,143000.0
KH01427,2026-01-30,348000.0
KH01517,2026-01-30,36000.0
KH00041,2026-01-30,34000.0
KH00606,2026-01-30,207000.0
KH02307,2026-01-30,140000.0
KH00556,2026-01-30,159000.0
KH00278,2026-01-30,149000.0
KH01644,2026-01-30,247000.0
KH00685,2026-01-30,97000.0
KH01963,2026-01-30,167000.0
KH00827,2026-01-30,206000.0
KH02287,2026-01-30,640000.0
KH01992,2026-01-30,314000.0
KH00555,2026-01-30,385000.0
KH01773,2026-01-30,518000.0
KH00845,2026-01-30,21000.0
KH01880,2026-01-30,80000.0
KH01259,2026-01-30,114000.0
KH00663,2026-01-30,351000.0
KH00713,2026-01-30,342000.0
KH00239,2026-01-30,144000.0
KH02400,2026-01-30,182000.0
KH01708,2026-01-30,160000.0
KH00630,2026-01-30,120000.0
KH00448,2026-01-30,108000.0
KH02118,2026-01-30,939000.0
KH00014,2026-01-30,34000.0
KH02028,2026-01-30,221000.0
KH00464,2026-01-30,193000.0
KH01987,2026-01-30,337000.0
KH02037,2026-01-31,121000.0
KH00729,2026-01-31,801000.0
KH02381,2026-01-31,121000.0
KH02111,2026-01-31,33000.0
KH01395,2026-01-31,133000.0
KH01724,2026-01-31,450000.0
KH00973,2026-01-31,250000.0
KH02199,2026-01-31,147000.0
KH01086,2026-01-31,375000.0
KH00149,2026-01-31,149000.0
KH01550,2026-01-31,259000.0
KH00596,2026-01-31,210000.0
KH00193,2026-01-31,205000.0
KH02351,2026-01-31,252000.0
KH00492,2026-01-31,161000.0
KH02347,2026-01-31,656000.0
KH00836,2026-01-31,199000.0
KH02459,2026-01-31,143000.0
KH00643,2026-01-31,765000.0
KH00774,2026-01-31,71000.0
KH00572,2026-01-31,339000.0
KH01040,2026-01-31,742000.0
KH01229,2026-01-31,64000.0
KH01012,2026-01-31,146000.0
KH02432,2026-01-31,410000.0
KH01402,2026-01-31,185000.0
KH01781,2026-01-31,338000.0
KH01397,2026-01-31,184000.0
KH02055,2026-01-31,287000.0
KH00584,2026-01-31,498000.0
KH00626,2026-01-31,347000.0
KH02227,2026-01-31,143000.0
KH01337,2026-01-31,637000.0
KH01987,2026-01-31,59000.0
KH02442,2026-01-31,115000.0
KH01579,2026-01-31,285000.0
KH01620,2026-01-31,237000.0
KH00883,2026-01-31,394000.0
KH01810,2026-01-31,218000.0
KH02174,2026-01-31,34000.0
KH02098,2026-01-31,94000.0
KH01320,2026-01-31,31000.0
KH00360,2026-01-31,83000.0
KH02113,2026-01-31,225000.0
KH00846,2026-01-31,231000.0
KH01560,2026-01-31,207000.0
KH01429,2026-01-31,373000.0
KH01798,2026-01-31,47000.0
KH00327,2026-01-31,294000.0
KH01987,2026-01-31,57000.0
KH01249,2026-01-31,154000.0
KH01579,2026-01-31,106000.0
KH01069,2026-01-31,580000.0
KH00198,2026-01-31,170000.0
KH00718,2026-01-31,319000.0
KH01262,2026-01-31,348000.0
KH01156,2026-01-31,153000.0
KH01341,2026-01-31,622000.0
KH01435,2026-01-31,232000.0
KH01404,2026-01-31,329000.0
KH00372,2026-01-31,102000.0
KH00290,2026-01-31,386000.0
KH00606,2026-01-31,429000.0
KH01604,2026-01-31,127000.0
KH00298,2026-01-31,82000.0
KH02188,2026-01-31,71000.0
KH01916,2026-01-31,205000.0
KH01058,2026-01-31,694000.0
KH01195,2026-01-31,207000.0
KH01599,2026-01-31,132000.0
KH00624,2026-01-31,126000.0
KH00832,2026-01-31,291000.0
KH01535,2026-01-31,73000.0
KH00567,2026-01-31,88000.0
KH01097,2026-01-31,422000.0
KH01454,2026-01-31,134000.0
KH02018,2026-01-31,75000.0
KH00099,2026-01-31,111000.0
KH00331,2026-01-31,526000.0
KH00881,2026-01-31,206000.0
KH00051,2026-01-31,188000.0
KH01725,2026-01-31,693000.0
KH01463,2026-01-31,281000.0
KH00063,2026-01-31,333000.0
KH01276,2026-01-31,158000.0
KH00920,2026-01-31,179000.0
KH02057,2026-01-31,469000.0
KH00149,2026-01-31,650000.0
KH01472,2026-01-31,84000.0
KH01138,2026-01-31,87000.0
KH00212,2026-01-31,95000.0
KH00414,2026-01-31,42000.0
KH01460,2026-01-31,195000.0
KH02039,2026-02-01,834000.0
KH01748,2026-02-01,240000.0
KH01525,2026-02-01,49000.0
KH00686,2026-02-01,164000.0
KH02224,2026-02-01,182000.0
KH00742,2026-02-01,248000.0
KH01069,2026-02-01,253000.0
KH00659,2026-02-01,161000.0
KH01987,2026-02-01,160000.0
KH00110,2026-02-01,585000.0
KH01641,2026-02-01,343000.0
KH01037,2026-02-01,20000.0
KH02102,2026-02-01,294000.0
KH01776,2026-02-01,393000.0
KH01725,2026-02-01,476000.0
KH00657,2026-02-01,269000.0
KH00701,2026-02-01,1233000.0
KH01531,2026-02-01,121000.0
KH02070,2026-02-01,222000.0
KH00864,2026-02-01,164000.0
KH00884,2026-02-01,437000.0
KH01030,2026-02-01,272000.0
KH02144,2026-02-01,107000.0
KH00579,2026-02-01,656000.0
KH00126,2026-02-01,87000.0
KH02061,2026-02-01,265000.0
KH00901,2026-02-01,98000.0
KH00943,2026-02-01,98000.0
KH02118,2026-02-01,186000.0
KH01058,2026-02-01,54000.0
KH01190,2026-02-01,217000.0
KH01858,2026-02-01,423000.0
KH02090,2026-02-01,247000.0
KH00808,2026-02-01,787000.0
KH01777,2026-02-01,112000.0
KH00756,2026-02-01,253000.0
KH00016,2026-02-01,479000.0
KH01810,2026-02-01,203000.0
KH00117,2026-02-01,66000.0
KH02008,2026-02-01,937000.0
KH00503,2026-02-01,402000.0
KH01231,2026-02-01,250000.0
KH01993,2026-02-01,179000.0
KH00827,2026-02-01,96000.0
KH01246,2026-02-01,117000.0
KH00559,2026-02-01,277000.0
KH01165,2026-02-01,733000.0
KH01173,2026-02-01,209000.0
KH00363,2026-02-01,319000.0
KH02232,2026-02-01,79000.0
KH01988,2026-02-01,498000.0
KH01601,2026-02-01,131000.0
KH01028,2026-02-01,216000.0
KH00793,2026-02-01,136000.0
KH00204,2026-02-01,206000.0
KH01550,2026-02-01,216000.0
KH00526,2026-02-01,95000.0
KH01216,2026-02-01,360000.0
KH01050,2026-02-01,513000.0
KH01612,2026-02-01,321000.0
KH01289,2026-02-01,123000.0
KH01111,2026-02-01,299000.0
KH01162,2026-02-01,112000.0
KH02129,2026-02-01,493000.0
KH01383,2026-02-01,336000.0
KH00689,2026-02-01,217000.0
KH02224,2026-02-01,240000.0
KH00327,2026-02-01,61000.0
KH02472,2026-02-01,310000.0
KH01292,2026-02-01,497000.0
KH01415,2026-02-01,294000.0
KH01057,2026-02-01,113000.0
KH01004,2026-02-01,49000.0
KH01148,2026-02-01,281000.0
KH00527,2026-02-01,119000.0
KH00574,2026-02-01,86000.0
KH01257,2026-02-01,423000.0
KH02473,2026-02-01,75000.0
KH00576,2026-02-01,169000.0
KH00933,2026-02-01,324000.0
KH01832,2026-02-01,356000.0
KH02234,2026-02-01,371000.0
KH00004,2026-02-01,210000.0
KH01725,2026-02-01,319000.0
KH00005,2026-02-01,248000.0
KH01727,2026-02-01,534000.0
KH02155,2026-02-01,127000.0
KH01998,2026-02-01,910000.0
KH02293,2026-02-01,251000.0
KH00959,2026-02-01,58000.0
KH00537,2026-02-01,198000.0
KH01458,2026-02-01,50000.0
KH00498,2026-02-01,47000.0
KH00500,2026-02-02,99000.0
KH01641,2026-02-02,107000.0
KH00510,2026-02-02,230000.0
KH00869,2026-02-02,149000.0
KH01452,2026-02-02,504000.0
KH02087,2026-02-02,282000.0
KH01606,2026-02-02,189000.0
KH01261,2026-02-02,379000.0
KH02057,2026-02-02,251000.0
KH01761,2026-02-02,284000.0
KH00806,2026-02-02,616000.0
KH01412,2026-02-02,76000.0
KH00114,2026-02-02,796000.0
KH01094,2026-02-02,131000.0
KH00172,2026-02-02,183000.0
KH00830,2026-02-02,137000.0
KH01716,2026-02-02,504000.0
KH00179,2026-02-02,371000.0
KH02091,2026-02-02,177000.0
KH01912,2026-02-02,152000.0
KH00364,2026-02-02,243000.0
KH00833,2026-02-02,151000.0
KH01608,2026-02-02,279000.0
KH00310,2026-02-02,461000.0
KH01341,2026-02-02,634000.0
KH02244,2026-02-02,96000.0
KH01350,2026-02-02,299000.0
KH01764,2026-02-02,709000.0
KH01051,2026-02-02,336000.0
KH00984,2026-02-02,128000.0
KH01680,2026-02-02,174000.0
KH02435,2026-02-02,147000.0
KH02038,2026-02-02,363000.0
KH00276,2026-02-02,336000.0
KH00380,2026-02-02,869000.0
KH00427,2026-02-02,72000.0
KH01651,2026-02-02,92000.0
KH01828,2026-02-02,98000.0
KH01649,2026-02-02,1015000.0
KH00379,2026-02-02,186000.0
KH00575,2026-02-02,32000.0
KH01829,2026-02-02,199000.0
KH01146,2026-02-02,334000.0
KH00992,2026-02-02,713000.0
KH02447,2026-02-02,180000.0
KH00488,2026-02-02,247000.0
KH00801,2026-02-02,94000.0
KH00689,2026-02-02,209000.0
KH00262,2026-02-02,290000.0
KH01747,2026-02-02,337000.0
KH02312,2026-02-02,117000.0
KH01042,2026-02-02,147000.0
KH00677,2026-02-02,292000.0
KH00816,2026-02-02,175000.0
KH00976,2026-02-02,324000.0
KH00940,2026-02-02,398000.0
KH02252,2026-02-02,231000.0
KH02220,2026-02-02,100000.0
KH00103,2026-02-02,847000.0
KH00094,2026-02-02,417000.0
KH00329,2026-02-02,287000.0
KH02195,2026-02-02,265000.0
KH00828,2026-02-02,652000.0
KH00574,2026-02-02,187000.0
KH00100,2026-02-02,541000.0
KH00941,2026-02-02,149000.0
KH01135,2026-02-02,130000.0
KH02148,2026-02-02,217000.0
KH00519,2026-02-02,58000.0
KH00461,2026-02-03,138000.0
KH00686,2026-02-03,425000.0
KH01538,2026-02-03,132000.0
KH01053,2026-02-03,612000.0
KH00187,2026-02-03,160000.0
KH02201,2026-02-03,552000.0
KH00445,2026-02-03,657000.0
KH01976,2026-02-03,193000.0
KH00856,2026-02-03,260000.0
KH01727,2026-02-03,431000.0
KH01263,2026-02-03,34000.0
KH01778,2026-02-03,245000.0
KH01525,2026-02-03,179000.0
KH01908,2026-02-03,91000.0
KH01140,2026-02-03,284000.0
KH02014,2026-02-03,159000.0
KH02164,2026-02-03,108000.0
KH01666,2026-02-03,155000.0
KH02329,2026-02-03,206000.0
KH02244,2026-02-03,292000.0
KH02244,2026-02-03,643000.0
KH02398,2026-02-03,518000.0
KH00368,2026-02-03,233000.0
KH00561,2026-02-03,398000.0
KH00852,2026-02-03,258000.0
KH00828,2026-02-03,116000.0
KH01690,2026-02-03,85000.0
KH02173,2026-02-03,415000.0
KH00178,2026-02-03,146000.0
KH00082,2026-02-03,1292000.0
KH01890,2026-02-03,133000.0
KH01023,2026-02-03,72000.0
KH02327,2026-02-03,151000.0
KH01954,2026-02-03,86000.0
KH00849,2026-02-03,223000.0
KH00460,2026-02-03,404000.0
KH01262,2026-02-03,52000.0
KH02394,2026-02-03,290000.0
KH01516,2026-02-03,150000.0
KH00067,2026-02-03,1275000.0
KH00249,2026-02-03,514000.0
KH00209,2026-02-03,258000.0
KH00789,2026-02-03,414000.0
KH00358,2026-02-03,134000.0
KH02383,2026-02-03,301000.0
KH00113,2026-02-03,178000.0
KH01944,2026-02-03,213000.0
KH01315,2026-02-03,244000.0
KH01022,2026-02-03,241000.0
KH01942,2026-02-03,212000.0
KH01877,2026-02-03,81000.0
KH01429,2026-02-03,391000.0
KH00305,2026-02-03,187000.0
KH00465,2026-02-03,56000.0
KH00043,2026-02-03,722000.0
KH00714,2026-02-03,144000.0
KH00629,2026-02-03,98000.0
KH00814,2026-02-03,255000.0
KH02210,2026-02-03,91000.0
KH01235,2026-02-03,340000.0
KH01773,2026-02-03,75000.0
KH01075,2026-02-03,312000.0
KH00657,2026-02-03,351000.0
KH01796,2026-02-03,561000.0
KH01335,2026-02-03,168000.0
KH00056,2026-02-03,139000.0
KH02248,2026-02-03,229000.0
KH01544,2026-02-03,87000.0
KH01302,2026-02-03,312000.0
KH01472,2026-02-03,62000.0
KH01344,2026-02-03,252000.0
KH00575,2026-02-03,960000.0
KH01322,2026-02-03,294000.0
KH02275,2026-02-03,3071000.0
KH01748,2026-02-03,634000.0
KH00151,2026-02-03,84000.0
KH02186,2026-02-03,71000.0
KH00633,2026-02-03,198000.0
KH00589,2026-02-03,250000.0
KH01692,2026-02-04,63000.0
KH00860,2026-02-04,221000.0
KH00181,2026-02-04,316000.0
KH00955,2026-02-04,250000.0
KH02092,2026-02-04,196000.0
KH01392,2026-02-04,96000.0
KH01999,2026-02-04,31000.0
KH00121,2026-02-04,253000.0
KH01255,2026-02-04,980000.0
KH00552,2026-02-04,266000.0
KH00648,2026-02-04,172000.0
KH02092,2026-02-04,133000.0
KH01969,2026-02-04,114000.0
KH00466,2026-02-04,206000.0
KH02453,2026-02-04,39000.0
KH00997,2026-02-04,285000.0
KH00712,2026-02-04,136000.0
KH00860,2026-02-04,169000.0
KH00592,2026-02-04,295000.0
KH02118,2026-02-04,193000.0
KH01441,2026-02-04,134000.0
KH01973,2026-02-04,474000.0
KH01190,2026-02-04,408000.0
KH01558,2026-02-04,72000.0
KH01866,2026-02-04,394000.0
KH02395,2026-02-04,155000.0
KH02204,2026-02-04,154000.0
KH01750,2026-02-04,55000.0
KH01707,2026-02-04,259000.0
KH00192,2026-02-04,1029000.0
KH01951,2026-02-04,389000.0
KH01715,2026-02-04,262000.0
KH00628,2026-02-04,305000.0
KH02259,2026-02-04,421000.0
KH00933,2026-02-04,51000.0
KH01664,2026-02-04,399000.0
KH00835,2026-02-04,160000.0
KH01961,2026-02-04,556000.0
KH00771,2026-02-04,119000.0
KH00303,2026-02-04,128000.0
KH00032,2026-02-04,211000.0
KH01832,2026-02-04,79000.0
KH00091,2026-02-04,441000.0
KH01519,2026-02-04,112000.0
KH00457,2026-02-04,300000.0
KH00038,2026-02-04,379000.0
KH00195,2026-02-04,90000.0
KH00194,2026-02-04,113000.0
KH00170,2026-02-04,201000.0
KH01914,2026-02-04,53000.0
KH01642,2026-02-04,294000.0
KH00956,2026-02-04,638000.0
KH02218,2026-02-04,154000.0
KH02075,2026-02-04,108000.0
KH00372,2026-02-04,793000.0
KH01412,2026-02-04,480000.0
KH01751,2026-02-04,220000.0
KH00073,2026-02-04,1194000.0
KH00723,2026-02-04,228000.0
KH00189,2026-02-04,416000.0
KH02175,2026-02-04,78000.0
KH00133,2026-02-04,136000.0
KH00640,2026-02-04,194000.0
KH01032,2026-02-04,74000.0
KH02136,2026-02-04,1233000.0
KH01815,2026-02-04,901000.0
KH01987,2026-02-04,37000.0
KH00677,2026-02-04,88000.0
KH00315,2026-02-04,84000.0
KH00876,2026-02-04,224000.0
KH00500,2026-02-04,687000.0
KH02233,2026-02-04,141000.0
KH00028,2026-02-04,359000.0
KH02121,2026-02-05,1104000.0
KH02018,2026-02-05,65000.0
KH00448,2026-02-05,487000.0
KH01595,2026-02-05,82000.0
KH00143,2026-02-05,111000.0
KH00495,2026-02-05,222000.0
KH01971,2026-02-05,88000.0
KH02500,2026-02-05,153000.0
KH01192,2026-02-05,114000.0
KH00086,2026-02-05,124000.0
KH01927,2026-02-05,214000.0
KH00951,2026-02-05,54000.0
KH00804,2026-02-05,129000.0
KH01643,2026-02-05,300000.0
KH02356,2026-02-05,248000.0
KH00734,2026-02-05,129000.0
KH01412,2026-02-05,372000.0
KH02248,2026-02-05,366000.0
KH00749,2026-02-05,500000.0
KH00498,2026-02-05,115000.0
KH01049,2026-02-05,115000.0
KH01706,2026-02-05,413000.0
KH01076,2026-02-05,441000.0
KH01213,2026-02-05,627000.0
KH01579,2026-02-05,744000.0
KH01016,2026-02-05,151000.0
KH01168,2026-02-05,112000.0
KH01546,2026-02-05,100000.0
KH01059,2026-02-05,1673000.0
KH01341,2026-02-05,73000.0
KH02268,2026-02-05,183000.0
KH02019,2026-02-05,179000.0
KH01034,2026-02-05,208000.0
KH00213,2026-02-05,109000.0
KH02308,2026-02-05,147000.0
KH00800,2026-02-05,43000.0
KH01684,2026-02-05,382000.0
KH01935,2026-02-05,156000.0
KH01563,2026-02-05,286000.0
KH02228,2026-02-05,64000.0
KH00372,2026-02-05,473000.0
KH00364,2026-02-05,64000.0
KH00269,2026-02-05,209000.0
KH00856,2026-02-05,177000.0
KH00018,2026-02-05,367000.0
KH00808,2026-02-05,66000.0
KH01526,2026-02-05,50000.0
KH02456,2026-02-05,230000.0
KH01423,2026-02-05,372000.0
KH01181,2026-02-05,103000.0
KH01211,2026-02-05,287000.0
KH02146,2026-02-05,814000.0
KH00767,2026-02-05,114000.0
KH02183,2026-02-05,277000.0
KH01877,2026-02-05,201000.0
KH00640,2026-02-05,108000.0
KH00291,2026-02-05,351000.0
KH00247,2026-02-05,560000.0
KH00864,2026-02-05,96000.0
KH01492,2026-02-05,160000.0
KH00009,2026-02-05,176000.0
KH01308,2026-02-05,208000.0
KH02257,2026-02-05,217000.0
KH00729,2026-02-05,160000.0
KH02100,2026-02-05,218000.0
KH00921,2026-02-05,499000.0
KH02086,2026-02-05,131000.0
KH01803,2026-02-05,110000.0
KH00230,2026-02-05,280000.0
KH02187,2026-02-05,732000.0
KH00308,2026-02-05,137000.0
KH00901,2026-02-05,97000.0
KH00487,2026-02-05,67000.0
KH01934,2026-02-05,226000.0
KH01913,2026-02-05,140000.0
KH01472,2026-02-05,954000.0
KH01557,2026-02-05,632000.0
KH00293,2026-02-05,75000.0
KH01639,2026-02-05,377000.0
KH01742,2026-02-05,49000.0
KH00012,2026-02-05,154000.0
KH00017,2026-02-06,401000.0
KH01334,2026-02-06,90000.0
KH01601,2026-02-06,82000.0
KH01220,2026-02-06,252000.0
KH00530,2026-02-06,73000.0
KH01715,2026-02-06,231000.0
KH02457,2026-02-06,165000.0
KH02186,2026-02-06,291000.0
KH01546,2026-02-06,60000.0
KH01620,2026-02-06,155000.0
KH01371,2026-02-06,151000.0
KH01725,2026-02-06,226000.0
KH01230,2026-02-06,328000.0
KH01964,2026-02-06,134000.0
KH01500,2026-02-06,224000.0
KH02214,2026-02-06,650000.0
KH01367,2026-02-06,199000.0
KH00032,2026-02-06,795000.0
KH00840,2026-02-06,660000.0
KH01344,2026-02-06,94000.0
KH00698,2026-02-06,680000.0
KH01120,2026-02-06,92000.0
KH01342,2026-02-06,144000.0
KH01384,2026-02-06,117000.0
KH00537,2026-02-06,315000.0
KH01485,2026-02-06,90000.0
KH01767,2026-02-06,116000.0
KH01061,2026-02-06,362000.0
KH00539,2026-02-06,114000.0
KH00496,2026-02-06,292000.0
KH02196,2026-02-06,361000.0
KH00566,2026-02-06,665000.0
KH02369,2026-02-06,292000.0
KH01404,2026-02-06,189000.0
KH02479,2026-02-06,112000.0
KH01651,2026-02-06,504000.0
KH01648,2026-02-06,132000.0
KH01725,2026-02-06,251000.0
KH02175,2026-02-06,71000.0
KH00398,2026-02-06,285000.0
KH00808,2026-02-06,221000.0
KH01565,2026-02-06,67000.0
KH01151,2026-02-06,837000.0
KH02428,2026-02-06,478000.0
KH00921,2026-02-06,608000.0
KH02005,2026-02-06,642000.0
KH00694,2026-02-06,628000.0
KH00183,2026-02-06,339000.0
KH02198,2026-02-06,358000.0
KH00605,2026-02-06,59000.0
KH00392,2026-02-06,124000.0
KH00199,2026-02-06,202000.0
KH01474,2026-02-06,282000.0
KH02456,2026-02-06,137000.0
KH01411,2026-02-06,218000.0
KH02310,2026-02-06,537000.0
KH01439,2026-02-06,373000.0
KH00599,2026-02-06,220000.0
KH01675,2026-02-06,134000.0
KH01808,2026-02-06,63000.0
KH02425,2026-02-06,110000.0
KH01028,2026-02-06,252000.0
KH02020,2026-02-06,691000.0
KH01932,2026-02-06,404000.0
KH00228,2026-02-06,344000.0
KH00134,2026-02-06,113000.0
KH00468,2026-02-06,76000.0
KH00317,2026-02-06,787000.0
KH02471,2026-02-06,441000.0
KH01971,2026-02-06,172000.0
KH01693,2026-02-06,270000.0
KH01982,2026-02-06,351000.0
KH00115,2026-02-06,235000.0
KH02148,2026-02-06,240000.0
KH00584,2026-02-06,679000.0
KH00104,2026-02-07,98000.0
KH01528,2026-02-07,65000.0
KH02007,2026-02-07,314000.0
KH01396,2026-02-07,339000.0
KH01567,2026-02-07,306000.0
KH00655,2026-02-07,141000.0
KH01432,2026-02-07,98000.0
KH01202,2026-02-07,279000.0
KH00190,2026-02-07,245000.0
KH00951,2026-02-07,470000.0
KH01849,2026-02-07,61000.0
KH00047,2026-02-07,245000.0
KH00307,2026-02-07,171000.0
KH01776,2026-02-07,1027000.0
KH00857,2026-02-07,189000.0
KH02310,2026-02-07,186000.0
KH00770,2026-02-07,1048000.0
KH00462,2026-02-07,119000.0
KH00022,2026-02-07,507000.0
KH00655,2026-02-07,602000.0
KH01706,2026-02-07,143000.0
KH00258,2026-02-07,309000.0
KH01543,2026-02-07,121000.0
KH00905,2026-02-07,49000.0
KH00973,2026-02-07,223000.0
KH01614,2026-02-07,168000.0
KH02028,2026-02-07,140000.0
KH01958,2026-02-07,147000.0
KH02397,2026-02-07,79000.0
KH00640,2026-02-07,39000.0
KH01426,2026-02-07,314000.0
KH00106,2026-02-07,753000.0
KH00625,2026-02-07,352000.0
KH01835,2026-02-07,26000.0
KH01432,2026-02-07,217000.0
KH00879,2026-02-07,178000.0
KH01410,2026-02-07,369000.0
KH00063,2026-02-07,161000.0
KH00982,2026-02-07,216000.0
KH00423,2026-02-07,427000.0
KH01724,2026-02-07,229000.0
KH01748,2026-02-07,157000.0
KH01994,2026-02-07,270000.0
KH00218,2026-02-07,62000.0
KH01906,2026-02-07,248000.0
KH01901,2026-02-07,242000.0
KH02487,2026-02-07,135000.0
KH01238,2026-02-07,222000.0
KH01856,2026-02-07,124000.0
KH02121,2026-02-07,96000.0
KH00412,2026-02-07,254000.0
KH00866,2026-02-07,397000.0
KH01154,2026-02-07,86000.0
KH01930,2026-02-07,88000.0
KH02261,2026-02-07,214000.0
KH00647,2026-02-07,80000.0
KH00157,2026-02-07,204000.0
KH01896,2026-02-07,110000.0
KH01753,2026-02-07,440000.0
KH01944,2026-02-07,170000.0
KH01925,2026-02-07,577000.0
KH01015,2026-02-07,232000.0
KH01808,2026-02-07,73000.0
KH01689,2026-02-07,219000.0
KH01258,2026-02-07,239000.0
KH02052,2026-02-07,252000.0
KH00727,2026-02-07,1087000.0
KH01273,2026-02-07,165000.0
KH01083,2026-02-07,236000.0
KH02465,2026-02-07,123000.0
KH00281,2026-02-07,105000.0
KH00104,2026-02-07,252000.0
KH00734,2026-02-07,250000.0
KH01716,2026-02-07,437000.0
KH01643,2026-02-07,284000.0
KH01337,2026-02-07,83000.0
KH00316,2026-02-07,256000.0
KH00746,2026-02-07,718000.0
KH00503,2026-02-07,442000.0
KH01083,2026-02-07,350000.0
KH02060,2026-02-07,544000.0
KH01938,2026-02-08,203000.0
KH01988,2026-02-08,97000.0
KH02077,2026-02-08,294000.0
KH01058,2026-02-08,169000.0
KH02303,2026-02-08,1291000.0
KH02252,2026-02-08,345000.0
KH02134,2026-02-08,263000.0
KH00955,2026-02-08,222000.0
KH01479,2026-02-08,463000.0
KH01189,2026-02-08,40000.0
KH00066,2026-02-08,106000.0
KH00110,2026-02-08,354000.0
KH02156,2026-02-08,165000.0
KH01838,2026-02-08,422000.0
KH01511,2026-02-08,267000.0
KH01897,2026-02-08,288000.0
KH00683,2026-02-08,97000.0
KH02032,2026-02-08,440000.0
KH00310,2026-02-08,62000.0
KH01098,2026-02-08,102000.0
KH01146,2026-02-08,77000.0
KH02055,2026-02-08,67000.0
KH01791,2026-02-08,112000.0
KH01283,2026-02-08,390000.0
KH00455,2026-02-08,177000.0
KH02091,2026-02-08,47000.0
KH00500,2026-02-08,66000.0
KH00348,2026-02-08,141000.0
KH01857,2026-02-08,70000.0
KH01608,2026-02-08,305000.0
KH00548,2026-02-08,213000.0
KH00794,2026-02-08,130000.0
KH00415,2026-02-08,101000.0
KH00214,2026-02-08,159000.0
KH01057,2026-02-08,166000.0
KH01442,2026-02-08,597000.0
KH00850,2026-02-08,225000.0
KH00115,2026-02-08,203000.0
KH01188,2026-02-08,61000.0
KH00750,2026-02-08,146000.0
KH01060,2026-02-08,153000.0
KH02494,2026-02-08,127000.0
KH00725,2026-02-08,184000.0
KH01139,2026-02-08,165000.0
KH00735,2026-02-08,316000.0
KH01004,2026-02-08,176000.0
KH01819,2026-02-08,1580000.0
KH01768,2026-02-08,180000.0
KH02190,2026-02-08,294000.0
KH01247,2026-02-08,40000.0
KH00107,2026-02-08,151000.0
KH02459,2026-02-08,298000.0
KH01648,2026-02-08,191000.0
KH01522,2026-02-08,258000.0
KH01088,2026-02-08,89000.0
KH02247,2026-02-08,387000.0
KH01678,2026-02-08,291000.0
KH01220,2026-02-08,85000.0
KH00771,2026-02-08,312000.0
KH00902,2026-02-08,144000.0
KH02377,2026-02-08,165000.0
KH02367,2026-02-08,262000.0
KH01640,2026-02-08,50000.0
KH00528,2026-02-08,199000.0
KH00066,2026-02-08,112000.0
KH00646,2026-02-08,219000.0
KH01184,2026-02-08,504000.0
KH00222,2026-02-08,214000.0
KH01020,2026-02-08,143000.0
KH00218,2026-02-08,356000.0
KH00461,2026-02-08,629000.0
KH02083,2026-02-08,151000.0
KH00564,2026-02-08,1051000.0
KH02074,2026-02-08,123000.0
KH01351,2026-02-08,89000.0
KH02382,2026-02-08,138000.0
KH00879,2026-02-08,82000.0
KH00409,2026-02-08,47000.0
KH02218,2026-02-08,68000.0
KH01262,2026-02-08,170000.0
KH01059,2026-02-08,228000.0
KH01656,2026-02-08,544000.0
KH00491,2026-02-08,159000.0
KH02299,2026-02-08,972000.0
KH00103,2026-02-08,106000.0
KH01647,2026-02-08,248000.0
KH02374,2026-02-08,180000.0
KH00576,2026-02-08,907000.0
KH00484,2026-02-08,137000.0
KH01366,2026-02-08,283000.0
KH01262,2026-02-08,691000.0
KH00448,2026-02-08,159000.0
KH01024,2026-02-08,89000.0
KH02275,2026-02-08,1575000.0
KH02307,2026-02-08,283000.0
KH01643,2026-02-08,159000.0
KH01879,2026-02-09,161000.0
KH01377,2026-02-09,363000.0
KH00776,2026-02-09,393000.0
KH00557,2026-02-09,55000.0
KH00242,2026-02-09,349000.0
KH00749,2026-02-09,471000.0
KH02268,2026-02-09,53000.0
KH02311,2026-02-09,187000.0
KH01418,2026-02-09,240000.0
KH00825,2026-02-09,142000.0
KH00115,2026-02-09,779000.0
KH01840,2026-02-09,80000.0
KH02130,2026-02-09,217000.0
KH00662,2026-02-09,379000.0
KH00197,2026-02-09,101000.0
KH02228,2026-02-09,102000.0
KH00749,2026-02-09,107000.0
KH02407,2026-02-09,121000.0
KH00014,2026-02-09,152000.0
KH00207,2026-02-09,305000.0
KH00813,2026-02-09,161000.0
KH00012,2026-02-09,109000.0
KH01514,2026-02-09,55000.0
KH02111,2026-02-09,406000.0
KH00063,2026-02-09,898000.0
KH00749,2026-02-09,57000.0
KH01129,2026-02-09,134000.0
KH01821,2026-02-09,63000.0
KH01656,2026-02-09,415000.0
KH01458,2026-02-09,145000.0
KH01747,2026-02-09,609000.0
KH02030,2026-02-09,924000.0
KH00110,2026-02-09,577000.0
KH02400,2026-02-09,198000.0
KH00199,2026-02-09,514000.0
KH01022,2026-02-09,718000.0
KH01350,2026-02-09,479000.0
KH00734,2026-02-09,81000.0
KH01470,2026-02-09,242000.0
KH00437,2026-02-09,588000.0
KH01201,2026-02-09,60000.0
KH01109,2026-02-09,425000.0
KH00951,2026-02-09,233000.0
KH00606,2026-02-09,231000.0
KH00525,2026-02-09,72000.0
KH00147,2026-02-09,297000.0
KH02107,2026-02-09,92000.0
KH01105,2026-02-09,234000.0
KH00214,2026-02-09,240000.0
KH01188,2026-02-09,947000.0
KH00954,2026-02-09,147000.0
KH01229,2026-02-09,1297000.0
KH00649,2026-02-09,466000.0
KH01424,2026-02-09,394000.0
KH00868,2026-02-09,152000.0
KH01625,2026-02-09,115000.0
KH00427,2026-02-09,450000.0
KH00204,2026-02-09,270000.0
KH00976,2026-02-09,438000.0
KH00678,2026-02-09,192000.0
KH00093,2026-02-09,106000.0
KH01531,2026-02-09,614000.0
KH00911,2026-02-09,1862000.0
KH00328,2026-02-09,320000.0
KH01700,2026-02-09,299000.0
KH00100,2026-02-09,260000.0
KH01392,2026-02-09,114000.0
KH01143,2026-02-09,1040000.0
KH01791,2026-02-09,145000.0
KH00480,2026-02-09,415000.0
KH01309,2026-02-09,61000.0
KH01346,2026-02-09,204000.0
KH01844,2026-02-09,245000.0
KH01405,2026-02-09,290000.0
KH02164,2026-02-09,647000.0
KH01824,2026-02-09,262000.0
KH01157,2026-02-10,84000.0
KH01595,2026-02-10,196000.0
KH01773,2026-02-10,477000.0
KH00382,2026-02-10,59000.0
KH00932,2026-02-10,345000.0
KH01773,2026-02-10,170000.0
KH02015,2026-02-10,492000.0
KH02242,2026-02-10,113000.0
KH00561,2026-02-10,114000.0
KH00533,2026-02-10,140000.0
KH01093,2026-02-10,180000.0
KH01107,2026-02-10,1127000.0
KH00415,2026-02-10,844000.0
KH00353,2026-02-10,279000.0
KH01148,2026-02-10,366000.0
KH00048,2026-02-10,28000.0
KH01022,2026-02-10,371000.0
KH00997,2026-02-10,71000.0
KH01701,2026-02-10,216000.0
KH00564,2026-02-10,526000.0
KH01658,2026-02-10,517000.0
KH00276,2026-02-10,212000.0
KH01447,2026-02-10,264000.0
KH01073,2026-02-10,384000.0
KH01188,2026-02-10,146000.0
KH00665,2026-02-10,392000.0
KH01246,2026-02-10,1126000.0
KH01643,2026-02-10,451000.0
KH01920,2026-02-10,1070000.0
KH00787,2026-02-10,91000.0
KH02153,2026-02-10,95000.0
KH00321,2026-02-10,66000.0
KH01202,2026-02-10,127000.0
KH02087,2026-02-10,223000.0
KH02099,2026-02-10,72000.0
KH00247,2026-02-10,242000.0
KH01142,2026-02-10,179000.0
KH01653,2026-02-10,282000.0
KH00989,2026-02-10,554000.0
KH01575,2026-02-10,515000.0
KH00102,2026-02-10,52000.0
KH01727,2026-02-10,837000.0
KH00605,2026-02-10,133000.0
KH00002,2026-02-10,75000.0
KH00382,2026-02-10,100000.0
KH01278,2026-02-10,1061000.0
KH00017,2026-02-10,95000.0
KH00135,2026-02-10,295000.0
KH00363,2026-02-10,138000.0
KH01918,2026-02-10,130000.0
KH00248,2026-02-10,89000.0
KH01103,2026-02-10,39000.0
KH02424,2026-02-10,111000.0
KH00287,2026-02-10,182000.0
KH02321,2026-02-10,358000.0
KH01332,2026-02-10,261000.0
KH02214,2026-02-10,272000.0
KH00355,2026-02-10,133000.0
KH00415,2026-02-10,387000.0
KH02204,2026-02-10,201000.0
KH00821,2026-02-10,679000.0
KH01481,2026-02-10,53000.0
KH00269,2026-02-10,312000.0
KH00037,2026-02-10,1443000.0
KH01648,2026-02-10,305000.0
KH00039,2026-02-10,32000.0
KH01785,2026-02-10,120000.0
KH00940,2026-02-10,172000.0
KH00902,2026-02-10,206000.0
KH01502,2026-02-10,368000.0
KH01153,2026-02-10,180000.0
KH00251,2026-02-10,115000.0
KH02406,2026-02-10,224000.0
KH00067,2026-02-10,133000.0
KH00460,2026-02-10,88000.0
KH00281,2026-02-10,116000.0
KH01445,2026-02-10,378000.0
KH01376,2026-02-10,139000.0
KH01896,2026-02-10,139000.0
KH00236,2026-02-10,639000.0
KH00509,2026-02-10,420000.0
KH01373,2026-02-10,182000.0
KH01777,2026-02-10,109000.0
KH01712,2026-02-10,208000.0
KH00189,2026-02-11,64000.0
KH00527,2026-02-11,186000.0
KH01911,2026-02-11,178000.0
KH01692,2026-02-11,177000.0
KH01798,2026-02-11,363000.0
KH00989,2026-02-11,166000.0
KH01987,2026-02-11,116000.0
KH00625,2026-02-11,461000.0
KH01777,2026-02-11,205000.0
KH01475,2026-02-11,199000.0
KH00309,2026-02-11,65000.0
KH01487,2026-02-11,371000.0
KH01132,2026-02-11,331000.0
KH01038,2026-02-11,118000.0
KH02291,2026-02-11,108000.0
KH00167,2026-02-11,334000.0
KH02480,2026-02-11,114000.0
KH00240,2026-02-11,204000.0
KH00929,2026-02-11,86000.0
KH01351,2026-02-11,365000.0
KH00089,2026-02-11,149000.0
KH00224,2026-02-11,142000.0
KH01233,2026-02-11,901000.0
KH01794,2026-02-11,66000.0
KH00653,2026-02-11,120000.0
KH02464,2026-02-11,903000.0
KH00814,2026-02-11,384000.0
KH02114,2026-02-11,122000.0
KH01392,2026-02-11,33000.0
KH00232,2026-02-11,112000.0
KH01776,2026-02-11,171000.0
KH02327,2026-02-11,54000.0
KH02017,2026-02-11,47000.0
KH00786,2026-02-11,856000.0
KH02311,2026-02-11,298000.0
KH01254,2026-02-11,179000.0
KH01120,2026-02-11,245000.0
KH00707,2026-02-11,149000.0
KH01442,2026-02-11,208000.0
KH01498,2026-02-11,144000.0
KH00977,2026-02-11,109000.0
KH00896,2026-02-11,217000.0
KH01747,2026-02-11,45000.0
KH00970,2026-02-11,572000.0
KH00207,2026-02-11,217000.0
KH00553,2026-02-11,101000.0
KH02311,2026-02-11,97000.0
KH00916,2026-02-11,302000.0
KH02003,2026-02-11,168000.0
KH00755,2026-02-11,147000.0
KH00553,2026-02-11,416000.0
KH01785,2026-02-11,221000.0
KH00833,2026-02-11,497000.0
KH01643,2026-02-11,244000.0
KH01905,2026-02-11,162000.0
KH01257,2026-02-11,106000.0
KH02473,2026-02-11,93000.0
KH01824,2026-02-11,218000.0
KH00517,2026-02-11,1292000.0
KH00388,2026-02-11,173000.0
KH01117,2026-02-11,175000.0
KH02030,2026-02-11,62000.0
KH01961,2026-02-11,247000.0
KH02121,2026-02-11,181000.0
KH00551,2026-02-11,83000.0
KH00627,2026-02-11,246000.0
KH00805,2026-02-11,105000.0
KH02236,2026-02-11,50000.0
KH01649,2026-02-11,253000.0
KH02278,2026-02-11,276000.0
KH00064,2026-02-11,113000.0
KH00825,2026-02-11,272000.0
KH01347,2026-02-11,443000.0
KH00340,2026-02-11,121000.0
KH01781,2026-02-11,558000.0
KH00364,2026-02-11,227000.0
KH00765,2026-02-11,42000.0
KH02304,2026-02-11,79000.0
KH00086,2026-02-11,175000.0
KH01453,2026-02-11,335000.0
KH02403,2026-02-11,257000.0
KH01502,2026-02-11,101000.0
KH02251,2026-02-11,211000.0
KH01374,2026-02-11,149000.0
KH00954,2026-02-11,554000.0
KH01681,2026-02-11,186000.0
KH01933,2026-02-12,103000.0
KH02445,2026-02-12,416000.0
KH01784,2026-02-12,26000.0
KH02007,2026-02-12,232000.0
KH01433,2026-02-12,1712000.0
KH02312,2026-02-12,265000.0
KH01345,2026-02-12,247000.0
KH00780,2026-02-12,128000.0
KH01321,2026-02-12,105000.0
KH01840,2026-02-12,87000.0
KH02134,2026-02-12,476000.0
KH02118,2026-02-12,229000.0
KH00954,2026-02-12,858000.0
KH01705,2026-02-12,253000.0
KH02193,2026-02-12,279000.0
KH00856,2026-02-12,349000.0
KH00574,2026-02-12,69000.0
KH01605,2026-02-12,501000.0
KH01782,2026-02-12,93000.0
KH00111,2026-02-12,55000.0
KH00561,2026-02-12,154000.0
KH01078,2026-02-12,472000.0
KH02311,2026-02-12,389000.0
KH01811,2026-02-12,83000.0
KH02040,2026-02-12,117000.0
KH02165,2026-02-12,375000.0
KH00283,2026-02-12,283000.0
KH02479,2026-02-12,228000.0
KH00553,2026-02-12,113000.0
KH01896,2026-02-12,50000.0
KH02243,2026-02-12,215000.0
KH01335,2026-02-12,215000.0
KH00868,2026-02-12,401000.0
KH01736,2026-02-12,270000.0
KH01798,2026-02-12,356000.0
KH02400,2026-02-12,267000.0
KH00308,2026-02-12,226000.0
KH01401,2026-02-12,34000.0
KH00102,2026-02-12,218000.0
KH00979,2026-02-12,216000.0
KH00151,2026-02-12,43000.0
KH02169,2026-02-12,67000.0
KH00735,2026-02-12,749000.0
KH00188,2026-02-12,186000.0
KH01076,2026-02-12,598000.0
KH00709,2026-02-12,141000.0
KH02179,2026-02-12,312000.0
KH01670,2026-02-12,169000.0
KH01912,2026-02-12,146000.0
KH00116,2026-02-12,177000.0
KH02357,2026-02-12,354000.0
KH02048,2026-02-12,59000.0
KH01418,2026-02-12,260000.0
KH00101,2026-02-12,123000.0
KH02477,2026-02-12,135000.0
KH00595,2026-02-12,61000.0
KH00991,2026-02-12,100000.0
KH00624,2026-02-12,243000.0
KH01710,2026-02-12,918000.0
KH02006,2026-02-12,370000.0
KH01912,2026-02-12,192000.0
KH01394,2026-02-12,104000.0
KH01303,2026-02-12,329000.0
KH01482,2026-02-12,189000.0
KH01414,2026-02-12,158000.0
KH01335,2026-02-12,153000.0
KH00920,2026-02-12,270000.0
KH01639,2026-02-12,109000.0
KH01996,2026-02-12,411000.0
KH01381,2026-02-12,170000.0
KH01709,2026-02-12,47000.0
KH01048,2026-02-12,217000.0
KH00995,2026-02-12,150000.0
KH02173,2026-02-12,2305000.0
KH00641,2026-02-12,256000.0
KH00769,2026-02-12,925000.0
KH00191,2026-02-12,343000.0
KH00544,2026-02-13,187000.0
KH00192,2026-02-13,149000.0
KH00412,2026-02-13,631000.0
KH01143,2026-02-13,1639000.0
KH00509,2026-02-13,107000.0
KH02424,2026-02-13,162000.0
KH01736,2026-02-13,415000.0
KH00021,2026-02-13,298000.0
KH01753,2026-02-13,123000.0
KH01769,2026-02-13,348000.0
KH00953,2026-02-13,179000.0
KH01506,2026-02-13,78000.0
KH01361,2026-02-13,49000.0
KH02265,2026-02-13,212000.0
KH00168,2026-02-13,227000.0
KH01759,2026-02-13,133000.0
KH02193,2026-02-13,321000.0
KH00212,2026-02-13,226000.0
KH00676,2026-02-13,159000.0
KH00890,2026-02-13,67000.0
KH01517,2026-02-13,188000.0
KH01118,2026-02-13,143000.0
KH01629,2026-02-13,244000.0
KH02272,2026-02-13,63000.0
KH01181,2026-02-13,85000.0
KH01972,2026-02-13,88000.0
KH02170,2026-02-13,101000.0
KH02078,2026-02-13,382000.0
KH00691,2026-02-13,251000.0
KH00114,2026-02-13,259000.0
KH00843,2026-02-13,822000.0
KH00934,2026-02-13,574000.0
KH02476,2026-02-13,755000.0
KH01658,2026-02-13,467000.0
KH00552,2026-02-13,127000.0
KH02303,2026-02-13,80000.0
KH01720,2026-02-13,295000.0
KH01451,2026-02-13,199000.0
KH00563,2026-02-13,297000.0
KH02350,2026-02-13,196000.0
KH02499,2026-02-13,116000.0
KH00657,2026-02-13,186000.0
KH01862,2026-02-13,337000.0
KH00825,2026-02-13,210000.0
KH00473,2026-02-13,223000.0
KH00260,2026-02-13,67000.0
KH00633,2026-02-13,1150000.0
KH00048,2026-02-13,221000.0
KH01229,2026-02-13,161000.0
KH01959,2026-02-13,504000.0
KH01154,2026-02-13,245000.0
KH02449,2026-02-13,58000.0
KH00272,2026-02-13,357000.0
KH00218,2026-02-13,116000.0
KH00119,2026-02-13,85000.0
KH00857,2026-02-13,121000.0
KH01388,2026-02-13,261000.0
KH01086,2026-02-13,131000.0
KH00200,2026-02-13,157000.0
KH02260,2026-02-13,409000.0
KH01443,2026-02-13,512000.0
KH00126,2026-02-13,526000.0
KH00268,2026-02-13,102000.0
KH00128,2026-02-13,192000.0
KH01690,2026-02-13,96000.0
KH00151,2026-02-13,271000.0
KH02329,2026-02-13,106000.0
KH00396,2026-02-13,123000.0
KH01392,2026-02-13,355000.0
KH01836,2026-02-13,846000.0
KH01863,2026-02-13,256000.0
KH02444,2026-02-13,243000.0
KH02433,2026-02-13,131000.0
KH01812,2026-02-13,226000.0
KH01885,2026-02-13,348000.0
KH00040,2026-02-14,257000.0
KH00679,2026-02-14,238000.0
KH01192,2026-02-14,52000.0
KH00465,2026-02-14,118000.0
KH01605,2026-02-14,2046000.0
KH00064,2026-02-14,117000.0
KH00596,2026-02-14,321000.0
KH01656,2026-02-14,276000.0
KH00247,2026-02-14,116000.0
KH01961,2026-02-14,449000.0
KH02253,2026-02-14,108000.0
KH02173,2026-02-14,403000.0
KH01235,2026-02-14,122000.0
KH00825,2026-02-14,85000.0
KH01643,2026-02-14,74000.0
KH01567,2026-02-14,471000.0
KH00913,2026-02-14,119000.0
KH00829,2026-02-14,877000.0
KH00661,2026-02-14,265000.0
KH02038,2026-02-14,250000.0
KH02311,2026-02-14,488000.0
KH02447,2026-02-14,130000.0
KH01750,2026-02-14,62000.0
KH00685,2026-02-14,154000.0
KH02421,2026-02-14,621000.0
KH01302,2026-02-14,99000.0
KH00839,2026-02-14,92000.0
KH00940,2026-02-14,396000.0
KH00151,2026-02-14,338000.0
KH01261,2026-02-14,229000.0
KH00631,2026-02-14,369000.0
KH00125,2026-02-14,40000.0
KH00678,2026-02-14,68000.0
KH00016,2026-02-14,370000.0
KH01054,2026-02-14,274000.0
KH00095,2026-02-14,85000.0
KH00272,2026-02-14,277000.0
KH00400,2026-02-14,115000.0
KH02381,2026-02-14,70000.0
KH00604,2026-02-14,40000.0
KH01171,2026-02-14,240000.0
KH01987,2026-02-14,506000.0
KH01134,2026-02-14,239000.0
KH01851,2026-02-14,275000.0
KH02112,2026-02-14,279000.0
KH00538,2026-02-14,924000.0
KH01395,2026-02-14,332000.0
KH01221,2026-02-14,494000.0
KH01062,2026-02-14,106000.0
KH01049,2026-02-14,113000.0
KH01793,2026-02-14,173000.0
KH00600,2026-02-14,172000.0
KH02088,2026-02-14,243000.0
KH01601,2026-02-14,336000.0
KH00683,2026-02-14,379000.0
KH00377,2026-02-14,351000.0
KH01473,2026-02-14,209000.0
KH01852,2026-02-14,88000.0
KH00322,2026-02-14,652000.0
KH01941,2026-02-14,176000.0
KH01183,2026-02-14,143000.0
KH00707,2026-02-14,137000.0
KH01810,2026-02-14,155000.0
KH00856,2026-02-14,215000.0
KH01557,2026-02-14,62000.0
KH00334,2026-02-14,381000.0
KH01759,2026-02-14,143000.0
KH02420,2026-02-14,532000.0
KH01480,2026-02-14,251000.0
KH01731,2026-02-14,50000.0
KH00460,2026-02-14,338000.0
KH00123,2026-02-14,331000.0
KH01453,2026-02-14,517000.0
KH00079,2026-02-14,536000.0
KH02038,2026-02-14,263000.0
KH01315,2026-02-14,133000.0
KH01146,2026-02-14,107000.0
KH00051,2026-02-14,38000.0
KH01783,2026-02-14,191000.0
KH01856,2026-02-14,419000.0
KH02061,2026-02-14,183000.0
KH01684,2026-02-14,178000.0
KH00364,2026-02-14,182000.0
KH02204,2026-02-14,247000.0
KH02376,2026-02-14,955000.0
KH01665,2026-02-14,344000.0
KH00802,2026-02-14,679000.0
KH01391,2026-02-14,146000.0
KH00424,2026-02-14,140000.0
KH01304,2026-02-14,102000.0
KH00760,2026-02-14,2084000.0
KH02354,2026-02-14,249000.0
KH02098,2026-02-14,78000.0
KH01230,2026-02-14,126000.0
KH01262,2026-02-14,709000.0
KH01489,2026-02-14,111000.0
KH00228,2026-02-15,145000.0
KH02499,2026-02-15,45000.0
KH00115,2026-02-15,191000.0
KH00490,2026-02-15,114000.0
KH00067,2026-02-15,135000.0
KH00839,2026-02-15,291000.0
KH01135,2026-02-15,134000.0
KH00168,2026-02-15,209000.0
KH02471,2026-02-15,149000.0
KH01293,2026-02-15,160000.0
KH01479,2026-02-15,44000.0
KH01686,2026-02-15,187000.0
KH00951,2026-02-15,232000.0
KH02126,2026-02-15,234000.0
KH02020,2026-02-15,524000.0
KH01624,2026-02-15,330000.0
KH01408,2026-02-15,216000.0
KH01405,2026-02-15,1976000.0
KH00239,2026-02-15,179000.0
KH00813,2026-02-15,68000.0
KH00353,2026-02-15,139000.0
KH02406,2026-02-15,81000.0
KH01075,2026-02-15,218000.0
KH01734,2026-02-15,114000.0
KH02214,2026-02-15,191000.0
KH00231,2026-02-15,74000.0
KH01376,2026-02-15,1305000.0
KH01004,2026-02-15,343000.0
KH02479,2026-02-15,170000.0
KH00118,2026-02-15,136000.0
KH01056,2026-02-15,178000.0
KH02356,2026-02-15,361000.0
KH00415,2026-02-15,234000.0
KH02387,2026-02-15,106000.0
KH00281,2026-02-15,92000.0
KH01000,2026-02-15,79000.0
KH00135,2026-02-15,312000.0
KH01285,2026-02-15,65000.0
KH02003,2026-02-15,15000.0
KH02010,2026-02-15,79000.0
KH01641,2026-02-15,116000.0
KH01107,2026-02-15,63000.0
KH02273,2026-02-15,342000.0
KH00211,2026-02-15,93000.0
KH01363,2026-02-15,289000.0
KH00326,2026-02-15,100000.0
KH02441,2026-02-15,267000.0
KH01271,2026-02-15,217000.0
KH00305,2026-02-15,201000.0
KH02284,2026-02-15,1030000.0
KH00857,2026-02-15,270000.0
KH02471,2026-02-15,304000.0
KH01421,2026-02-15,217000.0
KH00868,2026-02-15,196000.0
KH02095,2026-02-15,173000.0
KH00933,2026-02-15,275000.0
KH00515,2026-02-15,91000.0
KH02208,2026-02-15,669000.0
KH01987,2026-02-15,166000.0
KH01322,2026-02-15,176000.0
KH02074,2026-02-15,261000.0
KH01146,2026-02-15,212000.0
KH01780,2026-02-15,81000.0
KH00328,2026-02-15,273000.0
KH02055,2026-02-15,218000.0
KH00278,2026-02-15,323000.0
KH00787,2026-02-15,413000.0
KH01933,2026-02-15,358000.0
KH01987,2026-02-15,110000.0
KH02063,2026-02-15,461000.0
KH00897,2026-02-15,304000.0
KH01878,2026-02-15,178000.0
KH01819,2026-02-15,72000.0
KH00007,2026-02-15,221000.0
KH02060,2026-02-15,155000.0
KH02327,2026-02-15,62000.0
KH02367,2026-02-15,100000.0
KH02267,2026-02-15,98000.0
KH00465,2026-02-15,266000.0
KH01046,2026-02-15,239000.0
KH01970,2026-02-15,325000.0
KH00565,2026-02-15,315000.0
KH01392,2026-02-15,98000.0
KH01839,2026-02-15,90000.0
KH01118,2026-02-15,135000.0
KH01257,2026-02-15,82000.0
KH00254,2026-02-15,79000.0
KH01590,2026-02-15,85000.0
KH01472,2026-02-15,531000.0
KH00723,2026-02-15,1380000.0
KH01445,2026-02-15,94000.0
KH01257,2026-02-15,619000.0
KH00307,2026-02-15,287000.0
KH00079,2026-02-15,97000.0
KH01059,2026-02-15,36000.0
KH01244,2026-02-15,79000.0
KH02208,2026-02-15,132000.0
KH00749,2026-02-15,82000.0
KH01815,2026-02-15,127000.0
KH01675,2026-02-15,169000.0
KH02292,2026-02-15,940000.0
KH01721,2026-02-16,156000.0
KH01413,2026-02-16,52000.0
KH01142,2026-02-16,360000.0
KH01680,2026-02-16,1105000.0
KH01262,2026-02-16,160000.0
KH01840,2026-02-16,481000.0
KH00938,2026-02-16,288000.0
KH00363,2026-02-16,508000.0
KH01885,2026-02-16,245000.0
KH02356,2026-02-16,198000.0
KH00546,2026-02-16,351000.0
KH00348,2026-02-16,37000.0
KH00068,2026-02-16,131000.0
KH01516,2026-02-16,108000.0
KH00542,2026-02-16,292000.0
KH00328,2026-02-16,133000.0
KH01686,2026-02-16,294000.0
KH00979,2026-02-16,140000.0
KH00027,2026-02-16,212000.0
KH01574,2026-02-16,449000.0
KH01307,2026-02-16,246000.0
KH00925,2026-02-16,102000.0
KH01150,2026-02-16,109000.0
KH01391,2026-02-16,183000.0
KH01056,2026-02-16,105000.0
KH01518,2026-02-16,366000.0
KH01393,2026-02-16,124000.0
KH01059,2026-02-16,112000.0
KH02052,2026-02-16,148000.0
KH01647,2026-02-16,991000.0
KH01647,2026-02-16,359000.0
KH02362,2026-02-16,78000.0
KH01183,2026-02-16,349000.0
KH00493,2026-02-16,682000.0
KH01406,2026-02-16,261000.0
KH02060,2026-02-16,107000.0
KH00780,2026-02-16,336000.0
KH01256,2026-02-16,96000.0
KH00441,2026-02-16,128000.0
KH01417,2026-02-16,682000.0
KH01856,2026-02-16,146000.0
KH00599,2026-02-16,167000.0
KH00953,2026-02-16,317000.0
KH00902,2026-02-16,170000.0
KH00786,2026-02-16,93000.0
KH01896,2026-02-16,376000.0
KH00824,2026-02-16,248000.0
KH00040,2026-02-16,210000.0
KH00936,2026-02-16,808000.0
KH00033,2026-02-16,149000.0
KH01088,2026-02-16,242000.0
KH00607,2026-02-16,150000.0
KH01092,2026-02-16,330000.0
KH00624,2026-02-16,97000.0
KH00131,2026-02-16,60000.0
KH01770,2026-02-16,115000.0
KH01821,2026-02-16,111000.0
KH02017,2026-02-16,1004000.0
KH00151,2026-02-16,144000.0
KH00628,2026-02-16,147000.0
KH01958,2026-02-16,252000.0
KH00151,2026-02-16,329000.0
KH00138,2026-02-16,100000.0
KH00856,2026-02-16,501000.0
KH01081,2026-02-16,64000.0
KH01395,2026-02-16,138000.0
KH02380,2026-02-16,174000.0
KH02033,2026-02-16,143000.0
KH02134,2026-02-16,33000.0
KH02015,2026-02-16,298000.0
KH02034,2026-02-16,155000.0
KH01513,2026-02-16,89000.0
KH01689,2026-02-17,294000.0
KH02452,2026-02-17,179000.0
KH02453,2026-02-17,195000.0
KH00032,2026-02-17,1265000.0
KH01815,2026-02-17,163000.0
KH00251,2026-02-17,303000.0
KH00193,2026-02-17,221000.0
KH01838,2026-02-17,283000.0
KH01707,2026-02-17,59000.0
KH01301,2026-02-17,135000.0
KH01681,2026-02-17,125000.0
KH01979,2026-02-17,105000.0
KH01646,2026-02-17,65000.0
KH00387,2026-02-17,139000.0
KH01836,2026-02-17,144000.0
KH00347,2026-02-17,102000.0
KH02305,2026-02-17,229000.0
KH00491,2026-02-17,117000.0
KH02452,2026-02-17,90000.0
KH00010,2026-02-17,118000.0
KH02162,2026-02-17,42000.0
KH01195,2026-02-17,177000.0
KH01458,2026-02-17,302000.0
KH01322,2026-02-17,71000.0
KH00487,2026-02-17,84000.0
KH00646,2026-02-17,108000.0
KH01800,2026-02-17,285000.0
KH01550,2026-02-17,171000.0
KH02223,2026-02-17,90000.0
KH02285,2026-02-17,506000.0
KH01685,2026-02-17,463000.0
KH00654,2026-02-17,687000.0
KH01058,2026-02-17,212000.0
KH01190,2026-02-17,72000.0
KH01747,2026-02-17,189000.0
KH00822,2026-02-17,341000.0
KH02405,2026-02-17,139000.0
KH02367,2026-02-17,126000.0
KH00397,2026-02-17,268000.0
KH00022,2026-02-17,181000.0
KH00102,2026-02-17,162000.0
KH02095,2026-02-17,101000.0
KH00607,2026-02-17,225000.0
KH02335,2026-02-17,242000.0
KH01839,2026-02-17,170000.0
KH01331,2026-02-17,703000.0
KH01321,2026-02-17,126000.0
KH00792,2026-02-17,199000.0
KH00284,2026-02-17,337000.0
KH00228,2026-02-17,357000.0
KH00332,2026-02-17,285000.0
KH01310,2026-02-17,285000.0
KH00029,2026-02-17,192000.0
KH01822,2026-02-17,150000.0
KH02061,2026-02-17,179000.0
KH02087,2026-02-17,113000.0
KH00460,2026-02-17,220000.0
KH01758,2026-02-17,169000.0
KH01549,2026-02-17,528000.0
KH01315,2026-02-17,196000.0
KH00984,2026-02-17,130000.0
KH01724,2026-02-17,314000.0
KH01903,2026-02-17,93000.0
KH02122,2026-02-17,274000.0
KH00770,2026-02-17,296000.0
KH01853,2026-02-17,103000.0
KH01987,2026-02-17,278000.0
KH00786,2026-02-17,301000.0
KH02284,2026-02-17,56000.0
KH00659,2026-02-17,840000.0
KH02200,2026-02-17,846000.0
KH01334,2026-02-17,24000.0
KH02400,2026-02-17,119000.0
KH00189,2026-02-17,183000.0
KH01076,2026-02-17,66000.0
KH00954,2026-02-17,399000.0
KH00176,2026-02-17,37000.0
KH01936,2026-02-17,169000.0
KH01415,2026-02-17,92000.0
KH02016,2026-02-17,175000.0
KH00087,2026-02-18,154000.0
KH00574,2026-02-18,284000.0
KH02282,2026-02-18,514000.0
KH00146,2026-02-18,93000.0
KH01060,2026-02-18,258000.0
KH00801,2026-02-18,51000.0
KH02295,2026-02-18,690000.0
KH00466,2026-02-18,107000.0
KH01241,2026-02-18,44000.0
KH00735,2026-02-18,350000.0
KH01335,2026-02-18,342000.0
KH02068,2026-02-18,76000.0
KH01953,2026-02-18,107000.0
KH00400,2026-02-18,62000.0
KH01492,2026-02-18,294000.0
KH02480,2026-02-18,935000.0
KH00408,2026-02-18,66000.0
KH01982,2026-02-18,122000.0
KH01482,2026-02-18,150000.0
KH01077,2026-02-18,430000.0
KH01574,2026-02-18,186000.0
KH02173,2026-02-18,494000.0
KH02221,2026-02-18,136000.0
KH00707,2026-02-18,351000.0
KH01456,2026-02-18,87000.0
KH00247,2026-02-18,55000.0
KH01558,2026-02-18,136000.0
KH00424,2026-02-18,174000.0
KH02427,2026-02-18,64000.0
KH02151,2026-02-18,268000.0
KH00888,2026-02-18,273000.0
KH00557,2026-02-18,188000.0
KH01447,2026-02-18,176000.0
KH00570,2026-02-18,253000.0
KH00070,2026-02-18,175000.0
KH01500,2026-02-18,72000.0
KH01220,2026-02-18,333000.0
KH00972,2026-02-18,351000.0
KH01077,2026-02-18,248000.0
KH01344,2026-02-18,142000.0
KH01605,2026-02-18,155000.0
KH01303,2026-02-18,459000.0
KH00689,2026-02-18,123000.0
KH02344,2026-02-18,146000.0
KH00173,2026-02-18,62000.0
KH00125,2026-02-18,45000.0
KH00964,2026-02-18,146000.0
KH01109,2026-02-18,95000.0
KH01392,2026-02-18,1415000.0
KH02334,2026-02-18,189000.0
KH01807,2026-02-18,431000.0
KH02272,2026-02-18,193000.0
KH00805,2026-02-18,43000.0
KH00048,2026-02-18,276000.0
KH02315,2026-02-18,281000.0
KH00409,2026-02-18,487000.0
KH00661,2026-02-18,184000.0
KH02339,2026-02-18,76000.0
KH00043,2026-02-18,208000.0
KH01183,2026-02-18,445000.0
KH01058,2026-02-18,117000.0
KH01583,2026-02-18,102000.0
KH01441,2026-02-18,797000.0
KH00574,2026-02-18,388000.0
KH01378,2026-02-18,244000.0
KH00525,2026-02-18,282000.0
KH00986,2026-02-18,366000.0
KH01839,2026-02-18,364000.0
KH01860,2026-02-18,335000.0
KH00316,2026-02-18,78000.0
KH00514,2026-02-18,305000.0
KH02028,2026-02-18,287000.0
KH00244,2026-02-18,233000.0
KH01304,2026-02-19,271000.0
KH00003,2026-02-19,531000.0
KH02156,2026-02-19,55000.0
KH00464,2026-02-19,319000.0
KH02413,2026-02-19,144000.0
KH01983,2026-02-19,128000.0
KH00132,2026-02-19,714000.0
KH01659,2026-02-19,311000.0
KH01856,2026-02-19,36000.0
KH00067,2026-02-19,329000.0
KH01624,2026-02-19,180000.0
KH00896,2026-02-19,343000.0
KH01135,2026-02-19,96000.0
KH01761,2026-02-19,245000.0
KH01175,2026-02-19,438000.0
KH01446,2026-02-19,426000.0
KH01412,2026-02-19,227000.0
KH01518,2026-02-19,359000.0
KH01761,2026-02-19,221000.0
KH01960,2026-02-19,351000.0
KH00592,2026-02-19,192000.0
KH00275,2026-02-19,865000.0
KH00854,2026-02-19,316000.0
KH02270,2026-02-19,425000.0
KH00872,2026-02-19,377000.0
KH02140,2026-02-19,83000.0
KH02061,2026-02-19,67000.0
KH00938,2026-02-19,69000.0
KH02193,2026-02-19,155000.0
KH02110,2026-02-19,90000.0
KH00224,2026-02-19,208000.0
KH00183,2026-02-19,124000.0
KH00646,2026-02-19,102000.0
KH00264,2026-02-19,197000.0
KH02464,2026-02-19,1465000.0
KH01600,2026-02-19,196000.0
KH01397,2026-02-19,2189000.0
KH00198,2026-02-19,303000.0
KH01717,2026-02-19,150000.0
KH01904,2026-02-19,111000.0
KH02129,2026-02-19,390000.0
KH02199,2026-02-19,924000.0
KH00747,2026-02-19,123000.0
KH01759,2026-02-19,41000.0
KH01229,2026-02-19,239000.0
KH01005,2026-02-19,80000.0
KH00172,2026-02-19,198000.0
KH01528,2026-02-19,282000.0
KH00652,2026-02-19,602000.0
KH02018,2026-02-19,65000.0
KH00266,2026-02-19,74000.0
KH00272,2026-02-19,196000.0
KH00864,2026-02-19,179000.0
KH01884,2026-02-19,218000.0
KH02083,2026-02-19,62000.0
KH00114,2026-02-19,310000.0
KH02060,2026-02-19,148000.0
KH00430,2026-02-19,562000.0
KH01934,2026-02-19,177000.0
KH02161,2026-02-19,795000.0
KH02032,2026-02-19,993000.0
KH02312,2026-02-19,125000.0
KH01716,2026-02-19,97000.0
KH02435,2026-02-19,238000.0
KH01599,2026-02-19,124000.0
KH00194,2026-02-19,1016000.0
KH00402,2026-02-19,291000.0
KH02457,2026-02-19,142000.0
KH00455,2026-02-19,150000.0
KH00487,2026-02-19,176000.0
KH01004,2026-02-19,133000.0
KH02118,2026-02-19,101000.0
KH01597,2026-02-19,163000.0
KH02480,2026-02-19,121000.0
KH01309,2026-02-19,581000.0
KH01321,2026-02-19,134000.0
KH00426,2026-02-19,516000.0
KH01382,2026-02-19,116000.0
KH01515,2026-02-19,209000.0
KH00109,2026-02-19,349000.0
KH00002,2026-02-19,26000.0
KH01629,2026-02-19,128000.0
KH02015,2026-02-19,83000.0
KH01473,2026-02-19,98000.0
KH00863,2026-02-19,1080000.0
KH02056,2026-02-19,903000.0
KH00816,2026-02-19,42000.0
KH02420,2026-02-20,225000.0
KH02049,2026-02-20,76000.0
KH00077,2026-02-20,1133000.0
KH00771,2026-02-20,38000.0
KH01908,2026-02-20,286000.0
KH00142,2026-02-20,222000.0
KH02141,2026-02-20,270000.0
KH00680,2026-02-20,58000.0
KH01803,2026-02-20,115000.0
KH00260,2026-02-20,128000.0
KH01133,2026-02-20,365000.0
KH00354,2026-02-20,723000.0
KH02153,2026-02-20,186000.0
KH02428,2026-02-20,101000.0
KH01675,2026-02-20,609000.0
KH01468,2026-02-20,734000.0
KH01660,2026-02-20,408000.0
KH01487,2026-02-20,90000.0
KH00039,2026-02-20,490000.0
KH01114,2026-02-20,141000.0
KH01860,2026-02-20,180000.0
KH02349,2026-02-20,263000.0
KH00316,2026-02-20,252000.0
KH01915,2026-02-20,139000.0
KH00358,2026-02-20,40000.0
KH00633,2026-02-20,31000.0
KH01302,2026-02-20,159000.0
KH01802,2026-02-20,237000.0
KH01968,2026-02-20,161000.0
KH01935,2026-02-20,105000.0
KH01902,2026-02-20,691000.0
KH02452,2026-02-20,704000.0
KH00472,2026-02-20,146000.0
KH00574,2026-02-20,143000.0
KH01987,2026-02-20,182000.0
KH00804,2026-02-20,151000.0
KH02118,2026-02-20,241000.0
KH02354,2026-02-20,257000.0
KH00306,2026-02-20,180000.0
KH00832,2026-02-20,583000.0
KH00346,2026-02-20,27000.0
KH01281,2026-02-20,132000.0
KH01680,2026-02-20,152000.0
KH01916,2026-02-20,492000.0
KH00261,2026-02-20,131000.0
KH01672,2026-02-20,190000.0
KH00852,2026-02-20,1317000.0
KH01055,2026-02-20,69000.0
KH00890,2026-02-20,145000.0
KH00881,2026-02-20,77000.0
KH00524,2026-02-20,655000.0
KH01593,2026-02-20,143000.0
KH00825,2026-02-20,196000.0
KH02446,2026-02-20,491000.0
KH01942,2026-02-20,323000.0
KH02454,2026-02-20,78000.0
KH01012,2026-02-20,127000.0
KH00441,2026-02-20,107000.0
KH01047,2026-02-20,168000.0
KH00240,2026-02-20,218000.0
KH00754,2026-02-20,108000.0
KH01222,2026-02-20,280000.0
KH00583,2026-02-20,94000.0
KH00640,2026-02-20,59000.0
KH02383,2026-02-20,143000.0
KH00754,2026-02-20,90000.0
KH02127,2026-02-20,222000.0
KH01633,2026-02-20,283000.0
KH00898,2026-02-20,353000.0
KH02329,2026-02-20,160000.0
KH02368,2026-02-20,286000.0
KH00118,2026-02-20,227000.0
KH01782,2026-02-20,595000.0
KH00032,2026-02-20,41000.0
KH02475,2026-02-20,375000.0
KH01131,2026-02-20,107000.0
KH01954,2026-02-20,151000.0
KH02173,2026-02-20,100000.0
KH02360,2026-02-20,466000.0
KH01192,2026-02-20,638000.0
KH02362,2026-02-20,264000.0
KH02486,2026-02-20,366000.0
KH00115,2026-02-20,229000.0
KH00574,2026-02-20,351000.0
KH02097,2026-02-20,42000.0
KH00512,2026-02-20,207000.0
KH02034,2026-02-20,115000.0
KH01074,2026-02-20,281000.0
KH01567,2026-02-20,638000.0
KH02060,2026-02-20,249000.0
KH00589,2026-02-20,124000.0
KH00192,2026-02-20,123000.0
KH00396,2026-02-20,310000.0
KH02067,2026-02-20,238000.0
KH02362,2026-02-20,103000.0
KH01401,2026-02-20,749000.0
KH01922,2026-02-20,202000.0
KH00965,2026-02-20,814000.0
KH01925,2026-02-20,383000.0
KH00098,2026-02-20,237000.0
KH01788,2026-02-20,56000.0
KH01298,2026-02-20,275000.0
KH02316,2026-02-21,717000.0
KH00935,2026-02-21,88000.0
KH00293,2026-02-21,470000.0
KH00634,2026-02-21,315000.0
KH01066,2026-02-21,140000.0
KH02444,2026-02-21,106000.0
KH00409,2026-02-21,359000.0
KH01429,2026-02-21,57000.0
KH01930,2026-02-21,381000.0
KH02135,2026-02-21,201000.0
KH01822,2026-02-21,232000.0
KH01647,2026-02-21,444000.0
KH00643,2026-02-21,154000.0
KH00473,2026-02-21,249000.0
KH00177,2026-02-21,131000.0
KH01641,2026-02-21,241000.0
KH00328,2026-02-21,237000.0
KH00499,2026-02-21,78000.0
KH02420,2026-02-21,462000.0
KH01773,2026-02-21,400000.0
KH01643,2026-02-21,245000.0
KH00364,2026-02-21,140000.0
KH01331,2026-02-21,47000.0
KH01804,2026-02-21,170000.0
KH00697,2026-02-21,107000.0
KH00371,2026-02-21,60000.0
KH01824,2026-02-21,1168000.0
KH01259,2026-02-21,205000.0
KH00218,2026-02-21,442000.0
KH01818,2026-02-21,118000.0
KH01625,2026-02-21,396000.0
KH01866,2026-02-21,206000.0
KH00901,2026-02-21,553000.0
KH00365,2026-02-21,85000.0
KH01373,2026-02-21,47000.0
KH00122,2026-02-21,192000.0
KH01222,2026-02-21,301000.0
KH01686,2026-02-21,94000.0
KH01023,2026-02-21,496000.0
KH02436,2026-02-21,145000.0
KH00689,2026-02-21,807000.0
KH01959,2026-02-21,138000.0
KH00941,2026-02-21,58000.0
KH01569,2026-02-21,325000.0
KH00833,2026-02-21,193000.0
KH01710,2026-02-21,926000.0
KH00878,2026-02-21,124000.0
KH00661,2026-02-21,392000.0
KH00150,2026-02-21,146000.0
KH00333,2026-02-21,83000.0
KH00377,2026-02-21,101000.0
KH02109,2026-02-21,210000.0
KH02482,2026-02-21,79000.0
KH01269,2026-02-21,182000.0
KH01303,2026-02-21,126000.0
KH00996,2026-02-21,301000.0
KH01232,2026-02-21,556000.0
KH01238,2026-02-21,271000.0
KH01371,2026-02-21,143000.0
KH00014,2026-02-21,200000.0
KH02240,2026-02-21,87000.0
KH01963,2026-02-21,96000.0
KH01973,2026-02-21,190000.0
KH02042,2026-02-21,294000.0
KH02398,2026-02-21,130000.0
KH02056,2026-02-21,506000.0
KH01416,2026-02-21,266000.0
KH00808,2026-02-21,362000.0
KH01374,2026-02-21,547000.0
KH01823,2026-02-21,130000.0
KH01157,2026-02-21,224000.0
KH00770,2026-02-21,57000.0
KH00857,2026-02-21,131000.0
KH00198,2026-02-21,276000.0
KH00313,2026-02-21,266000.0
KH01494,2026-02-21,78000.0
KH00059,2026-02-21,82000.0
KH00657,2026-02-21,433000.0
KH00574,2026-02-21,285000.0
KH01821,2026-02-21,717000.0
KH00932,2026-02-21,309000.0
KH02283,2026-02-21,303000.0
KH00727,2026-02-21,618000.0
KH02254,2026-02-21,42000.0
KH00611,2026-02-21,300000.0
KH00959,2026-02-22,412000.0
KH00625,2026-02-22,123000.0
KH02166,2026-02-22,375000.0
KH02016,2026-02-22,78000.0
KH01263,2026-02-22,224000.0
KH01715,2026-02-22,101000.0
KH02183,2026-02-22,461000.0
KH01493,2026-02-22,57000.0
KH01333,2026-02-22,407000.0
KH00511,2026-02-22,291000.0
KH01808,2026-02-22,296000.0
KH00504,2026-02-22,835000.0
KH02058,2026-02-22,125000.0
KH01288,2026-02-22,290000.0
KH00188,2026-02-22,59000.0
KH01810,2026-02-22,135000.0
KH02201,2026-02-22,246000.0
KH02293,2026-02-22,314000.0
KH00440,2026-02-22,447000.0
KH01776,2026-02-22,115000.0
KH01591,2026-02-22,278000.0
KH01247,2026-02-22,76000.0
KH01374,2026-02-22,227000.0
KH02354,2026-02-22,117000.0
KH01694,2026-02-22,974000.0
KH02057,2026-02-22,734000.0
KH01437,2026-02-22,51000.0
KH01066,2026-02-22,281000.0
KH01386,2026-02-22,223000.0
KH00699,2026-02-22,98000.0
KH02251,2026-02-22,199000.0
KH01022,2026-02-22,291000.0
KH00526,2026-02-22,173000.0
KH01851,2026-02-22,288000.0
KH00491,2026-02-22,165000.0
KH02099,2026-02-22,909000.0
KH01148,2026-02-22,567000.0
KH01262,2026-02-22,182000.0
KH01803,2026-02-22,92000.0
KH00755,2026-02-22,502000.0
KH00825,2026-02-22,138000.0
KH00078,2026-02-22,352000.0
KH02327,2026-02-22,151000.0
KH00570,2026-02-22,49000.0
KH00233,2026-02-22,224000.0
KH00300,2026-02-22,556000.0
KH02024,2026-02-22,613000.0
KH01362,2026-02-22,322000.0
KH02033,2026-02-22,344000.0
KH00565,2026-02-22,87000.0
KH01656,2026-02-22,149000.0
KH00726,2026-02-22,303000.0
KH00875,2026-02-22,102000.0
KH01183,2026-02-22,1151000.0
KH01577,2026-02-22,211000.0
KH00607,2026-02-22,68000.0
KH02106,2026-02-22,270000.0
KH01359,2026-02-22,212000.0
KH02436,2026-02-22,398000.0
KH00605,2026-02-22,174000.0
KH00674,2026-02-22,165000.0
KH01600,2026-02-22,197000.0
KH01322,2026-02-22,303000.0
KH00884,2026-02-22,22000.0
KH00970,2026-02-22,290000.0
KH00027,2026-02-22,470000.0
KH01268,2026-02-22,386000.0
KH00133,2026-02-22,178000.0
KH00188,2026-02-22,334000.0
KH00989,2026-02-22,430000.0
KH00064,2026-02-22,146000.0
KH00671,2026-02-22,864000.0
KH01796,2026-02-22,177000.0
KH01632,2026-02-22,27000.0
KH00063,2026-02-22,344000.0
KH00195,2026-02-22,935000.0
KH00574,2026-02-22,134000.0
KH02065,2026-02-22,203000.0
KH01214,2026-02-22,325000.0
KH02135,2026-02-22,236000.0
KH02329,2026-02-22,696000.0
KH00242,2026-02-22,213000.0
KH01335,2026-02-22,1078000.0
KH00917,2026-02-22,266000.0
KH01543,2026-02-22,136000.0
KH00973,2026-02-22,222000.0
KH02103,2026-02-22,92000.0
KH00047,2026-02-22,151000.0
KH02067,2026-02-22,143000.0
KH01546,2026-02-22,71000.0
KH02465,2026-02-22,215000.0
KH00004,2026-02-22,231000.0
KH01080,2026-02-22,169000.0
KH00741,2026-02-23,43000.0
KH00327,2026-02-23,90000.0
KH01983,2026-02-23,173000.0
KH00600,2026-02-23,517000.0
KH00965,2026-02-23,259000.0
KH00114,2026-02-23,138000.0
KH00440,2026-02-23,35000.0
KH01028,2026-02-23,88000.0
KH00467,2026-02-23,86000.0
KH01608,2026-02-23,327000.0
KH01203,2026-02-23,652000.0
KH00016,2026-02-23,300000.0
KH01132,2026-02-23,140000.0
KH00434,2026-02-23,977000.0
KH01517,2026-02-23,216000.0
KH02346,2026-02-23,183000.0
KH00690,2026-02-23,399000.0
KH00621,2026-02-23,147000.0
KH00526,2026-02-23,176000.0
KH01016,2026-02-23,133000.0
KH01035,2026-02-23,301000.0
KH00408,2026-02-23,61000.0
KH00625,2026-02-23,58000.0
KH00506,2026-02-23,536000.0
KH01917,2026-02-23,383000.0
KH00574,2026-02-23,384000.0
KH01270,2026-02-23,224000.0
KH00545,2026-02-23,177000.0
KH00940,2026-02-23,648000.0
KH01479,2026-02-23,93000.0
KH00126,2026-02-23,51000.0
KH00338,2026-02-23,224000.0
KH00132,2026-02-23,108000.0
KH01341,2026-02-23,327000.0
KH01168,2026-02-23,97000.0
KH01214,2026-02-23,419000.0
KH02122,2026-02-23,132000.0
KH02018,2026-02-23,190000.0
KH01894,2026-02-23,132000.0
KH02286,2026-02-23,98000.0
KH02335,2026-02-23,288000.0
KH01426,2026-02-23,151000.0
KH02399,2026-02-23,228000.0
KH00075,2026-02-23,89000.0
KH00865,2026-02-23,412000.0
KH01776,2026-02-23,235000.0
KH01269,2026-02-23,215000.0
KH00036,2026-02-23,161000.0
KH00732,2026-02-23,17000.0
KH02319,2026-02-23,516000.0
KH02223,2026-02-23,111000.0
KH01025,2026-02-23,194000.0
KH02004,2026-02-23,169000.0
KH00808,2026-02-23,137000.0
KH02105,2026-02-23,142000.0
KH02106,2026-02-23,1046000.0
KH00095,2026-02-23,268000.0
KH01268,2026-02-23,58000.0
KH01019,2026-02-23,270000.0
KH01826,2026-02-23,211000.0
KH02250,2026-02-23,141000.0
KH02493,2026-02-24,126000.0
KH00808,2026-02-24,109000.0
KH01049,2026-02-24,445000.0
KH01028,2026-02-24,90000.0
KH01207,2026-02-24,341000.0
KH00129,2026-02-24,564000.0
KH01391,2026-02-24,126000.0
KH01076,2026-02-24,302000.0
KH00239,2026-02-24,110000.0
KH00769,2026-02-24,180000.0
KH00398,2026-02-24,36000.0
KH02338,2026-02-24,97000.0
KH01481,2026-02-24,426000.0
KH01092,2026-02-24,191000.0
KH01747,2026-02-24,402000.0
KH01118,2026-02-24,290000.0
KH02362,2026-02-24,264000.0
KH00092,2026-02-24,196000.0
KH01187,2026-02-24,263000.0
KH01912,2026-02-24,177000.0
KH00248,2026-02-24,172000.0
KH01588,2026-02-24,384000.0
KH01275,2026-02-24,207000.0
KH02460,2026-02-24,56000.0
KH01602,2026-02-24,162000.0
KH02108,2026-02-24,246000.0
KH00136,2026-02-24,180000.0
KH01404,2026-02-24,186000.0
KH01282,2026-02-24,100000.0
KH01227,2026-02-24,281000.0
KH01579,2026-02-24,113000.0
KH02121,2026-02-24,638000.0
KH02218,2026-02-24,200000.0
KH01647,2026-02-24,501000.0
KH00012,2026-02-24,63000.0
KH01692,2026-02-24,110000.0
KH01933,2026-02-24,135000.0
KH00433,2026-02-24,147000.0
KH00659,2026-02-24,307000.0
KH01098,2026-02-24,184000.0
KH00142,2026-02-24,66000.0
KH01959,2026-02-24,823000.0
KH01822,2026-02-24,189000.0
KH00114,2026-02-24,71000.0
KH02311,2026-02-24,171000.0
KH01178,2026-02-24,518000.0
KH01844,2026-02-24,774000.0
KH00733,2026-02-24,347000.0
KH00113,2026-02-24,117000.0
KH00922,2026-02-24,46000.0
KH01350,2026-02-24,125000.0
KH02237,2026-02-24,1065000.0
KH01418,2026-02-24,106000.0
KH02377,2026-02-24,222000.0
KH02397,2026-02-24,112000.0
KH00044,2026-02-24,59000.0
KH02442,2026-02-24,226000.0
KH00355,2026-02-24,202000.0
KH02491,2026-02-24,403000.0
KH02293,2026-02-24,114000.0
KH01758,2026-02-24,189000.0
KH00359,2026-02-24,527000.0
KH00300,2026-02-24,220000.0
KH01671,2026-02-24,914000.0
KH02413,2026-02-24,330000.0
KH01833,2026-02-24,159000.0
KH00801,2026-02-24,98000.0
KH00191,2026-02-24,80000.0
KH01879,2026-02-24,168000.0
KH00075,2026-02-24,211000.0
KH00080,2026-02-24,985000.0
KH01520,2026-02-24,589000.0
KH02278,2026-02-24,80000.0
KH00587,2026-02-24,203000.0
KH00846,2026-02-24,285000.0
KH00498,2026-02-24,97000.0
KH00480,2026-02-25,282000.0
KH00768,2026-02-25,104000.0
KH02144,2026-02-25,112000.0
KH01395,2026-02-25,332000.0
KH00112,2026-02-25,136000.0
KH02103,2026-02-25,184000.0
KH01391,2026-02-25,305000.0
KH00408,2026-02-25,223000.0
KH02131,2026-02-25,219000.0
KH01087,2026-02-25,183000.0
KH00618,2026-02-25,875000.0
KH00461,2026-02-25,94000.0
KH00592,2026-02-25,114000.0
KH01488,2026-02-25,73000.0
KH01193,2026-02-25,271000.0
KH00712,2026-02-25,316000.0
KH01520,2026-02-25,57000.0
KH01856,2026-02-25,146000.0
KH01647,2026-02-25,112000.0
KH00931,2026-02-25,542000.0
KH00088,2026-02-25,199000.0
KH00430,2026-02-25,390000.0
KH00455,2026-02-25,488000.0
KH01327,2026-02-25,127000.0
KH01819,2026-02-25,2983000.0
KH02047,2026-02-25,331000.0
KH02281,2026-02-25,124000.0
KH01300,2026-02-25,548000.0
KH00683,2026-02-25,167000.0
KH02356,2026-02-25,202000.0
KH00928,2026-02-25,76000.0
KH01808,2026-02-25,49000.0
KH00561,2026-02-25,191000.0
KH01098,2026-02-25,141000.0
KH01222,2026-02-25,312000.0
KH02382,2026-02-25,293000.0
KH01846,2026-02-25,273000.0
KH00733,2026-02-25,139000.0
KH00480,2026-02-25,119000.0
KH00458,2026-02-25,329000.0
KH02068,2026-02-25,600000.0
KH01707,2026-02-25,101000.0
KH01248,2026-02-25,281000.0
KH00140,2026-02-25,206000.0
KH01190,2026-02-25,252000.0
KH01332,2026-02-25,157000.0
KH01286,2026-02-25,560000.0
KH02312,2026-02-25,275000.0
KH00381,2026-02-25,201000.0
KH00247,2026-02-25,154000.0
KH02086,2026-02-25,652000.0
KH02459,2026-02-25,165000.0
KH00918,2026-02-25,376000.0
KH00116,2026-02-25,223000.0
KH01543,2026-02-25,578000.0
KH02245,2026-02-25,306000.0
KH01732,2026-02-25,67000.0
KH00922,2026-02-25,199000.0
KH00088,2026-02-25,460000.0
KH00890,2026-02-25,174000.0
KH00742,2026-02-25,145000.0
KH02380,2026-02-25,695000.0
KH02432,2026-02-25,423000.0
KH01218,2026-02-25,648000.0
KH01362,2026-02-25,583000.0
KH01080,2026-02-25,315000.0
KH00194,2026-02-25,321000.0
KH01620,2026-02-25,126000.0
KH01632,2026-02-25,98000.0
KH01281,2026-02-25,99000.0
KH00805,2026-02-25,297000.0
KH01883,2026-02-25,151000.0
KH01951,2026-02-25,120000.0
KH00480,2026-02-25,326000.0
KH00398,2026-02-25,86000.0
KH00726,2026-02-25,53000.0
KH01128,2026-02-25,470000.0
KH00968,2026-02-25,85000.0
KH00277,2026-02-25,38000.0
KH00796,2026-02-25,196000.0
KH01973,2026-02-25,490000.0
KH00036,2026-02-25,99000.0
KH00473,2026-02-26,255000.0
KH02248,2026-02-26,427000.0
KH01068,2026-02-26,50000.0
KH02247,2026-02-26,203000.0
KH00773,2026-02-26,101000.0
KH01715,2026-02-26,56000.0
KH00335,2026-02-26,85000.0
KH01567,2026-02-26,224000.0
KH01997,2026-02-26,156000.0
KH02016,2026-02-26,343000.0
KH02110,2026-02-26,611000.0
KH02049,2026-02-26,126000.0
KH02156,2026-02-26,490000.0
KH01183,2026-02-26,81000.0
KH01076,2026-02-26,22000.0
KH01557,2026-02-26,218000.0
KH02157,2026-02-26,406000.0
KH00455,2026-02-26,106000.0
KH00821,2026-02-26,442000.0
KH00662,2026-02-26,720000.0
KH02400,2026-02-26,109000.0
KH00552,2026-02-26,585000.0
KH01742,2026-02-26,168000.0
KH00023,2026-02-26,420000.0
KH00630,2026-02-26,142000.0
KH01437,2026-02-26,341000.0
KH02088,2026-02-26,341000.0
KH01037,2026-02-26,389000.0
KH01265,2026-02-26,298000.0
KH00731,2026-02-26,83000.0
KH02069,2026-02-26,580000.0
KH00743,2026-02-26,171000.0
KH01239,2026-02-26,78000.0
KH01077,2026-02-26,230000.0
KH01283,2026-02-26,26000.0
KH02043,2026-02-26,48000.0
KH01606,2026-02-26,112000.0
KH02266,2026-02-26,1444000.0
KH02367,2026-02-26,415000.0
KH00151,2026-02-26,323000.0
KH00936,2026-02-26,86000.0
KH00272,2026-02-26,26000.0
KH02320,2026-02-26,119000.0
KH00689,2026-02-26,132000.0
KH00286,2026-02-26,688000.0
KH01401,2026-02-26,502000.0
KH02007,2026-02-26,375000.0
KH02105,2026-02-26,126000.0
KH00111,2026-02-26,70000.0
KH00669,2026-02-26,167000.0
KH01203,2026-02-26,170000.0
KH01637,2026-02-26,349000.0
KH00267,2026-02-26,205000.0
KH01338,2026-02-26,508000.0
KH00807,2026-02-26,132000.0
KH00706,2026-02-26,173000.0
KH01188,2026-02-26,527000.0
KH00606,2026-02-26,22000.0
KH01454,2026-02-26,197000.0
KH02049,2026-02-26,282000.0
KH02196,2026-02-26,197000.0
KH00971,2026-02-26,597000.0
KH00284,2026-02-26,181000.0
KH01477,2026-02-26,310000.0
KH01262,2026-02-26,115000.0
KH02267,2026-02-26,115000.0
KH00863,2026-02-26,85000.0
KH02267,2026-02-26,221000.0
KH02061,2026-02-26,66000.0
KH01601,2026-02-26,57000.0
KH02413,2026-02-26,15000.0
KH01012,2026-02-26,171000.0
KH00686,2026-02-26,139000.0
KH02292,2026-02-26,160000.0
KH00009,2026-02-26,703000.0
KH00056,2026-02-26,186000.0
KH01987,2026-02-26,118000.0
KH00279,2026-02-26,100000.0
KH02224,2026-02-26,35000.0
KH02473,2026-02-26,541000.0
KH01787,2026-02-26,445000.0
KH02118,2026-02-26,993000.0
KH00202,2026-02-26,133000.0
KH00328,2026-02-26,180000.0
KH01517,2026-02-26,777000.0
KH00982,2026-02-26,123000.0
KH00880,2026-02-26,204000.0
KH02224,2026-02-26,202000.0
KH01833,2026-02-26,309000.0
KH02125,2026-02-26,237000.0
KH01882,2026-02-27,193000.0
KH00388,2026-02-27,273000.0
KH01262,2026-02-27,383000.0
KH01764,2026-02-27,88000.0
KH01145,2026-02-27,116000.0
KH01465,2026-02-27,350000.0
KH00234,2026-02-27,566000.0
KH02095,2026-02-27,158000.0
KH00014,2026-02-27,266000.0
KH02235,2026-02-27,240000.0
KH00855,2026-02-27,364000.0
KH00671,2026-02-27,206000.0
KH01377,2026-02-27,342000.0
KH02271,2026-02-27,204000.0
KH00886,2026-02-27,188000.0
KH01287,2026-02-27,930000.0
KH02227,2026-02-27,206000.0
KH01027,2026-02-27,41000.0
KH01128,2026-02-27,410000.0
KH02273,2026-02-27,109000.0
KH00582,2026-02-27,806000.0
KH00093,2026-02-27,1266000.0
KH01863,2026-02-27,177000.0
KH01181,2026-02-27,387000.0
KH00997,2026-02-27,295000.0
KH00660,2026-02-27,67000.0
KH00071,2026-02-27,399000.0
KH00243,2026-02-27,408000.0
KH01418,2026-02-27,375000.0
KH01533,2026-02-27,130000.0
KH01676,2026-02-27,591000.0
KH02055,2026-02-27,860000.0
KH00305,2026-02-27,47000.0
KH02156,2026-02-27,220000.0
KH00276,2026-02-27,207000.0
KH00926,2026-02-27,592000.0
KH02105,2026-02-27,218000.0
KH00653,2026-02-27,437000.0
KH01390,2026-02-27,224000.0
KH01743,2026-02-27,860000.0
KH02204,2026-02-27,119000.0
KH02377,2026-02-27,220000.0
KH02292,2026-02-27,303000.0
KH00700,2026-02-27,134000.0
KH00075,2026-02-27,307000.0
KH01032,2026-02-27,120000.0
KH01390,2026-02-27,747000.0
KH01407,2026-02-27,209000.0
KH01574,2026-02-27,692000.0
KH01120,2026-02-27,68000.0
KH00347,2026-02-27,113000.0
KH02292,2026-02-27,153000.0
KH00911,2026-02-27,184000.0
KH00668,2026-02-27,186000.0
KH00385,2026-02-27,181000.0
KH01530,2026-02-27,4519000.0
KH01950,2026-02-27,82000.0
KH01066,2026-02-27,739000.0
KH01032,2026-02-27,200000.0
KH00402,2026-02-27,295000.0
KH00990,2026-02-27,59000.0
KH00127,2026-02-27,116000.0
KH00192,2026-02-27,52000.0
KH01620,2026-02-27,584000.0
KH00606,2026-02-27,181000.0
KH00229,2026-02-27,114000.0
KH02427,2026-02-27,80000.0
KH00526,2026-02-27,756000.0
KH01206,2026-02-27,181000.0
KH01275,2026-02-27,678000.0
KH01412,2026-02-27,318000.0
KH02185,2026-02-27,106000.0
KH01963,2026-02-27,106000.0
KH00086,2026-02-27,173000.0
KH01146,2026-02-27,287000.0
KH01838,2026-02-27,253000.0
KH01870,2026-02-27,176000.0
KH01126,2026-02-27,196000.0
KH00953,2026-02-27,144000.0
KH01288,2026-02-27,56000.0
KH02285,2026-02-27,292000.0
KH00688,2026-02-27,244000.0
KH01027,2026-02-27,175000.0
KH00149,2026-02-27,276000.0
KH01293,2026-02-27,117000.0
KH02139,2026-02-27,230000.0
KH00117,2026-02-27,1399000.0
KH00661,2026-02-27,226000.0
KH02138,2026-02-27,203000.0
KH01725,2026-02-28,257000.0
KH00863,2026-02-28,187000.0
KH02356,2026-02-28,174000.0
KH00950,2026-02-28,122000.0
KH00437,2026-02-28,39000.0
KH00922,2026-02-28,813000.0
KH00167,2026-02-28,120000.0
KH00584,2026-02-28,509000.0
KH00464,2026-02-28,230000.0
KH02200,2026-02-28,137000.0
KH01190,2026-02-28,155000.0
KH00772,2026-02-28,44000.0
KH02494,2026-02-28,75000.0
KH00265,2026-02-28,169000.0
KH02435,2026-02-28,146000.0
KH01832,2026-02-28,333000.0
KH00138,2026-02-28,667000.0
KH01086,2026-02-28,295000.0
KH00709,2026-02-28,780000.0
KH01342,2026-02-28,16000.0
KH01104,2026-02-28,80000.0
KH01862,2026-02-28,585000.0
KH02275,2026-02-28,503000.0
KH00410,2026-02-28,134000.0
KH00006,2026-02-28,105000.0
KH02272,2026-02-28,203000.0
KH00302,2026-02-28,145000.0
KH00712,2026-02-28,148000.0
KH00537,2026-02-28,118000.0
KH01933,2026-02-28,155000.0
KH00194,2026-02-28,52000.0
KH00626,2026-02-28,124000.0
KH00114,2026-02-28,79000.0
KH01441,2026-02-28,379000.0
KH00677,2026-02-28,244000.0
KH00671,2026-02-28,103000.0
KH00856,2026-02-28,303000.0
KH00167,2026-02-28,726000.0
KH01661,2026-02-28,244000.0
KH01776,2026-02-28,32000.0
KH01919,2026-02-28,1283000.0
KH00808,2026-02-28,952000.0
KH00921,2026-02-28,391000.0
KH00119,2026-02-28,145000.0
KH01532,2026-02-28,257000.0
KH01734,2026-02-28,195000.0
KH02330,2026-02-28,90000.0
KH01857,2026-02-28,494000.0
KH01058,2026-02-28,637000.0
KH00172,2026-02-28,194000.0
KH00539,2026-02-28,391000.0
KH02291,2026-02-28,166000.0
KH00398,2026-02-28,119000.0
KH00415,2026-02-28,372000.0
KH00849,2026-02-28,348000.0
KH01485,2026-02-28,163000.0
KH02052,2026-02-28,89000.0
KH00839,2026-02-28,89000.0
KH00074,2026-02-28,466000.0
KH00727,2026-02-28,437000.0
KH00018,2026-02-28,186000.0
KH01325,2026-02-28,76000.0
KH02340,2026-02-28,232000.0
KH02439,2026-02-28,111000.0
KH00337,2026-02-28,209000.0
KH01928,2026-02-28,208000.0
KH02173,2026-02-28,378000.0
KH02310,2026-02-28,132000.0
KH00275,2026-02-28,241000.0
KH00758,2026-02-28,698000.0
KH01028,2026-02-28,250000.0
KH01361,2026-02-28,292000.0
KH00989,2026-02-28,471000.0
KH00794,2026-02-28,97000.0
KH00087,2026-02-28,182000.0
KH01640,2026-02-28,165000.0
KH00636,2026-02-28,45000.0
KH01616,2026-02-28,346000.0
KH02278,2026-02-28,504000.0
KH00150,2026-02-28,171000.0
KH00116,2026-02-28,292000.0
KH00461,2026-02-28,46000.0
KH00790,2026-02-28,200000.0
KH01714,2026-02-28,552000.0
KH00490,2026-02-28,157000.0
KH01435,2026-02-28,143000.0
KH01700,2026-02-28,79000.0
KH02432,2026-02-28,146000.0
KH00694,2026-02-28,446000.0
KH01700,2026-03-01,1115000.0
KH00034,2026-03-01,725000.0
KH00448,2026-03-01,170000.0
KH01685,2026-03-01,517000.0
KH01973,2026-03-01,172000.0
KH01183,2026-03-01,82000.0
KH01091,2026-03-01,177000.0
KH00838,2026-03-01,259000.0
KH02126,2026-03-01,111000.0
KH00519,2026-03-01,255000.0
KH02490,2026-03-01,757000.0
KH02438,2026-03-01,138000.0
KH02318,2026-03-01,330000.0
KH00239,2026-03-01,95000.0
KH00655,2026-03-01,303000.0
KH02156,2026-03-01,211000.0
KH01283,2026-03-01,294000.0
KH00282,2026-03-01,329000.0
KH00372,2026-03-01,154000.0
KH00460,2026-03-01,371000.0
KH01103,2026-03-01,139000.0
KH01458,2026-03-01,172000.0
KH01161,2026-03-01,427000.0
KH00849,2026-03-01,121000.0
KH01024,2026-03-01,282000.0
KH01239,2026-03-01,245000.0
KH01077,2026-03-01,117000.0
KH00956,2026-03-01,100000.0
KH01798,2026-03-01,89000.0
KH01408,2026-03-01,45000.0
KH00460,2026-03-01,414000.0
KH02186,2026-03-01,172000.0
KH00300,2026-03-01,58000.0
KH00931,2026-03-01,24000.0
KH00604,2026-03-01,111000.0
KH00190,2026-03-01,199000.0
KH02090,2026-03-01,140000.0
KH01640,2026-03-01,381000.0
KH01155,2026-03-01,136000.0
KH00556,2026-03-01,310000.0
KH00434,2026-03-01,216000.0
KH00171,2026-03-01,95000.0
KH00253,2026-03-01,263000.0
KH01551,2026-03-01,157000.0
KH01118,2026-03-01,117000.0
KH01055,2026-03-01,77000.0
KH00668,2026-03-01,76000.0
KH02430,2026-03-01,150000.0
KH00895,2026-03-01,120000.0
KH00074,2026-03-01,165000.0
KH00959,2026-03-01,277000.0
KH01773,2026-03-01,76000.0
KH02465,2026-03-01,470000.0
KH01736,2026-03-01,237000.0
KH02293,2026-03-01,486000.0
KH01593,2026-03-01,141000.0
KH00825,2026-03-01,190000.0
KH00579,2026-03-01,202000.0
KH00606,2026-03-01,70000.0
KH01933,2026-03-01,96000.0
KH00197,2026-03-01,248000.0
KH01776,2026-03-01,114000.0
KH01036,2026-03-01,181000.0
KH00324,2026-03-01,132000.0
KH00299,2026-03-01,637000.0
KH00686,2026-03-01,64000.0
KH01975,2026-03-01,344000.0
KH01571,2026-03-02,95000.0
KH01482,2026-03-02,91000.0
KH00310,2026-03-02,203000.0
KH00982,2026-03-02,386000.0
KH00328,2026-03-02,218000.0
KH00770,2026-03-02,453000.0
KH01441,2026-03-02,1069000.0
KH00359,2026-03-02,28000.0
KH02300,2026-03-02,159000.0
KH02189,2026-03-02,138000.0
KH00509,2026-03-02,93000.0
KH02071,2026-03-02,253000.0
KH01063,2026-03-02,178000.0
KH01749,2026-03-02,82000.0
KH00528,2026-03-02,215000.0
KH02312,2026-03-02,168000.0
KH01114,2026-03-02,117000.0
KH01520,2026-03-02,53000.0
KH00860,2026-03-02,233000.0
KH01146,2026-03-02,218000.0
KH00258,2026-03-02,109000.0
KH01852,2026-03-02,83000.0
KH01734,2026-03-02,92000.0
KH01851,2026-03-02,719000.0
KH01677,2026-03-02,79000.0
KH00027,2026-03-02,447000.0
KH01098,2026-03-02,830000.0
KH00687,2026-03-02,402000.0
KH01059,2026-03-02,114000.0
KH02259,2026-03-02,166000.0
KH00126,2026-03-02,736000.0
KH02266,2026-03-02,97000.0
KH00855,2026-03-02,58000.0
KH01056,2026-03-02,246000.0
KH00599,2026-03-02,179000.0
KH01282,2026-03-02,192000.0
KH01921,2026-03-02,143000.0
KH01472,2026-03-02,267000.0
KH01988,2026-03-02,271000.0
KH02104,2026-03-02,160000.0
KH02161,2026-03-02,924000.0
KH00931,2026-03-02,42000.0
KH00354,2026-03-02,225000.0
KH00959,2026-03-02,642000.0
KH00535,2026-03-02,406000.0
KH00809,2026-03-02,72000.0
KH00560,2026-03-02,116000.0
KH01424,2026-03-02,3121000.0
KH01105,2026-03-02,747000.0
KH01565,2026-03-02,708000.0
KH00043,2026-03-02,376000.0
KH01369,2026-03-02,508000.0
KH00869,2026-03-02,338000.0
KH00801,2026-03-02,856000.0
KH02092,2026-03-02,186000.0
KH00743,2026-03-02,107000.0
KH00663,2026-03-02,245000.0
KH01424,2026-03-02,136000.0
KH02222,2026-03-02,174000.0
KH00223,2026-03-02,114000.0
KH01774,2026-03-02,154000.0
KH00445,2026-03-02,341000.0
KH00094,2026-03-02,427000.0
KH00780,2026-03-02,39000.0
KH01620,2026-03-02,472000.0
KH01050,2026-03-02,497000.0
KH02191,2026-03-02,266000.0
KH02150,2026-03-02,125000.0
KH00509,2026-03-02,575000.0
KH01690,2026-03-02,144000.0
KH00397,2026-03-02,341000.0
KH01531,2026-03-02,287000.0
KH00827,2026-03-02,113000.0
KH00780,2026-03-02,1225000.0
KH00302,2026-03-02,376000.0
KH00830,2026-03-02,324000.0
KH00012,2026-03-02,242000.0
KH00233,2026-03-02,208000.0
KH02491,2026-03-02,148000.0
KH00566,2026-03-02,353000.0
KH02148,2026-03-02,475000.0
KH01094,2026-03-02,369000.0
KH00975,2026-03-02,456000.0
KH00388,2026-03-02,134000.0
KH01231,2026-03-02,114000.0
KH00968,2026-03-02,211000.0
KH01005,2026-03-02,90000.0
KH00354,2026-03-02,115000.0
KH01359,2026-03-02,149000.0
KH01643,2026-03-02,609000.0
KH00661,2026-03-02,144000.0
KH02099,2026-03-03,285000.0
KH00174,2026-03-03,343000.0
KH02104,2026-03-03,207000.0
KH02139,2026-03-03,187000.0
KH01995,2026-03-03,359000.0
KH00401,2026-03-03,881000.0
KH01942,2026-03-03,231000.0
KH02077,2026-03-03,163000.0
KH01337,2026-03-03,273000.0
KH02399,2026-03-03,149000.0
KH00177,2026-03-03,100000.0
KH00900,2026-03-03,868000.0
KH00078,2026-03-03,63000.0
KH01475,2026-03-03,166000.0
KH00161,2026-03-03,380000.0
KH01009,2026-03-03,114000.0
KH02315,2026-03-03,96000.0
KH00114,2026-03-03,120000.0
KH01439,2026-03-03,117000.0
KH00223,2026-03-03,168000.0
KH02166,2026-03-03,907000.0
KH01904,2026-03-03,95000.0
KH00415,2026-03-03,242000.0
KH00426,2026-03-03,908000.0
KH00482,2026-03-03,184000.0
KH02440,2026-03-03,96000.0
KH01135,2026-03-03,167000.0
KH02174,2026-03-03,130000.0
KH00876,2026-03-03,315000.0
KH01071,2026-03-03,185000.0
KH01789,2026-03-03,161000.0
KH01600,2026-03-03,18000.0
KH00530,2026-03-03,214000.0
KH01211,2026-03-03,134000.0
KH01761,2026-03-03,120000.0
KH02095,2026-03-03,129000.0
KH01558,2026-03-03,337000.0
KH02061,2026-03-03,237000.0
KH01582,2026-03-03,159000.0
KH00828,2026-03-03,175000.0
KH01780,2026-03-03,67000.0
KH02206,2026-03-03,100000.0
KH01305,2026-03-03,302000.0
KH02424,2026-03-03,205000.0
KH00989,2026-03-03,278000.0
KH01320,2026-03-03,188000.0
KH02299,2026-03-03,425000.0
KH01621,2026-03-03,383000.0
KH01958,2026-03-03,39000.0
KH00459,2026-03-03,154000.0
KH02119,2026-03-03,120000.0
KH00681,2026-03-03,154000.0
KH00321,2026-03-03,542000.0
KH00542,2026-03-03,340000.0
KH00049,2026-03-03,90000.0
KH02374,2026-03-03,151000.0
KH00459,2026-03-03,219000.0
KH01714,2026-03-03,185000.0
KH00745,2026-03-03,104000.0
KH00703,2026-03-03,59000.0
KH01000,2026-03-03,210000.0
KH00806,2026-03-03,414000.0
KH00174,2026-03-03,152000.0
KH01285,2026-03-03,216000.0
KH01475,2026-03-03,313000.0
KH01675,2026-03-03,49000.0
KH02339,2026-03-03,364000.0
KH01399,2026-03-03,195000.0
KH00896,2026-03-03,77000.0
KH02093,2026-03-03,216000.0
KH00106,2026-03-03,117000.0
KH01323,2026-03-03,1430000.0
KH02285,2026-03-03,255000.0
KH02474,2026-03-03,372000.0
KH01606,2026-03-03,48000.0
KH00890,2026-03-03,101000.0
KH01049,2026-03-03,145000.0
KH00234,2026-03-03,535000.0
KH00733,2026-03-03,121000.0
KH01072,2026-03-03,278000.0
KH01843,2026-03-03,808000.0
KH00500,2026-03-03,88000.0
KH01069,2026-03-03,349000.0
KH02435,2026-03-03,263000.0
KH01284,2026-03-03,331000.0
KH01071,2026-03-04,69000.0
KH02437,2026-03-04,108000.0
KH00116,2026-03-04,936000.0
KH00520,2026-03-04,62000.0
KH00268,2026-03-04,497000.0
KH00123,2026-03-04,200000.0
KH00260,2026-03-04,341000.0
KH01720,2026-03-04,61000.0
KH02033,2026-03-04,63000.0
KH00229,2026-03-04,232000.0
KH01063,2026-03-04,430000.0
KH01564,2026-03-04,96000.0
KH01360,2026-03-04,471000.0
KH02060,2026-03-04,770000.0
KH00033,2026-03-04,863000.0
KH00592,2026-03-04,216000.0
KH01700,2026-03-04,116000.0
KH00099,2026-03-04,245000.0
KH01051,2026-03-04,61000.0
KH00950,2026-03-04,624000.0
KH01028,2026-03-04,614000.0
KH00699,2026-03-04,425000.0
KH01819,2026-03-04,100000.0
KH00155,2026-03-04,111000.0
KH01525,2026-03-04,32000.0
KH01215,2026-03-04,500000.0
KH01646,2026-03-04,340000.0
KH01402,2026-03-04,81000.0
KH02362,2026-03-04,263000.0
KH02409,2026-03-04,122000.0
KH01248,2026-03-04,62000.0
KH00255,2026-03-04,142000.0
KH00592,2026-03-04,245000.0
KH01063,2026-03-04,232000.0
KH01056,2026-03-04,212000.0
KH00736,2026-03-04,190000.0
KH02461,2026-03-04,998000.0
KH02397,2026-03-04,328000.0
KH00750,2026-03-04,303000.0
KH00957,2026-03-04,81000.0
KH00463,2026-03-04,266000.0
KH00509,2026-03-04,340000.0
KH00298,2026-03-04,82000.0
KH01836,2026-03-04,228000.0
KH00941,2026-03-04,672000.0
KH02317,2026-03-04,339000.0
KH00813,2026-03-04,91000.0
KH00197,2026-03-04,81000.0
KH02476,2026-03-04,307000.0
KH02139,2026-03-04,835000.0
KH01517,2026-03-04,233000.0
KH01274,2026-03-04,771000.0
KH02088,2026-03-04,91000.0
KH01955,2026-03-04,193000.0
KH00194,2026-03-04,209000.0
KH00138,2026-03-04,194000.0
KH00681,2026-03-04,95000.0
KH02185,2026-03-04,75000.0
KH02466,2026-03-04,158000.0
KH01608,2026-03-04,465000.0
KH01235,2026-03-04,82000.0
KH01172,2026-03-04,221000.0
KH00381,2026-03-04,200000.0
KH02023,2026-03-04,588000.0
KH00932,2026-03-04,97000.0
KH02153,2026-03-04,203000.0
KH01972,2026-03-04,124000.0
KH00104,2026-03-04,106000.0
KH01077,2026-03-04,389000.0
KH00979,2026-03-04,181000.0
KH00770,2026-03-04,112000.0
KH01575,2026-03-04,319000.0
KH02005,2026-03-04,182000.0
KH01700,2026-03-04,124000.0
KH00059,2026-03-04,40000.0
KH02320,2026-03-04,240000.0
KH01965,2026-03-04,120000.0
KH00404,2026-03-04,155000.0
KH01093,2026-03-04,270000.0
KH01941,2026-03-04,70000.0
KH01851,2026-03-04,129000.0
KH02142,2026-03-04,212000.0
KH02240,2026-03-04,122000.0
KH01525,2026-03-04,286000.0
KH02477,2026-03-04,211000.0
KH00502,2026-03-04,296000.0
KH00504,2026-03-05,259000.0
KH00661,2026-03-05,282000.0
KH00403,2026-03-05,126000.0
KH00718,2026-03-05,194000.0
KH01135,2026-03-05,249000.0
KH02016,2026-03-05,752000.0
KH01788,2026-03-05,65000.0
KH02098,2026-03-05,111000.0
KH00678,2026-03-05,211000.0
KH00979,2026-03-05,145000.0
KH02023,2026-03-05,319000.0
KH00147,2026-03-05,216000.0
KH01059,2026-03-05,545000.0
KH02380,2026-03-05,36000.0
KH00626,2026-03-05,720000.0
KH01300,2026-03-05,253000.0
KH01647,2026-03-05,87000.0
KH01647,2026-03-05,84000.0
KH02076,2026-03-05,1209000.0
KH01325,2026-03-05,229000.0
KH01780,2026-03-05,653000.0
KH00954,2026-03-05,216000.0
KH01408,2026-03-05,425000.0
KH01395,2026-03-05,582000.0
KH02261,2026-03-05,246000.0
KH01402,2026-03-05,36000.0
KH01035,2026-03-05,170000.0
KH00806,2026-03-05,716000.0
KH00747,2026-03-05,76000.0
KH01715,2026-03-05,495000.0
KH00313,2026-03-05,153000.0
KH00703,2026-03-05,676000.0
KH00547,2026-03-05,125000.0
KH01538,2026-03-05,847000.0
KH02092,2026-03-05,255000.0
KH01705,2026-03-05,167000.0
KH02241,2026-03-05,504000.0
KH01097,2026-03-05,1963000.0
KH00341,2026-03-05,177000.0
KH00001,2026-03-05,73000.0
KH00895,2026-03-05,333000.0
KH01773,2026-03-05,51000.0
KH01764,2026-03-05,485000.0
KH01400,2026-03-05,343000.0
KH00317,2026-03-05,276000.0
KH00042,2026-03-05,165000.0
KH01335,2026-03-05,254000.0
KH00681,2026-03-05,1932000.0
KH00248,2026-03-05,429000.0
KH00883,2026-03-05,1210000.0
KH02038,2026-03-05,170000.0
KH00461,2026-03-05,75000.0
KH00442,2026-03-05,81000.0
KH00025,2026-03-05,86000.0
KH01073,2026-03-05,256000.0
KH01774,2026-03-05,215000.0
KH01028,2026-03-05,154000.0
KH01408,2026-03-05,140000.0
KH01363,2026-03-05,295000.0
KH02202,2026-03-05,96000.0
KH02488,2026-03-05,221000.0
KH01375,2026-03-05,41000.0
KH01212,2026-03-05,620000.0
KH01406,2026-03-05,61000.0
KH01472,2026-03-05,234000.0
KH01685,2026-03-05,197000.0
KH01487,2026-03-05,256000.0
KH01770,2026-03-05,341000.0
KH00661,2026-03-05,554000.0
KH02479,2026-03-05,368000.0
KH00754,2026-03-05,418000.0
KH01154,2026-03-05,145000.0
KH00360,2026-03-05,153000.0
KH01643,2026-03-05,272000.0
KH02173,2026-03-05,282000.0
KH02276,2026-03-05,639000.0
KH00733,2026-03-05,70000.0
KH00866,2026-03-06,223000.0
KH00640,2026-03-06,57000.0
KH02488,2026-03-06,106000.0
KH00729,2026-03-06,119000.0
KH01893,2026-03-06,163000.0
KH00559,2026-03-06,46000.0
KH01441,2026-03-06,251000.0
KH01563,2026-03-06,66000.0
KH00179,2026-03-06,421000.0
KH01689,2026-03-06,178000.0
KH02016,2026-03-06,66000.0
KH01039,2026-03-06,209000.0
KH00005,2026-03-06,344000.0
KH01633,2026-03-06,179000.0
KH00240,2026-03-06,527000.0
KH01241,2026-03-06,138000.0
KH01786,2026-03-06,227000.0
KH01689,2026-03-06,130000.0
KH01000,2026-03-06,100000.0
KH00151,2026-03-06,389000.0
KH01797,2026-03-06,232000.0
KH00959,2026-03-06,109000.0
KH00189,2026-03-06,77000.0
KH01202,2026-03-06,181000.0
KH00484,2026-03-06,90000.0
KH01420,2026-03-06,505000.0
KH02093,2026-03-06,880000.0
KH02193,2026-03-06,483000.0
KH00392,2026-03-06,425000.0
KH01569,2026-03-06,184000.0
KH01228,2026-03-06,566000.0
KH00870,2026-03-06,524000.0
KH01183,2026-03-06,218000.0
KH00921,2026-03-06,800000.0
KH01472,2026-03-06,308000.0
KH02173,2026-03-06,385000.0
KH01099,2026-03-06,89000.0
KH00690,2026-03-06,312000.0
KH01892,2026-03-06,452000.0
KH00950,2026-03-06,36000.0
KH01751,2026-03-06,237000.0
KH01398,2026-03-06,81000.0
KH00890,2026-03-06,60000.0
KH02491,2026-03-06,300000.0
KH01973,2026-03-06,98000.0
KH01822,2026-03-06,385000.0
KH01826,2026-03-06,279000.0
KH01976,2026-03-06,50000.0
KH00997,2026-03-06,166000.0
KH00349,2026-03-06,199000.0
KH01149,2026-03-06,81000.0
KH01646,2026-03-06,310000.0
KH02471,2026-03-06,186000.0
KH00194,2026-03-06,219000.0
KH02481,2026-03-06,130000.0
KH02431,2026-03-06,140000.0
KH01298,2026-03-06,194000.0
KH00375,2026-03-06,761000.0
KH00707,2026-03-06,703000.0
KH00751,2026-03-06,307000.0
KH01225,2026-03-06,426000.0
KH02107,2026-03-06,82000.0
KH00591,2026-03-06,201000.0
KH00943,2026-03-06,845000.0
KH00179,2026-03-06,1091000.0
KH01307,2026-03-06,277000.0
KH01771,2026-03-06,135000.0
KH00526,2026-03-06,105000.0
KH00198,2026-03-06,124000.0
KH00307,2026-03-06,217000.0
KH02359,2026-03-06,925000.0
KH01079,2026-03-06,381000.0
KH02408,2026-03-06,414000.0
KH02358,2026-03-06,231000.0
KH01991,2026-03-06,82000.0
KH00329,2026-03-06,143000.0
KH00801,2026-03-06,205000.0
KH02083,2026-03-07,391000.0
KH01982,2026-03-07,404000.0
KH01446,2026-03-07,274000.0
KH02430,2026-03-07,105000.0
KH02357,2026-03-07,296000.0
KH00151,2026-03-07,280000.0
KH00905,2026-03-07,130000.0
KH00155,2026-03-07,179000.0
KH01697,2026-03-07,40000.0
KH00526,2026-03-07,97000.0
KH02422,2026-03-07,201000.0
KH01279,2026-03-07,50000.0
KH00750,2026-03-07,159000.0
KH00671,2026-03-07,30000.0
KH00364,2026-03-07,177000.0
KH00465,2026-03-07,72000.0
KH00125,2026-03-07,392000.0
KH01987,2026-03-07,162000.0
KH01005,2026-03-07,231000.0
KH00463,2026-03-07,157000.0
KH01154,2026-03-07,161000.0
KH00503,2026-03-07,228000.0
KH00787,2026-03-07,134000.0
KH01464,2026-03-07,420000.0
KH00056,2026-03-07,226000.0
KH01110,2026-03-07,89000.0
KH01397,2026-03-07,80000.0
KH00518,2026-03-07,146000.0
KH01939,2026-03-07,169000.0
KH02322,2026-03-07,473000.0
KH00565,2026-03-07,163000.0
KH00142,2026-03-07,266000.0
KH01757,2026-03-07,301000.0
KH00750,2026-03-07,132000.0
KH00002,2026-03-07,377000.0
KH00407,2026-03-07,47000.0
KH02261,2026-03-07,324000.0
KH00333,2026-03-07,156000.0
KH01853,2026-03-07,106000.0
KH00903,2026-03-07,349000.0
KH01376,2026-03-07,111000.0
KH01012,2026-03-07,97000.0
KH00905,2026-03-07,81000.0
KH02437,2026-03-07,66000.0
KH00873,2026-03-07,315000.0
KH00414,2026-03-07,156000.0
KH01605,2026-03-07,312000.0
KH01548,2026-03-07,143000.0
KH00653,2026-03-07,191000.0
KH00207,2026-03-07,295000.0
KH01298,2026-03-07,115000.0
KH00067,2026-03-07,279000.0
KH01146,2026-03-07,45000.0
KH01359,2026-03-07,146000.0
KH00333,2026-03-07,108000.0
KH02447,2026-03-07,211000.0
KH00686,2026-03-07,143000.0
KH02144,2026-03-07,164000.0
KH01893,2026-03-07,263000.0
KH00859,2026-03-07,97000.0
KH02446,2026-03-07,116000.0
KH00040,2026-03-07,112000.0
KH00834,2026-03-07,140000.0
KH00079,2026-03-07,70000.0
KH00471,2026-03-07,255000.0
KH01262,2026-03-07,58000.0
KH02355,2026-03-07,43000.0
KH00460,2026-03-07,428000.0
KH01262,2026-03-07,900000.0
KH00176,2026-03-07,214000.0
KH00565,2026-03-07,470000.0
KH00526,2026-03-07,157000.0
KH01973,2026-03-07,447000.0
KH00291,2026-03-07,51000.0
KH01632,2026-03-07,417000.0
KH01470,2026-03-07,256000.0
KH02340,2026-03-07,154000.0
KH02366,2026-03-07,95000.0
KH00266,2026-03-07,245000.0
KH02474,2026-03-07,749000.0
KH00879,2026-03-07,326000.0
KH01114,2026-03-07,498000.0
KH01881,2026-03-07,288000.0
KH00938,2026-03-07,157000.0
KH00941,2026-03-08,79000.0
KH01677,2026-03-08,56000.0
KH02245,2026-03-08,99000.0
KH01012,2026-03-08,129000.0
KH00162,2026-03-08,515000.0
KH02354,2026-03-08,171000.0
KH01300,2026-03-08,341000.0
KH00268,2026-03-08,227000.0
KH01877,2026-03-08,202000.0
KH01375,2026-03-08,92000.0
KH02310,2026-03-08,195000.0
KH01458,2026-03-08,558000.0
KH02409,2026-03-08,523000.0
KH00889,2026-03-08,271000.0
KH01694,2026-03-08,122000.0
KH01120,2026-03-08,684000.0
KH00913,2026-03-08,204000.0
KH00264,2026-03-08,500000.0
KH02007,2026-03-08,371000.0
KH00313,2026-03-08,930000.0
KH01066,2026-03-08,190000.0
KH01629,2026-03-08,303000.0
KH02476,2026-03-08,658000.0
KH00929,2026-03-08,170000.0
KH00849,2026-03-08,1148000.0
KH01125,2026-03-08,630000.0
KH00793,2026-03-08,243000.0
KH00809,2026-03-08,184000.0
KH01244,2026-03-08,321000.0
KH00487,2026-03-08,493000.0
KH00208,2026-03-08,91000.0
KH02078,2026-03-08,324000.0
KH00487,2026-03-08,276000.0
KH00559,2026-03-08,254000.0
KH00100,2026-03-08,35000.0
KH02338,2026-03-08,178000.0
KH01877,2026-03-08,84000.0
KH00808,2026-03-08,559000.0
KH02308,2026-03-08,183000.0
KH01776,2026-03-08,138000.0
KH02400,2026-03-08,50000.0
KH02213,2026-03-08,110000.0
KH01933,2026-03-08,315000.0
KH00533,2026-03-08,296000.0
KH00830,2026-03-08,54000.0
KH01700,2026-03-08,279000.0
KH01995,2026-03-08,878000.0
KH00750,2026-03-08,72000.0
KH00855,2026-03-08,713000.0
KH01437,2026-03-08,99000.0
KH02454,2026-03-08,244000.0
KH02076,2026-03-08,87000.0
KH00840,2026-03-08,81000.0
KH01032,2026-03-08,128000.0
KH01170,2026-03-08,70000.0
KH00787,2026-03-08,84000.0
KH00808,2026-03-08,144000.0
KH00586,2026-03-08,258000.0
KH01084,2026-03-08,204000.0
KH02418,2026-03-08,189000.0
KH01608,2026-03-08,43000.0
KH01608,2026-03-08,179000.0
KH00493,2026-03-08,599000.0
KH01907,2026-03-08,149000.0
KH00948,2026-03-08,524000.0
KH01437,2026-03-08,166000.0
KH01076,2026-03-08,460000.0
KH00781,2026-03-08,94000.0
KH00482,2026-03-08,177000.0
KH00465,2026-03-08,50000.0
KH01430,2026-03-08,141000.0
KH00201,2026-03-08,69000.0
KH01443,2026-03-08,101000.0
KH02133,2026-03-08,111000.0
KH00580,2026-03-08,333000.0
KH01251,2026-03-08,352000.0
KH01651,2026-03-08,774000.0
KH00583,2026-03-08,366000.0
KH00519,2026-03-08,54000.0
KH00758,2026-03-08,403000.0
KH02090,2026-03-08,438000.0
KH02159,2026-03-09,217000.0
KH00691,2026-03-09,68000.0
KH00890,2026-03-09,147000.0
KH01374,2026-03-09,62000.0
KH01801,2026-03-09,213000.0
KH01032,2026-03-09,24000.0
KH01057,2026-03-09,54000.0
KH01292,2026-03-09,174000.0
KH01490,2026-03-09,225000.0
KH01063,2026-03-09,165000.0
KH01611,2026-03-09,75000.0
KH01278,2026-03-09,510000.0
KH01569,2026-03-09,148000.0
KH00691,2026-03-09,121000.0
KH00281,2026-03-09,65000.0
KH02244,2026-03-09,109000.0
KH00473,2026-03-09,170000.0
KH01307,2026-03-09,141000.0
KH00016,2026-03-09,122000.0
KH01181,2026-03-09,523000.0
KH02303,2026-03-09,241000.0
KH00927,2026-03-09,379000.0
KH00395,2026-03-09,431000.0
KH00381,2026-03-09,260000.0
KH01202,2026-03-09,532000.0
KH02194,2026-03-09,240000.0
KH02251,2026-03-09,403000.0
KH02379,2026-03-09,1337000.0
KH01601,2026-03-09,279000.0
KH00174,2026-03-09,127000.0
KH00575,2026-03-09,279000.0
KH01681,2026-03-09,498000.0
KH02448,2026-03-09,361000.0
KH00365,2026-03-09,443000.0
KH00808,2026-03-09,479000.0
KH01821,2026-03-09,69000.0
KH01824,2026-03-09,134000.0
KH00199,2026-03-09,194000.0
KH02153,2026-03-09,393000.0
KH00859,2026-03-09,79000.0
KH00772,2026-03-09,90000.0
KH01264,2026-03-09,83000.0
KH02105,2026-03-09,93000.0
KH01690,2026-03-09,67000.0
KH00001,2026-03-09,279000.0
KH02044,2026-03-09,378000.0
KH02003,2026-03-09,406000.0
KH02251,2026-03-09,264000.0
KH01929,2026-03-09,64000.0
KH01605,2026-03-09,492000.0
KH00114,2026-03-09,96000.0
KH01146,2026-03-09,829000.0
KH02061,2026-03-09,349000.0
KH00062,2026-03-09,78000.0
KH00408,2026-03-09,82000.0
KH00129,2026-03-09,64000.0
KH00075,2026-03-09,167000.0
KH01307,2026-03-09,256000.0
KH01333,2026-03-09,1306000.0
KH00548,2026-03-09,62000.0
KH00888,2026-03-09,44000.0
KH00337,2026-03-09,1881000.0
KH02362,2026-03-09,309000.0
KH00605,2026-03-09,283000.0
KH01017,2026-03-09,197000.0
KH00868,2026-03-09,200000.0
KH01239,2026-03-09,834000.0
KH01225,2026-03-09,559000.0
KH01409,2026-03-09,311000.0
KH02246,2026-03-09,499000.0
KH00599,2026-03-09,96000.0
KH00086,2026-03-09,271000.0
KH01143,2026-03-09,246000.0
KH02178,2026-03-09,329000.0
KH02449,2026-03-09,851000.0
KH01727,2026-03-09,66000.0
KH01058,2026-03-09,43000.0
KH01547,2026-03-09,262000.0
KH00621,2026-03-09,119000.0
KH02465,2026-03-09,195000.0
KH01040,2026-03-09,259000.0
KH00958,2026-03-09,113000.0
KH01950,2026-03-09,305000.0
KH00357,2026-03-09,676000.0
KH02121,2026-03-09,392000.0
KH00396,2026-03-09,235000.0
KH02474,2026-03-09,124000.0
KH01222,2026-03-09,568000.0
KH00874,2026-03-09,1051000.0
KH00024,2026-03-09,104000.0
KH01857,2026-03-09,228000.0
KH01426,2026-03-09,268000.0
KH02092,2026-03-09,235000.0
KH01819,2026-03-09,79000.0
KH01791,2026-03-09,578000.0
KH01707,2026-03-09,131000.0
KH00500,2026-03-09,42000.0
KH01160,2026-03-09,106000.0
KH00329,2026-03-09,251000.0
KH00330,2026-03-09,232000.0
KH01043,2026-03-10,1082000.0
KH00834,2026-03-10,395000.0
KH00213,2026-03-10,102000.0
KH01758,2026-03-10,978000.0
KH02452,2026-03-10,90000.0
KH01278,2026-03-10,217000.0
KH01206,2026-03-10,598000.0
KH00374,2026-03-10,264000.0
KH02422,2026-03-10,265000.0
KH01408,2026-03-10,616000.0
KH01120,2026-03-10,587000.0
KH01768,2026-03-10,50000.0
KH02166,2026-03-10,361000.0
KH00487,2026-03-10,215000.0
KH00219,2026-03-10,141000.0
KH00539,2026-03-10,206000.0
KH00873,2026-03-10,563000.0
KH02214,2026-03-10,38000.0
KH02397,2026-03-10,537000.0
KH00745,2026-03-10,165000.0
KH01039,2026-03-10,238000.0
KH02430,2026-03-10,368000.0
KH01059,2026-03-10,295000.0
KH02358,2026-03-10,87000.0
KH00173,2026-03-10,91000.0
KH00360,2026-03-10,148000.0
KH00877,2026-03-10,384000.0
KH01227,2026-03-10,122000.0
KH00726,2026-03-10,158000.0
KH00707,2026-03-10,98000.0
KH00997,2026-03-10,94000.0
KH00018,2026-03-10,243000.0
KH01060,2026-03-10,101000.0
KH00735,2026-03-10,125000.0
KH02209,2026-03-10,94000.0
KH00508,2026-03-10,156000.0
KH02348,2026-03-10,359000.0
KH00520,2026-03-10,475000.0
KH01971,2026-03-10,395000.0
KH01987,2026-03-10,107000.0
KH01564,2026-03-10,1262000.0
KH00072,2026-03-10,158000.0
KH00512,2026-03-10,120000.0
KH02281,2026-03-10,750000.0
KH00527,2026-03-10,8000.0
KH01747,2026-03-10,195000.0
KH01228,2026-03-10,139000.0
KH01487,2026-03-10,57000.0
KH00979,2026-03-10,17000.0
KH02067,2026-03-10,388000.0
KH02216,2026-03-10,310000.0
KH00653,2026-03-10,152000.0
KH01028,2026-03-10,36000.0
KH01457,2026-03-10,207000.0
KH01758,2026-03-10,166000.0
KH01706,2026-03-10,133000.0
KH00269,2026-03-10,163000.0
KH01608,2026-03-10,54000.0
KH02307,2026-03-10,287000.0
KH01550,2026-03-10,759000.0
KH01706,2026-03-10,116000.0
KH00438,2026-03-10,197000.0
KH00976,2026-03-10,301000.0
KH00455,2026-03-10,197000.0
KH00104,2026-03-10,457000.0
KH00197,2026-03-10,151000.0
KH00825,2026-03-10,185000.0
KH00424,2026-03-10,454000.0
KH00935,2026-03-10,102000.0
KH00959,2026-03-10,28000.0
KH01233,2026-03-10,134000.0
KH00408,2026-03-10,259000.0
KH02159,2026-03-10,316000.0
KH01158,2026-03-10,209000.0
KH01229,2026-03-10,304000.0
KH01362,2026-03-10,515000.0
KH00432,2026-03-10,660000.0
KH00735,2026-03-10,51000.0
KH00003,2026-03-10,160000.0
KH02468,2026-03-10,120000.0
KH00345,2026-03-10,125000.0
KH01963,2026-03-10,116000.0
KH02480,2026-03-10,234000.0
KH01849,2026-03-11,124000.0
KH01665,2026-03-11,78000.0
KH01186,2026-03-11,689000.0
KH00922,2026-03-11,66000.0
KH00648,2026-03-11,708000.0
KH01982,2026-03-11,538000.0
KH00630,2026-03-11,452000.0
KH02086,2026-03-11,254000.0
KH00127,2026-03-11,133000.0
KH01400,2026-03-11,163000.0
KH01441,2026-03-11,126000.0
KH01704,2026-03-11,240000.0
KH01395,2026-03-11,137000.0
KH01737,2026-03-11,220000.0
KH01821,2026-03-11,84000.0
KH01435,2026-03-11,51000.0
KH00302,2026-03-11,141000.0
KH02329,2026-03-11,676000.0
KH02476,2026-03-11,577000.0
KH02480,2026-03-11,42000.0
KH00430,2026-03-11,175000.0
KH01653,2026-03-11,235000.0
KH01972,2026-03-11,568000.0
KH01116,2026-03-11,175000.0
KH02285,2026-03-11,203000.0
KH01805,2026-03-11,346000.0
KH02454,2026-03-11,288000.0
KH00381,2026-03-11,1251000.0
KH02473,2026-03-11,720000.0
KH02261,2026-03-11,235000.0
KH01593,2026-03-11,32000.0
KH00976,2026-03-11,220000.0
KH01445,2026-03-11,42000.0
KH00261,2026-03-11,70000.0
KH00874,2026-03-11,304000.0
KH02399,2026-03-11,83000.0
KH01479,2026-03-11,259000.0
KH00102,2026-03-11,335000.0
KH00083,2026-03-11,664000.0
KH01705,2026-03-11,396000.0
KH01436,2026-03-11,753000.0
KH02144,2026-03-11,79000.0
KH01381,2026-03-11,677000.0
KH00758,2026-03-11,142000.0
KH01034,2026-03-11,238000.0
KH02141,2026-03-11,451000.0
KH02189,2026-03-11,280000.0
KH01071,2026-03-11,461000.0
KH01840,2026-03-11,886000.0
KH01791,2026-03-11,49000.0
KH01751,2026-03-11,208000.0
KH01473,2026-03-11,349000.0
KH01507,2026-03-11,186000.0
KH00091,2026-03-11,55000.0
KH02257,2026-03-11,263000.0
KH02204,2026-03-11,273000.0
KH00921,2026-03-11,44000.0
KH00126,2026-03-11,273000.0
KH00929,2026-03-11,164000.0
KH00266,2026-03-11,85000.0
KH00333,2026-03-11,275000.0
KH01239,2026-03-11,644000.0
KH01970,2026-03-11,230000.0
KH00685,2026-03-11,144000.0
KH00641,2026-03-11,146000.0
KH00780,2026-03-11,40000.0
KH02145,2026-03-11,125000.0
KH01415,2026-03-11,104000.0
KH01860,2026-03-12,205000.0
KH01063,2026-03-12,101000.0
KH01261,2026-03-12,528000.0
KH02103,2026-03-12,44000.0
KH01898,2026-03-12,118000.0
KH01677,2026-03-12,48000.0
KH00007,2026-03-12,451000.0
KH01615,2026-03-12,221000.0
KH00502,2026-03-12,180000.0
KH02111,2026-03-12,116000.0
KH00129,2026-03-12,71000.0
KH00250,2026-03-12,297000.0
KH01749,2026-03-12,246000.0
KH00294,2026-03-12,243000.0
KH00606,2026-03-12,2304000.0
KH00723,2026-03-12,343000.0
KH00646,2026-03-12,376000.0
KH01981,2026-03-12,434000.0
KH01492,2026-03-12,97000.0
KH01009,2026-03-12,99000.0
KH01262,2026-03-12,438000.0
KH00995,2026-03-12,106000.0
KH00183,2026-03-12,425000.0
KH00782,2026-03-12,51000.0
KH01926,2026-03-12,66000.0
KH00579,2026-03-12,264000.0
KH01753,2026-03-12,666000.0
KH00364,2026-03-12,82000.0
KH01727,2026-03-12,136000.0
KH00976,2026-03-12,464000.0
KH00264,2026-03-12,474000.0
KH02310,2026-03-12,834000.0
KH01390,2026-03-12,480000.0
KH02218,2026-03-12,291000.0
KH01896,2026-03-12,198000.0
KH01678,2026-03-12,126000.0
KH00857,2026-03-12,41000.0
KH01917,2026-03-12,166000.0
KH01621,2026-03-12,183000.0
KH00278,2026-03-12,137000.0
KH02162,2026-03-12,371000.0
KH00959,2026-03-12,70000.0
KH01351,2026-03-12,81000.0
KH00199,2026-03-12,344000.0
KH02291,2026-03-12,805000.0
KH00780,2026-03-12,116000.0
KH01672,2026-03-12,228000.0
KH00537,2026-03-12,1218000.0
KH02175,2026-03-12,310000.0
KH01392,2026-03-12,236000.0
KH02119,2026-03-12,230000.0
KH00487,2026-03-12,172000.0
KH01282,2026-03-12,28000.0
KH00719,2026-03-12,99000.0
KH01672,2026-03-12,1137000.0
KH00763,2026-03-12,867000.0
KH02458,2026-03-12,62000.0
KH02183,2026-03-12,302000.0
KH01748,2026-03-12,341000.0
KH00538,2026-03-12,89000.0
KH00313,2026-03-12,153000.0
KH00743,2026-03-12,122000.0
KH00559,2026-03-12,293000.0
KH00543,2026-03-12,468000.0
KH00087,2026-03-12,788000.0
KH00527,2026-03-12,282000.0
KH01647,2026-03-12,109000.0
KH00364,2026-03-12,642000.0
KH01016,2026-03-12,266000.0
KH00087,2026-03-12,223000.0
KH02338,2026-03-12,157000.0
KH02344,2026-03-12,110000.0
KH00888,2026-03-12,184000.0
KH01140,2026-03-12,144000.0
KH02174,2026-03-12,141000.0
KH02340,2026-03-12,135000.0
KH01558,2026-03-12,205000.0
KH00474,2026-03-12,223000.0
KH01100,2026-03-12,498000.0
KH02250,2026-03-12,896000.0
KH02056,2026-03-12,144000.0
KH02348,2026-03-12,333000.0
KH02013,2026-03-12,119000.0
KH01829,2026-03-12,321000.0
KH01819,2026-03-12,33000.0
KH01806,2026-03-12,280000.0
KH01903,2026-03-12,165000.0
KH00086,2026-03-13,83000.0
KH01408,2026-03-13,140000.0
KH00587,2026-03-13,706000.0
KH01230,2026-03-13,278000.0
KH02287,2026-03-13,662000.0
KH00119,2026-03-13,419000.0
KH02175,2026-03-13,346000.0
KH01950,2026-03-13,2434000.0
KH01889,2026-03-13,199000.0
KH01581,2026-03-13,97000.0
KH01042,2026-03-13,45000.0
KH01996,2026-03-13,801000.0
KH00014,2026-03-13,632000.0
KH00261,2026-03-13,626000.0
KH01445,2026-03-13,160000.0
KH01916,2026-03-13,79000.0
KH00490,2026-03-13,80000.0
KH02478,2026-03-13,996000.0
KH01481,2026-03-13,569000.0
KH00233,2026-03-13,349000.0
KH01061,2026-03-13,45000.0
KH02177,2026-03-13,105000.0
KH01446,2026-03-13,378000.0
KH00328,2026-03-13,117000.0
KH01452,2026-03-13,62000.0
KH01824,2026-03-13,439000.0
KH01799,2026-03-13,97000.0
KH01198,2026-03-13,189000.0
KH02274,2026-03-13,74000.0
KH01018,2026-03-13,358000.0
KH02244,2026-03-13,97000.0
KH00209,2026-03-13,242000.0
KH01401,2026-03-13,108000.0
KH00720,2026-03-13,245000.0
KH00450,2026-03-13,313000.0
KH01899,2026-03-13,949000.0
KH00923,2026-03-13,60000.0
KH01525,2026-03-13,245000.0
KH00454,2026-03-13,1325000.0
KH00834,2026-03-13,173000.0
KH00859,2026-03-13,301000.0
KH01916,2026-03-13,71000.0
KH02098,2026-03-13,469000.0
KH01716,2026-03-13,785000.0
KH00386,2026-03-13,294000.0
KH01607,2026-03-13,92000.0
KH01773,2026-03-13,316000.0
KH00933,2026-03-13,56000.0
KH01125,2026-03-13,165000.0
KH01183,2026-03-13,90000.0
KH00867,2026-03-13,309000.0
KH01768,2026-03-13,847000.0
KH00768,2026-03-13,414000.0
KH00592,2026-03-13,894000.0
KH01991,2026-03-13,324000.0
KH01773,2026-03-13,65000.0
KH02356,2026-03-13,166000.0
KH00524,2026-03-13,33000.0
KH01189,2026-03-13,212000.0
KH00761,2026-03-13,112000.0
KH01349,2026-03-13,317000.0
KH02040,2026-03-13,179000.0
KH00527,2026-03-13,508000.0
KH02023,2026-03-13,112000.0
KH00138,2026-03-13,253000.0
KH01934,2026-03-13,295000.0
KH01826,2026-03-13,203000.0
KH01239,2026-03-13,173000.0
KH01835,2026-03-13,177000.0
KH02092,2026-03-13,255000.0
KH01918,2026-03-13,407000.0
KH00160,2026-03-13,99000.0
KH01789,2026-03-13,58000.0
KH00559,2026-03-13,94000.0
KH01478,2026-03-13,415000.0
KH01843,2026-03-13,222000.0
KH01033,2026-03-13,1062000.0
KH01327,2026-03-13,576000.0
KH01166,2026-03-13,1432000.0
KH00267,2026-03-13,225000.0
KH01968,2026-03-13,195000.0
KH01679,2026-03-13,133000.0
KH00115,2026-03-13,146000.0
KH00397,2026-03-13,253000.0
KH00346,2026-03-14,453000.0
KH01214,2026-03-14,106000.0
KH01989,2026-03-14,282000.0
KH02010,2026-03-14,381000.0
KH01299,2026-03-14,356000.0
KH00463,2026-03-14,36000.0
KH01500,2026-03-14,171000.0
KH00525,2026-03-14,364000.0
KH00091,2026-03-14,180000.0
KH01322,2026-03-14,128000.0
KH01558,2026-03-14,145000.0
KH00821,2026-03-14,194000.0
KH01293,2026-03-14,35000.0
KH01828,2026-03-14,80000.0
KH01884,2026-03-14,157000.0
KH01889,2026-03-14,294000.0
KH00655,2026-03-14,127000.0
KH01293,2026-03-14,873000.0
KH00814,2026-03-14,556000.0
KH01234,2026-03-14,85000.0
KH02303,2026-03-14,292000.0
KH00997,2026-03-14,124000.0
KH02268,2026-03-14,608000.0
KH00634,2026-03-14,704000.0
KH00615,2026-03-14,62000.0
KH02194,2026-03-14,213000.0
KH01386,2026-03-14,345000.0
KH00397,2026-03-14,65000.0
KH00959,2026-03-14,186000.0
KH01688,2026-03-14,478000.0
KH00232,2026-03-14,356000.0
KH01909,2026-03-14,42000.0
KH02248,2026-03-14,208000.0
KH00942,2026-03-14,95000.0
KH00764,2026-03-14,363000.0
KH01342,2026-03-14,133000.0
KH01729,2026-03-14,184000.0
KH00686,2026-03-14,481000.0
KH00070,2026-03-14,695000.0
KH02454,2026-03-14,87000.0
KH01785,2026-03-14,519000.0
KH02452,2026-03-14,102000.0
KH01849,2026-03-14,56000.0
KH00527,2026-03-14,139000.0
KH02420,2026-03-14,44000.0
KH02102,2026-03-14,439000.0
KH00576,2026-03-14,92000.0
KH01282,2026-03-14,182000.0
KH00879,2026-03-14,218000.0
KH00415,2026-03-14,69000.0
KH02426,2026-03-14,627000.0
KH01632,2026-03-14,398000.0
KH01932,2026-03-14,445000.0
KH01573,2026-03-14,102000.0
KH02140,2026-03-14,47000.0
KH00180,2026-03-14,64000.0
KH00005,2026-03-14,215000.0
KH02304,2026-03-14,170000.0
KH01068,2026-03-14,219000.0
KH00209,2026-03-14,56000.0
KH01345,2026-03-14,413000.0
KH01438,2026-03-14,160000.0
KH01853,2026-03-14,112000.0
KH01327,2026-03-14,269000.0
KH02415,2026-03-14,414000.0
KH02052,2026-03-14,96000.0
KH01530,2026-03-14,161000.0
KH00248,2026-03-14,231000.0
KH00989,2026-03-14,172000.0
KH00455,2026-03-14,94000.0
KH01006,2026-03-14,142000.0
KH01551,2026-03-14,86000.0
KH02408,2026-03-14,363000.0
KH01971,2026-03-14,311000.0
KH00125,2026-03-14,406000.0
KH02057,2026-03-14,98000.0
KH02023,2026-03-14,90000.0
KH00236,2026-03-14,217000.0
KH01902,2026-03-14,128000.0
KH01344,2026-03-14,225000.0
KH01854,2026-03-14,141000.0
KH01546,2026-03-14,222000.0
KH00821,2026-03-14,50000.0
KH02266,2026-03-14,571000.0
KH01849,2026-03-14,568000.0
KH01807,2026-03-14,264000.0
KH00561,2026-03-14,119000.0
KH00997,2026-03-14,160000.0
KH00104,2026-03-14,90000.0
KH00295,2026-03-14,94000.0
KH00014,2026-03-15,91000.0
KH01441,2026-03-15,213000.0
KH01480,2026-03-15,390000.0
KH01552,2026-03-15,74000.0
KH02287,2026-03-15,157000.0
KH02208,2026-03-15,242000.0
KH00868,2026-03-15,92000.0
KH01599,2026-03-15,458000.0
KH00769,2026-03-15,143000.0
KH00465,2026-03-15,173000.0
KH02278,2026-03-15,448000.0
KH00544,2026-03-15,69000.0
KH00855,2026-03-15,65000.0
KH00375,2026-03-15,111000.0
KH02032,2026-03-15,209000.0
KH01066,2026-03-15,94000.0
KH00953,2026-03-15,346000.0
KH01500,2026-03-15,186000.0
KH01392,2026-03-15,247000.0
KH02156,2026-03-15,242000.0
KH01770,2026-03-15,902000.0
KH00954,2026-03-15,150000.0
KH02157,2026-03-15,97000.0
KH02254,2026-03-15,52000.0
KH00675,2026-03-15,690000.0
KH01435,2026-03-15,104000.0
KH01917,2026-03-15,148000.0
KH00164,2026-03-15,166000.0
KH01382,2026-03-15,208000.0
KH00027,2026-03-15,318000.0
KH00686,2026-03-15,327000.0
KH00024,2026-03-15,328000.0
KH00114,2026-03-15,166000.0
KH02231,2026-03-15,169000.0
KH01973,2026-03-15,192000.0
KH00248,2026-03-15,491000.0
KH00528,2026-03-15,244000.0
KH01799,2026-03-15,194000.0
KH01201,2026-03-15,155000.0
KH02220,2026-03-15,119000.0
KH00184,2026-03-15,89000.0
KH00102,2026-03-15,79000.0
KH00372,2026-03-15,302000.0
KH01520,2026-03-15,58000.0
KH01948,2026-03-15,292000.0
KH01896,2026-03-15,282000.0
KH01411,2026-03-15,318000.0
KH00014,2026-03-15,105000.0
KH01034,2026-03-15,130000.0
KH00648,2026-03-15,329000.0
KH01862,2026-03-15,95000.0
KH02264,2026-03-15,805000.0
KH00574,2026-03-15,79000.0
KH00016,2026-03-15,173000.0
KH01637,2026-03-15,36000.0
KH01193,2026-03-15,56000.0
KH00132,2026-03-15,242000.0
KH02036,2026-03-15,137000.0
KH00675,2026-03-15,167000.0
KH01826,2026-03-15,258000.0
KH00808,2026-03-15,286000.0
KH02103,2026-03-15,341000.0
KH02305,2026-03-15,360000.0
KH01912,2026-03-15,286000.0
KH01014,2026-03-15,421000.0
KH01746,2026-03-15,83000.0
KH00853,2026-03-15,171000.0
KH01752,2026-03-15,536000.0
KH01354,2026-03-15,219000.0
KH02406,2026-03-15,188000.0
KH02121,2026-03-15,156000.0
KH00735,2026-03-15,294000.0
KH00007,2026-03-15,91000.0
KH01000,2026-03-15,428000.0
KH01915,2026-03-15,217000.0
KH00213,2026-03-15,208000.0
KH02173,2026-03-15,171000.0
KH01431,2026-03-16,341000.0
KH01322,2026-03-16,1014000.0
KH01935,2026-03-16,168000.0
KH00033,2026-03-16,600000.0
KH01344,2026-03-16,267000.0
KH02325,2026-03-16,90000.0
KH02292,2026-03-16,191000.0
KH01310,2026-03-16,231000.0
KH00825,2026-03-16,106000.0
KH00741,2026-03-16,183000.0
KH00431,2026-03-16,569000.0
KH02420,2026-03-16,293000.0
KH01647,2026-03-16,158000.0
KH00548,2026-03-16,152000.0
KH01673,2026-03-16,96000.0
KH01857,2026-03-16,94000.0
KH01788,2026-03-16,158000.0
KH00910,2026-03-16,176000.0
KH02483,2026-03-16,261000.0
KH01362,2026-03-16,552000.0
KH02387,2026-03-16,567000.0
KH00067,2026-03-16,1027000.0
KH01335,2026-03-16,698000.0
KH02473,2026-03-16,237000.0
KH00468,2026-03-16,64000.0
KH01581,2026-03-16,882000.0
KH00953,2026-03-16,320000.0
KH02100,2026-03-16,143000.0
KH01747,2026-03-16,698000.0
KH01509,2026-03-16,453000.0
KH02398,2026-03-16,234000.0
KH02109,2026-03-16,309000.0
KH02241,2026-03-16,480000.0
KH02301,2026-03-16,90000.0
KH01692,2026-03-16,76000.0
KH00541,2026-03-16,204000.0
KH01681,2026-03-16,1188000.0
KH01355,2026-03-16,127000.0
KH00233,2026-03-16,102000.0
KH01514,2026-03-16,117000.0
KH01059,2026-03-16,105000.0
KH01807,2026-03-16,74000.0
KH01906,2026-03-16,98000.0
KH00931,2026-03-16,298000.0
KH01574,2026-03-16,474000.0
KH02104,2026-03-16,190000.0
KH02107,2026-03-16,106000.0
KH01028,2026-03-16,119000.0
KH02308,2026-03-16,155000.0
KH00914,2026-03-16,25000.0
KH00029,2026-03-16,190000.0
KH00809,2026-03-16,205000.0
KH01240,2026-03-16,285000.0
KH00548,2026-03-16,426000.0
KH01247,2026-03-16,120000.0
KH01647,2026-03-16,256000.0
KH01681,2026-03-16,127000.0
KH00088,2026-03-16,576000.0
KH00718,2026-03-16,170000.0
KH01544,2026-03-16,44000.0
KH01077,2026-03-16,131000.0
KH00260,2026-03-16,813000.0
KH02016,2026-03-16,53000.0
KH00417,2026-03-16,1008000.0
KH02049,2026-03-16,150000.0
KH01058,2026-03-16,834000.0
KH00538,2026-03-16,44000.0
KH00392,2026-03-16,270000.0
KH00725,2026-03-16,78000.0
KH00328,2026-03-16,48000.0
KH00460,2026-03-16,137000.0
KH02208,2026-03-16,159000.0
KH01892,2026-03-16,99000.0
KH00950,2026-03-16,164000.0
KH02057,2026-03-16,142000.0
KH01612,2026-03-16,909000.0
KH00365,2026-03-16,69000.0
KH02150,2026-03-16,270000.0
KH00233,2026-03-16,555000.0
KH00805,2026-03-17,115000.0
KH02445,2026-03-17,249000.0
KH02261,2026-03-17,255000.0
KH01188,2026-03-17,250000.0
KH01337,2026-03-17,905000.0
KH01195,2026-03-17,188000.0
KH02136,2026-03-17,171000.0
KH00770,2026-03-17,91000.0
KH01694,2026-03-17,145000.0
KH01450,2026-03-17,343000.0
KH00187,2026-03-17,126000.0
KH02286,2026-03-17,23000.0
KH02254,2026-03-17,292000.0
KH02436,2026-03-17,266000.0
KH00235,2026-03-17,107000.0
KH00749,2026-03-17,164000.0
KH01954,2026-03-17,194000.0
KH01596,2026-03-17,309000.0
KH00184,2026-03-17,83000.0
KH01422,2026-03-17,1395000.0
KH01120,2026-03-17,200000.0
KH01375,2026-03-17,106000.0
KH02089,2026-03-17,119000.0
KH00141,2026-03-17,782000.0
KH02353,2026-03-17,157000.0
KH00573,2026-03-17,521000.0
KH00858,2026-03-17,640000.0
KH02118,2026-03-17,61000.0
KH02155,2026-03-17,115000.0
KH01817,2026-03-17,479000.0
KH01690,2026-03-17,315000.0
KH00077,2026-03-17,263000.0
KH01439,2026-03-17,470000.0
KH01654,2026-03-17,75000.0
KH02313,2026-03-17,188000.0
KH02067,2026-03-17,368000.0
KH01729,2026-03-17,115000.0
KH00300,2026-03-17,70000.0
KH01075,2026-03-17,70000.0
KH01672,2026-03-17,180000.0
KH01508,2026-03-17,282000.0
KH00346,2026-03-17,287000.0
KH01071,2026-03-17,150000.0
KH00601,2026-03-17,495000.0
KH02204,2026-03-17,192000.0
KH01490,2026-03-17,162000.0
KH00454,2026-03-17,282000.0
KH00650,2026-03-17,202000.0
KH00059,2026-03-17,651000.0
KH00277,2026-03-17,547000.0
KH01715,2026-03-17,370000.0
KH01325,2026-03-17,337000.0
KH01822,2026-03-17,184000.0
KH01589,2026-03-17,279000.0
KH01685,2026-03-17,89000.0
KH00203,2026-03-17,220000.0
KH01485,2026-03-17,143000.0
KH01562,2026-03-17,222000.0
KH00540,2026-03-17,56000.0
KH01670,2026-03-17,149000.0
KH02061,2026-03-17,31000.0
KH00011,2026-03-17,458000.0
KH01933,2026-03-17,1270000.0
KH00436,2026-03-17,286000.0
KH01337,2026-03-17,60000.0
KH02259,2026-03-17,350000.0
KH00813,2026-03-17,76000.0
KH00236,2026-03-17,129000.0
KH00974,2026-03-17,287000.0
KH00750,2026-03-17,162000.0
KH00396,2026-03-17,318000.0
KH01902,2026-03-17,1001000.0
KH00986,2026-03-17,72000.0
KH01111,2026-03-17,257000.0
KH02254,2026-03-17,26000.0
KH00007,2026-03-17,171000.0
KH00454,2026-03-17,89000.0
KH00391,2026-03-17,263000.0
KH01380,2026-03-17,113000.0
KH01556,2026-03-18,94000.0
KH01177,2026-03-18,516000.0
KH02080,2026-03-18,485000.0
KH01060,2026-03-18,216000.0
KH01591,2026-03-18,300000.0
KH02265,2026-03-18,172000.0
KH02287,2026-03-18,68000.0
KH00958,2026-03-18,70000.0
KH00122,2026-03-18,32000.0
KH01136,2026-03-18,484000.0
KH00322,2026-03-18,162000.0
KH00683,2026-03-18,62000.0
KH00211,2026-03-18,1536000.0
KH02131,2026-03-18,300000.0
KH00541,2026-03-18,98000.0
KH01500,2026-03-18,224000.0
KH00287,2026-03-18,158000.0
KH01854,2026-03-18,179000.0
KH00066,2026-03-18,174000.0
KH00252,2026-03-18,72000.0
KH01963,2026-03-18,481000.0
KH01411,2026-03-18,1261000.0
KH00567,2026-03-18,84000.0
KH01402,2026-03-18,461000.0
KH02318,2026-03-18,112000.0
KH00663,2026-03-18,272000.0
KH00828,2026-03-18,44000.0
KH01865,2026-03-18,157000.0
KH00077,2026-03-18,72000.0
KH00582,2026-03-18,109000.0
KH01439,2026-03-18,66000.0
KH01058,2026-03-18,603000.0
KH01231,2026-03-18,77000.0
KH00851,2026-03-18,153000.0
KH01043,2026-03-18,248000.0
KH00170,2026-03-18,53000.0
KH00687,2026-03-18,76000.0
KH01569,2026-03-18,360000.0
KH01656,2026-03-18,183000.0
KH00455,2026-03-18,96000.0
KH01322,2026-03-18,176000.0
KH01156,2026-03-18,99000.0
KH00876,2026-03-18,544000.0
KH00808,2026-03-18,129000.0
KH01406,2026-03-18,423000.0
KH01004,2026-03-18,378000.0
KH00992,2026-03-18,260000.0
KH00166,2026-03-18,353000.0
KH00324,2026-03-18,64000.0
KH01508,2026-03-18,503000.0
KH01183,2026-03-18,482000.0
KH00468,2026-03-18,217000.0
KH00574,2026-03-18,136000.0
KH00909,2026-03-18,74000.0
KH01471,2026-03-18,110000.0
KH02473,2026-03-18,330000.0
KH00497,2026-03-18,196000.0
KH00004,2026-03-18,265000.0
KH01431,2026-03-18,90000.0
KH01987,2026-03-18,550000.0
KH00825,2026-03-18,200000.0
KH01132,2026-03-18,314000.0
KH00264,2026-03-18,222000.0
KH00552,2026-03-18,1358000.0
KH01573,2026-03-18,111000.0
KH01538,2026-03-18,130000.0
KH02201,2026-03-18,111000.0
KH02391,2026-03-18,172000.0
KH00460,2026-03-18,208000.0
KH00184,2026-03-18,251000.0
KH01708,2026-03-18,50000.0
KH01600,2026-03-18,155000.0
KH00423,2026-03-18,175000.0
KH01970,2026-03-18,550000.0
KH01773,2026-03-18,139000.0
KH01385,2026-03-18,129000.0
KH00789,2026-03-18,184000.0
KH00768,2026-03-18,214000.0
KH01437,2026-03-18,192000.0
KH00097,2026-03-18,525000.0
KH00360,2026-03-18,42000.0
KH00920,2026-03-18,191000.0
KH02381,2026-03-19,141000.0
KH00648,2026-03-19,467000.0
KH00888,2026-03-19,261000.0
KH00992,2026-03-19,303000.0
KH01265,2026-03-19,187000.0
KH00263,2026-03-19,844000.0
KH00575,2026-03-19,505000.0
KH01157,2026-03-19,553000.0
KH01602,2026-03-19,271000.0
KH00141,2026-03-19,254000.0
KH00405,2026-03-19,370000.0
KH01506,2026-03-19,288000.0
KH02040,2026-03-19,189000.0
KH01715,2026-03-19,213000.0
KH02291,2026-03-19,395000.0
KH00660,2026-03-19,75000.0
KH01386,2026-03-19,175000.0
KH00822,2026-03-19,67000.0
KH00428,2026-03-19,228000.0
KH00159,2026-03-19,183000.0
KH00813,2026-03-19,337000.0
KH00795,2026-03-19,109000.0
KH00699,2026-03-19,171000.0
KH01185,2026-03-19,352000.0
KH02118,2026-03-19,192000.0
KH02261,2026-03-19,356000.0
KH02030,2026-03-19,293000.0
KH00590,2026-03-19,87000.0
KH02166,2026-03-19,100000.0
KH01920,2026-03-19,249000.0
KH00666,2026-03-19,355000.0
KH02135,2026-03-19,134000.0
KH00187,2026-03-19,336000.0
KH01786,2026-03-19,100000.0
KH00944,2026-03-19,204000.0
KH02250,2026-03-19,231000.0
KH01877,2026-03-19,338000.0
KH00869,2026-03-19,102000.0
KH02076,2026-03-19,88000.0
KH01372,2026-03-19,212000.0
KH01690,2026-03-19,106000.0
KH01063,2026-03-19,897000.0
KH01060,2026-03-19,85000.0
KH01777,2026-03-19,171000.0
KH01045,2026-03-19,272000.0
KH00642,2026-03-19,842000.0
KH00316,2026-03-19,123000.0
KH00453,2026-03-19,100000.0
KH00480,2026-03-19,191000.0
KH01777,2026-03-19,54000.0
KH01058,2026-03-19,692000.0
KH02269,2026-03-19,188000.0
KH01700,2026-03-19,289000.0
KH01100,2026-03-19,182000.0
KH00661,2026-03-19,160000.0
KH00174,2026-03-19,173000.0
KH01172,2026-03-19,225000.0
KH02091,2026-03-19,194000.0
KH00430,2026-03-19,101000.0
KH01464,2026-03-19,567000.0
KH01134,2026-03-19,164000.0
KH00552,2026-03-19,281000.0
KH00724,2026-03-19,54000.0
KH01022,2026-03-19,118000.0
KH00601,2026-03-19,629000.0
KH01727,2026-03-19,278000.0
KH00300,2026-03-19,96000.0
KH01447,2026-03-19,351000.0
KH01786,2026-03-19,384000.0
KH00578,2026-03-19,73000.0
KH02444,2026-03-19,505000.0
KH01125,2026-03-19,33000.0
KH01715,2026-03-19,158000.0
KH00953,2026-03-19,139000.0
KH02275,2026-03-19,374000.0
KH00213,2026-03-19,112000.0
KH00158,2026-03-19,139000.0
KH00126,2026-03-19,582000.0
KH00088,2026-03-19,148000.0
KH00498,2026-03-19,138000.0
KH01883,2026-03-19,158000.0
KH00279,2026-03-19,77000.0
KH01832,2026-03-19,128000.0
KH01260,2026-03-19,30000.0
KH00124,2026-03-19,107000.0
KH01062,2026-03-19,140000.0
KH00233,2026-03-19,674000.0
KH01472,2026-03-19,210000.0
KH02206,2026-03-19,178000.0
KH00403,2026-03-19,28000.0
KH02348,2026-03-19,50000.0
KH00223,2026-03-19,116000.0
KH00162,2026-03-19,128000.0
KH02251,2026-03-19,433000.0
KH01898,2026-03-19,26000.0
KH01865,2026-03-19,325000.0
KH01284,2026-03-19,796000.0
KH02118,2026-03-19,32000.0
KH01892,2026-03-19,321000.0
KH02061,2026-03-19,139000.0
KH02490,2026-03-19,194000.0
KH01767,2026-03-19,124000.0
KH00961,2026-03-19,56000.0
KH01840,2026-03-19,106000.0
KH02425,2026-03-19,29000.0
KH01963,2026-03-19,125000.0
KH01253,2026-03-19,158000.0
KH00430,2026-03-20,312000.0
KH01759,2026-03-20,1385000.0
KH00181,2026-03-20,251000.0
KH01047,2026-03-20,88000.0
KH01130,2026-03-20,291000.0
KH00006,2026-03-20,225000.0
KH01851,2026-03-20,382000.0
KH01380,2026-03-20,266000.0
KH00310,2026-03-20,347000.0
KH00661,2026-03-20,116000.0
KH00676,2026-03-20,207000.0
KH01749,2026-03-20,214000.0
KH01113,2026-03-20,114000.0
KH01006,2026-03-20,166000.0
KH00013,2026-03-20,330000.0
KH01189,2026-03-20,514000.0
KH02048,2026-03-20,326000.0
KH01560,2026-03-20,143000.0
KH00525,2026-03-20,87000.0
KH00545,2026-03-20,176000.0
KH02148,2026-03-20,281000.0
KH00228,2026-03-20,611000.0
KH02148,2026-03-20,127000.0
KH02107,2026-03-20,222000.0
KH01951,2026-03-20,417000.0
KH00902,2026-03-20,637000.0
KH00552,2026-03-20,52000.0
KH01740,2026-03-20,111000.0
KH01935,2026-03-20,293000.0
KH01519,2026-03-20,162000.0
KH01835,2026-03-20,206000.0
KH01934,2026-03-20,130000.0
KH00729,2026-03-20,305000.0
KH00016,2026-03-20,260000.0
KH01852,2026-03-20,69000.0
KH00646,2026-03-20,97000.0
KH01186,2026-03-20,543000.0
KH00674,2026-03-20,142000.0
KH01408,2026-03-20,158000.0
KH00352,2026-03-20,165000.0
KH01320,2026-03-20,202000.0
KH01559,2026-03-20,195000.0
KH01099,2026-03-20,63000.0
KH00628,2026-03-20,945000.0
KH00869,2026-03-20,321000.0
KH01094,2026-03-20,45000.0
KH01371,2026-03-20,81000.0
KH00396,2026-03-20,568000.0
KH01322,2026-03-20,241000.0
KH01442,2026-03-20,102000.0
KH01404,2026-03-20,274000.0
KH01181,2026-03-20,131000.0
KH02425,2026-03-20,163000.0
KH01059,2026-03-20,135000.0
KH00848,2026-03-20,170000.0
KH01779,2026-03-20,1571000.0
KH00877,2026-03-20,186000.0
KH01227,2026-03-20,100000.0
KH01333,2026-03-20,234000.0
KH02196,2026-03-20,150000.0
KH02141,2026-03-20,191000.0
KH00428,2026-03-20,183000.0
KH02281,2026-03-20,281000.0
KH01092,2026-03-20,151000.0
KH01937,2026-03-20,110000.0
KH00860,2026-03-20,131000.0
KH02303,2026-03-20,176000.0
KH00482,2026-03-20,110000.0
KH02174,2026-03-20,319000.0
KH02299,2026-03-20,42000.0
KH00936,2026-03-20,46000.0
KH01021,2026-03-20,323000.0
KH01253,2026-03-20,982000.0
KH02067,2026-03-20,357000.0
KH01556,2026-03-21,263000.0
KH00806,2026-03-21,57000.0
KH00364,2026-03-21,73000.0
KH02473,2026-03-21,216000.0
KH01678,2026-03-21,56000.0
KH01684,2026-03-21,155000.0
KH00954,2026-03-21,168000.0
KH01746,2026-03-21,119000.0
KH02405,2026-03-21,630000.0
KH02178,2026-03-21,385000.0
KH01347,2026-03-21,972000.0
KH00732,2026-03-21,44000.0
KH01226,2026-03-21,190000.0
KH01490,2026-03-21,240000.0
KH02377,2026-03-21,236000.0
KH01196,2026-03-21,172000.0
KH00364,2026-03-21,113000.0
KH00969,2026-03-21,366000.0
KH00065,2026-03-21,474000.0
KH01021,2026-03-21,187000.0
KH02159,2026-03-21,582000.0
KH00286,2026-03-21,101000.0
KH00471,2026-03-21,104000.0
KH01229,2026-03-21,360000.0
KH01377,2026-03-21,179000.0
KH01261,2026-03-21,415000.0
KH01805,2026-03-21,117000.0
KH00879,2026-03-21,359000.0
KH02023,2026-03-21,155000.0
KH02173,2026-03-21,300000.0
KH01223,2026-03-21,81000.0
KH00526,2026-03-21,95000.0
KH00151,2026-03-21,19000.0
KH01593,2026-03-21,319000.0
KH02164,2026-03-21,100000.0
KH00509,2026-03-21,84000.0
KH01520,2026-03-21,1073000.0
KH00040,2026-03-21,365000.0
KH01233,2026-03-21,362000.0
KH02356,2026-03-21,121000.0
KH00890,2026-03-21,143000.0
KH01679,2026-03-21,164000.0
KH01586,2026-03-21,539000.0
KH00718,2026-03-21,153000.0
KH00615,2026-03-21,193000.0
KH01408,2026-03-21,311000.0
KH01436,2026-03-21,240000.0
KH00620,2026-03-21,440000.0
KH00183,2026-03-21,89000.0
KH00918,2026-03-21,120000.0
KH01056,2026-03-21,98000.0
KH01098,2026-03-21,875000.0
KH01098,2026-03-21,219000.0
KH00184,2026-03-21,382000.0
KH00839,2026-03-21,245000.0
KH00506,2026-03-21,94000.0
KH01468,2026-03-21,409000.0
KH02203,2026-03-21,93000.0
KH01770,2026-03-21,238000.0
KH02354,2026-03-21,193000.0
KH02405,2026-03-21,482000.0
KH00117,2026-03-21,256000.0
KH01048,2026-03-21,137000.0
KH00485,2026-03-21,347000.0
KH01608,2026-03-21,897000.0
KH02406,2026-03-21,359000.0
KH01454,2026-03-21,118000.0
KH02250,2026-03-21,127000.0
KH01059,2026-03-21,95000.0
KH01332,2026-03-21,239000.0
KH00688,2026-03-21,167000.0
KH02235,2026-03-22,64000.0
KH01689,2026-03-22,674000.0
KH01359,2026-03-22,221000.0
KH00723,2026-03-22,765000.0
KH00599,2026-03-22,218000.0
KH00542,2026-03-22,232000.0
KH02432,2026-03-22,90000.0
KH01112,2026-03-22,277000.0
KH00933,2026-03-22,89000.0
KH00523,2026-03-22,256000.0
KH02299,2026-03-22,90000.0
KH02021,2026-03-22,350000.0
KH01392,2026-03-22,284000.0
KH00821,2026-03-22,112000.0
KH01694,2026-03-22,165000.0
KH02282,2026-03-22,166000.0
KH01596,2026-03-22,243000.0
KH02259,2026-03-22,90000.0
KH02314,2026-03-22,599000.0
KH00846,2026-03-22,173000.0
KH00768,2026-03-22,120000.0
KH00868,2026-03-22,247000.0
KH01705,2026-03-22,164000.0
KH00538,2026-03-22,47000.0
KH00134,2026-03-22,630000.0
KH00011,2026-03-22,121000.0
KH00350,2026-03-22,165000.0
KH01269,2026-03-22,200000.0
KH02040,2026-03-22,104000.0
KH02293,2026-03-22,225000.0
KH02473,2026-03-22,57000.0
KH00467,2026-03-22,311000.0
KH00839,2026-03-22,217000.0
KH02360,2026-03-22,122000.0
KH00887,2026-03-22,163000.0
KH01280,2026-03-22,958000.0
KH00984,2026-03-22,1222000.0
KH00055,2026-03-22,124000.0
KH00757,2026-03-22,99000.0
KH01712,2026-03-22,212000.0
KH02455,2026-03-22,803000.0
KH02036,2026-03-22,316000.0
KH01437,2026-03-22,154000.0
KH00455,2026-03-22,239000.0
KH00917,2026-03-22,636000.0
KH00793,2026-03-22,1042000.0
KH00296,2026-03-22,226000.0
KH00366,2026-03-22,109000.0
KH01136,2026-03-22,182000.0
KH00119,2026-03-22,216000.0
KH00813,2026-03-22,344000.0
KH01359,2026-03-22,45000.0
KH02240,2026-03-22,80000.0
KH01190,2026-03-22,224000.0
KH00968,2026-03-22,190000.0
KH01437,2026-03-22,334000.0
KH01438,2026-03-22,237000.0
KH00581,2026-03-22,200000.0
KH00744,2026-03-22,347000.0
KH01063,2026-03-22,185000.0
KH00625,2026-03-22,166000.0
KH00500,2026-03-22,290000.0
KH00633,2026-03-22,343000.0
KH01706,2026-03-22,270000.0
KH02069,2026-03-22,201000.0
KH02433,2026-03-22,906000.0
KH02262,2026-03-22,262000.0
KH01400,2026-03-22,73000.0
KH01888,2026-03-22,213000.0
KH00409,2026-03-22,662000.0
KH02091,2026-03-22,34000.0
KH01193,2026-03-22,515000.0
KH01863,2026-03-22,107000.0
KH01603,2026-03-22,89000.0
KH00170,2026-03-22,274000.0
KH01174,2026-03-22,360000.0
KH00509,2026-03-22,172000.0
KH01539,2026-03-22,100000.0
KH02109,2026-03-22,400000.0
KH00071,2026-03-22,53000.0
KH01288,2026-03-22,679000.0
KH01093,2026-03-22,204000.0
KH02136,2026-03-22,290000.0
KH01628,2026-03-22,41000.0
KH01069,2026-03-22,687000.0
KH00752,2026-03-22,242000.0
KH02388,2026-03-22,39000.0
KH02380,2026-03-22,219000.0
KH00179,2026-03-22,411000.0
KH01907,2026-03-22,160000.0
KH01279,2026-03-22,511000.0
KH02416,2026-03-22,83000.0
KH00718,2026-03-22,355000.0
KH00213,2026-03-22,94000.0
KH02178,2026-03-23,151000.0
KH01770,2026-03-23,209000.0
KH02227,2026-03-23,125000.0
KH00382,2026-03-23,356000.0
KH02297,2026-03-23,984000.0
KH00659,2026-03-23,112000.0
KH01921,2026-03-23,364000.0
KH00961,2026-03-23,172000.0
KH02295,2026-03-23,193000.0
KH00275,2026-03-23,700000.0
KH01699,2026-03-23,522000.0
KH00606,2026-03-23,273000.0
KH01833,2026-03-23,600000.0
KH01803,2026-03-23,174000.0
KH00884,2026-03-23,42000.0
KH01579,2026-03-23,288000.0
KH01153,2026-03-23,82000.0
KH01600,2026-03-23,496000.0
KH02242,2026-03-23,41000.0
KH01255,2026-03-23,93000.0
KH01025,2026-03-23,195000.0
KH00922,2026-03-23,899000.0
KH00117,2026-03-23,296000.0
KH00257,2026-03-23,106000.0
KH02190,2026-03-23,531000.0
KH01483,2026-03-23,74000.0
KH00842,2026-03-23,188000.0
KH02109,2026-03-23,115000.0
KH01725,2026-03-23,176000.0
KH02312,2026-03-23,152000.0
KH02254,2026-03-23,338000.0
KH00553,2026-03-23,42000.0
KH00183,2026-03-23,694000.0
KH00198,2026-03-23,275000.0
KH02141,2026-03-23,326000.0
KH02094,2026-03-23,131000.0
KH00377,2026-03-23,110000.0
KH00649,2026-03-23,177000.0
KH01066,2026-03-23,163000.0
KH01053,2026-03-23,575000.0
KH00357,2026-03-23,125000.0
KH01111,2026-03-23,105000.0
KH01561,2026-03-23,423000.0
KH00599,2026-03-23,36000.0
KH02224,2026-03-23,280000.0
KH01168,2026-03-23,226000.0
KH01808,2026-03-23,225000.0
KH01546,2026-03-23,374000.0
KH00991,2026-03-23,126000.0
KH01069,2026-03-23,102000.0
KH01071,2026-03-23,36000.0
KH00921,2026-03-23,1125000.0
KH00934,2026-03-23,406000.0
KH02159,2026-03-23,43000.0
KH01897,2026-03-23,152000.0
KH01156,2026-03-23,116000.0
KH00961,2026-03-23,71000.0
KH01836,2026-03-23,99000.0
KH01389,2026-03-23,1203000.0
KH01806,2026-03-23,109000.0
KH00348,2026-03-23,157000.0
KH01694,2026-03-23,269000.0
KH01782,2026-03-23,345000.0
KH02015,2026-03-23,272000.0
KH01623,2026-03-23,422000.0
KH00151,2026-03-23,155000.0
KH00151,2026-03-23,127000.0
KH00409,2026-03-23,214000.0
KH02476,2026-03-23,106000.0
KH01061,2026-03-23,111000.0
KH01177,2026-03-23,108000.0
KH00202,2026-03-23,227000.0
KH00114,2026-03-23,180000.0
KH01684,2026-03-23,1054000.0
KH00199,2026-03-23,72000.0
KH02220,2026-03-23,303000.0
KH00062,2026-03-23,144000.0
KH00770,2026-03-23,131000.0
KH02303,2026-03-23,104000.0
KH00004,2026-03-23,402000.0
KH01729,2026-03-23,448000.0
KH00565,2026-03-23,153000.0
KH02086,2026-03-23,64000.0
KH00087,2026-03-23,213000.0
KH01693,2026-03-23,391000.0
KH01244,2026-03-24,206000.0
KH00397,2026-03-24,131000.0
KH02299,2026-03-24,239000.0
KH00010,2026-03-24,144000.0
KH01746,2026-03-24,272000.0
KH01881,2026-03-24,91000.0
KH02099,2026-03-24,95000.0
KH01604,2026-03-24,152000.0
KH00269,2026-03-24,1004000.0
KH01072,2026-03-24,299000.0
KH01231,2026-03-24,71000.0
KH01264,2026-03-24,278000.0
KH00151,2026-03-24,354000.0
KH01332,2026-03-24,156000.0
KH01413,2026-03-24,171000.0
KH00192,2026-03-24,157000.0
KH00016,2026-03-24,217000.0
KH00539,2026-03-24,740000.0
KH02170,2026-03-24,879000.0
KH01285,2026-03-24,200000.0
KH01620,2026-03-24,196000.0
KH01705,2026-03-24,128000.0
KH00440,2026-03-24,47000.0
KH02358,2026-03-24,128000.0
KH00607,2026-03-24,132000.0
KH01038,2026-03-24,74000.0
KH01936,2026-03-24,276000.0
KH00333,2026-03-24,676000.0
KH00140,2026-03-24,77000.0
KH01303,2026-03-24,158000.0
KH01094,2026-03-24,598000.0
KH00571,2026-03-24,89000.0
KH00916,2026-03-24,153000.0
KH01999,2026-03-24,139000.0
KH01853,2026-03-24,356000.0
KH02473,2026-03-24,46000.0
KH01181,2026-03-24,41000.0
KH01263,2026-03-24,113000.0
KH02383,2026-03-24,220000.0
KH01047,2026-03-24,572000.0
KH01543,2026-03-24,348000.0
KH00433,2026-03-24,154000.0
KH00248,2026-03-24,506000.0
KH01267,2026-03-24,54000.0
KH01393,2026-03-24,337000.0
KH02171,2026-03-24,405000.0
KH01118,2026-03-24,90000.0
KH00280,2026-03-24,133000.0
KH00462,2026-03-24,433000.0
KH01574,2026-03-24,126000.0
KH00936,2026-03-24,36000.0
KH00618,2026-03-24,37000.0
KH02426,2026-03-24,164000.0
KH02128,2026-03-24,336000.0
KH01229,2026-03-24,133000.0
KH00856,2026-03-24,123000.0
KH00096,2026-03-24,126000.0
KH02085,2026-03-24,138000.0
KH01750,2026-03-24,503000.0
KH00655,2026-03-24,263000.0
KH01207,2026-03-24,345000.0
KH00341,2026-03-24,300000.0
KH00607,2026-03-24,208000.0
KH02122,2026-03-24,80000.0
KH00402,2026-03-24,34000.0
KH00211,2026-03-24,104000.0
KH00211,2026-03-24,148000.0
KH00902,2026-03-24,243000.0
KH02458,2026-03-24,124000.0
KH01033,2026-03-24,118000.0
KH00737,2026-03-24,118000.0
KH01408,2026-03-24,187000.0
KH01146,2026-03-24,212000.0
KH01058,2026-03-24,131000.0
KH02109,2026-03-24,203000.0
KH01416,2026-03-24,430000.0
KH01148,2026-03-24,46000.0
KH01563,2026-03-24,258000.0
KH02122,2026-03-24,270000.0
KH01257,2026-03-24,375000.0
KH00989,2026-03-24,204000.0
KH00229,2026-03-24,81000.0
KH01192,2026-03-24,662000.0
KH00154,2026-03-24,300000.0
KH01279,2026-03-24,99000.0
KH01600,2026-03-24,200000.0
KH02253,2026-03-24,287000.0
KH00625,2026-03-24,972000.0
KH01403,2026-03-24,60000.0
KH00977,2026-03-24,157000.0
KH00374,2026-03-24,171000.0
KH02315,2026-03-24,117000.0
KH01136,2026-03-24,180000.0
KH00651,2026-03-24,104000.0
KH02302,2026-03-24,186000.0
KH01278,2026-03-24,108000.0
KH01459,2026-03-24,217000.0
KH01007,2026-03-24,269000.0
KH00346,2026-03-24,122000.0
KH00657,2026-03-25,368000.0
KH00956,2026-03-25,128000.0
KH02455,2026-03-25,52000.0
KH00694,2026-03-25,90000.0
KH01788,2026-03-25,65000.0
KH01402,2026-03-25,322000.0
KH00155,2026-03-25,138000.0
KH01178,2026-03-25,188000.0
KH00801,2026-03-25,133000.0
KH01046,2026-03-25,218000.0
KH01507,2026-03-25,323000.0
KH01395,2026-03-25,356000.0
KH01881,2026-03-25,144000.0
KH00141,2026-03-25,244000.0
KH01120,2026-03-25,813000.0
KH00780,2026-03-25,217000.0
KH00235,2026-03-25,270000.0
KH01963,2026-03-25,102000.0
KH00967,2026-03-25,188000.0
KH02013,2026-03-25,94000.0
KH01363,2026-03-25,242000.0
KH01567,2026-03-25,244000.0
KH02175,2026-03-25,184000.0
KH01796,2026-03-25,49000.0
KH01853,2026-03-25,180000.0
KH02327,2026-03-25,182000.0
KH02356,2026-03-25,260000.0
KH00142,2026-03-25,67000.0
KH01114,2026-03-25,59000.0
KH01056,2026-03-25,146000.0
KH00377,2026-03-25,123000.0
KH01769,2026-03-25,70000.0
KH00273,2026-03-25,126000.0
KH02199,2026-03-25,160000.0
KH01575,2026-03-25,204000.0
KH00991,2026-03-25,325000.0
KH01025,2026-03-25,61000.0
KH01852,2026-03-25,598000.0
KH01098,2026-03-25,143000.0
KH02052,2026-03-25,176000.0
KH01848,2026-03-25,513000.0
KH00110,2026-03-25,66000.0
KH01335,2026-03-25,185000.0
KH00354,2026-03-25,182000.0
KH01861,2026-03-25,365000.0
KH00588,2026-03-25,201000.0
KH00364,2026-03-25,257000.0
KH00030,2026-03-25,246000.0
KH00114,2026-03-25,152000.0
KH00576,2026-03-25,82000.0
KH00632,2026-03-25,562000.0
KH00397,2026-03-25,251000.0
KH01842,2026-03-25,789000.0
KH02343,2026-03-25,147000.0
KH00820,2026-03-25,54000.0
KH01742,2026-03-25,208000.0
KH01880,2026-03-25,144000.0
KH00781,2026-03-25,109000.0
KH01742,2026-03-25,204000.0
KH00077,2026-03-25,260000.0
KH02292,2026-03-25,351000.0
KH00027,2026-03-25,338000.0
KH02397,2026-03-25,198000.0
KH01803,2026-03-25,412000.0
KH00337,2026-03-25,113000.0
KH01202,2026-03-25,1045000.0
KH01793,2026-03-25,1588000.0
KH01413,2026-03-25,80000.0
KH02125,2026-03-25,430000.0
KH00085,2026-03-25,417000.0
KH00923,2026-03-25,418000.0
KH02122,2026-03-25,1805000.0
KH01420,2026-03-25,493000.0
KH01559,2026-03-25,60000.0
KH00448,2026-03-25,53000.0
KH02031,2026-03-25,191000.0
KH01032,2026-03-25,246000.0
KH00198,2026-03-25,127000.0
KH01980,2026-03-25,857000.0
KH00273,2026-03-25,222000.0
KH01207,2026-03-25,81000.0
KH02389,2026-03-25,165000.0
KH02346,2026-03-25,571000.0
KH01798,2026-03-25,43000.0
KH00524,2026-03-25,154000.0
KH00410,2026-03-25,311000.0
KH02241,2026-03-25,107000.0
KH02441,2026-03-25,350000.0
KH01958,2026-03-25,141000.0
KH02129,2026-03-25,179000.0
KH00719,2026-03-25,239000.0
KH00282,2026-03-26,61000.0
KH01367,2026-03-26,99000.0
KH00275,2026-03-26,149000.0
KH01877,2026-03-26,521000.0
KH01041,2026-03-26,147000.0
KH01075,2026-03-26,423000.0
KH00382,2026-03-26,528000.0
KH01193,2026-03-26,182000.0
KH01234,2026-03-26,148000.0
KH00658,2026-03-26,201000.0
KH02401,2026-03-26,170000.0
KH00228,2026-03-26,211000.0
KH02259,2026-03-26,235000.0
KH02099,2026-03-26,188000.0
KH02420,2026-03-26,475000.0
KH01363,2026-03-26,71000.0
KH01278,2026-03-26,203000.0
KH00292,2026-03-26,304000.0
KH01195,2026-03-26,41000.0
KH02129,2026-03-26,247000.0
KH01485,2026-03-26,589000.0
KH00359,2026-03-26,209000.0
KH02052,2026-03-26,290000.0
KH02033,2026-03-26,194000.0
KH00546,2026-03-26,130000.0
KH01118,2026-03-26,165000.0
KH02303,2026-03-26,263000.0
KH01731,2026-03-26,139000.0
KH01021,2026-03-26,319000.0
KH01441,2026-03-26,62000.0
KH00747,2026-03-26,162000.0
KH01912,2026-03-26,2273000.0
KH01129,2026-03-26,58000.0
KH01881,2026-03-26,108000.0
KH01995,2026-03-26,271000.0
KH00564,2026-03-26,769000.0
KH00876,2026-03-26,35000.0
KH01820,2026-03-26,383000.0
KH00216,2026-03-26,661000.0
KH01934,2026-03-26,247000.0
KH00728,2026-03-26,200000.0
KH00902,2026-03-26,368000.0
KH00151,2026-03-26,25000.0
KH01913,2026-03-26,131000.0
KH00396,2026-03-26,380000.0
KH01701,2026-03-26,370000.0
KH00162,2026-03-26,525000.0
KH00522,2026-03-26,152000.0
KH00636,2026-03-26,243000.0
KH00002,2026-03-26,166000.0
KH02104,2026-03-26,165000.0
KH01625,2026-03-26,521000.0
KH00455,2026-03-26,34000.0
KH01761,2026-03-26,242000.0
KH01647,2026-03-26,100000.0
KH01777,2026-03-26,436000.0
KH00043,2026-03-26,235000.0
KH01899,2026-03-26,942000.0
KH00665,2026-03-26,89000.0
KH00397,2026-03-26,167000.0
KH00599,2026-03-26,233000.0
KH01367,2026-03-26,344000.0
KH02388,2026-03-26,98000.0
KH00584,2026-03-26,269000.0
KH00352,2026-03-26,444000.0
KH00300,2026-03-26,93000.0
KH01228,2026-03-26,197000.0
KH02313,2026-03-26,395000.0
KH01759,2026-03-26,447000.0
KH01015,2026-03-26,371000.0
KH00324,2026-03-26,457000.0
KH00786,2026-03-26,118000.0
KH02439,2026-03-26,343000.0
KH01888,2026-03-26,122000.0
KH01930,2026-03-26,716000.0
KH01684,2026-03-26,113000.0
KH00466,2026-03-26,171000.0
KH00216,2026-03-26,310000.0
KH01207,2026-03-26,291000.0
KH01594,2026-03-26,880000.0
KH00060,2026-03-26,331000.0
KH00461,2026-03-26,506000.0
KH02076,2026-03-26,153000.0
KH01620,2026-03-27,205000.0
KH02125,2026-03-27,538000.0
KH02372,2026-03-27,1168000.0
KH00576,2026-03-27,185000.0
KH01603,2026-03-27,244000.0
KH01536,2026-03-27,89000.0
KH01920,2026-03-27,712000.0
KH00872,2026-03-27,240000.0
KH02097,2026-03-27,222000.0
KH00014,2026-03-27,164000.0
KH00236,2026-03-27,83000.0
KH01468,2026-03-27,74000.0
KH00850,2026-03-27,157000.0
KH01819,2026-03-27,416000.0
KH01135,2026-03-27,98000.0
KH00054,2026-03-27,210000.0
KH01550,2026-03-27,110000.0
KH02298,2026-03-27,737000.0
KH00873,2026-03-27,597000.0
KH01114,2026-03-27,261000.0
KH01304,2026-03-27,236000.0
KH01120,2026-03-27,145000.0
KH01840,2026-03-27,164000.0
KH01563,2026-03-27,336000.0
KH00348,2026-03-27,221000.0
KH01075,2026-03-27,98000.0
KH00420,2026-03-27,155000.0
KH00184,2026-03-27,151000.0
KH00170,2026-03-27,33000.0
KH01778,2026-03-27,71000.0
KH00487,2026-03-27,300000.0
KH00360,2026-03-27,281000.0
KH00335,2026-03-27,84000.0
KH00633,2026-03-27,674000.0
KH02403,2026-03-27,387000.0
KH00421,2026-03-27,24000.0
KH00086,2026-03-27,375000.0
KH00315,2026-03-27,284000.0
KH01520,2026-03-27,368000.0
KH01195,2026-03-27,145000.0
KH01472,2026-03-27,147000.0
KH01114,2026-03-27,223000.0
KH00032,2026-03-27,868000.0
KH00357,2026-03-27,160000.0
KH02499,2026-03-27,234000.0
KH00575,2026-03-27,445000.0
KH02491,2026-03-27,278000.0
KH01598,2026-03-27,205000.0
KH01341,2026-03-27,410000.0
KH00149,2026-03-27,82000.0
KH01190,2026-03-27,382000.0
KH01727,2026-03-27,225000.0
KH01684,2026-03-27,281000.0
KH01560,2026-03-27,344000.0
KH00216,2026-03-27,109000.0
KH01172,2026-03-27,392000.0
KH01230,2026-03-27,229000.0
KH02454,2026-03-27,131000.0
KH01750,2026-03-27,568000.0
KH00262,2026-03-27,204000.0
KH00233,2026-03-27,104000.0
KH01335,2026-03-27,173000.0
KH00286,2026-03-27,350000.0
KH00455,2026-03-27,278000.0
KH01862,2026-03-27,118000.0
KH01245,2026-03-27,375000.0
KH00226,2026-03-27,304000.0
KH00272,2026-03-27,169000.0
KH01395,2026-03-27,491000.0
KH01149,2026-03-27,142000.0
KH02237,2026-03-27,182000.0
KH01600,2026-03-27,63000.0
KH01261,2026-03-27,334000.0
KH02435,2026-03-27,125000.0
KH00272,2026-03-27,123000.0
KH00579,2026-03-27,193000.0
KH01900,2026-03-27,248000.0
KH00114,2026-03-27,235000.0
KH01169,2026-03-27,193000.0
KH01801,2026-03-27,1766000.0
KH00886,2026-03-27,297000.0
KH01503,2026-03-27,171000.0
KH00510,2026-03-27,178000.0
KH00112,2026-03-27,484000.0
KH00821,2026-03-27,461000.0
KH00382,2026-03-27,155000.0
KH00677,2026-03-28,261000.0
KH00218,2026-03-28,103000.0
KH01855,2026-03-28,145000.0
KH01218,2026-03-28,364000.0
KH01773,2026-03-28,303000.0
KH01918,2026-03-28,294000.0
KH00183,2026-03-28,116000.0
KH00553,2026-03-28,119000.0
KH00813,2026-03-28,934000.0
KH02264,2026-03-28,110000.0
KH02354,2026-03-28,268000.0
KH01202,2026-03-28,289000.0
KH01758,2026-03-28,862000.0
KH00828,2026-03-28,25000.0
KH00198,2026-03-28,138000.0
KH00127,2026-03-28,475000.0
KH01818,2026-03-28,207000.0
KH02071,2026-03-28,282000.0
KH01373,2026-03-28,578000.0
KH01804,2026-03-28,725000.0
KH01090,2026-03-28,242000.0
KH01229,2026-03-28,22000.0
KH00857,2026-03-28,323000.0
KH01601,2026-03-28,174000.0
KH01308,2026-03-28,135000.0
KH00075,2026-03-28,101000.0
KH00697,2026-03-28,171000.0
KH00439,2026-03-28,64000.0
KH01866,2026-03-28,410000.0
KH01318,2026-03-28,296000.0
KH01349,2026-03-28,95000.0
KH00576,2026-03-28,105000.0
KH02189,2026-03-28,111000.0
KH00014,2026-03-28,414000.0
KH01120,2026-03-28,171000.0
KH00111,2026-03-28,182000.0
KH00222,2026-03-28,236000.0
KH00663,2026-03-28,284000.0
KH01401,2026-03-28,264000.0
KH01768,2026-03-28,644000.0
KH02358,2026-03-28,584000.0
KH02249,2026-03-28,202000.0
KH01039,2026-03-28,273000.0
KH00057,2026-03-28,122000.0
KH02152,2026-03-28,85000.0
KH01090,2026-03-28,826000.0
KH00543,2026-03-28,204000.0
KH00675,2026-03-28,251000.0
KH01907,2026-03-28,116000.0
KH00431,2026-03-28,107000.0
KH01764,2026-03-28,44000.0
KH01120,2026-03-28,84000.0
KH02061,2026-03-28,190000.0
KH01819,2026-03-28,848000.0
KH02372,2026-03-28,83000.0
KH00148,2026-03-28,1103000.0
KH00454,2026-03-28,93000.0
KH00580,2026-03-28,130000.0
KH01118,2026-03-28,239000.0
KH00204,2026-03-28,127000.0
KH00236,2026-03-28,753000.0
KH00348,2026-03-28,116000.0
KH00427,2026-03-28,401000.0
KH01577,2026-03-28,216000.0
KH01851,2026-03-28,722000.0
KH00542,2026-03-28,159000.0
KH01653,2026-03-28,102000.0
KH01798,2026-03-28,238000.0
KH00487,2026-03-28,85000.0
KH00933,2026-03-28,1131000.0
KH01114,2026-03-28,321000.0
KH01681,2026-03-28,59000.0
KH00653,2026-03-28,92000.0
KH02447,2026-03-28,130000.0
KH00645,2026-03-28,361000.0
KH02280,2026-03-28,361000.0
KH00044,2026-03-29,230000.0
KH01700,2026-03-29,48000.0
KH00416,2026-03-29,154000.0
KH01242,2026-03-29,179000.0
KH00743,2026-03-29,196000.0
KH00348,2026-03-29,79000.0
KH00130,2026-03-29,984000.0
KH02304,2026-03-29,123000.0
KH01177,2026-03-29,397000.0
KH01122,2026-03-29,133000.0
KH01988,2026-03-29,624000.0
KH01760,2026-03-29,187000.0
KH01045,2026-03-29,171000.0
KH02428,2026-03-29,136000.0
KH00237,2026-03-29,151000.0
KH02155,2026-03-29,228000.0
KH02119,2026-03-29,657000.0
KH01905,2026-03-29,75000.0
KH02266,2026-03-29,109000.0
KH01211,2026-03-29,354000.0
KH02410,2026-03-29,422000.0
KH00413,2026-03-29,449000.0
KH00464,2026-03-29,147000.0
KH00199,2026-03-29,129000.0
KH02293,2026-03-29,88000.0
KH01346,2026-03-29,42000.0
KH01838,2026-03-29,211000.0
KH01432,2026-03-29,249000.0
KH01595,2026-03-29,460000.0
KH01423,2026-03-29,160000.0
KH01412,2026-03-29,354000.0
KH00766,2026-03-29,249000.0
KH02454,2026-03-29,200000.0
KH00135,2026-03-29,878000.0
KH02134,2026-03-29,234000.0
KH01470,2026-03-29,228000.0
KH02356,2026-03-29,169000.0
KH00315,2026-03-29,592000.0
KH01409,2026-03-29,58000.0
KH01722,2026-03-29,99000.0
KH00301,2026-03-29,183000.0
KH02391,2026-03-29,43000.0
KH01579,2026-03-29,124000.0
KH02164,2026-03-29,229000.0
KH01898,2026-03-29,86000.0
KH01441,2026-03-29,199000.0
KH00002,2026-03-29,63000.0
KH00377,2026-03-29,397000.0
KH00555,2026-03-29,101000.0
KH00599,2026-03-29,76000.0
KH00991,2026-03-29,268000.0
KH00179,2026-03-29,644000.0
KH01705,2026-03-29,259000.0
KH00284,2026-03-29,143000.0
KH01231,2026-03-29,381000.0
KH00408,2026-03-29,101000.0
KH00233,2026-03-29,107000.0
KH00931,2026-03-29,219000.0
KH00989,2026-03-29,268000.0
KH01148,2026-03-29,443000.0
KH00196,2026-03-29,159000.0
KH01891,2026-03-29,256000.0
KH00440,2026-03-29,91000.0
KH01002,2026-03-29,95000.0
KH01891,2026-03-29,401000.0
KH01203,2026-03-29,57000.0
KH00787,2026-03-29,220000.0
KH00989,2026-03-29,297000.0
KH00507,2026-03-29,747000.0
KH01118,2026-03-29,478000.0
KH01210,2026-03-29,548000.0
KH00611,2026-03-29,82000.0
KH00799,2026-03-29,284000.0
KH01773,2026-03-29,332000.0
KH02270,2026-03-29,370000.0
KH00943,2026-03-29,266000.0
KH02280,2026-03-29,244000.0
KH02057,2026-03-29,265000.0
KH01321,2026-03-29,806000.0
KH02252,2026-03-29,150000.0
KH00642,2026-03-29,246000.0
KH02362,2026-03-29,843000.0
KH01335,2026-03-29,316000.0
KH00500,2026-03-29,76000.0
KH01550,2026-03-29,85000.0
KH01561,2026-03-29,28000.0
KH00511,2026-03-29,156000.0
KH01533,2026-03-29,125000.0
KH00464,2026-03-29,172000.0
KH01012,2026-03-29,56000.0
KH01053,2026-03-29,465000.0
KH00723,2026-03-29,118000.0
KH00848,2026-03-29,135000.0
KH01265,2026-03-30,189000.0
KH02264,2026-03-30,107000.0
KH01090,2026-03-30,248000.0
KH02465,2026-03-30,53000.0
KH01877,2026-03-30,181000.0
KH01028,2026-03-30,278000.0
KH02101,2026-03-30,586000.0
KH01782,2026-03-30,445000.0
KH01402,2026-03-30,164000.0
KH00688,2026-03-30,919000.0
KH01456,2026-03-30,114000.0
KH00020,2026-03-30,90000.0
KH01933,2026-03-30,102000.0
KH01074,2026-03-30,218000.0
KH01321,2026-03-30,75000.0
KH01180,2026-03-30,117000.0
KH00026,2026-03-30,225000.0
KH01942,2026-03-30,131000.0
KH02291,2026-03-30,600000.0
KH00725,2026-03-30,246000.0
KH00923,2026-03-30,257000.0
KH00359,2026-03-30,175000.0
KH01330,2026-03-30,121000.0
KH01123,2026-03-30,45000.0
KH00703,2026-03-30,510000.0
KH00535,2026-03-30,287000.0
KH01495,2026-03-30,166000.0
KH02061,2026-03-30,116000.0
KH02194,2026-03-30,97000.0
KH00004,2026-03-30,1686000.0
KH00367,2026-03-30,54000.0
KH01989,2026-03-30,45000.0
KH02106,2026-03-30,143000.0
KH00463,2026-03-30,273000.0
KH00217,2026-03-30,166000.0
KH00640,2026-03-30,190000.0
KH01810,2026-03-30,712000.0
KH02075,2026-03-30,1708000.0
KH00876,2026-03-30,54000.0
KH01125,2026-03-30,411000.0
KH00480,2026-03-30,89000.0
KH00823,2026-03-30,104000.0
KH00059,2026-03-30,50000.0
KH01715,2026-03-30,353000.0
KH01833,2026-03-30,118000.0
KH01220,2026-03-30,92000.0
KH02078,2026-03-30,586000.0
KH01747,2026-03-30,169000.0
KH00615,2026-03-30,80000.0
KH01206,2026-03-30,76000.0
KH01049,2026-03-30,135000.0
KH00064,2026-03-30,353000.0
KH01935,2026-03-30,220000.0
KH01677,2026-03-30,345000.0
KH00170,2026-03-30,493000.0
KH01065,2026-03-30,310000.0
KH00755,2026-03-30,201000.0
KH00228,2026-03-30,776000.0
KH01700,2026-03-30,321000.0
KH00226,2026-03-30,208000.0
KH00954,2026-03-30,121000.0
KH02402,2026-03-30,27000.0
KH00983,2026-03-30,67000.0
KH01349,2026-03-30,877000.0
KH00769,2026-03-30,111000.0
KH00151,2026-03-30,366000.0
KH00837,2026-03-30,205000.0
KH01526,2026-03-30,110000.0
KH00300,2026-03-30,270000.0
KH02314,2026-03-30,174000.0
KH02465,2026-03-30,126000.0
KH01206,2026-03-30,209000.0
KH00499,2026-03-30,192000.0
KH01707,2026-03-30,39000.0
KH02408,2026-03-30,53000.0
KH01851,2026-03-30,262000.0
KH02033,2026-03-30,137000.0
KH00932,2026-03-30,438000.0
KH00149,2026-03-31,238000.0
KH01536,2026-03-31,63000.0
KH02082,2026-03-31,202000.0
KH00793,2026-03-31,270000.0
KH01700,2026-03-31,933000.0
KH02178,2026-03-31,436000.0
KH00691,2026-03-31,162000.0
KH01463,2026-03-31,86000.0
KH00313,2026-03-31,214000.0
KH00131,2026-03-31,1027000.0
KH00650,2026-03-31,249000.0
KH01383,2026-03-31,267000.0
KH01445,2026-03-31,424000.0
KH01984,2026-03-31,201000.0
KH00090,2026-03-31,121000.0
KH00584,2026-03-31,461000.0
KH00554,2026-03-31,217000.0
KH00977,2026-03-31,136000.0
KH00116,2026-03-31,864000.0
KH00354,2026-03-31,266000.0
KH01192,2026-03-31,189000.0
KH00637,2026-03-31,193000.0
KH00372,2026-03-31,325000.0
KH02287,2026-03-31,617000.0
KH00016,2026-03-31,240000.0
KH00101,2026-03-31,24000.0
KH02094,2026-03-31,497000.0
KH01004,2026-03-31,358000.0
KH01295,2026-03-31,391000.0
KH00378,2026-03-31,371000.0
KH00333,2026-03-31,256000.0
KH00397,2026-03-31,277000.0
KH01620,2026-03-31,318000.0
KH00960,2026-03-31,509000.0
KH00785,2026-03-31,433000.0
KH01562,2026-03-31,144000.0
KH01420,2026-03-31,2517000.0
KH00786,2026-03-31,213000.0
KH02114,2026-03-31,545000.0
KH00500,2026-03-31,326000.0
KH00462,2026-03-31,222000.0
KH01374,2026-03-31,90000.0
KH01267,2026-03-31,249000.0
KH00492,2026-03-31,487000.0
KH00873,2026-03-31,184000.0
KH01595,2026-03-31,233000.0
KH02223,2026-03-31,885000.0
KH00058,2026-03-31,98000.0
KH02452,2026-03-31,54000.0
KH01942,2026-03-31,183000.0
KH01261,2026-03-31,497000.0
KH01787,2026-03-31,201000.0
KH00110,2026-03-31,120000.0
KH01863,2026-03-31,139000.0
KH02069,2026-03-31,396000.0
KH02344,2026-03-31,1895000.0
KH00673,2026-03-31,199000.0
KH01750,2026-03-31,115000.0
KH02240,2026-03-31,197000.0
KH01402,2026-03-31,233000.0
KH01964,2026-03-31,1212000.0
KH01138,2026-03-31,66000.0
KH01543,2026-03-31,89000.0
KH00043,2026-03-31,297000.0
KH02490,2026-03-31,338000.0
KH01335,2026-03-31,91000.0
KH00004,2026-03-31,508000.0
KH01707,2026-03-31,498000.0
KH01317,2026-03-31,121000.0
KH01641,2026-03-31,201000.0
KH01081,2026-03-31,54000.0
KH00880,2026-03-31,98000.0
KH02183,2026-03-31,131000.0
KH01312,2026-03-31,477000.0
KH00457,2026-03-31,106000.0
KH01663,2026-03-31,197000.0
KH00535,2026-03-31,195000.0
KH02490,2026-03-31,325000.0
KH01281,2026-03-31,409000.0
KH01621,2026-03-31,124000.0
KH01717,2026-03-31,414000.0
KH00007,2026-03-31,500000.0
KH00239,2026-03-31,104000.0
KH01976,2026-03-31,222000.0
KH02336,2026-03-31,179000.0
KH02023,2026-03-31,160000.0
KH00420,2026-03-31,508000.0
KH01125,2026-03-31,584000.0
KH00260,2026-04-01,38000.0
KH01032,2026-04-01,314000.0
KH02023,2026-04-01,638000.0
KH01026,2026-04-01,470000.0
KH01016,2026-04-01,303000.0
KH00912,2026-04-01,144000.0
KH02141,2026-04-01,138000.0
KH00184,2026-04-01,323000.0
KH00505,2026-04-01,221000.0
KH01073,2026-04-01,194000.0
KH01987,2026-04-01,89000.0
KH01431,2026-04-01,788000.0
KH02256,2026-04-01,109000.0
KH01261,2026-04-01,144000.0
KH01931,2026-04-01,286000.0
KH00350,2026-04-01,62000.0
KH00987,2026-04-01,38000.0
KH01505,2026-04-01,100000.0
KH00188,2026-04-01,157000.0
KH00913,2026-04-01,152000.0
KH01165,2026-04-01,456000.0
KH02061,2026-04-01,323000.0
KH02189,2026-04-01,246000.0
KH01590,2026-04-01,584000.0
KH00554,2026-04-01,770000.0
KH02433,2026-04-01,170000.0
KH01263,2026-04-01,290000.0
KH00300,2026-04-01,323000.0
KH00837,2026-04-01,206000.0
KH01014,2026-04-01,234000.0
KH02041,2026-04-01,144000.0
KH00440,2026-04-01,82000.0
KH02062,2026-04-01,82000.0
KH00756,2026-04-01,97000.0
KH01773,2026-04-01,265000.0
KH02166,2026-04-01,482000.0
KH01042,2026-04-01,122000.0
KH01779,2026-04-01,203000.0
KH01431,2026-04-01,857000.0
KH00723,2026-04-01,161000.0
KH00900,2026-04-01,242000.0
KH01603,2026-04-01,210000.0
KH01968,2026-04-01,423000.0
KH01536,2026-04-01,204000.0
KH01892,2026-04-01,161000.0
KH00554,2026-04-01,149000.0
KH01496,2026-04-01,301000.0
KH00010,2026-04-01,221000.0
KH01692,2026-04-01,42000.0
KH01771,2026-04-01,527000.0
KH01625,2026-04-01,130000.0
KH00401,2026-04-01,402000.0
KH01930,2026-04-01,143000.0
KH02105,2026-04-01,656000.0
KH00864,2026-04-01,410000.0
KH00115,2026-04-01,98000.0
KH01779,2026-04-01,349000.0
KH00750,2026-04-01,52000.0
KH02193,2026-04-01,22000.0
KH00200,2026-04-01,324000.0
KH00106,2026-04-01,85000.0
KH01369,2026-04-01,363000.0
KH01827,2026-04-01,372000.0
KH02303,2026-04-01,65000.0
KH01776,2026-04-01,357000.0
KH02167,2026-04-01,124000.0
KH02432,2026-04-02,172000.0
KH01769,2026-04-02,444000.0
KH01851,2026-04-02,409000.0
KH00764,2026-04-02,132000.0
KH01218,2026-04-02,204000.0
KH02474,2026-04-02,108000.0
KH02332,2026-04-02,78000.0
KH02491,2026-04-02,565000.0
KH00160,2026-04-02,23000.0
KH00642,2026-04-02,593000.0
KH00224,2026-04-02,137000.0
KH02191,2026-04-02,231000.0
KH01190,2026-04-02,186000.0
KH00102,2026-04-02,273000.0
KH01806,2026-04-02,56000.0
KH02011,2026-04-02,542000.0
KH01495,2026-04-02,300000.0
KH00248,2026-04-02,285000.0
KH01334,2026-04-02,281000.0
KH01018,2026-04-02,341000.0
KH00009,2026-04-02,89000.0
KH02406,2026-04-02,370000.0
KH01433,2026-04-02,55000.0
KH00935,2026-04-02,193000.0
KH00712,2026-04-02,150000.0
KH01479,2026-04-02,210000.0
KH01336,2026-04-02,93000.0
KH00460,2026-04-02,178000.0
KH00703,2026-04-02,108000.0
KH01633,2026-04-02,278000.0
KH00491,2026-04-02,246000.0
KH01958,2026-04-02,143000.0
KH02372,2026-04-02,113000.0
KH02311,2026-04-02,176000.0
KH01760,2026-04-02,222000.0
KH01037,2026-04-02,46000.0
KH00219,2026-04-02,176000.0
KH00886,2026-04-02,271000.0
KH00602,2026-04-02,322000.0
KH01302,2026-04-02,1152000.0
KH00997,2026-04-02,57000.0
KH01238,2026-04-02,119000.0
KH01391,2026-04-02,150000.0
KH01529,2026-04-02,116000.0
KH02155,2026-04-02,552000.0
KH01430,2026-04-02,173000.0
KH00164,2026-04-02,278000.0
KH00360,2026-04-02,204000.0
KH01394,2026-04-02,374000.0
KH00868,2026-04-02,807000.0
KH01349,2026-04-02,295000.0
KH00067,2026-04-02,136000.0
KH02362,2026-04-02,329000.0
KH00499,2026-04-02,108000.0
KH00188,2026-04-02,212000.0
KH01896,2026-04-02,79000.0
KH01193,2026-04-02,81000.0
KH02458,2026-04-02,152000.0
KH01520,2026-04-02,345000.0
KH00860,2026-04-02,327000.0
KH01326,2026-04-02,99000.0
KH00359,2026-04-02,112000.0
KH02307,2026-04-02,624000.0
KH02276,2026-04-02,278000.0
KH01725,2026-04-02,472000.0
KH01335,2026-04-02,79000.0
KH02068,2026-04-02,132000.0
KH00681,2026-04-02,229000.0
KH01260,2026-04-02,771000.0
KH01338,2026-04-02,250000.0
KH00130,2026-04-02,305000.0
KH00875,2026-04-02,603000.0
KH01056,2026-04-02,78000.0
KH00929,2026-04-02,68000.0
KH01338,2026-04-02,140000.0
KH01239,2026-04-02,423000.0
KH01747,2026-04-02,233000.0
KH01009,2026-04-02,332000.0
KH02228,2026-04-02,46000.0
KH02301,2026-04-02,109000.0
KH01857,2026-04-02,82000.0
KH01038,2026-04-02,139000.0
KH01071,2026-04-02,272000.0
KH01087,2026-04-02,49000.0
KH01241,2026-04-02,273000.0
KH01624,2026-04-02,178000.0
KH01135,2026-04-02,155000.0
KH00949,2026-04-02,130000.0
KH02282,2026-04-02,64000.0
KH00712,2026-04-02,673000.0
KH01402,2026-04-02,578000.0
KH01815,2026-04-02,119000.0
KH01243,2026-04-02,265000.0
KH01073,2026-04-02,59000.0
KH02061,2026-04-03,363000.0
KH02050,2026-04-03,515000.0
KH00986,2026-04-03,374000.0
KH01418,2026-04-03,227000.0
KH01582,2026-04-03,394000.0
KH02067,2026-04-03,95000.0
KH00432,2026-04-03,672000.0
KH00592,2026-04-03,122000.0
KH00902,2026-04-03,224000.0
KH00102,2026-04-03,41000.0
KH00311,2026-04-03,1272000.0
KH00460,2026-04-03,38000.0
KH00910,2026-04-03,713000.0
KH02167,2026-04-03,168000.0
KH02112,2026-04-03,67000.0
KH02213,2026-04-03,211000.0
KH01367,2026-04-03,206000.0
KH01950,2026-04-03,582000.0
KH00782,2026-04-03,147000.0
KH01608,2026-04-03,59000.0
KH00291,2026-04-03,593000.0
KH01655,2026-04-03,266000.0
KH02311,2026-04-03,97000.0
KH02270,2026-04-03,379000.0
KH02420,2026-04-03,272000.0
KH02249,2026-04-03,171000.0
KH00170,2026-04-03,344000.0
KH01548,2026-04-03,39000.0
KH01407,2026-04-03,92000.0
KH00001,2026-04-03,264000.0
KH01359,2026-04-03,503000.0
KH00228,2026-04-03,710000.0
KH00290,2026-04-03,65000.0
KH00455,2026-04-03,87000.0
KH01962,2026-04-03,69000.0
KH01477,2026-04-03,185000.0
KH00694,2026-04-03,336000.0
KH01729,2026-04-03,454000.0
KH00218,2026-04-03,458000.0
KH00644,2026-04-03,242000.0
KH00473,2026-04-03,208000.0
KH01516,2026-04-03,242000.0
KH00398,2026-04-03,1142000.0
KH02186,2026-04-03,52000.0
KH02152,2026-04-03,189000.0
KH01500,2026-04-03,149000.0
KH00954,2026-04-03,671000.0
KH01990,2026-04-03,123000.0
KH00207,2026-04-03,241000.0
KH00762,2026-04-03,262000.0
KH00075,2026-04-03,741000.0
KH02090,2026-04-03,665000.0
KH02398,2026-04-03,93000.0
KH00724,2026-04-03,91000.0
KH01600,2026-04-03,329000.0
KH00527,2026-04-03,202000.0
KH01502,2026-04-03,384000.0
KH00193,2026-04-03,186000.0
KH02044,2026-04-03,205000.0
KH00014,2026-04-03,132000.0
KH00002,2026-04-03,177000.0
KH00454,2026-04-03,658000.0
KH00379,2026-04-03,321000.0
KH00413,2026-04-03,210000.0
KH02220,2026-04-03,299000.0
KH02037,2026-04-03,155000.0
KH01602,2026-04-03,119000.0
KH00324,2026-04-03,78000.0
KH00308,2026-04-03,20000.0
KH02061,2026-04-03,219000.0
KH00102,2026-04-03,193000.0
KH00087,2026-04-03,548000.0
KH01322,2026-04-03,648000.0
KH01142,2026-04-03,143000.0
KH00744,2026-04-03,130000.0
KH00128,2026-04-03,194000.0
KH00102,2026-04-03,217000.0
KH00414,2026-04-03,79000.0
KH00572,2026-04-03,685000.0
KH00881,2026-04-03,98000.0
KH02003,2026-04-03,98000.0
KH00213,2026-04-04,162000.0
KH01181,2026-04-04,89000.0
KH02302,2026-04-04,677000.0
KH01936,2026-04-04,157000.0
KH00646,2026-04-04,144000.0
KH00582,2026-04-04,208000.0
KH00996,2026-04-04,242000.0
KH01612,2026-04-04,82000.0
KH02085,2026-04-04,242000.0
KH02134,2026-04-04,90000.0
KH01833,2026-04-04,453000.0
KH01888,2026-04-04,296000.0
KH01643,2026-04-04,208000.0
KH00577,2026-04-04,264000.0
KH01820,2026-04-04,160000.0
KH01893,2026-04-04,149000.0
KH00036,2026-04-04,185000.0
KH01441,2026-04-04,27000.0
KH00046,2026-04-04,40000.0
KH00268,2026-04-04,151000.0
KH01148,2026-04-04,337000.0
KH00849,2026-04-04,137000.0
KH01362,2026-04-04,204000.0
KH00738,2026-04-04,173000.0
KH02383,2026-04-04,153000.0
KH01334,2026-04-04,162000.0
KH00868,2026-04-04,128000.0
KH01504,2026-04-04,217000.0
KH02027,2026-04-04,198000.0
KH00115,2026-04-04,82000.0
KH01081,2026-04-04,116000.0
KH01229,2026-04-04,460000.0
KH01789,2026-04-04,104000.0
KH01359,2026-04-04,197000.0
KH00849,2026-04-04,396000.0
KH01231,2026-04-04,162000.0
KH02015,2026-04-04,61000.0
KH01337,2026-04-04,122000.0
KH00471,2026-04-04,118000.0
KH01450,2026-04-04,149000.0
KH00774,2026-04-04,856000.0
KH02125,2026-04-04,214000.0
KH00235,2026-04-04,150000.0
KH01853,2026-04-04,248000.0
KH00084,2026-04-04,292000.0
KH00260,2026-04-04,807000.0
KH01128,2026-04-04,653000.0
KH00260,2026-04-04,246000.0
KH00234,2026-04-04,44000.0
KH01402,2026-04-04,329000.0
KH00491,2026-04-04,561000.0
KH01273,2026-04-04,658000.0
KH00609,2026-04-04,208000.0
KH00328,2026-04-04,313000.0
KH00014,2026-04-04,256000.0
KH01225,2026-04-04,132000.0
KH01565,2026-04-04,228000.0
KH00313,2026-04-04,1144000.0
KH00204,2026-04-04,227000.0
KH00132,2026-04-04,825000.0
KH00934,2026-04-04,222000.0
KH01448,2026-04-04,201000.0
KH01300,2026-04-04,185000.0
KH01607,2026-04-04,140000.0
KH00287,2026-04-04,116000.0
KH01927,2026-04-04,267000.0
KH00545,2026-04-04,607000.0
KH00426,2026-04-04,289000.0
KH00229,2026-04-04,181000.0
KH01954,2026-04-04,1254000.0
KH02186,2026-04-04,576000.0
KH00804,2026-04-04,85000.0
KH01388,2026-04-04,179000.0
KH02284,2026-04-04,1276000.0
KH02454,2026-04-04,254000.0
KH00961,2026-04-04,52000.0
KH00835,2026-04-04,93000.0
KH01920,2026-04-04,79000.0
KH00209,2026-04-04,234000.0
KH00328,2026-04-04,358000.0
KH00388,2026-04-04,322000.0
KH00191,2026-04-05,66000.0
KH00743,2026-04-05,151000.0
KH00999,2026-04-05,264000.0
KH00697,2026-04-05,280000.0
KH02105,2026-04-05,38000.0
KH00642,2026-04-05,620000.0
KH00865,2026-04-05,123000.0
KH00801,2026-04-05,109000.0
KH00920,2026-04-05,197000.0
KH00065,2026-04-05,32000.0
KH00922,2026-04-05,102000.0
KH01452,2026-04-05,338000.0
KH00878,2026-04-05,111000.0
KH01960,2026-04-05,499000.0
KH00772,2026-04-05,344000.0
KH01146,2026-04-05,135000.0
KH00199,2026-04-05,802000.0
KH02148,2026-04-05,225000.0
KH02062,2026-04-05,305000.0
KH00462,2026-04-05,237000.0
KH02259,2026-04-05,89000.0
KH00924,2026-04-05,141000.0
KH00853,2026-04-05,240000.0
KH00448,2026-04-05,445000.0
KH01091,2026-04-05,355000.0
KH00227,2026-04-05,224000.0
KH02344,2026-04-05,92000.0
KH01736,2026-04-05,623000.0
KH01575,2026-04-05,456000.0
KH02040,2026-04-05,138000.0
KH02402,2026-04-05,162000.0
KH01202,2026-04-05,310000.0
KH01789,2026-04-05,795000.0
KH00731,2026-04-05,89000.0
KH02467,2026-04-05,95000.0
KH00826,2026-04-05,50000.0
KH00799,2026-04-05,127000.0
KH00004,2026-04-05,303000.0
KH00671,2026-04-05,170000.0
KH00689,2026-04-05,1190000.0
KH01262,2026-04-05,265000.0
KH00821,2026-04-05,125000.0
KH01248,2026-04-05,614000.0
KH00574,2026-04-05,136000.0
KH01351,2026-04-05,500000.0
KH01898,2026-04-05,284000.0
KH01270,2026-04-05,83000.0
KH01948,2026-04-05,322000.0
KH00187,2026-04-05,304000.0
KH01888,2026-04-05,232000.0
KH02019,2026-04-05,364000.0
KH01070,2026-04-05,178000.0
KH02134,2026-04-05,62000.0
KH00998,2026-04-05,164000.0
KH00886,2026-04-05,135000.0
KH00397,2026-04-05,173000.0
KH02377,2026-04-05,120000.0
KH00902,2026-04-05,146000.0
KH00328,2026-04-05,795000.0
KH00542,2026-04-05,78000.0
KH02266,2026-04-05,575000.0
KH01475,2026-04-05,287000.0
KH00371,2026-04-05,253000.0
KH01975,2026-04-05,445000.0
KH00028,2026-04-05,133000.0
KH01968,2026-04-05,236000.0
KH01211,2026-04-05,570000.0
KH00454,2026-04-05,96000.0
KH01146,2026-04-05,203000.0
KH00213,2026-04-05,439000.0
KH00793,2026-04-05,171000.0
KH00776,2026-04-05,217000.0
KH00211,2026-04-05,275000.0
KH00218,2026-04-05,362000.0
KH01764,2026-04-05,289000.0
KH00837,2026-04-05,413000.0
KH00064,2026-04-06,530000.0
KH00388,2026-04-06,93000.0
KH00099,2026-04-06,583000.0
KH01549,2026-04-06,228000.0
KH00976,2026-04-06,62000.0
KH01888,2026-04-06,101000.0
KH01437,2026-04-06,214000.0
KH01290,2026-04-06,57000.0
KH01968,2026-04-06,286000.0
KH02134,2026-04-06,229000.0
KH01727,2026-04-06,110000.0
KH02284,2026-04-06,154000.0
KH01744,2026-04-06,242000.0
KH00859,2026-04-06,145000.0
KH01437,2026-04-06,56000.0
KH00473,2026-04-06,67000.0
KH01625,2026-04-06,284000.0
KH00890,2026-04-06,104000.0
KH02436,2026-04-06,644000.0
KH00745,2026-04-06,169000.0
KH02261,2026-04-06,156000.0
KH00140,2026-04-06,338000.0
KH01175,2026-04-06,200000.0
KH01492,2026-04-06,156000.0
KH02476,2026-04-06,281000.0
KH01333,2026-04-06,168000.0
KH02062,2026-04-06,113000.0
KH01458,2026-04-06,385000.0
KH00850,2026-04-06,382000.0
KH02391,2026-04-06,317000.0
KH00867,2026-04-06,195000.0
KH01239,2026-04-06,292000.0
KH01213,2026-04-06,470000.0
KH00232,2026-04-06,30000.0
KH00065,2026-04-06,28000.0
KH02128,2026-04-06,166000.0
KH00680,2026-04-06,154000.0
KH01173,2026-04-06,214000.0
KH02380,2026-04-06,267000.0
KH00886,2026-04-06,375000.0
KH00516,2026-04-06,134000.0
KH00877,2026-04-06,100000.0
KH02379,2026-04-06,329000.0
KH01135,2026-04-06,300000.0
KH02269,2026-04-06,367000.0
KH01787,2026-04-06,91000.0
KH01142,2026-04-06,178000.0
KH00934,2026-04-06,273000.0
KH01473,2026-04-06,162000.0
KH00712,2026-04-06,85000.0
KH01840,2026-04-06,300000.0
KH01118,2026-04-06,598000.0
KH00636,2026-04-06,98000.0
KH01579,2026-04-06,32000.0
KH01930,2026-04-06,195000.0
KH00800,2026-04-06,467000.0
KH01912,2026-04-06,115000.0
KH01691,2026-04-06,240000.0
KH02423,2026-04-06,441000.0
KH02023,2026-04-06,401000.0
KH01628,2026-04-06,73000.0
KH01551,2026-04-06,181000.0
KH02310,2026-04-06,284000.0
KH01202,2026-04-06,121000.0
KH00487,2026-04-06,131000.0
KH00064,2026-04-06,142000.0
KH01764,2026-04-06,117000.0
KH01936,2026-04-06,192000.0
KH01892,2026-04-06,60000.0
KH01641,2026-04-06,590000.0
KH02425,2026-04-06,131000.0
KH00185,2026-04-06,354000.0
KH00872,2026-04-06,543000.0
KH02233,2026-04-06,290000.0
KH00605,2026-04-06,185000.0
KH01946,2026-04-06,24000.0
KH01991,2026-04-06,323000.0
KH00491,2026-04-06,168000.0
KH01458,2026-04-06,415000.0
KH00894,2026-04-06,206000.0
KH01780,2026-04-06,96000.0
KH00897,2026-04-06,272000.0
KH01282,2026-04-06,361000.0
KH01153,2026-04-06,204000.0
KH01550,2026-04-06,363000.0
KH01641,2026-04-06,221000.0
KH01921,2026-04-06,66000.0
KH01181,2026-04-06,65000.0
KH00138,2026-04-06,193000.0
KH00088,2026-04-06,212000.0
KH00183,2026-04-07,859000.0
KH01899,2026-04-07,117000.0
KH00165,2026-04-07,53000.0
KH01601,2026-04-07,274000.0
KH00857,2026-04-07,208000.0
KH00962,2026-04-07,72000.0
KH01067,2026-04-07,590000.0
KH02291,2026-04-07,89000.0
KH01341,2026-04-07,70000.0
KH02036,2026-04-07,947000.0
KH00606,2026-04-07,86000.0
KH00526,2026-04-07,527000.0
KH00228,2026-04-07,498000.0
KH01884,2026-04-07,279000.0
KH02061,2026-04-07,165000.0
KH00381,2026-04-07,58000.0
KH01490,2026-04-07,202000.0
KH00976,2026-04-07,703000.0
KH01463,2026-04-07,228000.0
KH00993,2026-04-07,350000.0
KH00463,2026-04-07,212000.0
KH02377,2026-04-07,388000.0
KH01690,2026-04-07,73000.0
KH01433,2026-04-07,235000.0
KH01439,2026-04-07,385000.0
KH02354,2026-04-07,595000.0
KH01755,2026-04-07,106000.0
KH00193,2026-04-07,375000.0
KH00028,2026-04-07,270000.0
KH02289,2026-04-07,298000.0
KH00432,2026-04-07,53000.0
KH00502,2026-04-07,363000.0
KH01554,2026-04-07,123000.0
KH00170,2026-04-07,119000.0
KH00677,2026-04-07,388000.0
KH00725,2026-04-07,303000.0
KH01663,2026-04-07,499000.0
KH01151,2026-04-07,104000.0
KH02303,2026-04-07,1515000.0
KH01896,2026-04-07,283000.0
KH01062,2026-04-07,811000.0
KH00391,2026-04-07,39000.0
KH00358,2026-04-07,239000.0
KH00280,2026-04-07,76000.0
KH01965,2026-04-07,211000.0
KH00028,2026-04-07,431000.0
KH00357,2026-04-07,209000.0
KH01288,2026-04-07,627000.0
KH01092,2026-04-07,77000.0
KH00590,2026-04-07,517000.0
KH00687,2026-04-07,443000.0
KH01889,2026-04-07,262000.0
KH00104,2026-04-07,933000.0
KH00712,2026-04-07,85000.0
KH01626,2026-04-07,204000.0
KH01372,2026-04-07,117000.0
KH01067,2026-04-07,34000.0
KH00971,2026-04-07,228000.0
KH01782,2026-04-07,244000.0
KH00460,2026-04-07,597000.0
KH00213,2026-04-07,475000.0
KH02447,2026-04-07,105000.0
KH00115,2026-04-07,265000.0
KH01397,2026-04-07,195000.0
KH02408,2026-04-07,603000.0
KH00109,2026-04-07,596000.0
KH00087,2026-04-07,41000.0
KH00707,2026-04-07,201000.0
KH00694,2026-04-07,191000.0
KH01932,2026-04-07,364000.0
KH00158,2026-04-07,108000.0
KH00317,2026-04-07,123000.0
KH01647,2026-04-07,105000.0
KH01929,2026-04-07,100000.0
KH00404,2026-04-07,212000.0
KH00542,2026-04-07,119000.0
KH00560,2026-04-07,331000.0
KH01041,2026-04-07,496000.0
KH02190,2026-04-07,260000.0
KH01055,2026-04-07,181000.0
KH02344,2026-04-07,303000.0
KH00591,2026-04-07,92000.0
KH00392,2026-04-07,253000.0
KH00833,2026-04-07,99000.0
KH01861,2026-04-07,376000.0
KH00344,2026-04-07,50000.0
KH02066,2026-04-07,178000.0
KH00862,2026-04-07,198000.0
KH00036,2026-04-07,153000.0
KH00090,2026-04-07,112000.0
KH01791,2026-04-07,113000.0
KH01032,2026-04-07,140000.0
KH00273,2026-04-07,167000.0
KH00707,2026-04-08,223000.0
KH01625,2026-04-08,301000.0
KH00230,2026-04-08,130000.0
KH02208,2026-04-08,375000.0
KH02234,2026-04-08,289000.0
KH02238,2026-04-08,69000.0
KH00183,2026-04-08,334000.0
KH01902,2026-04-08,117000.0
KH01063,2026-04-08,319000.0
KH00890,2026-04-08,450000.0
KH00088,2026-04-08,162000.0
KH02086,2026-04-08,19000.0
KH00975,2026-04-08,74000.0
KH01647,2026-04-08,240000.0
KH00036,2026-04-08,165000.0
KH01012,2026-04-08,86000.0
KH01442,2026-04-08,83000.0
KH02312,2026-04-08,134000.0
KH00311,2026-04-08,54000.0
KH01741,2026-04-08,35000.0
KH01808,2026-04-08,358000.0
KH00863,2026-04-08,352000.0
KH01713,2026-04-08,58000.0
KH01891,2026-04-08,150000.0
KH01063,2026-04-08,163000.0
KH01203,2026-04-08,151000.0
KH01773,2026-04-08,174000.0
KH00093,2026-04-08,30000.0
KH00316,2026-04-08,1434000.0
KH02454,2026-04-08,171000.0
KH00381,2026-04-08,265000.0
KH02291,2026-04-08,156000.0
KH01699,2026-04-08,156000.0
KH01051,2026-04-08,219000.0
KH00677,2026-04-08,42000.0
KH00377,2026-04-08,179000.0
KH02422,2026-04-08,142000.0
KH01970,2026-04-08,232000.0
KH00681,2026-04-08,108000.0
KH01680,2026-04-08,80000.0
KH01930,2026-04-08,78000.0
KH02427,2026-04-08,619000.0
KH02050,2026-04-08,46000.0
KH01949,2026-04-08,678000.0
KH01616,2026-04-08,80000.0
KH00717,2026-04-08,88000.0
KH01335,2026-04-08,163000.0
KH02218,2026-04-08,38000.0
KH01402,2026-04-08,33000.0
KH00466,2026-04-08,149000.0
KH01811,2026-04-08,278000.0
KH02434,2026-04-08,477000.0
KH01458,2026-04-08,518000.0
KH00442,2026-04-08,583000.0
KH02005,2026-04-08,198000.0
KH01322,2026-04-08,328000.0
KH00825,2026-04-08,429000.0
KH01404,2026-04-08,83000.0
KH01618,2026-04-08,151000.0
KH00443,2026-04-08,48000.0
KH01566,2026-04-08,392000.0
KH01593,2026-04-08,154000.0
KH00891,2026-04-08,300000.0
KH01282,2026-04-08,84000.0
KH00002,2026-04-08,468000.0
KH00018,2026-04-08,55000.0
KH01046,2026-04-08,165000.0
KH01190,2026-04-08,791000.0
KH00824,2026-04-08,121000.0
KH01066,2026-04-08,369000.0
KH02194,2026-04-08,97000.0
KH01013,2026-04-08,98000.0
KH02370,2026-04-08,171000.0
KH00636,2026-04-08,608000.0
KH01770,2026-04-08,659000.0
KH00141,2026-04-08,119000.0
KH00204,2026-04-08,98000.0
KH02105,2026-04-08,290000.0
KH01732,2026-04-08,71000.0
KH00929,2026-04-08,394000.0
KH00328,2026-04-08,297000.0
KH01639,2026-04-08,92000.0
KH00397,2026-04-08,97000.0
KH01015,2026-04-08,147000.0
KH02397,2026-04-08,268000.0
KH00786,2026-04-08,460000.0
KH01900,2026-04-08,66000.0
KH02457,2026-04-08,290000.0
KH01693,2026-04-08,103000.0
KH00644,2026-04-08,181000.0
KH00953,2026-04-08,286000.0
KH02061,2026-04-08,311000.0
KH02480,2026-04-08,52000.0
KH01968,2026-04-09,303000.0
KH01400,2026-04-09,222000.0
KH01405,2026-04-09,209000.0
KH02276,2026-04-09,221000.0
KH01618,2026-04-09,240000.0
KH01122,2026-04-09,374000.0
KH00324,2026-04-09,238000.0
KH00834,2026-04-09,78000.0
KH00530,2026-04-09,163000.0
KH01172,2026-04-09,71000.0
KH02198,2026-04-09,559000.0
KH01920,2026-04-09,151000.0
KH00278,2026-04-09,1126000.0
KH01175,2026-04-09,71000.0
KH02160,2026-04-09,70000.0
KH00313,2026-04-09,551000.0
KH01593,2026-04-09,113000.0
KH01385,2026-04-09,95000.0
KH00921,2026-04-09,157000.0
KH01851,2026-04-09,1460000.0
KH00360,2026-04-09,633000.0
KH01708,2026-04-09,228000.0
KH01020,2026-04-09,205000.0
KH00976,2026-04-09,155000.0
KH00511,2026-04-09,86000.0
KH02175,2026-04-09,479000.0
KH02439,2026-04-09,29000.0
KH01382,2026-04-09,118000.0
KH01605,2026-04-09,309000.0
KH01396,2026-04-09,84000.0
KH01390,2026-04-09,87000.0
KH01589,2026-04-09,437000.0
KH00027,2026-04-09,281000.0
KH02385,2026-04-09,152000.0
KH01322,2026-04-09,93000.0
KH01268,2026-04-09,86000.0
KH01707,2026-04-09,150000.0
KH02303,2026-04-09,399000.0
KH01290,2026-04-09,57000.0
KH01804,2026-04-09,167000.0
KH00159,2026-04-09,91000.0
KH00584,2026-04-09,270000.0
KH02420,2026-04-09,265000.0
KH01042,2026-04-09,102000.0
KH01880,2026-04-09,138000.0
KH01978,2026-04-09,653000.0
KH02123,2026-04-09,73000.0
KH01028,2026-04-09,603000.0
KH00923,2026-04-09,365000.0
KH01747,2026-04-09,200000.0
KH01777,2026-04-09,130000.0
KH00596,2026-04-09,301000.0
KH00754,2026-04-09,222000.0
KH00928,2026-04-09,291000.0
KH01388,2026-04-09,206000.0
KH00750,2026-04-09,448000.0
KH00885,2026-04-09,77000.0
KH02175,2026-04-09,98000.0
KH00656,2026-04-09,41000.0
KH01413,2026-04-09,79000.0
KH01826,2026-04-09,194000.0
KH00886,2026-04-09,132000.0
KH00554,2026-04-09,71000.0
KH01796,2026-04-09,384000.0
KH00272,2026-04-09,535000.0
KH00075,2026-04-09,441000.0
KH01016,2026-04-09,218000.0
KH01053,2026-04-09,187000.0
KH00523,2026-04-09,78000.0
KH00525,2026-04-09,208000.0
KH00609,2026-04-09,198000.0
KH00009,2026-04-09,184000.0
KH00119,2026-04-09,268000.0
KH01764,2026-04-09,255000.0
KH00854,2026-04-09,312000.0
KH01714,2026-04-09,125000.0
KH00569,2026-04-09,383000.0
KH02490,2026-04-09,206000.0
KH01146,2026-04-09,475000.0
KH01967,2026-04-09,77000.0
KH00618,2026-04-10,20000.0
KH02009,2026-04-10,103000.0
KH00287,2026-04-10,145000.0
KH01401,2026-04-10,165000.0
KH01826,2026-04-10,218000.0
KH01262,2026-04-10,468000.0
KH02121,2026-04-10,253000.0
KH00916,2026-04-10,171000.0
KH01648,2026-04-10,106000.0
KH00002,2026-04-10,258000.0
KH00216,2026-04-10,100000.0
KH01677,2026-04-10,222000.0
KH01918,2026-04-10,180000.0
KH01183,2026-04-10,761000.0
KH00657,2026-04-10,58000.0
KH02291,2026-04-10,41000.0
KH02340,2026-04-10,55000.0
KH01165,2026-04-10,185000.0
KH00556,2026-04-10,323000.0
KH01416,2026-04-10,186000.0
KH00490,2026-04-10,513000.0
KH01825,2026-04-10,311000.0
KH01054,2026-04-10,503000.0
KH00771,2026-04-10,77000.0
KH00786,2026-04-10,106000.0
KH00825,2026-04-10,297000.0
KH02107,2026-04-10,100000.0
KH00825,2026-04-10,209000.0
KH01075,2026-04-10,666000.0
KH00271,2026-04-10,287000.0
KH01612,2026-04-10,358000.0
KH00040,2026-04-10,209000.0
KH01327,2026-04-10,176000.0
KH01172,2026-04-10,377000.0
KH00091,2026-04-10,54000.0
KH00856,2026-04-10,263000.0
KH00415,2026-04-10,196000.0
KH01360,2026-04-10,166000.0
KH00065,2026-04-10,619000.0
KH01656,2026-04-10,440000.0
KH01911,2026-04-10,224000.0
KH01735,2026-04-10,93000.0
KH02169,2026-04-10,496000.0
KH02254,2026-04-10,1156000.0
KH01982,2026-04-10,539000.0
KH00582,2026-04-10,238000.0
KH01023,2026-04-10,194000.0
KH00607,2026-04-10,196000.0
KH00227,2026-04-10,296000.0
KH02047,2026-04-10,302000.0
KH01106,2026-04-10,227000.0
KH01002,2026-04-10,103000.0
KH01866,2026-04-10,327000.0
KH02496,2026-04-10,49000.0
KH01364,2026-04-10,64000.0
KH00092,2026-04-10,270000.0
KH02465,2026-04-10,23000.0
KH01277,2026-04-10,859000.0
KH02315,2026-04-10,171000.0
KH01714,2026-04-10,109000.0
KH01402,2026-04-10,166000.0
KH02391,2026-04-10,415000.0
KH02225,2026-04-10,238000.0
KH01424,2026-04-10,186000.0
KH00151,2026-04-10,161000.0
KH00827,2026-04-10,346000.0
KH02141,2026-04-10,309000.0
KH01038,2026-04-10,398000.0
KH01557,2026-04-10,460000.0
KH00752,2026-04-10,152000.0
KH01382,2026-04-10,303000.0
KH00222,2026-04-10,605000.0
KH00637,2026-04-11,916000.0
KH02026,2026-04-11,110000.0
KH02261,2026-04-11,103000.0
KH01518,2026-04-11,22000.0
KH01082,2026-04-11,395000.0
KH00115,2026-04-11,40000.0
KH01466,2026-04-11,113000.0
KH00707,2026-04-11,54000.0
KH01649,2026-04-11,228000.0
KH01521,2026-04-11,502000.0
KH00220,2026-04-11,99000.0
KH02408,2026-04-11,97000.0
KH00648,2026-04-11,208000.0
KH01179,2026-04-11,279000.0
KH01185,2026-04-11,300000.0
KH00116,2026-04-11,60000.0
KH01202,2026-04-11,239000.0
KH00404,2026-04-11,458000.0
KH00179,2026-04-11,718000.0
KH02213,2026-04-11,171000.0
KH02287,2026-04-11,70000.0
KH01170,2026-04-11,317000.0
KH01970,2026-04-11,380000.0
KH00963,2026-04-11,159000.0
KH02436,2026-04-11,161000.0
KH00809,2026-04-11,1275000.0
KH02473,2026-04-11,122000.0
KH02098,2026-04-11,390000.0
KH00694,2026-04-11,162000.0
KH01075,2026-04-11,311000.0
KH01348,2026-04-11,67000.0
KH00859,2026-04-11,320000.0
KH02139,2026-04-11,48000.0
KH01115,2026-04-11,219000.0
KH00940,2026-04-11,144000.0
KH01536,2026-04-11,165000.0
KH01881,2026-04-11,763000.0
KH00588,2026-04-11,118000.0
KH00154,2026-04-11,262000.0
KH00110,2026-04-11,400000.0
KH00124,2026-04-11,312000.0
KH01908,2026-04-11,288000.0
KH01012,2026-04-11,131000.0
KH01958,2026-04-11,94000.0
KH01973,2026-04-11,404000.0
KH00372,2026-04-11,318000.0
KH00856,2026-04-11,118000.0
KH00924,2026-04-11,415000.0
KH00633,2026-04-11,240000.0
KH01747,2026-04-11,218000.0
KH00986,2026-04-11,323000.0
KH00337,2026-04-11,1179000.0
KH01972,2026-04-11,37000.0
KH00377,2026-04-11,116000.0
KH00203,2026-04-11,131000.0
KH01722,2026-04-11,1139000.0
KH02342,2026-04-11,738000.0
KH01586,2026-04-11,153000.0
KH01472,2026-04-11,234000.0
KH01629,2026-04-11,413000.0
KH01821,2026-04-11,68000.0
KH01531,2026-04-11,22000.0
KH01579,2026-04-11,382000.0
KH01014,2026-04-11,357000.0
KH00976,2026-04-11,372000.0
KH00274,2026-04-11,274000.0
KH00353,2026-04-11,165000.0
KH01648,2026-04-11,465000.0
KH01366,2026-04-11,171000.0
KH02175,2026-04-11,78000.0
KH00786,2026-04-11,327000.0
KH01538,2026-04-11,62000.0
KH02403,2026-04-11,98000.0
KH02292,2026-04-11,108000.0
KH01856,2026-04-11,220000.0
KH01028,2026-04-11,200000.0
KH01978,2026-04-11,317000.0
KH01571,2026-04-11,225000.0
KH00993,2026-04-11,250000.0
KH00911,2026-04-11,256000.0
KH00073,2026-04-11,303000.0
KH01739,2026-04-11,288000.0
KH01392,2026-04-11,357000.0
KH00874,2026-04-11,93000.0
KH00047,2026-04-11,389000.0
KH02062,2026-04-11,54000.0
KH01660,2026-04-11,115000.0
KH01253,2026-04-11,221000.0
KH00247,2026-04-11,363000.0
KH01532,2026-04-11,864000.0
KH01796,2026-04-11,57000.0
KH01770,2026-04-11,307000.0
KH00726,2026-04-11,44000.0
KH01747,2026-04-12,75000.0
KH00079,2026-04-12,392000.0
KH01284,2026-04-12,183000.0
KH00072,2026-04-12,359000.0
KH01387,2026-04-12,226000.0
KH00102,2026-04-12,210000.0
KH00686,2026-04-12,85000.0
KH01373,2026-04-12,545000.0
KH00493,2026-04-12,120000.0
KH00111,2026-04-12,183000.0
KH00895,2026-04-12,110000.0
KH02327,2026-04-12,757000.0
KH00509,2026-04-12,241000.0
KH02257,2026-04-12,364000.0
KH00632,2026-04-12,86000.0
KH02254,2026-04-12,457000.0
KH00903,2026-04-12,243000.0
KH00827,2026-04-12,1311000.0
KH01750,2026-04-12,36000.0
KH02407,2026-04-12,201000.0
KH01925,2026-04-12,287000.0
KH02169,2026-04-12,304000.0
KH01371,2026-04-12,203000.0
KH01006,2026-04-12,360000.0
KH00134,2026-04-12,47000.0
KH02223,2026-04-12,463000.0
KH02276,2026-04-12,135000.0
KH01643,2026-04-12,230000.0
KH00526,2026-04-12,797000.0
KH01456,2026-04-12,99000.0
KH01648,2026-04-12,254000.0
KH00236,2026-04-12,71000.0
KH02274,2026-04-12,78000.0
KH01590,2026-04-12,175000.0
KH00413,2026-04-12,356000.0
KH01371,2026-04-12,672000.0
KH01045,2026-04-12,237000.0
KH01627,2026-04-12,74000.0
KH01799,2026-04-12,206000.0
KH02052,2026-04-12,1221000.0
KH02108,2026-04-12,345000.0
KH00689,2026-04-12,57000.0
KH00328,2026-04-12,103000.0
KH00935,2026-04-12,384000.0
KH02387,2026-04-12,205000.0
KH00921,2026-04-12,121000.0
KH02146,2026-04-12,189000.0
KH01684,2026-04-12,303000.0
KH01739,2026-04-12,178000.0
KH00768,2026-04-12,201000.0
KH02302,2026-04-12,699000.0
KH02261,2026-04-12,99000.0
KH00114,2026-04-12,259000.0
KH00974,2026-04-12,190000.0
KH01408,2026-04-12,164000.0
KH01718,2026-04-12,274000.0
KH01308,2026-04-12,426000.0
KH02247,2026-04-12,473000.0
KH00173,2026-04-12,119000.0
KH00043,2026-04-12,149000.0
KH01264,2026-04-12,167000.0
KH00335,2026-04-12,211000.0
KH01055,2026-04-12,997000.0
KH02342,2026-04-12,98000.0
KH00766,2026-04-13,475000.0
KH00686,2026-04-13,146000.0
KH00263,2026-04-13,114000.0
KH02125,2026-04-13,125000.0
KH00845,2026-04-13,387000.0
KH00553,2026-04-13,451000.0
KH01648,2026-04-13,203000.0
KH02452,2026-04-13,192000.0
KH00272,2026-04-13,141000.0
KH01796,2026-04-13,22000.0
KH01402,2026-04-13,371000.0
KH00960,2026-04-13,204000.0
KH00163,2026-04-13,1146000.0
KH00567,2026-04-13,41000.0
KH01736,2026-04-13,28000.0
KH00848,2026-04-13,262000.0
KH02239,2026-04-13,139000.0
KH02109,2026-04-13,142000.0
KH01038,2026-04-13,72000.0
KH01916,2026-04-13,185000.0
KH00850,2026-04-13,87000.0
KH00069,2026-04-13,120000.0
KH01161,2026-04-13,215000.0
KH00127,2026-04-13,140000.0
KH00890,2026-04-13,241000.0
KH00547,2026-04-13,53000.0
KH01037,2026-04-13,63000.0
KH00291,2026-04-13,79000.0
KH00956,2026-04-13,508000.0
KH01209,2026-04-13,180000.0
KH02015,2026-04-13,132000.0
KH02292,2026-04-13,164000.0
KH00365,2026-04-13,59000.0
KH01114,2026-04-13,629000.0
KH00060,2026-04-13,330000.0
KH00776,2026-04-13,604000.0
KH01355,2026-04-13,240000.0
KH00184,2026-04-13,33000.0
KH01724,2026-04-13,141000.0
KH00894,2026-04-13,46000.0
KH01760,2026-04-13,76000.0
KH01472,2026-04-13,400000.0
KH00789,2026-04-13,90000.0
KH00063,2026-04-13,231000.0
KH01856,2026-04-13,527000.0
KH02092,2026-04-13,1149000.0
KH01796,2026-04-13,168000.0
KH01932,2026-04-13,212000.0
KH02060,2026-04-13,198000.0
KH01068,2026-04-13,83000.0
KH00032,2026-04-13,309000.0
KH01395,2026-04-13,217000.0
KH00878,2026-04-13,96000.0
KH02312,2026-04-13,827000.0
KH00646,2026-04-13,547000.0
KH01909,2026-04-13,187000.0
KH01025,2026-04-13,104000.0
KH00359,2026-04-13,127000.0
KH01070,2026-04-13,646000.0
KH00972,2026-04-13,81000.0
KH01750,2026-04-13,99000.0
KH01932,2026-04-13,34000.0
KH01342,2026-04-13,111000.0
KH00194,2026-04-13,501000.0
KH00528,2026-04-13,175000.0
KH02460,2026-04-13,312000.0
KH02480,2026-04-13,454000.0
KH02223,2026-04-13,176000.0
KH02115,2026-04-13,145000.0
KH01185,2026-04-13,262000.0
KH02376,2026-04-13,108000.0
KH00444,2026-04-13,102000.0
KH00029,2026-04-13,24000.0
KH00868,2026-04-13,134000.0
KH00267,2026-04-14,564000.0
KH02446,2026-04-14,415000.0
KH02428,2026-04-14,195000.0
KH01776,2026-04-14,105000.0
KH02150,2026-04-14,167000.0
KH00732,2026-04-14,393000.0
KH01120,2026-04-14,79000.0
KH00694,2026-04-14,23000.0
KH00583,2026-04-14,1143000.0
KH00011,2026-04-14,148000.0
KH02471,2026-04-14,590000.0
KH02084,2026-04-14,288000.0
KH00906,2026-04-14,219000.0
KH01883,2026-04-14,507000.0
KH02091,2026-04-14,188000.0
KH01172,2026-04-14,153000.0
KH01059,2026-04-14,175000.0
KH00310,2026-04-14,585000.0
KH00167,2026-04-14,48000.0
KH00032,2026-04-14,36000.0
KH01918,2026-04-14,109000.0
KH01684,2026-04-14,135000.0
KH02420,2026-04-14,32000.0
KH00149,2026-04-14,623000.0
KH01404,2026-04-14,243000.0
KH02047,2026-04-14,147000.0
KH00654,2026-04-14,155000.0
KH02326,2026-04-14,72000.0
KH00246,2026-04-14,120000.0
KH01059,2026-04-14,82000.0
KH01304,2026-04-14,42000.0
KH01479,2026-04-14,1043000.0
KH01721,2026-04-14,79000.0
KH01040,2026-04-14,142000.0
KH01925,2026-04-14,346000.0
KH00130,2026-04-14,264000.0
KH00555,2026-04-14,190000.0
KH00619,2026-04-14,118000.0
KH01262,2026-04-14,65000.0
KH01408,2026-04-14,98000.0
KH00948,2026-04-14,77000.0
KH01576,2026-04-14,256000.0
KH02381,2026-04-14,275000.0
KH00537,2026-04-14,427000.0
KH01268,2026-04-14,198000.0
KH00609,2026-04-14,156000.0
KH01217,2026-04-14,1160000.0
KH01074,2026-04-14,248000.0
KH01601,2026-04-14,106000.0
KH01641,2026-04-14,85000.0
KH02144,2026-04-14,73000.0
KH00629,2026-04-14,121000.0
KH00997,2026-04-14,130000.0
KH02264,2026-04-14,148000.0
KH01933,2026-04-14,605000.0
KH00024,2026-04-14,125000.0
KH02145,2026-04-14,49000.0
KH01080,2026-04-14,377000.0
KH01557,2026-04-14,372000.0
KH00544,2026-04-14,275000.0
KH01066,2026-04-14,105000.0
KH02475,2026-04-14,844000.0
KH00136,2026-04-14,725000.0
KH01675,2026-04-14,526000.0
KH00100,2026-04-15,240000.0
KH01647,2026-04-15,693000.0
KH02129,2026-04-15,341000.0
KH00633,2026-04-15,408000.0
KH01782,2026-04-15,300000.0
KH00907,2026-04-15,214000.0
KH00186,2026-04-15,155000.0
KH01604,2026-04-15,93000.0
KH02129,2026-04-15,578000.0
KH02490,2026-04-15,196000.0
KH01916,2026-04-15,172000.0
KH02386,2026-04-15,202000.0
KH00849,2026-04-15,125000.0
KH00553,2026-04-15,418000.0
KH01475,2026-04-15,106000.0
KH00135,2026-04-15,1889000.0
KH02275,2026-04-15,279000.0
KH01795,2026-04-15,69000.0
KH02085,2026-04-15,350000.0
KH01022,2026-04-15,50000.0
KH01500,2026-04-15,103000.0
KH02208,2026-04-15,157000.0
KH01882,2026-04-15,346000.0
KH01725,2026-04-15,615000.0
KH00794,2026-04-15,85000.0
KH01345,2026-04-15,169000.0
KH00566,2026-04-15,621000.0
KH00653,2026-04-15,234000.0
KH00468,2026-04-15,209000.0
KH00714,2026-04-15,281000.0
KH00972,2026-04-15,464000.0
KH01071,2026-04-15,281000.0
KH02134,2026-04-15,199000.0
KH01431,2026-04-15,362000.0
KH00913,2026-04-15,84000.0
KH01758,2026-04-15,410000.0
KH01195,2026-04-15,87000.0
KH00335,2026-04-15,37000.0
KH01259,2026-04-15,136000.0
KH01999,2026-04-15,405000.0
KH01959,2026-04-15,212000.0
KH02178,2026-04-15,303000.0
KH00437,2026-04-15,140000.0
KH00334,2026-04-15,172000.0
KH00712,2026-04-15,620000.0
KH01046,2026-04-15,75000.0
KH01921,2026-04-15,673000.0
KH00832,2026-04-15,164000.0
KH00603,2026-04-15,298000.0
KH00527,2026-04-15,80000.0
KH02420,2026-04-15,175000.0
KH02176,2026-04-15,181000.0
KH00124,2026-04-15,34000.0
KH00035,2026-04-15,99000.0
KH01620,2026-04-15,1248000.0
KH00319,2026-04-15,356000.0
KH00411,2026-04-15,141000.0
KH00690,2026-04-15,104000.0
KH00800,2026-04-15,188000.0
KH00262,2026-04-15,344000.0
KH01019,2026-04-15,256000.0
KH01442,2026-04-15,96000.0
KH02278,2026-04-15,276000.0
KH01435,2026-04-15,311000.0
KH01581,2026-04-15,53000.0
KH02298,2026-04-15,66000.0
KH00042,2026-04-15,169000.0
KH02276,2026-04-15,342000.0
KH02222,2026-04-15,238000.0
KH01734,2026-04-15,122000.0
KH02216,2026-04-15,55000.0
KH00493,2026-04-15,98000.0
KH02016,2026-04-15,457000.0
KH00939,2026-04-15,180000.0
KH02359,2026-04-15,150000.0
KH00611,2026-04-15,53000.0
KH01704,2026-04-15,129000.0
KH00261,2026-04-15,226000.0
KH01520,2026-04-15,234000.0
KH01283,2026-04-15,490000.0
KH02470,2026-04-15,342000.0
KH00689,2026-04-16,641000.0
KH02167,2026-04-16,238000.0
KH01279,2026-04-16,206000.0
KH02261,2026-04-16,239000.0
KH01715,2026-04-16,233000.0
KH01934,2026-04-16,94000.0
KH01035,2026-04-16,206000.0
KH00691,2026-04-16,44000.0
KH00752,2026-04-16,48000.0
KH00954,2026-04-16,252000.0
KH02388,2026-04-16,211000.0
KH00680,2026-04-16,164000.0
KH01705,2026-04-16,83000.0
KH00616,2026-04-16,454000.0
KH01962,2026-04-16,347000.0
KH00308,2026-04-16,108000.0
KH01395,2026-04-16,176000.0
KH00591,2026-04-16,677000.0
KH00515,2026-04-16,44000.0
KH01258,2026-04-16,304000.0
KH00857,2026-04-16,132000.0
KH00041,2026-04-16,225000.0
KH01654,2026-04-16,378000.0
KH00395,2026-04-16,515000.0
KH01913,2026-04-16,466000.0
KH00989,2026-04-16,114000.0
KH02371,2026-04-16,322000.0
KH02493,2026-04-16,356000.0
KH01889,2026-04-16,162000.0
KH01543,2026-04-16,69000.0
KH02379,2026-04-16,583000.0
KH00403,2026-04-16,412000.0
KH01869,2026-04-16,199000.0
KH01203,2026-04-16,240000.0
KH01644,2026-04-16,165000.0
KH01694,2026-04-16,129000.0
KH00782,2026-04-16,145000.0
KH01880,2026-04-16,529000.0
KH00546,2026-04-16,212000.0
KH01922,2026-04-16,372000.0
KH01309,2026-04-16,225000.0
KH00189,2026-04-16,535000.0
KH01612,2026-04-16,180000.0
KH01397,2026-04-16,92000.0
KH02080,2026-04-16,116000.0
KH00264,2026-04-16,68000.0
KH02436,2026-04-16,182000.0
KH00022,2026-04-16,129000.0
KH01591,2026-04-16,445000.0
KH00530,2026-04-16,83000.0
KH00240,2026-04-16,171000.0
KH01021,2026-04-16,915000.0
KH00976,2026-04-16,177000.0
KH02066,2026-04-16,334000.0
KH01203,2026-04-16,357000.0
KH00062,2026-04-16,131000.0
KH01412,2026-04-16,195000.0
KH01622,2026-04-16,116000.0
KH01643,2026-04-16,195000.0
KH02060,2026-04-16,178000.0
KH00869,2026-04-16,127000.0
KH00104,2026-04-16,69000.0
KH02111,2026-04-16,330000.0
KH01040,2026-04-16,168000.0
KH01321,2026-04-16,130000.0
KH00145,2026-04-16,429000.0
KH01358,2026-04-16,537000.0
KH01649,2026-04-16,216000.0
KH01353,2026-04-16,301000.0
KH01066,2026-04-16,536000.0
KH02105,2026-04-16,807000.0
KH00408,2026-04-16,102000.0
KH01643,2026-04-16,69000.0
KH01058,2026-04-16,319000.0
KH00576,2026-04-16,77000.0
KH02310,2026-04-16,154000.0
KH00356,2026-04-16,76000.0
KH01028,2026-04-16,215000.0
KH02190,2026-04-16,211000.0
KH00029,2026-04-16,450000.0
KH01271,2026-04-16,98000.0
KH01508,2026-04-16,1016000.0
KH01057,2026-04-16,253000.0
KH00292,2026-04-16,220000.0
KH00254,2026-04-16,90000.0
KH00552,2026-04-16,242000.0
KH00335,2026-04-16,673000.0
KH01032,2026-04-16,182000.0
KH02458,2026-04-16,556000.0
KH00037,2026-04-17,169000.0
KH02374,2026-04-17,438000.0
KH00178,2026-04-17,63000.0
KH00922,2026-04-17,290000.0
KH01046,2026-04-17,312000.0
KH02197,2026-04-17,492000.0
KH01349,2026-04-17,309000.0
KH01146,2026-04-17,858000.0
KH01667,2026-04-17,216000.0
KH01784,2026-04-17,133000.0
KH01420,2026-04-17,210000.0
KH00017,2026-04-17,269000.0
KH01624,2026-04-17,133000.0
KH00087,2026-04-17,161000.0
KH00675,2026-04-17,414000.0
KH01599,2026-04-17,307000.0
KH00526,2026-04-17,541000.0
KH02251,2026-04-17,282000.0
KH01731,2026-04-17,312000.0
KH01684,2026-04-17,1161000.0
KH00796,2026-04-17,254000.0
KH02364,2026-04-17,426000.0
KH00260,2026-04-17,442000.0
KH02060,2026-04-17,77000.0
KH02420,2026-04-17,508000.0
KH01937,2026-04-17,351000.0
KH01309,2026-04-17,69000.0
KH01437,2026-04-17,352000.0
KH00188,2026-04-17,298000.0
KH02168,2026-04-17,300000.0
KH02230,2026-04-17,92000.0
KH00828,2026-04-17,578000.0
KH01731,2026-04-17,97000.0
KH01504,2026-04-17,515000.0
KH01553,2026-04-17,407000.0
KH02343,2026-04-17,160000.0
KH01594,2026-04-17,90000.0
KH01892,2026-04-17,92000.0
KH02351,2026-04-17,282000.0
KH00801,2026-04-17,122000.0
KH00011,2026-04-17,595000.0
KH01385,2026-04-17,86000.0
KH00697,2026-04-17,151000.0
KH02057,2026-04-17,101000.0
KH00027,2026-04-17,358000.0
KH00460,2026-04-17,51000.0
KH01877,2026-04-17,615000.0
KH00780,2026-04-17,145000.0
KH01481,2026-04-17,187000.0
KH02335,2026-04-17,80000.0
KH01422,2026-04-17,166000.0
KH01828,2026-04-17,90000.0
KH01402,2026-04-17,284000.0
KH00392,2026-04-17,171000.0
KH01868,2026-04-17,252000.0
KH00170,2026-04-17,290000.0
KH02206,2026-04-17,127000.0
KH00547,2026-04-17,46000.0
KH00440,2026-04-17,72000.0
KH01160,2026-04-17,190000.0
KH02497,2026-04-17,609000.0
KH02353,2026-04-17,33000.0
KH01115,2026-04-17,201000.0
KH00216,2026-04-17,265000.0
KH01840,2026-04-17,295000.0
KH00470,2026-04-17,478000.0
KH02459,2026-04-17,219000.0
KH00491,2026-04-17,254000.0
KH01934,2026-04-17,165000.0
KH00072,2026-04-17,200000.0
KH01192,2026-04-17,73000.0
KH01782,2026-04-17,15000.0
KH02249,2026-04-18,387000.0
KH01382,2026-04-18,221000.0
KH00489,2026-04-18,260000.0
KH00014,2026-04-18,68000.0
KH00593,2026-04-18,176000.0
KH01052,2026-04-18,433000.0
KH01731,2026-04-18,220000.0
KH00464,2026-04-18,536000.0
KH02122,2026-04-18,217000.0
KH00300,2026-04-18,129000.0
KH00770,2026-04-18,254000.0
KH01729,2026-04-18,677000.0
KH00820,2026-04-18,92000.0
KH00600,2026-04-18,77000.0
KH01464,2026-04-18,188000.0
KH00441,2026-04-18,104000.0
KH01283,2026-04-18,429000.0
KH01108,2026-04-18,77000.0
KH02408,2026-04-18,404000.0
KH02068,2026-04-18,173000.0
KH01782,2026-04-18,233000.0
KH02076,2026-04-18,207000.0
KH01954,2026-04-18,155000.0
KH02244,2026-04-18,160000.0
KH00874,2026-04-18,37000.0
KH02118,2026-04-18,370000.0
KH00090,2026-04-18,592000.0
KH01439,2026-04-18,67000.0
KH00425,2026-04-18,131000.0
KH01359,2026-04-18,140000.0
KH00167,2026-04-18,229000.0
KH00087,2026-04-18,430000.0
KH00171,2026-04-18,151000.0
KH01316,2026-04-18,435000.0
KH00683,2026-04-18,1078000.0
KH02236,2026-04-18,224000.0
KH00574,2026-04-18,352000.0
KH01606,2026-04-18,225000.0
KH01237,2026-04-18,106000.0
KH00853,2026-04-18,137000.0
KH01551,2026-04-18,1227000.0
KH00570,2026-04-18,97000.0
KH02151,2026-04-18,164000.0
KH02100,2026-04-18,1530000.0
KH01181,2026-04-18,128000.0
KH01858,2026-04-18,844000.0
KH02171,2026-04-18,108000.0
KH01012,2026-04-18,407000.0
KH01849,2026-04-18,487000.0
KH01588,2026-04-18,617000.0
KH01773,2026-04-18,21000.0
KH02370,2026-04-18,323000.0
KH00543,2026-04-18,287000.0
KH01058,2026-04-18,273000.0
KH00357,2026-04-18,269000.0
KH02311,2026-04-18,170000.0
KH00347,2026-04-18,903000.0
KH00779,2026-04-18,933000.0
KH00622,2026-04-18,541000.0
KH00691,2026-04-18,38000.0
KH01884,2026-04-18,303000.0
KH00338,2026-04-18,160000.0
KH01401,2026-04-18,247000.0
KH00395,2026-04-18,396000.0
KH02444,2026-04-18,566000.0
KH01362,2026-04-18,210000.0
KH02169,2026-04-18,66000.0
KH01366,2026-04-18,112000.0
KH02224,2026-04-18,86000.0
KH00741,2026-04-18,112000.0
KH01121,2026-04-18,534000.0
KH00968,2026-04-18,377000.0
KH01295,2026-04-18,71000.0
KH00357,2026-04-18,513000.0
KH00883,2026-04-19,2322000.0
KH00077,2026-04-19,1169000.0
KH00780,2026-04-19,67000.0
KH00234,2026-04-19,240000.0
KH01082,2026-04-19,130000.0
KH01437,2026-04-19,1571000.0
KH00191,2026-04-19,578000.0
KH01086,2026-04-19,333000.0
KH01423,2026-04-19,144000.0
KH01397,2026-04-19,114000.0
KH02293,2026-04-19,328000.0
KH00241,2026-04-19,94000.0
KH00667,2026-04-19,127000.0
KH02293,2026-04-19,79000.0
KH00458,2026-04-19,356000.0
KH02129,2026-04-19,344000.0
KH01014,2026-04-19,279000.0
KH01913,2026-04-19,219000.0
KH01408,2026-04-19,213000.0
KH01192,2026-04-19,491000.0
KH00680,2026-04-19,120000.0
KH00500,2026-04-19,332000.0
KH01767,2026-04-19,247000.0
KH01230,2026-04-19,255000.0
KH01385,2026-04-19,86000.0
KH02056,2026-04-19,187000.0
KH01681,2026-04-19,112000.0
KH01550,2026-04-19,123000.0
KH02236,2026-04-19,153000.0
KH02356,2026-04-19,1495000.0
KH02359,2026-04-19,605000.0
KH01029,2026-04-19,328000.0
KH01159,2026-04-19,144000.0
KH02213,2026-04-19,60000.0
KH00183,2026-04-19,27000.0
KH01363,2026-04-19,234000.0
KH02064,2026-04-19,290000.0
KH00487,2026-04-19,242000.0
KH00911,2026-04-19,38000.0
KH00217,2026-04-19,347000.0
KH01564,2026-04-19,415000.0
KH00212,2026-04-19,210000.0
KH00984,2026-04-19,61000.0
KH00958,2026-04-19,274000.0
KH00743,2026-04-19,145000.0
KH01474,2026-04-19,114000.0
KH01410,2026-04-19,57000.0
KH00207,2026-04-19,107000.0
KH00419,2026-04-19,304000.0
KH02173,2026-04-19,145000.0
KH01945,2026-04-19,407000.0
KH01401,2026-04-19,1710000.0
KH00605,2026-04-19,251000.0
KH01848,2026-04-19,58000.0
KH01536,2026-04-19,288000.0
KH02474,2026-04-19,104000.0
KH02355,2026-04-19,25000.0
KH00173,2026-04-19,134000.0
KH01520,2026-04-19,156000.0
KH00515,2026-04-19,208000.0
KH00030,2026-04-19,279000.0
KH01309,2026-04-19,175000.0
KH02467,2026-04-19,153000.0
KH01787,2026-04-19,79000.0
KH01195,2026-04-19,810000.0
KH01275,2026-04-19,180000.0
KH00083,2026-04-19,254000.0
KH01275,2026-04-19,132000.0
KH01617,2026-04-19,44000.0
KH02422,2026-04-19,126000.0
KH01420,2026-04-20,110000.0
KH01349,2026-04-20,52000.0
KH01849,2026-04-20,255000.0
KH01051,2026-04-20,77000.0
KH01690,2026-04-20,245000.0
KH01719,2026-04-20,461000.0
KH00459,2026-04-20,110000.0
KH00125,2026-04-20,304000.0
KH00537,2026-04-20,331000.0
KH00885,2026-04-20,114000.0
KH02141,2026-04-20,378000.0
KH01647,2026-04-20,179000.0
KH00151,2026-04-20,282000.0
KH01027,2026-04-20,87000.0
KH02349,2026-04-20,588000.0
KH00428,2026-04-20,138000.0
KH00076,2026-04-20,864000.0
KH01512,2026-04-20,233000.0
KH01747,2026-04-20,162000.0
KH00358,2026-04-20,567000.0
KH00329,2026-04-20,288000.0
KH01570,2026-04-20,61000.0
KH01495,2026-04-20,230000.0
KH01594,2026-04-20,291000.0
KH02298,2026-04-20,126000.0
KH01109,2026-04-20,314000.0
KH02227,2026-04-20,180000.0
KH01538,2026-04-20,82000.0
KH01700,2026-04-20,248000.0
KH00801,2026-04-20,268000.0
KH02253,2026-04-20,304000.0
KH01624,2026-04-20,124000.0
KH01934,2026-04-20,228000.0
KH01374,2026-04-20,200000.0
KH00704,2026-04-20,274000.0
KH01778,2026-04-20,217000.0
KH00531,2026-04-20,28000.0
KH01052,2026-04-20,253000.0
KH02134,2026-04-20,202000.0
KH00514,2026-04-20,586000.0
KH02400,2026-04-20,201000.0
KH00929,2026-04-20,254000.0
KH01353,2026-04-20,415000.0
KH00661,2026-04-20,129000.0
KH00156,2026-04-20,658000.0
KH02208,2026-04-20,220000.0
KH00543,2026-04-20,52000.0
KH00253,2026-04-20,358000.0
KH01443,2026-04-20,53000.0
KH00921,2026-04-20,61000.0
KH00672,2026-04-20,88000.0
KH01759,2026-04-20,281000.0
KH02287,2026-04-20,307000.0
KH01166,2026-04-20,600000.0
KH00673,2026-04-20,57000.0
KH01966,2026-04-20,232000.0
KH01357,2026-04-20,269000.0
KH01857,2026-04-20,416000.0
KH02248,2026-04-20,171000.0
KH01449,2026-04-20,191000.0
KH01692,2026-04-20,164000.0
KH01550,2026-04-20,77000.0
KH00234,2026-04-20,182000.0
KH02395,2026-04-20,398000.0
KH02414,2026-04-20,192000.0
KH00192,2026-04-20,77000.0
KH01036,2026-04-20,159000.0
KH02423,2026-04-20,299000.0
KH00552,2026-04-20,163000.0
KH00813,2026-04-20,525000.0
KH01759,2026-04-20,40000.0
KH02213,2026-04-20,138000.0
KH01850,2026-04-20,61000.0
KH00493,2026-04-20,168000.0
KH01958,2026-04-20,213000.0
KH01500,2026-04-20,178000.0
KH00673,2026-04-20,149000.0
KH00060,2026-04-21,233000.0
KH01058,2026-04-21,48000.0
KH00004,2026-04-21,377000.0
KH01520,2026-04-21,330000.0
KH00432,2026-04-21,437000.0
KH00233,2026-04-21,360000.0
KH00357,2026-04-21,333000.0
KH01307,2026-04-21,248000.0
KH02067,2026-04-21,360000.0
KH00041,2026-04-21,247000.0
KH02266,2026-04-21,190000.0
KH00305,2026-04-21,62000.0
KH01991,2026-04-21,131000.0
KH00441,2026-04-21,254000.0
KH01146,2026-04-21,162000.0
KH01833,2026-04-21,146000.0
KH02065,2026-04-21,58000.0
KH01136,2026-04-21,155000.0
KH02348,2026-04-21,178000.0
KH01282,2026-04-21,88000.0
KH01460,2026-04-21,97000.0
KH00936,2026-04-21,67000.0
KH00075,2026-04-21,198000.0
KH01201,2026-04-21,91000.0
KH00489,2026-04-21,294000.0
KH02036,2026-04-21,95000.0
KH00703,2026-04-21,824000.0
KH01038,2026-04-21,273000.0
KH01701,2026-04-21,164000.0
KH01556,2026-04-21,215000.0
KH01549,2026-04-21,291000.0
KH02038,2026-04-21,400000.0
KH02179,2026-04-21,40000.0
KH02264,2026-04-21,68000.0
KH00224,2026-04-21,147000.0
KH00514,2026-04-21,1186000.0
KH01916,2026-04-21,257000.0
KH00458,2026-04-21,121000.0
KH00663,2026-04-21,228000.0
KH00048,2026-04-21,57000.0
KH00775,2026-04-21,789000.0
KH00127,2026-04-21,226000.0
KH02175,2026-04-21,88000.0
KH00813,2026-04-21,359000.0
KH01612,2026-04-21,210000.0
KH00386,2026-04-21,65000.0
KH00776,2026-04-21,214000.0
KH02134,2026-04-21,700000.0
KH02164,2026-04-21,45000.0
KH01963,2026-04-21,438000.0
KH01853,2026-04-21,85000.0
KH00004,2026-04-21,88000.0
KH02210,2026-04-21,96000.0
KH00889,2026-04-21,104000.0
KH01789,2026-04-21,83000.0
KH00674,2026-04-21,139000.0
KH02388,2026-04-21,331000.0
KH00949,2026-04-21,422000.0
KH00922,2026-04-21,368000.0
KH01899,2026-04-21,601000.0
KH01519,2026-04-21,113000.0
KH00332,2026-04-21,227000.0
KH01284,2026-04-21,186000.0
KH02473,2026-04-21,75000.0
KH00991,2026-04-21,91000.0
KH01407,2026-04-21,216000.0
KH02483,2026-04-21,252000.0
KH01630,2026-04-21,57000.0
KH01494,2026-04-22,173000.0
KH01911,2026-04-22,392000.0
KH00498,2026-04-22,195000.0
KH01876,2026-04-22,231000.0
KH02057,2026-04-22,218000.0
KH00611,2026-04-22,517000.0
KH02383,2026-04-22,326000.0
KH00276,2026-04-22,415000.0
KH01622,2026-04-22,211000.0
KH00872,2026-04-22,251000.0
KH00538,2026-04-22,115000.0
KH01859,2026-04-22,110000.0
KH00141,2026-04-22,221000.0
KH02482,2026-04-22,195000.0
KH01930,2026-04-22,435000.0
KH00062,2026-04-22,206000.0
KH02091,2026-04-22,16000.0
KH01226,2026-04-22,148000.0
KH01032,2026-04-22,73000.0
KH02310,2026-04-22,162000.0
KH01793,2026-04-22,90000.0
KH00337,2026-04-22,50000.0
KH00036,2026-04-22,109000.0
KH02091,2026-04-22,48000.0
KH01899,2026-04-22,295000.0
KH02234,2026-04-22,79000.0
KH00646,2026-04-22,332000.0
KH01020,2026-04-22,62000.0
KH00405,2026-04-22,41000.0
KH00161,2026-04-22,84000.0
KH01982,2026-04-22,302000.0
KH00056,2026-04-22,206000.0
KH02121,2026-04-22,129000.0
KH01402,2026-04-22,107000.0
KH00852,2026-04-22,136000.0
KH00057,2026-04-22,193000.0
KH00121,2026-04-22,137000.0
KH01462,2026-04-22,110000.0
KH02278,2026-04-22,673000.0
KH02012,2026-04-22,296000.0
KH02152,2026-04-22,102000.0
KH01932,2026-04-22,176000.0
KH00154,2026-04-22,208000.0
KH00535,2026-04-22,187000.0
KH02275,2026-04-22,438000.0
KH00039,2026-04-22,788000.0
KH01590,2026-04-22,833000.0
KH01092,2026-04-22,132000.0
KH01408,2026-04-22,529000.0
KH00388,2026-04-22,98000.0
KH01330,2026-04-22,169000.0
KH00671,2026-04-22,260000.0
KH00364,2026-04-22,963000.0
KH00623,2026-04-22,76000.0
KH02465,2026-04-22,115000.0
KH02087,2026-04-22,89000.0
KH00872,2026-04-22,121000.0
KH01453,2026-04-22,426000.0
KH00930,2026-04-22,184000.0
KH01160,2026-04-22,165000.0
KH00624,2026-04-22,120000.0
KH00369,2026-04-22,161000.0
KH01685,2026-04-22,162000.0
KH00883,2026-04-22,363000.0
KH01251,2026-04-22,205000.0
KH00369,2026-04-22,322000.0
KH01433,2026-04-22,336000.0
KH02078,2026-04-22,348000.0
KH01420,2026-04-22,109000.0
KH00032,2026-04-22,221000.0
KH02435,2026-04-22,751000.0
KH01621,2026-04-22,114000.0
KH02062,2026-04-22,853000.0
KH02439,2026-04-22,88000.0
KH01202,2026-04-22,395000.0
KH00142,2026-04-22,264000.0
KH01004,2026-04-22,135000.0
KH00335,2026-04-22,88000.0
KH00890,2026-04-22,136000.0
KH00494,2026-04-22,46000.0
KH00546,2026-04-22,222000.0
KH01606,2026-04-22,211000.0
KH01459,2026-04-23,275000.0
KH02220,2026-04-23,370000.0
KH00327,2026-04-23,570000.0
KH01616,2026-04-23,100000.0
KH01257,2026-04-23,585000.0
KH00124,2026-04-23,109000.0
KH00915,2026-04-23,81000.0
KH02119,2026-04-23,129000.0
KH02026,2026-04-23,103000.0
KH00634,2026-04-23,302000.0
KH00183,2026-04-23,415000.0
KH01209,2026-04-23,397000.0
KH00648,2026-04-23,330000.0
KH00261,2026-04-23,397000.0
KH00868,2026-04-23,188000.0
KH01159,2026-04-23,574000.0
KH02465,2026-04-23,100000.0
KH00916,2026-04-23,147000.0
KH02457,2026-04-23,365000.0
KH00142,2026-04-23,254000.0
KH02252,2026-04-23,199000.0
KH00497,2026-04-23,112000.0
KH00731,2026-04-23,281000.0
KH02048,2026-04-23,98000.0
KH00199,2026-04-23,151000.0
KH01035,2026-04-23,94000.0
KH01628,2026-04-23,303000.0
KH01418,2026-04-23,204000.0
KH01094,2026-04-23,332000.0
KH00184,2026-04-23,284000.0
KH00334,2026-04-23,168000.0
KH02425,2026-04-23,87000.0
KH01333,2026-04-23,46000.0
KH01896,2026-04-23,374000.0
KH01836,2026-04-23,222000.0
KH01186,2026-04-23,148000.0
KH01166,2026-04-23,214000.0
KH01918,2026-04-23,290000.0
KH01032,2026-04-23,132000.0
KH00681,2026-04-23,330000.0
KH00388,2026-04-23,67000.0
KH01018,2026-04-23,412000.0
KH01373,2026-04-23,373000.0
KH00685,2026-04-23,334000.0
KH01063,2026-04-23,340000.0
KH00050,2026-04-23,460000.0
KH01429,2026-04-23,56000.0
KH01372,2026-04-23,542000.0
KH00514,2026-04-23,314000.0
KH00750,2026-04-23,230000.0
KH00584,2026-04-23,105000.0
KH02074,2026-04-23,543000.0
KH00002,2026-04-23,57000.0
KH00827,2026-04-23,160000.0
KH00001,2026-04-23,290000.0
KH00310,2026-04-23,246000.0
KH00075,2026-04-23,86000.0
KH00579,2026-04-23,80000.0
KH01093,2026-04-23,101000.0
KH01980,2026-04-23,77000.0
KH02005,2026-04-23,359000.0
KH02332,2026-04-23,266000.0
KH00176,2026-04-23,470000.0
KH01733,2026-04-23,492000.0
KH02019,2026-04-23,461000.0
KH00610,2026-04-23,285000.0
KH00348,2026-04-23,502000.0
KH00136,2026-04-23,380000.0
KH02356,2026-04-23,547000.0
KH02273,2026-04-23,461000.0
KH00936,2026-04-23,136000.0
KH02063,2026-04-23,107000.0
KH00588,2026-04-23,662000.0
KH00951,2026-04-23,191000.0
KH01301,2026-04-23,99000.0
KH01829,2026-04-23,188000.0
KH01897,2026-04-23,106000.0
KH02438,2026-04-23,143000.0
KH00565,2026-04-23,125000.0
KH00048,2026-04-23,158000.0
KH00079,2026-04-23,150000.0
KH02265,2026-04-23,389000.0
KH00233,2026-04-23,146000.0
KH01971,2026-04-23,85000.0
KH01419,2026-04-23,210000.0
KH01470,2026-04-23,200000.0
KH01829,2026-04-23,563000.0
KH02209,2026-04-23,28000.0
KH02329,2026-04-23,99000.0
KH01205,2026-04-23,108000.0
KH00318,2026-04-23,342000.0
KH00648,2026-04-24,109000.0
KH01621,2026-04-24,190000.0
KH00546,2026-04-24,167000.0
KH01753,2026-04-24,2153000.0
KH02003,2026-04-24,100000.0
KH02108,2026-04-24,198000.0
KH01543,2026-04-24,172000.0
KH01146,2026-04-24,144000.0
KH00408,2026-04-24,117000.0
KH00174,2026-04-24,97000.0
KH01904,2026-04-24,150000.0
KH01480,2026-04-24,2086000.0
KH00302,2026-04-24,342000.0
KH01851,2026-04-24,682000.0
KH00203,2026-04-24,200000.0
KH02174,2026-04-24,312000.0
KH01404,2026-04-24,807000.0
KH02493,2026-04-24,102000.0
KH00038,2026-04-24,241000.0
KH00741,2026-04-24,192000.0
KH01408,2026-04-24,71000.0
KH00936,2026-04-24,184000.0
KH01418,2026-04-24,95000.0
KH00174,2026-04-24,112000.0
KH01090,2026-04-24,780000.0
KH01920,2026-04-24,130000.0
KH01808,2026-04-24,29000.0
KH02144,2026-04-24,326000.0
KH01701,2026-04-24,313000.0
KH01668,2026-04-24,194000.0
KH01032,2026-04-24,230000.0
KH02445,2026-04-24,93000.0
KH01785,2026-04-24,117000.0
KH00869,2026-04-24,111000.0
KH00379,2026-04-24,81000.0
KH02107,2026-04-24,179000.0
KH00087,2026-04-24,178000.0
KH00487,2026-04-24,234000.0
KH01742,2026-04-24,194000.0
KH02075,2026-04-24,180000.0
KH01881,2026-04-24,199000.0
KH02481,2026-04-24,265000.0
KH00261,2026-04-24,264000.0
KH02118,2026-04-24,513000.0
KH01464,2026-04-24,418000.0
KH00278,2026-04-24,349000.0
KH01744,2026-04-24,203000.0
KH00115,2026-04-24,51000.0
KH00884,2026-04-24,201000.0
KH00185,2026-04-24,118000.0
KH00491,2026-04-24,675000.0
KH01938,2026-04-24,128000.0
KH00984,2026-04-24,188000.0
KH00060,2026-04-24,44000.0
KH00979,2026-04-24,39000.0
KH00124,2026-04-24,107000.0
KH01714,2026-04-24,362000.0
KH00082,2026-04-24,357000.0
KH01183,2026-04-24,243000.0
KH00542,2026-04-24,970000.0
KH00018,2026-04-24,74000.0
KH01024,2026-04-24,72000.0
KH00199,2026-04-24,169000.0
KH02315,2026-04-24,286000.0
KH00098,2026-04-24,436000.0
KH00984,2026-04-24,320000.0
KH02241,2026-04-24,146000.0
KH02456,2026-04-24,439000.0
KH00804,2026-04-24,252000.0
KH02391,2026-04-24,100000.0
KH00460,2026-04-24,170000.0
KH00281,2026-04-24,343000.0
KH00224,2026-04-24,211000.0
KH01500,2026-04-24,921000.0
KH01348,2026-04-24,267000.0
KH00922,2026-04-24,156000.0
KH00849,2026-04-24,77000.0
KH00075,2026-04-24,301000.0
KH00813,2026-04-24,376000.0
KH00821,2026-04-24,65000.0
KH01648,2026-04-24,228000.0
KH01066,2026-04-24,1771000.0
KH01289,2026-04-24,257000.0
KH01363,2026-04-25,203000.0
KH01263,2026-04-25,417000.0
KH02166,2026-04-25,163000.0
KH02108,2026-04-25,63000.0
KH02078,2026-04-25,1517000.0
KH01334,2026-04-25,167000.0
KH00544,2026-04-25,527000.0
KH00335,2026-04-25,238000.0
KH00698,2026-04-25,280000.0
KH00837,2026-04-25,68000.0
KH00358,2026-04-25,165000.0
KH01552,2026-04-25,206000.0
KH01996,2026-04-25,497000.0
KH02445,2026-04-25,241000.0
KH01042,2026-04-25,84000.0
KH00842,2026-04-25,45000.0
KH00742,2026-04-25,202000.0
KH01461,2026-04-25,608000.0
KH00014,2026-04-25,235000.0
KH00899,2026-04-25,143000.0
KH00286,2026-04-25,104000.0
KH00273,2026-04-25,64000.0
KH02150,2026-04-25,434000.0
KH00359,2026-04-25,77000.0
KH01807,2026-04-25,122000.0
KH02086,2026-04-25,320000.0
KH01332,2026-04-25,339000.0
KH02454,2026-04-25,271000.0
KH02444,2026-04-25,236000.0
KH00475,2026-04-25,69000.0
KH02148,2026-04-25,287000.0
KH01271,2026-04-25,484000.0
KH01183,2026-04-25,203000.0
KH02435,2026-04-25,319000.0
KH00669,2026-04-25,302000.0
KH01841,2026-04-25,392000.0
KH02264,2026-04-25,456000.0
KH00253,2026-04-25,343000.0
KH01572,2026-04-25,192000.0
KH01653,2026-04-25,85000.0
KH02310,2026-04-25,678000.0
KH01206,2026-04-25,65000.0
KH00622,2026-04-25,168000.0
KH02122,2026-04-25,145000.0
KH00871,2026-04-25,398000.0
KH01229,2026-04-25,71000.0
KH01161,2026-04-25,318000.0
KH00497,2026-04-25,583000.0
KH01110,2026-04-25,913000.0
KH02362,2026-04-25,131000.0
KH01593,2026-04-25,82000.0
KH02078,2026-04-25,141000.0
KH00698,2026-04-25,319000.0
KH01097,2026-04-25,247000.0
KH02105,2026-04-25,101000.0
KH01410,2026-04-25,102000.0
KH00350,2026-04-25,306000.0
KH01826,2026-04-25,63000.0
KH01672,2026-04-25,339000.0
KH00625,2026-04-25,141000.0
KH01090,2026-04-25,278000.0
KH02259,2026-04-25,160000.0
KH00725,2026-04-25,125000.0
KH02060,2026-04-25,230000.0
KH00954,2026-04-25,469000.0
KH00633,2026-04-25,174000.0
KH00235,2026-04-25,347000.0
KH00335,2026-04-25,254000.0
KH00744,2026-04-25,52000.0
KH00476,2026-04-25,246000.0
KH02292,2026-04-25,159000.0
KH02499,2026-04-25,455000.0
KH01077,2026-04-25,40000.0
KH00523,2026-04-25,161000.0
KH02358,2026-04-25,131000.0
KH00637,2026-04-25,222000.0
KH01933,2026-04-25,215000.0
KH00300,2026-04-25,422000.0
KH02459,2026-04-25,190000.0
KH01235,2026-04-25,445000.0
KH00771,2026-04-26,216000.0
KH01109,2026-04-26,207000.0
KH02392,2026-04-26,290000.0
KH01449,2026-04-26,209000.0
KH01356,2026-04-26,450000.0
KH01933,2026-04-26,1078000.0
KH00365,2026-04-26,66000.0
KH00044,2026-04-26,175000.0
KH00900,2026-04-26,303000.0
KH00183,2026-04-26,248000.0
KH01978,2026-04-26,872000.0
KH00131,2026-04-26,60000.0
KH01313,2026-04-26,71000.0
KH02166,2026-04-26,113000.0
KH01136,2026-04-26,126000.0
KH00197,2026-04-26,355000.0
KH02299,2026-04-26,618000.0
KH00970,2026-04-26,405000.0
KH00958,2026-04-26,46000.0
KH02052,2026-04-26,387000.0
KH00275,2026-04-26,152000.0
KH00779,2026-04-26,203000.0
KH00741,2026-04-26,202000.0
KH01782,2026-04-26,123000.0
KH02268,2026-04-26,74000.0
KH01976,2026-04-26,44000.0
KH00599,2026-04-26,286000.0
KH02264,2026-04-26,132000.0
KH01460,2026-04-26,107000.0
KH02234,2026-04-26,250000.0
KH01283,2026-04-26,239000.0
KH01346,2026-04-26,229000.0
KH00584,2026-04-26,657000.0
KH01293,2026-04-26,165000.0
KH00421,2026-04-26,107000.0
KH02105,2026-04-26,65000.0
KH01111,2026-04-26,282000.0
KH01600,2026-04-26,128000.0
KH00404,2026-04-26,92000.0
KH01470,2026-04-26,118000.0
KH01362,2026-04-26,44000.0
KH01226,2026-04-26,626000.0
KH00595,2026-04-26,171000.0
KH00984,2026-04-26,350000.0
KH01151,2026-04-26,407000.0
KH00311,2026-04-26,327000.0
KH01325,2026-04-26,175000.0
KH01640,2026-04-26,19000.0
KH00883,2026-04-26,86000.0
KH00189,2026-04-26,256000.0
KH01708,2026-04-26,479000.0
KH02357,2026-04-26,293000.0
KH01195,2026-04-26,449000.0
KH01126,2026-04-26,194000.0
KH01217,2026-04-26,191000.0
KH00717,2026-04-26,391000.0
KH02377,2026-04-26,317000.0
KH01627,2026-04-26,52000.0
KH00461,2026-04-26,171000.0
KH02346,2026-04-26,1142000.0
KH02417,2026-04-26,112000.0
KH01690,2026-04-26,380000.0
KH00986,2026-04-26,429000.0
KH01201,2026-04-26,79000.0
KH01937,2026-04-26,297000.0
KH01466,2026-04-26,538000.0
KH00590,2026-04-26,94000.0
KH02473,2026-04-26,159000.0
KH00770,2026-04-26,150000.0
KH02311,2026-04-26,78000.0
KH02018,2026-04-26,99000.0
KH01090,2026-04-26,247000.0
KH00647,2026-04-26,189000.0
KH01964,2026-04-26,120000.0
KH01387,2026-04-26,235000.0
KH00573,2026-04-26,143000.0
KH01059,2026-04-26,408000.0
KH02448,2026-04-26,62000.0
KH00890,2026-04-26,361000.0
KH01380,2026-04-26,232000.0
KH00890,2026-04-27,380000.0
KH00559,2026-04-27,142000.0
KH00291,2026-04-27,122000.0
KH00958,2026-04-27,159000.0
KH01949,2026-04-27,315000.0
KH00833,2026-04-27,108000.0
KH01170,2026-04-27,81000.0
KH00552,2026-04-27,563000.0
KH00505,2026-04-27,229000.0
KH01405,2026-04-27,216000.0
KH00842,2026-04-27,563000.0
KH02434,2026-04-27,41000.0
KH01159,2026-04-27,80000.0
KH00712,2026-04-27,155000.0
KH01216,2026-04-27,47000.0
KH00750,2026-04-27,45000.0
KH02491,2026-04-27,279000.0
KH01325,2026-04-27,1188000.0
KH00084,2026-04-27,28000.0
KH01170,2026-04-27,178000.0
KH01337,2026-04-27,271000.0
KH02194,2026-04-27,180000.0
KH00005,2026-04-27,289000.0
KH01482,2026-04-27,38000.0
KH01853,2026-04-27,101000.0
KH01349,2026-04-27,89000.0
KH02128,2026-04-27,115000.0
KH01489,2026-04-27,156000.0
KH00746,2026-04-27,77000.0
KH00988,2026-04-27,98000.0
KH01855,2026-04-27,100000.0
KH01829,2026-04-27,789000.0
KH01396,2026-04-27,77000.0
KH01514,2026-04-27,540000.0
KH00276,2026-04-27,244000.0
KH01291,2026-04-27,196000.0
KH02310,2026-04-27,159000.0
KH00396,2026-04-27,183000.0
KH01257,2026-04-27,161000.0
KH00687,2026-04-27,421000.0
KH00569,2026-04-27,384000.0
KH01709,2026-04-27,218000.0
KH01485,2026-04-27,88000.0
KH02028,2026-04-27,392000.0
KH01467,2026-04-27,270000.0
KH01409,2026-04-27,92000.0
KH01133,2026-04-27,196000.0
KH02013,2026-04-27,414000.0
KH02473,2026-04-27,50000.0
KH00595,2026-04-27,123000.0
KH00825,2026-04-27,268000.0
KH00563,2026-04-27,154000.0
KH00193,2026-04-27,365000.0
KH01323,2026-04-27,273000.0
KH00240,2026-04-27,90000.0
KH00359,2026-04-27,303000.0
KH02452,2026-04-27,167000.0
KH02303,2026-04-27,235000.0
KH00324,2026-04-27,81000.0
KH00006,2026-04-27,162000.0
KH02016,2026-04-27,176000.0
KH00235,2026-04-27,368000.0
KH01417,2026-04-27,375000.0
KH02096,2026-04-27,236000.0
KH01976,2026-04-27,401000.0
KH01144,2026-04-27,65000.0
KH00726,2026-04-27,185000.0
KH02207,2026-04-27,709000.0
KH01996,2026-04-27,214000.0
KH00214,2026-04-27,548000.0
KH01202,2026-04-27,318000.0
KH01780,2026-04-27,363000.0
KH02208,2026-04-27,68000.0
KH01495,2026-04-27,146000.0
KH01022,2026-04-27,305000.0
KH00938,2026-04-27,117000.0
KH02490,2026-04-27,273000.0
KH00603,2026-04-27,196000.0
KH01465,2026-04-27,300000.0
KH00491,2026-04-27,154000.0
KH02272,2026-04-27,337000.0
KH00659,2026-04-27,427000.0
KH01782,2026-04-27,329000.0
KH01725,2026-04-27,165000.0
KH01388,2026-04-27,305000.0
KH02250,2026-04-27,115000.0
KH01960,2026-04-27,375000.0
KH01392,2026-04-27,207000.0
KH00698,2026-04-27,82000.0
KH01254,2026-04-27,181000.0
KH01577,2026-04-27,107000.0
KH01066,2026-04-27,164000.0
KH00886,2026-04-28,88000.0
KH01902,2026-04-28,137000.0
KH01531,2026-04-28,171000.0
KH00398,2026-04-28,207000.0
KH01851,2026-04-28,156000.0
KH01136,2026-04-28,279000.0
KH00084,2026-04-28,150000.0
KH01067,2026-04-28,97000.0
KH02001,2026-04-28,264000.0
KH01347,2026-04-28,186000.0
KH00307,2026-04-28,63000.0
KH00126,2026-04-28,179000.0
KH02499,2026-04-28,170000.0
KH00074,2026-04-28,100000.0
KH01454,2026-04-28,406000.0
KH01159,2026-04-28,207000.0
KH02304,2026-04-28,601000.0
KH02063,2026-04-28,483000.0
KH00545,2026-04-28,40000.0
KH00151,2026-04-28,275000.0
KH02211,2026-04-28,370000.0
KH01856,2026-04-28,218000.0
KH02341,2026-04-28,474000.0
KH00889,2026-04-28,139000.0
KH01441,2026-04-28,135000.0
KH01879,2026-04-28,215000.0
KH00843,2026-04-28,94000.0
KH01934,2026-04-28,375000.0
KH01883,2026-04-28,140000.0
KH01186,2026-04-28,269000.0
KH00466,2026-04-28,124000.0
KH01445,2026-04-28,225000.0
KH00022,2026-04-28,172000.0
KH00922,2026-04-28,224000.0
KH02310,2026-04-28,275000.0
KH00827,2026-04-28,201000.0
KH02105,2026-04-28,209000.0
KH01354,2026-04-28,243000.0
KH01484,2026-04-28,311000.0
KH01563,2026-04-28,338000.0
KH02349,2026-04-28,105000.0
KH01351,2026-04-28,731000.0
KH00640,2026-04-28,296000.0
KH00519,2026-04-28,289000.0
KH00729,2026-04-28,305000.0
KH01408,2026-04-28,178000.0
KH01943,2026-04-28,63000.0
KH02164,2026-04-28,707000.0
KH02283,2026-04-28,44000.0
KH01083,2026-04-28,346000.0
KH01998,2026-04-28,48000.0
KH01585,2026-04-28,422000.0
KH00872,2026-04-28,558000.0
KH00832,2026-04-28,196000.0
KH00136,2026-04-28,1256000.0
KH01012,2026-04-28,213000.0
KH00252,2026-04-28,72000.0
KH01815,2026-04-28,342000.0
KH02166,2026-04-28,238000.0
KH02458,2026-04-28,483000.0
KH01230,2026-04-28,162000.0
KH00657,2026-04-28,53000.0
KH00800,2026-04-28,155000.0
KH01087,2026-04-28,78000.0
KH02005,2026-04-28,317000.0
KH02189,2026-04-28,221000.0
KH01728,2026-04-28,46000.0
KH00926,2026-04-28,92000.0
KH02359,2026-04-28,46000.0
KH00607,2026-04-29,140000.0
KH02322,2026-04-29,569000.0
KH00197,2026-04-29,211000.0
KH00388,2026-04-29,369000.0
KH00864,2026-04-29,46000.0
KH02268,2026-04-29,399000.0
KH00017,2026-04-29,236000.0
KH00214,2026-04-29,369000.0
KH01241,2026-04-29,377000.0
KH02197,2026-04-29,1378000.0
KH02044,2026-04-29,299000.0
KH01808,2026-04-29,74000.0
KH00272,2026-04-29,103000.0
KH02088,2026-04-29,241000.0
KH00833,2026-04-29,705000.0
KH02275,2026-04-29,129000.0
KH00306,2026-04-29,131000.0
KH00480,2026-04-29,350000.0
KH01371,2026-04-29,1057000.0
KH00774,2026-04-29,227000.0
KH00609,2026-04-29,298000.0
KH00316,2026-04-29,868000.0
KH00686,2026-04-29,915000.0
KH00640,2026-04-29,127000.0
KH02022,2026-04-29,139000.0
KH02255,2026-04-29,217000.0
KH01237,2026-04-29,37000.0
KH00307,2026-04-29,158000.0
KH00142,2026-04-29,386000.0
KH00341,2026-04-29,449000.0
KH00599,2026-04-29,114000.0
KH02360,2026-04-29,336000.0
KH01561,2026-04-29,226000.0
KH00117,2026-04-29,169000.0
KH00563,2026-04-29,169000.0
KH01612,2026-04-29,141000.0
KH00388,2026-04-29,459000.0
KH02370,2026-04-29,273000.0
KH00497,2026-04-29,84000.0
KH00563,2026-04-29,824000.0
KH02083,2026-04-29,357000.0
KH00038,2026-04-29,555000.0
KH00028,2026-04-29,70000.0
KH00747,2026-04-29,88000.0
KH02424,2026-04-29,227000.0
KH00408,2026-04-29,615000.0
KH01859,2026-04-29,286000.0
KH01948,2026-04-29,68000.0
KH01925,2026-04-29,447000.0
KH00778,2026-04-29,81000.0
KH00480,2026-04-29,220000.0
KH00621,2026-04-29,1320000.0
KH00430,2026-04-29,96000.0
KH01214,2026-04-29,377000.0
KH01395,2026-04-29,88000.0
KH02133,2026-04-29,41000.0
KH00738,2026-04-29,118000.0
KH00009,2026-04-29,846000.0
KH00327,2026-04-29,249000.0
KH01304,2026-04-29,247000.0
KH00272,2026-04-29,364000.0
KH02153,2026-04-29,226000.0
KH01660,2026-04-29,85000.0
KH01018,2026-04-29,62000.0
KH00211,2026-04-29,390000.0
KH00628,2026-04-29,211000.0
KH02283,2026-04-29,245000.0
KH02399,2026-04-29,61000.0
KH02391,2026-04-29,88000.0
KH01349,2026-04-29,211000.0
KH00133,2026-04-29,470000.0
KH01204,2026-04-29,221000.0
KH00310,2026-04-29,169000.0
KH02470,2026-04-29,101000.0
KH00580,2026-04-29,36000.0
KH01083,2026-04-29,277000.0
KH00512,2026-04-29,183000.0
KH01261,2026-04-29,740000.0
KH00021,2026-04-29,40000.0
KH01358,2026-04-30,166000.0
KH00054,2026-04-30,190000.0
KH01714,2026-04-30,267000.0
KH00041,2026-04-30,227000.0
KH02499,2026-04-30,127000.0
KH01995,2026-04-30,209000.0
KH01696,2026-04-30,221000.0
KH01878,2026-04-30,234000.0
KH00597,2026-04-30,413000.0
KH00282,2026-04-30,143000.0
KH00415,2026-04-30,97000.0
KH02428,2026-04-30,209000.0
KH00067,2026-04-30,93000.0
KH00996,2026-04-30,64000.0
KH00566,2026-04-30,9000.0
KH02275,2026-04-30,138000.0
KH00446,2026-04-30,45000.0
KH01183,2026-04-30,124000.0
KH00346,2026-04-30,70000.0
KH01441,2026-04-30,410000.0
KH00315,2026-04-30,341000.0
KH00240,2026-04-30,1359000.0
KH00705,2026-04-30,565000.0
KH01008,2026-04-30,237000.0
KH00559,2026-04-30,148000.0
KH01709,2026-04-30,264000.0
KH02359,2026-04-30,400000.0
KH00637,2026-04-30,225000.0
KH01443,2026-04-30,228000.0
KH00643,2026-04-30,382000.0
KH01884,2026-04-30,1158000.0
KH01941,2026-04-30,244000.0
KH01047,2026-04-30,365000.0
KH01381,2026-04-30,157000.0
KH01118,2026-04-30,357000.0
KH01525,2026-04-30,218000.0
KH00171,2026-04-30,74000.0
KH00112,2026-04-30,82000.0
KH01835,2026-04-30,143000.0
KH01261,2026-04-30,322000.0
KH00697,2026-04-30,262000.0
KH00748,2026-04-30,291000.0
KH01791,2026-04-30,229000.0
KH02273,2026-04-30,70000.0
KH00565,2026-04-30,331000.0
KH00593,2026-04-30,408000.0
KH00954,2026-04-30,159000.0
KH00856,2026-04-30,59000.0
KH02428,2026-04-30,43000.0
KH00963,2026-04-30,366000.0
KH00543,2026-04-30,458000.0
KH01239,2026-04-30,301000.0
KH00218,2026-04-30,281000.0
KH00972,2026-04-30,257000.0
KH01893,2026-04-30,440000.0
KH00582,2026-04-30,368000.0
KH01346,2026-04-30,183000.0
KH00100,2026-04-30,474000.0
KH00657,2026-04-30,97000.0
KH00662,2026-04-30,414000.0
KH02060,2026-04-30,103000.0
KH01441,2026-04-30,247000.0
KH00695,2026-04-30,146000.0
KH01667,2026-04-30,48000.0
KH01982,2026-04-30,245000.0
KH01053,2026-04-30,428000.0
KH00183,2026-04-30,288000.0
KH00579,2026-04-30,80000.0
KH00933,2026-04-30,229000.0
KH01487,2026-04-30,393000.0
KH00912,2026-04-30,287000.0
KH00386,2026-04-30,300000.0
KH00821,2026-04-30,266000.0
KH00869,2026-04-30,247000.0
KH00799,2026-04-30,300000.0
KH01094,2026-05-01,242000.0
KH00351,2026-05-01,79000.0
KH00526,2026-05-01,38000.0
KH01201,2026-05-01,63000.0
KH02422,2026-05-01,692000.0
KH01341,2026-05-01,99000.0
KH02134,2026-05-01,127000.0
KH01445,2026-05-01,479000.0
KH01495,2026-05-01,172000.0
KH00647,2026-05-01,372000.0
KH02208,2026-05-01,139000.0
KH00415,2026-05-01,134000.0
KH00460,2026-05-01,258000.0
KH01397,2026-05-01,149000.0
KH00327,2026-05-01,101000.0
KH00796,2026-05-01,56000.0
KH02194,2026-05-01,158000.0
KH02083,2026-05-01,52000.0
KH02359,2026-05-01,726000.0
KH02483,2026-05-01,132000.0
KH00620,2026-05-01,592000.0
KH00961,2026-05-01,345000.0
KH01582,2026-05-01,487000.0
KH00661,2026-05-01,160000.0
KH02028,2026-05-01,129000.0
KH00809,2026-05-01,136000.0
KH00680,2026-05-01,229000.0
KH01146,2026-05-01,426000.0
KH01416,2026-05-01,228000.0
KH00102,2026-05-01,133000.0
KH00989,2026-05-01,234000.0
KH01335,2026-05-01,491000.0
KH00102,2026-05-01,394000.0
KH01206,2026-05-01,77000.0
KH01678,2026-05-01,479000.0
KH01267,2026-05-01,251000.0
KH01516,2026-05-01,123000.0
KH00115,2026-05-01,112000.0
KH00126,2026-05-01,524000.0
KH01232,2026-05-01,455000.0
KH01415,2026-05-01,77000.0
KH02203,2026-05-01,298000.0
KH00202,2026-05-01,860000.0
KH02196,2026-05-01,190000.0
KH01424,2026-05-01,58000.0
KH02420,2026-05-01,390000.0
KH01718,2026-05-01,235000.0
KH00136,2026-05-01,232000.0
KH01159,2026-05-01,125000.0
KH02303,2026-05-01,227000.0
KH00184,2026-05-01,148000.0
KH01667,2026-05-01,200000.0
KH00197,2026-05-01,127000.0
KH01778,2026-05-01,147000.0
KH01773,2026-05-01,335000.0
KH00098,2026-05-01,73000.0
KH00089,2026-05-01,426000.0
KH01993,2026-05-01,99000.0
KH01506,2026-05-01,110000.0
KH01911,2026-05-01,126000.0
KH00141,2026-05-01,47000.0
KH00333,2026-05-01,164000.0
KH00407,2026-05-01,93000.0
KH01383,2026-05-01,120000.0
KH02194,2026-05-01,202000.0
KH01571,2026-05-02,71000.0
KH00402,2026-05-02,178000.0
KH01038,2026-05-02,441000.0
KH01647,2026-05-02,215000.0
KH02265,2026-05-02,145000.0
KH02338,2026-05-02,295000.0
KH01035,2026-05-02,110000.0
KH00291,2026-05-02,753000.0
KH00929,2026-05-02,210000.0
KH00506,2026-05-02,30000.0
KH02308,2026-05-02,284000.0
KH02111,2026-05-02,139000.0
KH02368,2026-05-02,141000.0
KH01680,2026-05-02,1278000.0
KH01893,2026-05-02,34000.0
KH01681,2026-05-02,66000.0
KH02166,2026-05-02,221000.0
KH02368,2026-05-02,164000.0
KH02431,2026-05-02,91000.0
KH00515,2026-05-02,158000.0
KH02067,2026-05-02,64000.0
KH01789,2026-05-02,189000.0
KH02061,2026-05-02,59000.0
KH02358,2026-05-02,195000.0
KH02311,2026-05-02,139000.0
KH00305,2026-05-02,383000.0
KH00317,2026-05-02,21000.0
KH01782,2026-05-02,273000.0
KH00491,2026-05-02,171000.0
KH02253,2026-05-02,305000.0
KH00696,2026-05-02,245000.0
KH01593,2026-05-02,268000.0
KH02194,2026-05-02,136000.0
KH01889,2026-05-02,311000.0
KH02224,2026-05-02,218000.0
KH00607,2026-05-02,74000.0
KH00994,2026-05-02,363000.0
KH01627,2026-05-02,273000.0
KH01812,2026-05-02,351000.0
KH01925,2026-05-02,98000.0
KH01828,2026-05-02,300000.0
KH00520,2026-05-02,103000.0
KH02023,2026-05-02,169000.0
KH01239,2026-05-02,503000.0
KH02380,2026-05-02,308000.0
KH01225,2026-05-02,884000.0
KH00499,2026-05-02,92000.0
KH01500,2026-05-02,204000.0
KH01968,2026-05-02,100000.0
KH00181,2026-05-02,441000.0
KH00891,2026-05-02,288000.0
KH01771,2026-05-02,523000.0
KH02274,2026-05-02,550000.0
KH02166,2026-05-02,149000.0
KH00313,2026-05-02,96000.0
KH01506,2026-05-02,397000.0
KH00690,2026-05-02,359000.0
KH01373,2026-05-02,486000.0
KH00863,2026-05-02,646000.0
KH02048,2026-05-02,272000.0
KH02095,2026-05-02,436000.0
KH02092,2026-05-02,51000.0
KH01938,2026-05-02,170000.0
KH02129,2026-05-02,178000.0
KH00102,2026-05-02,124000.0
KH01934,2026-05-02,258000.0
KH01573,2026-05-02,241000.0
KH00145,2026-05-02,441000.0
KH00778,2026-05-02,224000.0
KH02167,2026-05-02,136000.0
KH01482,2026-05-03,111000.0
KH01821,2026-05-03,123000.0
KH02471,2026-05-03,170000.0
KH00647,2026-05-03,349000.0
KH00115,2026-05-03,749000.0
KH02299,2026-05-03,25000.0
KH01975,2026-05-03,231000.0
KH01713,2026-05-03,267000.0
KH00467,2026-05-03,111000.0
KH00829,2026-05-03,79000.0
KH00993,2026-05-03,276000.0
KH01998,2026-05-03,340000.0
KH00828,2026-05-03,128000.0
KH00306,2026-05-03,490000.0
KH00722,2026-05-03,166000.0
KH00335,2026-05-03,151000.0
KH01805,2026-05-03,150000.0
KH00388,2026-05-03,129000.0
KH01525,2026-05-03,692000.0
KH01852,2026-05-03,39000.0
KH01550,2026-05-03,91000.0
KH02334,2026-05-03,294000.0
KH01973,2026-05-03,200000.0
KH01262,2026-05-03,116000.0
KH01283,2026-05-03,57000.0
KH00828,2026-05-03,80000.0
KH00512,2026-05-03,495000.0
KH01199,2026-05-03,90000.0
KH01492,2026-05-03,101000.0
KH01690,2026-05-03,465000.0
KH00219,2026-05-03,191000.0
KH01850,2026-05-03,80000.0
KH00984,2026-05-03,224000.0
KH01958,2026-05-03,237000.0
KH00457,2026-05-03,813000.0
KH02400,2026-05-03,511000.0
KH00194,2026-05-03,1338000.0
KH02400,2026-05-03,152000.0
KH02153,2026-05-03,194000.0
KH01023,2026-05-03,223000.0
KH01554,2026-05-03,333000.0
KH00648,2026-05-03,864000.0
KH02070,2026-05-03,318000.0
KH00961,2026-05-03,875000.0
KH01232,2026-05-03,381000.0
KH00575,2026-05-03,222000.0
KH00276,2026-05-03,179000.0
KH02077,2026-05-03,524000.0
KH01690,2026-05-03,1176000.0
KH00119,2026-05-03,122000.0
KH00638,2026-05-03,258000.0
KH02354,2026-05-03,485000.0
KH01672,2026-05-03,72000.0
KH00703,2026-05-03,102000.0
KH00703,2026-05-03,745000.0
KH00373,2026-05-03,430000.0
KH00665,2026-05-03,114000.0
KH01437,2026-05-03,333000.0
KH00388,2026-05-03,289000.0
KH00115,2026-05-03,183000.0
KH02129,2026-05-03,421000.0
KH02122,2026-05-03,103000.0
KH01958,2026-05-03,138000.0
KH02175,2026-05-03,163000.0
KH02361,2026-05-03,34000.0
KH00200,2026-05-03,199000.0
KH01412,2026-05-03,271000.0
KH02311,2026-05-03,212000.0
KH02182,2026-05-03,316000.0
KH00989,2026-05-03,224000.0
KH01595,2026-05-03,151000.0
KH01971,2026-05-03,189000.0
KH00043,2026-05-03,226000.0
KH01641,2026-05-03,163000.0
KH00536,2026-05-03,113000.0
KH01588,2026-05-03,52000.0
KH01916,2026-05-03,212000.0
KH00537,2026-05-03,31000.0
KH00503,2026-05-03,146000.0
KH01392,2026-05-03,180000.0
KH00885,2026-05-04,430000.0
KH00152,2026-05-04,234000.0
KH01860,2026-05-04,107000.0
KH02402,2026-05-04,136000.0
KH02032,2026-05-04,205000.0
KH02062,2026-05-04,96000.0
KH00686,2026-05-04,167000.0
KH02271,2026-05-04,108000.0
KH00941,2026-05-04,136000.0
KH00329,2026-05-04,105000.0
KH02078,2026-05-04,128000.0
KH02248,2026-05-04,249000.0
KH01039,2026-05-04,461000.0
KH00240,2026-05-04,1597000.0
KH02230,2026-05-04,444000.0
KH00997,2026-05-04,338000.0
KH00808,2026-05-04,110000.0
KH00856,2026-05-04,132000.0
KH01967,2026-05-04,153000.0
KH00519,2026-05-04,161000.0
KH00778,2026-05-04,84000.0
KH00022,2026-05-04,138000.0
KH00499,2026-05-04,123000.0
KH02198,2026-05-04,32000.0
KH01397,2026-05-04,253000.0
KH02038,2026-05-04,462000.0
KH02486,2026-05-04,208000.0
KH02362,2026-05-04,49000.0
KH00365,2026-05-04,116000.0
KH01531,2026-05-04,136000.0
KH00313,2026-05-04,425000.0
KH00198,2026-05-04,248000.0
KH00149,2026-05-04,210000.0
KH01881,2026-05-04,181000.0
KH01914,2026-05-04,123000.0
KH01203,2026-05-04,237000.0
KH02500,2026-05-04,157000.0
KH00027,2026-05-04,299000.0
KH00538,2026-05-04,288000.0
KH00382,2026-05-04,44000.0
KH01849,2026-05-04,186000.0
KH01427,2026-05-04,927000.0
KH01714,2026-05-04,88000.0
KH01805,2026-05-04,122000.0
KH01760,2026-05-04,80000.0
KH01120,2026-05-04,560000.0
KH01826,2026-05-04,153000.0
KH01475,2026-05-04,90000.0
KH00448,2026-05-04,76000.0
KH02109,2026-05-04,196000.0
KH01603,2026-05-04,75000.0
KH02116,2026-05-04,356000.0
KH02086,2026-05-04,108000.0
KH00263,2026-05-04,58000.0
KH01137,2026-05-04,417000.0
KH01825,2026-05-04,130000.0
KH01701,2026-05-04,106000.0
KH01643,2026-05-04,445000.0
KH01815,2026-05-04,200000.0
KH01535,2026-05-04,102000.0
KH02120,2026-05-04,400000.0
KH01547,2026-05-04,478000.0
KH01220,2026-05-04,145000.0
KH02081,2026-05-04,311000.0
KH00024,2026-05-04,287000.0
KH00580,2026-05-04,148000.0
KH00454,2026-05-04,1468000.0
KH02382,2026-05-04,155000.0
KH01037,2026-05-04,78000.0
KH00697,2026-05-04,283000.0
KH00119,2026-05-04,463000.0
KH02062,2026-05-04,382000.0
KH01896,2026-05-04,366000.0
KH01337,2026-05-04,504000.0
KH00852,2026-05-04,187000.0
KH00655,2026-05-04,94000.0
KH02400,2026-05-04,97000.0
KH02123,2026-05-04,129000.0
KH00979,2026-05-04,135000.0
KH02068,2026-05-05,97000.0
KH02351,2026-05-05,830000.0
KH02403,2026-05-05,243000.0
KH00645,2026-05-05,138000.0
KH00526,2026-05-05,183000.0
KH00754,2026-05-05,152000.0
KH00044,2026-05-05,798000.0
KH00827,2026-05-05,584000.0
KH01324,2026-05-05,60000.0
KH01853,2026-05-05,100000.0
KH00780,2026-05-05,510000.0
KH00183,2026-05-05,337000.0
KH00912,2026-05-05,182000.0
KH00133,2026-05-05,85000.0
KH00124,2026-05-05,135000.0
KH00382,2026-05-05,224000.0
KH02479,2026-05-05,337000.0
KH00365,2026-05-05,339000.0
KH00377,2026-05-05,38000.0
KH01093,2026-05-05,122000.0
KH00657,2026-05-05,194000.0
KH01146,2026-05-05,430000.0
KH01863,2026-05-05,210000.0
KH00199,2026-05-05,326000.0
KH01624,2026-05-05,184000.0
KH01427,2026-05-05,72000.0
KH01705,2026-05-05,136000.0
KH00580,2026-05-05,301000.0
KH01136,2026-05-05,142000.0
KH01296,2026-05-05,105000.0
KH01876,2026-05-05,196000.0
KH00615,2026-05-05,222000.0
KH01930,2026-05-05,220000.0
KH01599,2026-05-05,257000.0
KH00773,2026-05-05,174000.0
KH01751,2026-05-05,108000.0
KH01058,2026-05-05,199000.0
KH01571,2026-05-05,94000.0
KH02003,2026-05-05,200000.0
KH01649,2026-05-05,439000.0
KH01561,2026-05-05,247000.0
KH02199,2026-05-05,127000.0
KH01918,2026-05-05,239000.0
KH00145,2026-05-05,239000.0
KH00377,2026-05-05,103000.0
KH01363,2026-05-05,106000.0
KH01853,2026-05-05,200000.0
KH00410,2026-05-05,199000.0
KH01151,2026-05-05,129000.0
KH02298,2026-05-05,80000.0
KH02401,2026-05-05,204000.0
KH01778,2026-05-05,107000.0
KH02107,2026-05-05,958000.0
KH00069,2026-05-05,313000.0
KH00868,2026-05-05,154000.0
KH00166,2026-05-05,219000.0
KH00808,2026-05-05,412000.0
KH00538,2026-05-05,132000.0
KH01178,2026-05-05,1197000.0
KH00115,2026-05-05,90000.0
KH00252,2026-05-05,289000.0
KH00267,2026-05-05,270000.0
KH02047,2026-05-05,306000.0
KH01265,2026-05-05,112000.0
KH00903,2026-05-05,315000.0
KH00649,2026-05-05,355000.0
KH01135,2026-05-05,70000.0
KH01801,2026-05-05,119000.0
KH00198,2026-05-05,234000.0
KH02292,2026-05-05,958000.0
KH00900,2026-05-05,397000.0
KH00279,2026-05-05,458000.0
KH01821,2026-05-05,263000.0
KH00775,2026-05-05,317000.0
KH01164,2026-05-05,95000.0
KH00887,2026-05-05,160000.0
KH01824,2026-05-05,321000.0
KH00294,2026-05-05,731000.0
KH00014,2026-05-05,30000.0
KH02353,2026-05-05,816000.0
KH00506,2026-05-05,79000.0
KH01933,2026-05-05,260000.0
KH00989,2026-05-05,67000.0
KH00203,2026-05-05,91000.0
KH01602,2026-05-05,105000.0
KH01638,2026-05-05,80000.0
KH00214,2026-05-05,285000.0
KH00747,2026-05-05,153000.0
KH01465,2026-05-05,73000.0
KH00526,2026-05-05,286000.0
KH00392,2026-05-05,323000.0
KH00359,2026-05-05,254000.0
KH00254,2026-05-05,216000.0
KH01327,2026-05-06,246000.0
KH02367,2026-05-06,115000.0
KH01508,2026-05-06,64000.0
KH01303,2026-05-06,290000.0
KH01244,2026-05-06,401000.0
KH00248,2026-05-06,349000.0
KH00815,2026-05-06,257000.0
KH02166,2026-05-06,186000.0
KH02387,2026-05-06,148000.0
KH02397,2026-05-06,268000.0
KH01458,2026-05-06,375000.0
KH01576,2026-05-06,67000.0
KH01849,2026-05-06,100000.0
KH00570,2026-05-06,491000.0
KH00354,2026-05-06,50000.0
KH01002,2026-05-06,245000.0
KH00484,2026-05-06,362000.0
KH00616,2026-05-06,42000.0
KH01309,2026-05-06,164000.0
KH01727,2026-05-06,164000.0
KH01267,2026-05-06,36000.0
KH02294,2026-05-06,58000.0
KH00998,2026-05-06,330000.0
KH01241,2026-05-06,57000.0
KH01535,2026-05-06,493000.0
KH02321,2026-05-06,263000.0
KH00125,2026-05-06,236000.0
KH00934,2026-05-06,92000.0
KH02360,2026-05-06,1109000.0
KH00766,2026-05-06,459000.0
KH02344,2026-05-06,69000.0
KH00530,2026-05-06,547000.0
KH00071,2026-05-06,337000.0
KH00004,2026-05-06,293000.0
KH00642,2026-05-06,76000.0
KH01549,2026-05-06,100000.0
KH01719,2026-05-06,163000.0
KH02224,2026-05-06,124000.0
KH01084,2026-05-06,222000.0
KH01805,2026-05-06,491000.0
KH00028,2026-05-06,28000.0
KH00132,2026-05-06,38000.0
KH00546,2026-05-06,234000.0
KH01802,2026-05-06,86000.0
KH00151,2026-05-06,89000.0
KH01967,2026-05-06,567000.0
KH00622,2026-05-06,137000.0
KH00116,2026-05-06,486000.0
KH01866,2026-05-06,182000.0
KH02248,2026-05-06,189000.0
KH02380,2026-05-06,488000.0
KH01728,2026-05-06,535000.0
KH00680,2026-05-06,286000.0
KH02402,2026-05-06,48000.0
KH01374,2026-05-06,175000.0
KH01283,2026-05-06,364000.0
KH01388,2026-05-06,165000.0
KH01290,2026-05-06,431000.0
KH02372,2026-05-06,282000.0
KH01600,2026-05-06,268000.0
KH00901,2026-05-06,50000.0
KH02376,2026-05-06,143000.0
KH01230,2026-05-06,303000.0
KH01736,2026-05-06,161000.0
KH00732,2026-05-06,123000.0
KH01412,2026-05-06,353000.0
KH00646,2026-05-06,159000.0
KH01473,2026-05-06,53000.0
KH00171,2026-05-06,165000.0
KH00016,2026-05-06,89000.0
KH02002,2026-05-06,767000.0
KH01656,2026-05-06,181000.0
KH02050,2026-05-06,132000.0
KH01239,2026-05-06,288000.0
KH02400,2026-05-06,86000.0
KH02164,2026-05-06,243000.0
KH02047,2026-05-06,75000.0
KH00278,2026-05-06,148000.0
KH00197,2026-05-06,315000.0
KH00971,2026-05-06,24000.0
KH00921,2026-05-06,366000.0
KH01331,2026-05-06,753000.0
KH02332,2026-05-06,160000.0
KH01169,2026-05-06,1445000.0
KH00537,2026-05-06,139000.0
KH01983,2026-05-06,756000.0
KH02459,2026-05-06,163000.0
KH00235,2026-05-07,133000.0
KH01450,2026-05-07,583000.0
KH00613,2026-05-07,261000.0
KH02358,2026-05-07,368000.0
KH00066,2026-05-07,523000.0
KH01495,2026-05-07,183000.0
KH01248,2026-05-07,76000.0
KH00772,2026-05-07,66000.0
KH02374,2026-05-07,61000.0
KH01701,2026-05-07,390000.0
KH02039,2026-05-07,172000.0
KH02090,2026-05-07,251000.0
KH02362,2026-05-07,195000.0
KH01751,2026-05-07,303000.0
KH02479,2026-05-07,463000.0
KH01287,2026-05-07,1143000.0
KH01619,2026-05-07,261000.0
KH02131,2026-05-07,105000.0
KH00773,2026-05-07,52000.0
KH00936,2026-05-07,132000.0
KH00908,2026-05-07,88000.0
KH01062,2026-05-07,61000.0
KH01765,2026-05-07,250000.0
KH00299,2026-05-07,124000.0
KH01424,2026-05-07,254000.0
KH02230,2026-05-07,295000.0
KH01109,2026-05-07,247000.0
KH00199,2026-05-07,327000.0
KH02098,2026-05-07,750000.0
KH01401,2026-05-07,155000.0
KH00190,2026-05-07,249000.0
KH00940,2026-05-07,109000.0
KH01169,2026-05-07,143000.0
KH00773,2026-05-07,40000.0
KH02134,2026-05-07,37000.0
KH02392,2026-05-07,215000.0
KH02169,2026-05-07,44000.0
KH00786,2026-05-07,34000.0
KH01991,2026-05-07,602000.0
KH01239,2026-05-07,151000.0
KH00397,2026-05-07,275000.0
KH01829,2026-05-07,453000.0
KH02092,2026-05-07,233000.0
KH02491,2026-05-07,84000.0
KH01705,2026-05-07,715000.0
KH00338,2026-05-07,122000.0
KH01796,2026-05-07,145000.0
KH01209,2026-05-07,56000.0
KH01641,2026-05-07,235000.0
KH00917,2026-05-07,36000.0
KH00526,2026-05-07,369000.0
KH02125,2026-05-07,410000.0
KH00857,2026-05-07,274000.0
KH00575,2026-05-07,35000.0
KH00690,2026-05-07,376000.0
KH01302,2026-05-07,125000.0
KH02473,2026-05-07,194000.0
KH01014,2026-05-07,26000.0
KH01744,2026-05-07,375000.0
KH01839,2026-05-07,78000.0
KH02292,2026-05-07,48000.0
KH02206,2026-05-07,350000.0
KH02270,2026-05-07,115000.0
KH01441,2026-05-07,165000.0
KH00239,2026-05-07,634000.0
KH02215,2026-05-07,439000.0
KH00573,2026-05-07,280000.0
KH02273,2026-05-07,293000.0
KH00117,2026-05-07,87000.0
KH02140,2026-05-07,107000.0
KH02292,2026-05-07,528000.0
KH00901,2026-05-07,577000.0
KH00604,2026-05-07,508000.0
KH01000,2026-05-08,65000.0
KH00387,2026-05-08,299000.0
KH00555,2026-05-08,238000.0
KH02190,2026-05-08,262000.0
KH01546,2026-05-08,161000.0
KH00173,2026-05-08,249000.0
KH00012,2026-05-08,51000.0
KH00062,2026-05-08,287000.0
KH01935,2026-05-08,231000.0
KH02397,2026-05-08,115000.0
KH00396,2026-05-08,953000.0
KH00126,2026-05-08,120000.0
KH01022,2026-05-08,337000.0
KH00543,2026-05-08,203000.0
KH01798,2026-05-08,186000.0
KH02030,2026-05-08,113000.0
KH01241,2026-05-08,74000.0
KH02153,2026-05-08,608000.0
KH00744,2026-05-08,228000.0
KH00171,2026-05-08,510000.0
KH02426,2026-05-08,304000.0
KH02028,2026-05-08,120000.0
KH00582,2026-05-08,256000.0
KH01257,2026-05-08,66000.0
KH00427,2026-05-08,222000.0
KH01896,2026-05-08,203000.0
KH01022,2026-05-08,575000.0
KH01322,2026-05-08,60000.0
KH00421,2026-05-08,100000.0
KH01095,2026-05-08,65000.0
KH00833,2026-05-08,60000.0
KH00197,2026-05-08,226000.0
KH00749,2026-05-08,123000.0
KH01614,2026-05-08,396000.0
KH01054,2026-05-08,197000.0
KH02037,2026-05-08,327000.0
KH00141,2026-05-08,343000.0
KH02146,2026-05-08,254000.0
KH00837,2026-05-08,235000.0
KH00448,2026-05-08,112000.0
KH00857,2026-05-08,334000.0
KH00434,2026-05-08,285000.0
KH00976,2026-05-08,93000.0
KH00880,2026-05-08,201000.0
KH00634,2026-05-08,1271000.0
KH00359,2026-05-08,109000.0
KH02037,2026-05-08,123000.0
KH01062,2026-05-08,159000.0
KH00555,2026-05-08,455000.0
KH01418,2026-05-08,129000.0
KH01409,2026-05-08,567000.0
KH00607,2026-05-08,260000.0
KH00086,2026-05-08,211000.0
KH00986,2026-05-08,522000.0
KH00875,2026-05-08,98000.0
KH00397,2026-05-08,259000.0
KH01963,2026-05-08,443000.0
KH01725,2026-05-08,287000.0
KH01254,2026-05-08,75000.0
KH00685,2026-05-08,1014000.0
KH00669,2026-05-08,360000.0
KH00530,2026-05-08,89000.0
KH01002,2026-05-08,198000.0
KH01770,2026-05-08,123000.0
KH02078,2026-05-08,375000.0
KH00795,2026-05-08,177000.0
KH00165,2026-05-08,178000.0
KH01559,2026-05-08,126000.0
KH01708,2026-05-08,154000.0
KH00109,2026-05-08,314000.0
KH01678,2026-05-08,89000.0
KH02112,2026-05-08,92000.0
KH00411,2026-05-08,616000.0
KH01183,2026-05-08,553000.0
KH00857,2026-05-08,368000.0
KH00064,2026-05-08,182000.0
KH00815,2026-05-08,251000.0
KH01844,2026-05-08,221000.0
KH01335,2026-05-08,185000.0
KH00653,2026-05-08,280000.0
KH00209,2026-05-08,151000.0
KH00840,2026-05-08,370000.0
KH02407,2026-05-08,86000.0
KH00559,2026-05-08,246000.0
KH02321,2026-05-08,692000.0
KH01811,2026-05-08,50000.0
KH00755,2026-05-08,295000.0
KH02077,2026-05-08,225000.0
KH00043,2026-05-08,266000.0
KH01825,2026-05-08,70000.0
KH01595,2026-05-08,127000.0
KH00248,2026-05-08,223000.0
KH00567,2026-05-08,46000.0
KH01500,2026-05-08,117000.0
KH02270,2026-05-08,166000.0
KH00151,2026-05-09,655000.0
KH01814,2026-05-09,146000.0
KH01595,2026-05-09,129000.0
KH02259,2026-05-09,455000.0
KH01122,2026-05-09,479000.0
KH01574,2026-05-09,374000.0
KH00487,2026-05-09,231000.0
KH02166,2026-05-09,545000.0
KH00770,2026-05-09,231000.0
KH01283,2026-05-09,246000.0
KH01995,2026-05-09,889000.0
KH02194,2026-05-09,53000.0
KH01473,2026-05-09,249000.0
KH01996,2026-05-09,89000.0
KH01747,2026-05-09,94000.0
KH00584,2026-05-09,232000.0
KH01561,2026-05-09,182000.0
KH00338,2026-05-09,755000.0
KH01674,2026-05-09,91000.0
KH01372,2026-05-09,458000.0
KH01751,2026-05-09,138000.0
KH01595,2026-05-09,141000.0
KH01377,2026-05-09,98000.0
KH01752,2026-05-09,158000.0
KH01880,2026-05-09,133000.0
KH02340,2026-05-09,65000.0
KH01473,2026-05-09,339000.0
KH02086,2026-05-09,162000.0
KH00975,2026-05-09,521000.0
KH00649,2026-05-09,236000.0
KH00800,2026-05-09,446000.0
KH00718,2026-05-09,49000.0
KH00843,2026-05-09,118000.0
KH02037,2026-05-09,115000.0
KH01490,2026-05-09,137000.0
KH02013,2026-05-09,875000.0
KH01897,2026-05-09,1066000.0
KH00367,2026-05-09,108000.0
KH01829,2026-05-09,337000.0
KH00618,2026-05-09,297000.0
KH00388,2026-05-09,477000.0
KH01004,2026-05-09,130000.0
KH01640,2026-05-09,102000.0
KH02060,2026-05-09,430000.0
KH00386,2026-05-09,233000.0
KH01400,2026-05-09,101000.0
KH00958,2026-05-09,79000.0
KH02100,2026-05-09,143000.0
KH00287,2026-05-09,15000.0
KH00559,2026-05-09,152000.0
KH01543,2026-05-09,206000.0
KH01916,2026-05-09,290000.0
KH01022,2026-05-09,260000.0
KH00579,2026-05-09,1046000.0
KH01885,2026-05-09,67000.0
KH00825,2026-05-09,29000.0
KH00637,2026-05-09,164000.0
KH00789,2026-05-09,161000.0
KH01557,2026-05-09,184000.0
KH01063,2026-05-09,271000.0
KH00634,2026-05-09,135000.0
KH00636,2026-05-09,27000.0
KH00655,2026-05-09,45000.0
KH01617,2026-05-09,184000.0
KH00548,2026-05-09,87000.0
KH00858,2026-05-09,589000.0
KH01773,2026-05-09,646000.0
KH00338,2026-05-09,496000.0
KH00884,2026-05-09,182000.0
KH02153,2026-05-09,65000.0
KH00845,2026-05-09,459000.0
KH00432,2026-05-09,219000.0
KH02189,2026-05-09,306000.0
KH00240,2026-05-09,352000.0
KH01647,2026-05-09,311000.0
KH01464,2026-05-09,36000.0
KH00694,2026-05-09,89000.0
KH02367,2026-05-09,266000.0
KH02067,2026-05-09,162000.0
KH01397,2026-05-09,202000.0
KH01982,2026-05-09,396000.0
KH01808,2026-05-10,535000.0
KH01324,2026-05-10,67000.0
KH00093,2026-05-10,185000.0
KH01268,2026-05-10,61000.0
KH00378,2026-05-10,111000.0
KH02293,2026-05-10,315000.0
KH00391,2026-05-10,172000.0
KH01520,2026-05-10,252000.0
KH02310,2026-05-10,370000.0
KH01747,2026-05-10,145000.0
KH02461,2026-05-10,413000.0
KH00576,2026-05-10,602000.0
KH01158,2026-05-10,356000.0
KH00458,2026-05-10,462000.0
KH00828,2026-05-10,385000.0
KH01949,2026-05-10,758000.0
KH00460,2026-05-10,196000.0
KH00146,2026-05-10,128000.0
KH02151,2026-05-10,632000.0
KH01265,2026-05-10,88000.0
KH00116,2026-05-10,157000.0
KH01729,2026-05-10,93000.0
KH01118,2026-05-10,110000.0
KH01342,2026-05-10,117000.0
KH01487,2026-05-10,65000.0
KH00739,2026-05-10,381000.0
KH02179,2026-05-10,61000.0
KH00578,2026-05-10,91000.0
KH00548,2026-05-10,134000.0
KH01569,2026-05-10,101000.0
KH01492,2026-05-10,286000.0
KH00804,2026-05-10,199000.0
KH01279,2026-05-10,562000.0
KH01761,2026-05-10,56000.0
KH00432,2026-05-10,136000.0
KH01218,2026-05-10,134000.0
KH01109,2026-05-10,382000.0
KH01770,2026-05-10,572000.0
KH01940,2026-05-10,312000.0
KH00748,2026-05-10,225000.0
KH00655,2026-05-10,151000.0
KH00681,2026-05-10,435000.0
KH02123,2026-05-10,211000.0
KH02144,2026-05-10,52000.0
KH02209,2026-05-10,287000.0
KH00184,2026-05-10,327000.0
KH00104,2026-05-10,129000.0
KH01505,2026-05-10,153000.0
KH00514,2026-05-10,359000.0
KH02125,2026-05-10,410000.0
KH01298,2026-05-10,74000.0
KH01620,2026-05-10,184000.0
KH00103,2026-05-10,55000.0
KH00434,2026-05-10,260000.0
KH00950,2026-05-10,242000.0
KH00950,2026-05-10,285000.0
KH02095,2026-05-10,1023000.0
KH01342,2026-05-10,520000.0
KH00202,2026-05-10,155000.0
KH00991,2026-05-10,161000.0
KH00744,2026-05-10,178000.0
KH01358,2026-05-10,278000.0
KH01146,2026-05-10,337000.0
KH02285,2026-05-10,134000.0
KH00644,2026-05-10,171000.0
KH00544,2026-05-10,632000.0
KH00386,2026-05-10,549000.0
KH01114,2026-05-10,158000.0
KH00173,2026-05-10,374000.0
KH01148,2026-05-10,703000.0
KH01045,2026-05-10,166000.0
KH00526,2026-05-10,158000.0
KH02031,2026-05-11,131000.0
KH00261,2026-05-11,239000.0
KH00345,2026-05-11,184000.0
KH00950,2026-05-11,513000.0
KH02133,2026-05-11,244000.0
KH02207,2026-05-11,265000.0
KH00555,2026-05-11,41000.0
KH00749,2026-05-11,257000.0
KH01346,2026-05-11,143000.0
KH01422,2026-05-11,104000.0
KH00573,2026-05-11,312000.0
KH00877,2026-05-11,299000.0
KH00414,2026-05-11,154000.0
KH00742,2026-05-11,368000.0
KH00795,2026-05-11,70000.0
KH00235,2026-05-11,327000.0
KH00920,2026-05-11,213000.0
KH00100,2026-05-11,38000.0
KH00604,2026-05-11,125000.0
KH01351,2026-05-11,203000.0
KH02454,2026-05-11,158000.0
KH02360,2026-05-11,278000.0
KH00272,2026-05-11,567000.0
KH00749,2026-05-11,186000.0
KH01588,2026-05-11,113000.0
KH00233,2026-05-11,84000.0
KH00165,2026-05-11,127000.0
KH01369,2026-05-11,354000.0
KH00119,2026-05-11,160000.0
KH01499,2026-05-11,486000.0
KH00702,2026-05-11,122000.0
KH00944,2026-05-11,172000.0
KH01302,2026-05-11,90000.0
KH02098,2026-05-11,181000.0
KH01989,2026-05-11,79000.0
KH02150,2026-05-11,581000.0
KH01913,2026-05-11,214000.0
KH00112,2026-05-11,100000.0
KH00848,2026-05-11,187000.0
KH02028,2026-05-11,180000.0
KH02476,2026-05-11,206000.0
KH02095,2026-05-11,161000.0
KH01788,2026-05-11,148000.0
KH02130,2026-05-11,305000.0
KH02399,2026-05-11,310000.0
KH00377,2026-05-11,40000.0
KH00460,2026-05-11,152000.0
KH01244,2026-05-11,36000.0
KH00647,2026-05-11,894000.0
KH01684,2026-05-11,72000.0
KH01406,2026-05-11,212000.0
KH01119,2026-05-11,211000.0
KH01892,2026-05-11,233000.0
KH01050,2026-05-11,306000.0
KH00199,2026-05-11,1450000.0
KH01257,2026-05-11,99000.0
KH02180,2026-05-11,275000.0
KH01929,2026-05-11,108000.0
KH00447,2026-05-11,142000.0
KH02311,2026-05-11,420000.0
KH00808,2026-05-11,80000.0
KH01942,2026-05-11,567000.0
KH02339,2026-05-11,535000.0
KH01851,2026-05-11,120000.0
KH00869,2026-05-11,430000.0
KH00111,2026-05-11,221000.0
KH01105,2026-05-11,253000.0
KH01770,2026-05-11,682000.0
KH00603,2026-05-11,186000.0
KH01307,2026-05-11,106000.0
KH00532,2026-05-11,339000.0
KH00363,2026-05-11,133000.0
KH00091,2026-05-11,49000.0
KH00920,2026-05-11,136000.0
KH00312,2026-05-11,256000.0
KH01782,2026-05-11,240000.0
KH02214,2026-05-11,244000.0
KH01690,2026-05-11,234000.0
KH00989,2026-05-11,95000.0
KH02139,2026-05-11,725000.0
KH01988,2026-05-11,642000.0
KH01460,2026-05-11,230000.0
KH01534,2026-05-11,1061000.0
KH01829,2026-05-11,76000.0
KH01866,2026-05-11,578000.0
KH00148,2026-05-11,87000.0
KH02036,2026-05-11,256000.0
KH00273,2026-05-11,131000.0
KH00750,2026-05-12,238000.0
KH02030,2026-05-12,64000.0
KH01424,2026-05-12,546000.0
KH00681,2026-05-12,68000.0
KH01979,2026-05-12,496000.0
KH01494,2026-05-12,182000.0
KH00553,2026-05-12,319000.0
KH01770,2026-05-12,108000.0
KH01846,2026-05-12,170000.0
KH02150,2026-05-12,170000.0
KH00677,2026-05-12,88000.0
KH00677,2026-05-12,162000.0
KH01149,2026-05-12,361000.0
KH01395,2026-05-12,70000.0
KH00023,2026-05-12,282000.0
KH02299,2026-05-12,388000.0
KH01383,2026-05-12,106000.0
KH00404,2026-05-12,288000.0
KH00437,2026-05-12,33000.0
KH01718,2026-05-12,261000.0
KH00506,2026-05-12,799000.0
KH00548,2026-05-12,195000.0
KH02262,2026-05-12,220000.0
KH01573,2026-05-12,808000.0
KH01472,2026-05-12,241000.0
KH00950,2026-05-12,255000.0
KH00102,2026-05-12,220000.0
KH00014,2026-05-12,223000.0
KH00931,2026-05-12,318000.0
KH01969,2026-05-12,236000.0
KH02323,2026-05-12,372000.0
KH01273,2026-05-12,204000.0
KH00286,2026-05-12,184000.0
KH01850,2026-05-12,284000.0
KH01385,2026-05-12,98000.0
KH00310,2026-05-12,277000.0
KH00272,2026-05-12,124000.0
KH01244,2026-05-12,397000.0
KH01435,2026-05-12,233000.0
KH01334,2026-05-12,422000.0
KH01557,2026-05-12,318000.0
KH00261,2026-05-12,241000.0
KH00222,2026-05-12,57000.0
KH01401,2026-05-12,158000.0
KH00476,2026-05-12,298000.0
KH00400,2026-05-12,265000.0
KH02107,2026-05-12,230000.0
KH00627,2026-05-12,49000.0
KH02330,2026-05-12,817000.0
KH01307,2026-05-12,412000.0
KH00860,2026-05-12,473000.0
KH01583,2026-05-12,230000.0
KH01441,2026-05-12,795000.0
KH00233,2026-05-12,102000.0
KH00825,2026-05-12,295000.0
KH01285,2026-05-12,119000.0
KH01933,2026-05-12,366000.0
KH01693,2026-05-12,242000.0
KH00392,2026-05-12,32000.0
KH00313,2026-05-12,282000.0
KH02129,2026-05-12,161000.0
KH01701,2026-05-12,701000.0
KH00352,2026-05-12,150000.0
KH00941,2026-05-12,1194000.0
KH01060,2026-05-12,181000.0
KH00532,2026-05-12,100000.0
KH01935,2026-05-12,141000.0
KH01616,2026-05-12,505000.0
KH01143,2026-05-12,196000.0
KH02200,2026-05-12,223000.0
KH00692,2026-05-12,28000.0
KH00567,2026-05-12,181000.0
KH01022,2026-05-12,136000.0
KH00397,2026-05-12,337000.0
KH02227,2026-05-12,135000.0
KH01815,2026-05-12,91000.0
KH00591,2026-05-12,144000.0
KH00392,2026-05-12,48000.0
KH01995,2026-05-12,184000.0
KH01638,2026-05-12,273000.0
KH00260,2026-05-12,125000.0
KH01835,2026-05-12,103000.0
KH01762,2026-05-12,236000.0
KH00750,2026-05-12,299000.0
KH00794,2026-05-12,208000.0
KH01142,2026-05-12,487000.0
KH01934,2026-05-12,186000.0
KH00801,2026-05-12,82000.0
KH00564,2026-05-12,73000.0
KH00382,2026-05-12,85000.0
KH01525,2026-05-12,413000.0
KH01056,2026-05-12,321000.0
KH00129,2026-05-13,533000.0
KH02038,2026-05-13,152000.0
KH00204,2026-05-13,309000.0
KH01944,2026-05-13,414000.0
KH00404,2026-05-13,159000.0
KH01842,2026-05-13,256000.0
KH00619,2026-05-13,103000.0
KH02064,2026-05-13,157000.0
KH00727,2026-05-13,151000.0
KH01457,2026-05-13,480000.0
KH02061,2026-05-13,79000.0
KH01094,2026-05-13,156000.0
KH00696,2026-05-13,575000.0
KH01168,2026-05-13,181000.0
KH00305,2026-05-13,178000.0
KH00124,2026-05-13,222000.0
KH00497,2026-05-13,192000.0
KH01357,2026-05-13,620000.0
KH02017,2026-05-13,76000.0
KH00886,2026-05-13,499000.0
KH02103,2026-05-13,119000.0
KH02098,2026-05-13,64000.0
KH01962,2026-05-13,113000.0
KH00364,2026-05-13,257000.0
KH00212,2026-05-13,90000.0
KH00827,2026-05-13,1005000.0
KH02287,2026-05-13,178000.0
KH00671,2026-05-13,672000.0
KH01781,2026-05-13,239000.0
KH00796,2026-05-13,285000.0
KH00900,2026-05-13,85000.0
KH01018,2026-05-13,55000.0
KH01362,2026-05-13,147000.0
KH00559,2026-05-13,169000.0
KH00179,2026-05-13,201000.0
KH01896,2026-05-13,187000.0
KH01480,2026-05-13,749000.0
KH01664,2026-05-13,162000.0
KH01249,2026-05-13,134000.0
KH01608,2026-05-13,201000.0
KH00414,2026-05-13,22000.0
KH00027,2026-05-13,245000.0
KH01202,2026-05-13,19000.0
KH00224,2026-05-13,237000.0
KH01554,2026-05-13,353000.0
KH01075,2026-05-13,175000.0
KH01332,2026-05-13,78000.0
KH02410,2026-05-13,147000.0
KH01677,2026-05-13,263000.0
KH00108,2026-05-13,111000.0
KH00064,2026-05-13,95000.0
KH01604,2026-05-13,305000.0
KH02167,2026-05-13,87000.0
KH01279,2026-05-13,397000.0
KH01160,2026-05-13,245000.0
KH02267,2026-05-13,238000.0
KH02037,2026-05-13,528000.0
KH01563,2026-05-13,494000.0
KH01567,2026-05-13,185000.0
KH02247,2026-05-13,528000.0
KH01118,2026-05-13,704000.0
KH01773,2026-05-13,1465000.0
KH00471,2026-05-13,311000.0
KH00629,2026-05-13,89000.0
KH01120,2026-05-13,205000.0
KH01876,2026-05-13,336000.0
KH00313,2026-05-13,274000.0
KH01784,2026-05-13,383000.0
KH01293,2026-05-13,27000.0
KH01748,2026-05-13,329000.0
KH00012,2026-05-13,103000.0
KH00396,2026-05-13,157000.0
KH01326,2026-05-13,108000.0
KH00176,2026-05-13,170000.0
KH01888,2026-05-13,233000.0
KH00524,2026-05-13,230000.0
KH00528,2026-05-13,157000.0
KH01880,2026-05-13,300000.0
KH00431,2026-05-13,97000.0
KH02401,2026-05-13,136000.0
KH02108,2026-05-13,491000.0
KH00707,2026-05-13,141000.0
KH01379,2026-05-13,127000.0
KH01344,2026-05-13,415000.0
KH01121,2026-05-13,193000.0
KH01382,2026-05-13,196000.0
KH00487,2026-05-13,686000.0
KH00700,2026-05-13,92000.0
KH00916,2026-05-13,252000.0
KH01692,2026-05-13,148000.0
KH00179,2026-05-13,115000.0
KH00645,2026-05-13,142000.0
KH01678,2026-05-13,133000.0
KH00381,2026-05-13,698000.0
KH00698,2026-05-13,810000.0
KH00712,2026-05-13,274000.0
KH01677,2026-05-13,41000.0
KH01815,2026-05-13,181000.0
KH02040,2026-05-13,310000.0
KH02248,2026-05-13,321000.0
KH01233,2026-05-13,106000.0
KH01467,2026-05-13,142000.0
KH00027,2026-05-13,96000.0
KH01090,2026-05-14,156000.0
KH01554,2026-05-14,81000.0
KH00134,2026-05-14,92000.0
KH00204,2026-05-14,96000.0
KH00997,2026-05-14,58000.0
KH01833,2026-05-14,476000.0
KH01973,2026-05-14,212000.0
KH01077,2026-05-14,629000.0
KH02452,2026-05-14,243000.0
KH00100,2026-05-14,1374000.0
KH01334,2026-05-14,233000.0
KH02454,2026-05-14,180000.0
KH00804,2026-05-14,96000.0
KH01981,2026-05-14,171000.0
KH01685,2026-05-14,309000.0
KH02093,2026-05-14,609000.0
KH01935,2026-05-14,170000.0
KH02089,2026-05-14,119000.0
KH00515,2026-05-14,100000.0
KH01224,2026-05-14,400000.0
KH01158,2026-05-14,61000.0
KH01672,2026-05-14,265000.0
KH01288,2026-05-14,81000.0
KH01507,2026-05-14,71000.0
KH02479,2026-05-14,439000.0
KH00883,2026-05-14,123000.0
KH00306,2026-05-14,224000.0
KH01669,2026-05-14,148000.0
KH01712,2026-05-14,237000.0
KH02067,2026-05-14,100000.0
KH01506,2026-05-14,186000.0
KH00014,2026-05-14,119000.0
KH00254,2026-05-14,165000.0
KH00487,2026-05-14,369000.0
KH01827,2026-05-14,157000.0
KH00274,2026-05-14,247000.0
KH01472,2026-05-14,155000.0
KH00482,2026-05-14,154000.0
KH00415,2026-05-14,187000.0
KH00547,2026-05-14,549000.0
KH01187,2026-05-14,210000.0
KH01987,2026-05-14,389000.0
KH01402,2026-05-14,173000.0
KH01655,2026-05-14,1530000.0
KH00767,2026-05-14,211000.0
KH00075,2026-05-14,138000.0
KH01882,2026-05-14,38000.0
KH00338,2026-05-14,506000.0
KH00174,2026-05-14,153000.0
KH00972,2026-05-14,205000.0
KH00645,2026-05-14,46000.0
KH00458,2026-05-14,978000.0
KH01889,2026-05-14,324000.0
KH01180,2026-05-14,281000.0
KH00045,2026-05-14,63000.0
KH01073,2026-05-14,160000.0
KH02240,2026-05-14,347000.0
KH01601,2026-05-14,244000.0
KH01443,2026-05-14,363000.0
KH01934,2026-05-14,79000.0
KH01290,2026-05-14,289000.0
KH01089,2026-05-14,397000.0
KH00432,2026-05-14,175000.0
KH01732,2026-05-14,122000.0
KH00948,2026-05-14,165000.0
KH00620,2026-05-14,339000.0
KH01443,2026-05-15,35000.0
KH01433,2026-05-15,97000.0
KH01054,2026-05-15,225000.0
KH02459,2026-05-15,921000.0
KH01936,2026-05-15,249000.0
KH00983,2026-05-15,297000.0
KH00624,2026-05-15,162000.0
KH01020,2026-05-15,811000.0
KH02490,2026-05-15,100000.0
KH02078,2026-05-15,331000.0
KH01534,2026-05-15,60000.0
KH00080,2026-05-15,158000.0
KH01034,2026-05-15,445000.0
KH01456,2026-05-15,338000.0
KH01069,2026-05-15,185000.0
KH00953,2026-05-15,296000.0
KH00209,2026-05-15,324000.0
KH01264,2026-05-15,59000.0
KH01905,2026-05-15,311000.0
KH02212,2026-05-15,97000.0
KH02469,2026-05-15,337000.0
KH01971,2026-05-15,198000.0
KH00179,2026-05-15,48000.0
KH01154,2026-05-15,187000.0
KH01778,2026-05-15,467000.0
KH01233,2026-05-15,582000.0
KH00735,2026-05-15,94000.0
KH00606,2026-05-15,85000.0
KH00067,2026-05-15,410000.0
KH00324,2026-05-15,175000.0
KH02090,2026-05-15,107000.0
KH00198,2026-05-15,149000.0
KH00744,2026-05-15,882000.0
KH01936,2026-05-15,304000.0
KH02482,2026-05-15,233000.0
KH00096,2026-05-15,158000.0
KH00999,2026-05-15,389000.0
KH00707,2026-05-15,341000.0
KH00017,2026-05-15,164000.0
KH00171,2026-05-15,44000.0
KH01879,2026-05-15,89000.0
KH00346,2026-05-15,104000.0
KH00648,2026-05-15,492000.0
KH00002,2026-05-15,1091000.0
KH00644,2026-05-15,151000.0
KH01098,2026-05-15,102000.0
KH00906,2026-05-15,243000.0
KH01561,2026-05-15,304000.0
KH01548,2026-05-15,221000.0
KH01211,2026-05-15,493000.0
KH00972,2026-05-15,94000.0
KH01449,2026-05-15,480000.0
KH01780,2026-05-15,70000.0
KH01105,2026-05-15,389000.0
KH01973,2026-05-15,65000.0
KH01315,2026-05-15,151000.0
KH01822,2026-05-15,227000.0
KH00606,2026-05-15,181000.0
KH02061,2026-05-15,1740000.0
KH00855,2026-05-15,568000.0
KH02109,2026-05-15,1949000.0
KH01420,2026-05-15,136000.0
KH00709,2026-05-15,318000.0
KH02408,2026-05-15,478000.0
KH00971,2026-05-15,330000.0
KH01913,2026-05-15,219000.0
KH01214,2026-05-15,134000.0
KH01573,2026-05-15,480000.0
KH00460,2026-05-15,76000.0
KH00997,2026-05-15,116000.0
KH02160,2026-05-15,623000.0
KH01624,2026-05-15,240000.0
KH01706,2026-05-15,317000.0
KH02300,2026-05-15,505000.0
KH01851,2026-05-15,37000.0
KH01767,2026-05-15,438000.0
KH01654,2026-05-15,233000.0
KH01285,2026-05-15,277000.0
KH02136,2026-05-15,1247000.0
KH01664,2026-05-15,635000.0
KH01980,2026-05-15,161000.0
KH01730,2026-05-15,161000.0
KH00825,2026-05-15,230000.0
KH01447,2026-05-15,36000.0
KH02218,2026-05-15,196000.0
KH00316,2026-05-15,212000.0
KH01235,2026-05-15,128000.0
KH00941,2026-05-15,277000.0
KH00646,2026-05-15,162000.0
KH01693,2026-05-16,254000.0
KH01889,2026-05-16,543000.0
KH02325,2026-05-16,390000.0
KH01635,2026-05-16,151000.0
KH00533,2026-05-16,234000.0
KH00650,2026-05-16,210000.0
KH01668,2026-05-16,59000.0
KH02457,2026-05-16,505000.0
KH00013,2026-05-16,1125000.0
KH01814,2026-05-16,258000.0
KH00040,2026-05-16,348000.0
KH02060,2026-05-16,270000.0
KH00487,2026-05-16,91000.0
KH01619,2026-05-16,94000.0
KH00698,2026-05-16,658000.0
KH00781,2026-05-16,203000.0
KH02199,2026-05-16,41000.0
KH00698,2026-05-16,116000.0
KH02222,2026-05-16,358000.0
KH01397,2026-05-16,1162000.0
KH00722,2026-05-16,247000.0
KH00328,2026-05-16,64000.0
KH00447,2026-05-16,148000.0
KH02315,2026-05-16,439000.0
KH01390,2026-05-16,174000.0
KH00749,2026-05-16,195000.0
KH00296,2026-05-16,249000.0
KH00694,2026-05-16,505000.0
KH01309,2026-05-16,518000.0
KH02062,2026-05-16,408000.0
KH00458,2026-05-16,304000.0
KH00769,2026-05-16,300000.0
KH01230,2026-05-16,221000.0
KH00530,2026-05-16,59000.0
KH01799,2026-05-16,222000.0
KH01537,2026-05-16,712000.0
KH00024,2026-05-16,161000.0
KH02179,2026-05-16,175000.0
KH01716,2026-05-16,363000.0
KH02499,2026-05-16,52000.0
KH02164,2026-05-16,253000.0
KH01536,2026-05-16,91000.0
KH02061,2026-05-16,75000.0
KH00744,2026-05-16,178000.0
KH00227,2026-05-16,186000.0
KH02130,2026-05-16,542000.0
KH01654,2026-05-16,621000.0
KH01581,2026-05-16,122000.0
KH00986,2026-05-16,86000.0
KH02420,2026-05-16,790000.0
KH01058,2026-05-16,197000.0
KH00751,2026-05-16,291000.0
KH02061,2026-05-16,72000.0
KH00653,2026-05-16,786000.0
KH00388,2026-05-16,89000.0
KH00016,2026-05-16,240000.0
KH00451,2026-05-16,306000.0
KH01349,2026-05-16,215000.0
KH01684,2026-05-16,107000.0
KH00315,2026-05-16,46000.0
KH02127,2026-05-16,63000.0
KH02069,2026-05-16,94000.0
KH01032,2026-05-16,248000.0
KH01618,2026-05-16,502000.0
KH01905,2026-05-16,298000.0
KH02131,2026-05-16,137000.0
KH01641,2026-05-16,52000.0
KH02101,2026-05-16,947000.0
KH01700,2026-05-16,375000.0
KH00770,2026-05-16,256000.0
KH01569,2026-05-16,218000.0
KH02483,2026-05-16,100000.0
KH01664,2026-05-16,383000.0
KH01143,2026-05-16,90000.0
KH01882,2026-05-16,655000.0
KH02465,2026-05-16,247000.0
KH02146,2026-05-16,113000.0
KH00185,2026-05-16,284000.0
KH01415,2026-05-16,536000.0
KH01690,2026-05-16,715000.0
KH01642,2026-05-16,331000.0
KH00104,2026-05-16,79000.0
KH00102,2026-05-17,100000.0
KH00104,2026-05-17,243000.0
KH01725,2026-05-17,74000.0
KH02400,2026-05-17,360000.0
KH00887,2026-05-17,111000.0
KH02284,2026-05-17,328000.0
KH01148,2026-05-17,163000.0
KH01201,2026-05-17,270000.0
KH01840,2026-05-17,130000.0
KH01706,2026-05-17,58000.0
KH01851,2026-05-17,48000.0
KH00816,2026-05-17,95000.0
KH00750,2026-05-17,72000.0
KH02441,2026-05-17,549000.0
KH02161,2026-05-17,266000.0
KH00954,2026-05-17,182000.0
KH00002,2026-05-17,163000.0
KH00852,2026-05-17,80000.0
KH01905,2026-05-17,354000.0
KH00051,2026-05-17,293000.0
KH00487,2026-05-17,926000.0
KH01414,2026-05-17,568000.0
KH00209,2026-05-17,32000.0
KH02088,2026-05-17,133000.0
KH02378,2026-05-17,112000.0
KH02191,2026-05-17,206000.0
KH00313,2026-05-17,123000.0
KH00852,2026-05-17,129000.0
KH01725,2026-05-17,180000.0
KH02261,2026-05-17,130000.0
KH01505,2026-05-17,87000.0
KH01468,2026-05-17,107000.0
KH00566,2026-05-17,316000.0
KH00150,2026-05-17,329000.0
KH01758,2026-05-17,152000.0
KH00677,2026-05-17,113000.0
KH00543,2026-05-17,404000.0
KH01714,2026-05-17,294000.0
KH00687,2026-05-17,232000.0
KH01427,2026-05-17,61000.0
KH00316,2026-05-17,375000.0
KH00442,2026-05-17,402000.0
KH00117,2026-05-17,122000.0
KH01539,2026-05-17,138000.0
KH00421,2026-05-17,242000.0
KH01668,2026-05-17,700000.0
KH00868,2026-05-17,215000.0
KH00183,2026-05-17,209000.0
KH02328,2026-05-17,58000.0
KH01016,2026-05-17,451000.0
KH02251,2026-05-17,368000.0
KH01846,2026-05-17,829000.0
KH00176,2026-05-17,169000.0
KH01729,2026-05-17,731000.0
KH00555,2026-05-17,258000.0
KH02001,2026-05-17,323000.0
KH01105,2026-05-17,402000.0
KH02311,2026-05-17,254000.0
KH02473,2026-05-17,335000.0
KH02372,2026-05-17,101000.0
KH00821,2026-05-17,501000.0
KH00400,2026-05-17,311000.0
KH00498,2026-05-17,90000.0
KH00710,2026-05-17,341000.0
KH00825,2026-05-17,112000.0
KH01925,2026-05-17,378000.0
KH01619,2026-05-17,72000.0
KH00267,2026-05-17,132000.0
KH01334,2026-05-17,193000.0
KH02183,2026-05-17,345000.0
KH00671,2026-05-17,236000.0
KH00732,2026-05-17,475000.0
KH02061,2026-05-17,190000.0
KH01543,2026-05-17,257000.0
KH00690,2026-05-17,46000.0
KH01181,2026-05-17,148000.0
KH02356,2026-05-18,71000.0
KH00021,2026-05-18,190000.0
KH02060,2026-05-18,228000.0
KH00488,2026-05-18,181000.0
KH01436,2026-05-18,335000.0
KH01293,2026-05-18,282000.0
KH00731,2026-05-18,75000.0
KH00144,2026-05-18,125000.0
KH00618,2026-05-18,343000.0
KH00954,2026-05-18,253000.0
KH01437,2026-05-18,240000.0
KH00174,2026-05-18,159000.0
KH00532,2026-05-18,1139000.0
KH01776,2026-05-18,39000.0
KH01584,2026-05-18,125000.0
KH02372,2026-05-18,213000.0
KH01186,2026-05-18,553000.0
KH00459,2026-05-18,69000.0
KH00903,2026-05-18,485000.0
KH00743,2026-05-18,818000.0
KH00723,2026-05-18,398000.0
KH02250,2026-05-18,92000.0
KH02471,2026-05-18,56000.0
KH01427,2026-05-18,281000.0
KH00812,2026-05-18,563000.0
KH00381,2026-05-18,277000.0
KH02141,2026-05-18,96000.0
KH00491,2026-05-18,263000.0
KH00800,2026-05-18,34000.0
KH01356,2026-05-18,130000.0
KH02422,2026-05-18,219000.0
KH02426,2026-05-18,189000.0
KH01691,2026-05-18,172000.0
KH01374,2026-05-18,89000.0
KH02185,2026-05-18,425000.0
KH02074,2026-05-18,1330000.0
KH00555,2026-05-18,74000.0
KH00274,2026-05-18,273000.0
KH01701,2026-05-18,902000.0
KH01402,2026-05-18,123000.0
KH01257,2026-05-18,139000.0
KH00035,2026-05-18,34000.0
KH01612,2026-05-18,118000.0
KH01549,2026-05-18,317000.0
KH01023,2026-05-18,375000.0
KH02096,2026-05-18,106000.0
KH02495,2026-05-18,252000.0
KH00377,2026-05-18,145000.0
KH00689,2026-05-18,285000.0
KH00962,2026-05-18,123000.0
KH00954,2026-05-18,458000.0
KH02375,2026-05-18,164000.0
KH01996,2026-05-18,450000.0
KH00189,2026-05-18,327000.0
KH00825,2026-05-18,166000.0
KH00441,2026-05-18,176000.0
KH00867,2026-05-18,112000.0
KH02022,2026-05-18,72000.0
KH00455,2026-05-18,472000.0
KH02491,2026-05-18,284000.0
KH00313,2026-05-18,92000.0
KH00770,2026-05-18,160000.0
KH01394,2026-05-18,567000.0
KH00235,2026-05-18,135000.0
KH00359,2026-05-18,136000.0
KH00029,2026-05-18,162000.0
KH02299,2026-05-18,53000.0
KH00316,2026-05-18,1103000.0
KH02348,2026-05-18,301000.0
KH01773,2026-05-18,176000.0
KH01060,2026-05-18,240000.0
KH00233,2026-05-18,554000.0
KH01032,2026-05-18,142000.0
KH02236,2026-05-18,298000.0
KH01976,2026-05-18,129000.0
KH02368,2026-05-18,363000.0
KH01870,2026-05-18,372000.0
KH02061,2026-05-18,212000.0
KH01955,2026-05-18,63000.0
KH00696,2026-05-18,176000.0
KH01978,2026-05-18,389000.0
KH01036,2026-05-18,154000.0
KH01093,2026-05-18,271000.0
KH01399,2026-05-18,300000.0
KH02010,2026-05-18,136000.0
KH02036,2026-05-18,735000.0
KH00839,2026-05-18,76000.0
KH01279,2026-05-18,285000.0
KH00658,2026-05-18,551000.0
KH00988,2026-05-18,124000.0
KH00078,2026-05-18,183000.0
KH02095,2026-05-18,609000.0
KH01376,2026-05-18,355000.0
KH00016,2026-05-19,234000.0
KH01169,2026-05-19,915000.0
KH00530,2026-05-19,59000.0
KH01929,2026-05-19,116000.0
KH01382,2026-05-19,295000.0
KH01055,2026-05-19,83000.0
KH01688,2026-05-19,202000.0
KH02150,2026-05-19,180000.0
KH02036,2026-05-19,110000.0
KH00135,2026-05-19,97000.0
KH01649,2026-05-19,117000.0
KH00614,2026-05-19,571000.0
KH02242,2026-05-19,235000.0
KH00742,2026-05-19,162000.0
KH00688,2026-05-19,188000.0
KH01562,2026-05-19,66000.0
KH00996,2026-05-19,229000.0
KH01306,2026-05-19,104000.0
KH02435,2026-05-19,120000.0
KH01230,2026-05-19,74000.0
KH00543,2026-05-19,310000.0
KH02213,2026-05-19,69000.0
KH00744,2026-05-19,150000.0
KH00328,2026-05-19,184000.0
KH01691,2026-05-19,281000.0
KH00038,2026-05-19,418000.0
KH00188,2026-05-19,136000.0
KH01540,2026-05-19,90000.0
KH00218,2026-05-19,192000.0
KH00845,2026-05-19,328000.0
KH00316,2026-05-19,53000.0
KH02390,2026-05-19,181000.0
KH02055,2026-05-19,254000.0
KH00890,2026-05-19,148000.0
KH00644,2026-05-19,211000.0
KH00767,2026-05-19,204000.0
KH00964,2026-05-19,929000.0
KH01828,2026-05-19,329000.0
KH01190,2026-05-19,239000.0
KH00245,2026-05-19,242000.0
KH00321,2026-05-19,360000.0
KH00647,2026-05-19,197000.0
KH00244,2026-05-19,76000.0
KH02194,2026-05-19,60000.0
KH02330,2026-05-19,70000.0
KH01022,2026-05-19,663000.0
KH00555,2026-05-19,206000.0
KH00644,2026-05-19,1146000.0
KH02038,2026-05-19,465000.0
KH01802,2026-05-19,1185000.0
KH01696,2026-05-19,91000.0
KH00360,2026-05-19,277000.0
KH02325,2026-05-19,378000.0
KH01840,2026-05-19,336000.0
KH01498,2026-05-19,256000.0
KH00515,2026-05-19,130000.0
KH01782,2026-05-19,619000.0
KH00364,2026-05-19,1134000.0
KH01806,2026-05-19,433000.0
KH01768,2026-05-19,146000.0
KH01076,2026-05-19,87000.0
KH01303,2026-05-19,130000.0
KH00801,2026-05-19,252000.0
KH01954,2026-05-19,103000.0
KH01679,2026-05-19,190000.0
KH01536,2026-05-19,101000.0
KH02254,2026-05-19,508000.0
KH02319,2026-05-19,69000.0
KH00268,2026-05-19,666000.0
KH00846,2026-05-19,185000.0
KH01496,2026-05-19,618000.0
KH02201,2026-05-19,477000.0
KH01561,2026-05-19,411000.0
KH00402,2026-05-19,113000.0
KH00003,2026-05-20,62000.0
KH00869,2026-05-20,225000.0
KH02407,2026-05-20,421000.0
KH02278,2026-05-20,498000.0
KH00278,2026-05-20,199000.0
KH00941,2026-05-20,242000.0
KH00885,2026-05-20,668000.0
KH02078,2026-05-20,484000.0
KH01411,2026-05-20,692000.0
KH00228,2026-05-20,525000.0
KH02199,2026-05-20,101000.0
KH01092,2026-05-20,354000.0
KH01169,2026-05-20,199000.0
KH00744,2026-05-20,241000.0
KH01433,2026-05-20,293000.0
KH01063,2026-05-20,1644000.0
KH00618,2026-05-20,81000.0
KH00959,2026-05-20,90000.0
KH00260,2026-05-20,582000.0
KH00732,2026-05-20,158000.0
KH01427,2026-05-20,142000.0
KH01257,2026-05-20,137000.0
KH02146,2026-05-20,264000.0
KH02344,2026-05-20,145000.0
KH01186,2026-05-20,266000.0
KH02344,2026-05-20,89000.0
KH01557,2026-05-20,284000.0
KH00442,2026-05-20,280000.0
KH01954,2026-05-20,265000.0
KH00681,2026-05-20,164000.0
KH00205,2026-05-20,593000.0
KH01519,2026-05-20,33000.0
KH00286,2026-05-20,206000.0
KH00192,2026-05-20,95000.0
KH00474,2026-05-20,363000.0
KH00479,2026-05-20,126000.0
KH00564,2026-05-20,326000.0
KH00570,2026-05-20,150000.0
KH00331,2026-05-20,1207000.0
KH01643,2026-05-20,208000.0
KH01973,2026-05-20,101000.0
KH00694,2026-05-20,203000.0
KH00364,2026-05-20,64000.0
KH01882,2026-05-20,983000.0
KH01672,2026-05-20,94000.0
KH00027,2026-05-20,124000.0
KH01207,2026-05-20,278000.0
KH00624,2026-05-20,139000.0
KH02280,2026-05-20,132000.0
KH01685,2026-05-20,160000.0
KH01711,2026-05-20,162000.0
KH02122,2026-05-20,250000.0
KH00677,2026-05-20,714000.0
KH01675,2026-05-20,192000.0
KH00808,2026-05-20,167000.0
KH01026,2026-05-20,273000.0
KH00512,2026-05-20,240000.0
KH00521,2026-05-20,337000.0
KH02056,2026-05-20,150000.0
KH00473,2026-05-20,100000.0
KH01073,2026-05-20,184000.0
KH01213,2026-05-20,131000.0
KH00357,2026-05-20,194000.0
KH00407,2026-05-20,459000.0
KH00967,2026-05-20,589000.0
KH00642,2026-05-20,522000.0
KH01349,2026-05-20,317000.0
KH00519,2026-05-20,631000.0
KH01421,2026-05-20,34000.0
KH00358,2026-05-20,159000.0
KH00574,2026-05-20,209000.0
KH00239,2026-05-20,38000.0
KH01918,2026-05-20,123000.0
KH02292,2026-05-20,216000.0
KH00113,2026-05-20,164000.0
KH02444,2026-05-20,493000.0
KH00538,2026-05-20,404000.0
KH01310,2026-05-20,89000.0
KH00516,2026-05-20,201000.0
KH02498,2026-05-20,49000.0
KH01055,2026-05-20,582000.0
KH01066,2026-05-20,185000.0
KH01437,2026-05-20,128000.0
KH01064,2026-05-20,107000.0
KH02092,2026-05-20,75000.0
KH01516,2026-05-21,586000.0
KH01420,2026-05-21,128000.0
KH00214,2026-05-21,214000.0
KH00825,2026-05-21,162000.0
KH02356,2026-05-21,205000.0
KH00963,2026-05-21,349000.0
KH00445,2026-05-21,74000.0
KH02162,2026-05-21,222000.0
KH02084,2026-05-21,1079000.0
KH02473,2026-05-21,980000.0
KH02490,2026-05-21,222000.0
KH01097,2026-05-21,175000.0
KH01571,2026-05-21,143000.0
KH01056,2026-05-21,146000.0
KH02369,2026-05-21,62000.0
KH00738,2026-05-21,1046000.0
KH00565,2026-05-21,245000.0
KH00919,2026-05-21,377000.0
KH01631,2026-05-21,124000.0
KH01405,2026-05-21,144000.0
KH01717,2026-05-21,246000.0
KH01425,2026-05-21,222000.0
KH02251,2026-05-21,164000.0
KH00487,2026-05-21,220000.0
KH00298,2026-05-21,73000.0
KH01333,2026-05-21,972000.0
KH01092,2026-05-21,545000.0
KH01034,2026-05-21,246000.0
KH01701,2026-05-21,90000.0
KH01479,2026-05-21,292000.0
KH01424,2026-05-21,116000.0
KH00984,2026-05-21,275000.0
KH01959,2026-05-21,820000.0
KH01021,2026-05-21,551000.0
KH00785,2026-05-21,171000.0
KH01463,2026-05-21,266000.0
KH01478,2026-05-21,156000.0
KH00498,2026-05-21,360000.0
KH00235,2026-05-21,187000.0
KH01237,2026-05-21,85000.0
KH00016,2026-05-21,380000.0
KH00286,2026-05-21,118000.0
KH00229,2026-05-21,244000.0
KH02015,2026-05-21,256000.0
KH01409,2026-05-21,49000.0
KH02279,2026-05-21,142000.0
KH01610,2026-05-21,87000.0
KH01775,2026-05-21,585000.0
KH00608,2026-05-21,298000.0
KH02463,2026-05-21,177000.0
KH02113,2026-05-21,136000.0
KH01722,2026-05-21,196000.0
KH00075,2026-05-21,232000.0
KH00338,2026-05-21,492000.0
KH00197,2026-05-21,149000.0
KH01666,2026-05-21,46000.0
KH00151,2026-05-21,422000.0
KH01088,2026-05-21,52000.0
KH02363,2026-05-21,486000.0
KH01864,2026-05-21,167000.0
KH00467,2026-05-21,873000.0
KH02089,2026-05-21,86000.0
KH00991,2026-05-21,154000.0
KH02417,2026-05-21,152000.0
KH01829,2026-05-21,462000.0
KH01111,2026-05-21,252000.0
KH00987,2026-05-21,253000.0
KH01395,2026-05-21,282000.0
KH00233,2026-05-21,98000.0
KH02028,2026-05-21,67000.0
KH02452,2026-05-21,226000.0
KH02290,2026-05-21,187000.0
KH00497,2026-05-21,1252000.0
KH01959,2026-05-21,142000.0
KH01079,2026-05-21,88000.0
KH00075,2026-05-21,278000.0
KH02422,2026-05-21,91000.0
KH01261,2026-05-21,152000.0
KH01756,2026-05-21,65000.0
KH00381,2026-05-21,321000.0
KH01799,2026-05-21,218000.0
KH01269,2026-05-21,360000.0
KH01927,2026-05-21,157000.0
KH00455,2026-05-21,1075000.0
KH01068,2026-05-21,134000.0
KH01140,2026-05-22,285000.0
KH00493,2026-05-22,160000.0
KH01168,2026-05-22,245000.0
KH00256,2026-05-22,324000.0
KH00825,2026-05-22,144000.0
KH00808,2026-05-22,325000.0
KH01932,2026-05-22,135000.0
KH00690,2026-05-22,293000.0
KH01132,2026-05-22,205000.0
KH01383,2026-05-22,40000.0
KH01289,2026-05-22,607000.0
KH02086,2026-05-22,375000.0
KH01180,2026-05-22,507000.0
KH01263,2026-05-22,53000.0
KH00198,2026-05-22,935000.0
KH00371,2026-05-22,283000.0
KH00553,2026-05-22,341000.0
KH00582,2026-05-22,139000.0
KH01395,2026-05-22,404000.0
KH01644,2026-05-22,93000.0
KH00064,2026-05-22,361000.0
KH02259,2026-05-22,458000.0
KH00895,2026-05-22,208000.0
KH01153,2026-05-22,220000.0
KH00832,2026-05-22,150000.0
KH00484,2026-05-22,100000.0
KH01500,2026-05-22,183000.0
KH01569,2026-05-22,667000.0
KH00332,2026-05-22,1126000.0
KH01274,2026-05-22,215000.0
KH02176,2026-05-22,258000.0
KH02369,2026-05-22,88000.0
KH00300,2026-05-22,80000.0
KH00596,2026-05-22,143000.0
KH00266,2026-05-22,204000.0
KH01603,2026-05-22,262000.0
KH02457,2026-05-22,81000.0
KH00235,2026-05-22,182000.0
KH01437,2026-05-22,139000.0
KH00278,2026-05-22,234000.0
KH00441,2026-05-22,102000.0
KH00561,2026-05-22,468000.0
KH01751,2026-05-22,213000.0
KH01597,2026-05-22,242000.0
KH01441,2026-05-22,462000.0
KH00884,2026-05-22,547000.0
KH01278,2026-05-22,85000.0
KH01090,2026-05-22,109000.0
KH01716,2026-05-22,264000.0
KH01771,2026-05-22,406000.0
KH01407,2026-05-22,181000.0
KH01747,2026-05-22,299000.0
KH01516,2026-05-22,137000.0
KH00660,2026-05-22,190000.0
KH01442,2026-05-22,68000.0
KH00319,2026-05-22,343000.0
KH00698,2026-05-22,98000.0
KH01335,2026-05-22,140000.0
KH01906,2026-05-22,1009000.0
KH01599,2026-05-22,38000.0
KH00075,2026-05-22,136000.0
KH01496,2026-05-22,1224000.0
KH01519,2026-05-23,66000.0
KH00261,2026-05-23,496000.0
KH01791,2026-05-23,306000.0
KH00595,2026-05-23,192000.0
KH01546,2026-05-23,404000.0
KH00016,2026-05-23,139000.0
KH00834,2026-05-23,73000.0
KH01656,2026-05-23,90000.0
KH02386,2026-05-23,101000.0
KH02024,2026-05-23,253000.0
KH02251,2026-05-23,537000.0
KH01099,2026-05-23,500000.0
KH01973,2026-05-23,177000.0
KH00218,2026-05-23,104000.0
KH02336,2026-05-23,515000.0
KH00491,2026-05-23,270000.0
KH00926,2026-05-23,159000.0
KH00819,2026-05-23,168000.0
KH00105,2026-05-23,474000.0
KH01836,2026-05-23,452000.0
KH02182,2026-05-23,110000.0
KH01705,2026-05-23,191000.0
KH00266,2026-05-23,81000.0
KH00490,2026-05-23,623000.0
KH00734,2026-05-23,468000.0
KH01045,2026-05-23,98000.0
KH02412,2026-05-23,397000.0
KH02261,2026-05-23,239000.0
KH00188,2026-05-23,127000.0
KH02332,2026-05-23,99000.0
KH01099,2026-05-23,85000.0
KH00489,2026-05-23,767000.0
KH01221,2026-05-23,390000.0
KH01476,2026-05-23,80000.0
KH02411,2026-05-23,101000.0
KH00358,2026-05-23,149000.0
KH00317,2026-05-23,110000.0
KH01605,2026-05-23,355000.0
KH01011,2026-05-23,537000.0
KH01911,2026-05-23,136000.0
KH02067,2026-05-23,111000.0
KH00066,2026-05-23,339000.0
KH00072,2026-05-23,72000.0
KH01552,2026-05-23,178000.0
KH02129,2026-05-23,94000.0
KH02043,2026-05-23,75000.0
KH00086,2026-05-23,692000.0
KH00699,2026-05-23,313000.0
KH02244,2026-05-23,277000.0
KH02418,2026-05-23,86000.0
KH01137,2026-05-23,564000.0
KH02480,2026-05-23,551000.0
KH00902,2026-05-23,153000.0
KH01782,2026-05-23,224000.0
KH00392,2026-05-23,161000.0
KH02253,2026-05-23,64000.0
KH01468,2026-05-23,237000.0
KH02452,2026-05-23,195000.0
KH01012,2026-05-23,698000.0
KH01155,2026-05-23,85000.0
KH02107,2026-05-23,261000.0
KH02465,2026-05-23,26000.0
KH00500,2026-05-23,641000.0
KH02245,2026-05-23,63000.0
KH00962,2026-05-23,247000.0
KH02362,2026-05-23,107000.0
KH00173,2026-05-23,119000.0
KH01705,2026-05-23,71000.0
KH00278,2026-05-23,108000.0
KH02040,2026-05-23,304000.0
KH01836,2026-05-23,471000.0
KH01363,2026-05-23,813000.0
KH00722,2026-05-23,160000.0
KH00383,2026-05-23,341000.0
KH00646,2026-05-24,360000.0
KH00530,2026-05-24,155000.0
KH01265,2026-05-24,383000.0
KH01322,2026-05-24,188000.0
KH01259,2026-05-24,145000.0
KH02447,2026-05-24,291000.0
KH02340,2026-05-24,140000.0
KH00278,2026-05-24,123000.0
KH00263,2026-05-24,776000.0
KH01692,2026-05-24,169000.0
KH02223,2026-05-24,347000.0
KH00024,2026-05-24,205000.0
KH00597,2026-05-24,127000.0
KH00049,2026-05-24,120000.0
KH00291,2026-05-24,54000.0
KH00530,2026-05-24,133000.0
KH01229,2026-05-24,99000.0
KH00649,2026-05-24,47000.0
KH01148,2026-05-24,424000.0
KH01973,2026-05-24,91000.0
KH02078,2026-05-24,401000.0
KH02378,2026-05-24,346000.0
KH01057,2026-05-24,508000.0
KH00849,2026-05-24,622000.0
KH00233,2026-05-24,237000.0
KH01993,2026-05-24,100000.0
KH02473,2026-05-24,216000.0
KH02298,2026-05-24,126000.0
KH02107,2026-05-24,301000.0
KH00201,2026-05-24,54000.0
KH00433,2026-05-24,173000.0
KH00030,2026-05-24,371000.0
KH02386,2026-05-24,100000.0
KH01047,2026-05-24,69000.0
KH00606,2026-05-24,78000.0
KH00673,2026-05-24,278000.0
KH01293,2026-05-24,199000.0
KH01171,2026-05-24,495000.0
KH01470,2026-05-24,150000.0
KH00119,2026-05-24,54000.0
KH01611,2026-05-24,51000.0
KH01016,2026-05-24,188000.0
KH01973,2026-05-24,177000.0
KH00926,2026-05-24,131000.0
KH02365,2026-05-24,69000.0
KH00480,2026-05-24,121000.0
KH01844,2026-05-24,254000.0
KH01954,2026-05-24,68000.0
KH00194,2026-05-24,140000.0
KH02176,2026-05-24,362000.0
KH02095,2026-05-24,114000.0
KH01304,2026-05-24,486000.0
KH02332,2026-05-24,66000.0
KH01908,2026-05-24,170000.0
KH01083,2026-05-24,45000.0
KH00402,2026-05-24,414000.0
KH00937,2026-05-24,153000.0
KH02061,2026-05-24,158000.0
KH01468,2026-05-24,133000.0
KH02031,2026-05-24,153000.0
KH00341,2026-05-24,192000.0
KH01632,2026-05-24,124000.0
KH00240,2026-05-24,183000.0
KH01851,2026-05-24,539000.0
KH00902,2026-05-24,268000.0
KH00114,2026-05-24,123000.0
KH02035,2026-05-24,375000.0
KH01600,2026-05-24,179000.0
KH01377,2026-05-24,149000.0
KH01982,2026-05-24,212000.0
KH02379,2026-05-25,235000.0
KH00222,2026-05-25,83000.0
KH01344,2026-05-25,249000.0
KH01410,2026-05-25,234000.0
KH02249,2026-05-25,341000.0
KH01770,2026-05-25,468000.0
KH00305,2026-05-25,278000.0
KH00151,2026-05-25,103000.0
KH02333,2026-05-25,92000.0
KH01267,2026-05-25,424000.0
KH01145,2026-05-25,153000.0
KH02308,2026-05-25,188000.0
KH00553,2026-05-25,163000.0
KH01958,2026-05-25,118000.0
KH01144,2026-05-25,46000.0
KH01249,2026-05-25,336000.0
KH01251,2026-05-25,143000.0
KH00946,2026-05-25,122000.0
KH01613,2026-05-25,306000.0
KH01183,2026-05-25,580000.0
KH01547,2026-05-25,287000.0
KH02121,2026-05-25,258000.0
KH01181,2026-05-25,84000.0
KH02284,2026-05-25,1637000.0
KH02266,2026-05-25,17000.0
KH01546,2026-05-25,762000.0
KH00628,2026-05-25,133000.0
KH02492,2026-05-25,96000.0
KH02495,2026-05-25,268000.0
KH02341,2026-05-25,307000.0
KH00458,2026-05-25,196000.0
KH02002,2026-05-25,450000.0
KH02045,2026-05-25,109000.0
KH00242,2026-05-25,85000.0
KH01731,2026-05-25,87000.0
KH01385,2026-05-25,112000.0
KH00524,2026-05-25,92000.0
KH01359,2026-05-25,1320000.0
KH00381,2026-05-25,305000.0
KH02417,2026-05-25,79000.0
KH00124,2026-05-25,606000.0
KH02065,2026-05-25,102000.0
KH02052,2026-05-25,330000.0
KH00089,2026-05-25,43000.0
KH02428,2026-05-25,71000.0
KH00168,2026-05-25,227000.0
KH02046,2026-05-25,124000.0
KH00335,2026-05-25,79000.0
KH00726,2026-05-25,201000.0
KH00194,2026-05-25,76000.0
KH01006,2026-05-25,87000.0
KH00785,2026-05-25,52000.0
KH01133,2026-05-25,329000.0
KH00786,2026-05-25,112000.0
KH01146,2026-05-25,264000.0
KH00921,2026-05-25,148000.0
KH01231,2026-05-25,109000.0
KH01260,2026-05-25,290000.0
KH00703,2026-05-25,147000.0
KH00941,2026-05-25,108000.0
KH00308,2026-05-25,292000.0
KH01839,2026-05-25,52000.0
KH00365,2026-05-25,253000.0
KH01402,2026-05-25,149000.0
KH01781,2026-05-25,255000.0
KH01853,2026-05-25,238000.0
KH00378,2026-05-25,60000.0
KH01177,2026-05-25,591000.0
KH02065,2026-05-25,93000.0
KH01520,2026-05-25,195000.0
KH01346,2026-05-25,346000.0
KH01437,2026-05-25,267000.0
KH00642,2026-05-25,277000.0
KH02208,2026-05-25,83000.0
KH00646,2026-05-25,166000.0
KH00151,2026-05-25,323000.0
KH01195,2026-05-26,111000.0
KH02179,2026-05-26,476000.0
KH02133,2026-05-26,133000.0
KH02346,2026-05-26,181000.0
KH01457,2026-05-26,214000.0
KH01460,2026-05-26,244000.0
KH00509,2026-05-26,362000.0
KH00193,2026-05-26,357000.0
KH01354,2026-05-26,186000.0
KH00357,2026-05-26,333000.0
KH02254,2026-05-26,99000.0
KH02291,2026-05-26,232000.0
KH00683,2026-05-26,87000.0
KH00633,2026-05-26,477000.0
KH00154,2026-05-26,2804000.0
KH00881,2026-05-26,108000.0
KH02492,2026-05-26,365000.0
KH01660,2026-05-26,113000.0
KH00933,2026-05-26,192000.0
KH01520,2026-05-26,129000.0
KH01397,2026-05-26,166000.0
KH01503,2026-05-26,191000.0
KH01896,2026-05-26,546000.0
KH00089,2026-05-26,294000.0
KH02313,2026-05-26,248000.0
KH00561,2026-05-26,135000.0
KH01643,2026-05-26,200000.0
KH00993,2026-05-26,97000.0
KH01172,2026-05-26,51000.0
KH00281,2026-05-26,186000.0
KH01620,2026-05-26,155000.0
KH02224,2026-05-26,395000.0
KH00940,2026-05-26,851000.0
KH00886,2026-05-26,144000.0
KH01238,2026-05-26,239000.0
KH02134,2026-05-26,71000.0
KH01460,2026-05-26,125000.0
KH01975,2026-05-26,165000.0
KH01407,2026-05-26,451000.0
KH00022,2026-05-26,152000.0
KH00392,2026-05-26,78000.0
KH00557,2026-05-26,182000.0
KH02353,2026-05-26,976000.0
KH01066,2026-05-26,165000.0
KH00791,2026-05-26,142000.0
KH01934,2026-05-26,94000.0
KH00708,2026-05-26,739000.0
KH01673,2026-05-26,796000.0
KH01798,2026-05-26,286000.0
KH02142,2026-05-26,1331000.0
KH01678,2026-05-26,60000.0
KH00009,2026-05-26,309000.0
KH00941,2026-05-26,305000.0
KH01497,2026-05-26,200000.0
KH00062,2026-05-26,128000.0
KH00014,2026-05-26,416000.0
KH01896,2026-05-26,883000.0
KH01608,2026-05-26,119000.0
KH01836,2026-05-26,178000.0
KH02053,2026-05-26,154000.0
KH01151,2026-05-26,164000.0
KH01964,2026-05-26,446000.0
KH01344,2026-05-26,187000.0
KH02459,2026-05-26,267000.0
KH01512,2026-05-26,46000.0
KH01729,2026-05-26,371000.0
KH02387,2026-05-26,73000.0
KH02037,2026-05-26,549000.0
KH00694,2026-05-26,73000.0
KH00386,2026-05-26,236000.0
KH02450,2026-05-26,233000.0
KH00264,2026-05-26,155000.0
KH00958,2026-05-26,568000.0
KH00972,2026-05-26,300000.0
KH00415,2026-05-26,62000.0
KH01884,2026-05-26,45000.0
KH00622,2026-05-26,346000.0
KH00903,2026-05-26,434000.0
KH02486,2026-05-26,2145000.0
KH02182,2026-05-26,57000.0
KH00179,2026-05-26,137000.0
KH00261,2026-05-26,1075000.0
KH00877,2026-05-26,169000.0
KH00954,2026-05-26,150000.0
KH00875,2026-05-26,488000.0
KH00223,2026-05-26,236000.0
KH00070,2026-05-27,78000.0
KH01515,2026-05-27,47000.0
KH01028,2026-05-27,414000.0
KH01799,2026-05-27,164000.0
KH01178,2026-05-27,130000.0
KH01244,2026-05-27,106000.0
KH01749,2026-05-27,656000.0
KH01304,2026-05-27,140000.0
KH01781,2026-05-27,79000.0
KH00560,2026-05-27,129000.0
KH00349,2026-05-27,200000.0
KH01066,2026-05-27,339000.0
KH01450,2026-05-27,414000.0
KH02047,2026-05-27,296000.0
KH01963,2026-05-27,227000.0
KH02354,2026-05-27,90000.0
KH00132,2026-05-27,262000.0
KH02292,2026-05-27,335000.0
KH00403,2026-05-27,184000.0
KH01229,2026-05-27,180000.0
KH01457,2026-05-27,76000.0
KH01183,2026-05-27,286000.0
KH00037,2026-05-27,218000.0
KH01441,2026-05-27,149000.0
KH00464,2026-05-27,127000.0
KH01271,2026-05-27,104000.0
KH02129,2026-05-27,102000.0
KH01335,2026-05-27,141000.0
KH02078,2026-05-27,441000.0
KH02036,2026-05-27,150000.0
KH01335,2026-05-27,298000.0
KH00012,2026-05-27,112000.0
KH02220,2026-05-27,611000.0
KH00381,2026-05-27,108000.0
KH02006,2026-05-27,178000.0
KH01324,2026-05-27,95000.0
KH02444,2026-05-27,452000.0
KH00881,2026-05-27,479000.0
KH01071,2026-05-27,448000.0
KH00649,2026-05-27,144000.0
KH00455,2026-05-27,67000.0
KH01325,2026-05-27,74000.0
KH00032,2026-05-27,80000.0
KH02105,2026-05-27,364000.0
KH01013,2026-05-27,56000.0
KH00703,2026-05-27,126000.0
KH01172,2026-05-27,484000.0
KH00548,2026-05-27,114000.0
KH00885,2026-05-27,107000.0
KH00405,2026-05-27,134000.0
KH00068,2026-05-27,348000.0
KH00377,2026-05-27,167000.0
KH01614,2026-05-27,38000.0
KH00849,2026-05-27,214000.0
KH00752,2026-05-27,159000.0
KH00445,2026-05-27,96000.0
KH01787,2026-05-27,214000.0
KH02362,2026-05-27,634000.0
KH01187,2026-05-27,75000.0
KH00987,2026-05-27,113000.0
KH00968,2026-05-27,260000.0
KH00490,2026-05-27,271000.0
KH00358,2026-05-27,277000.0
KH00740,2026-05-27,124000.0
KH01943,2026-05-27,133000.0
KH01090,2026-05-27,197000.0
KH00606,2026-05-27,148000.0
KH00561,2026-05-27,63000.0
KH00742,2026-05-27,388000.0
KH01311,2026-05-27,94000.0
KH00959,2026-05-27,404000.0
KH00910,2026-05-27,225000.0
KH01027,2026-05-28,195000.0
KH01105,2026-05-28,396000.0
KH01392,2026-05-28,478000.0
KH01987,2026-05-28,330000.0
KH00388,2026-05-28,329000.0
KH02471,2026-05-28,121000.0
KH00515,2026-05-28,575000.0
KH00739,2026-05-28,187000.0
KH01623,2026-05-28,163000.0
KH00527,2026-05-28,73000.0
KH00872,2026-05-28,97000.0
KH01460,2026-05-28,468000.0
KH00101,2026-05-28,151000.0
KH02069,2026-05-28,311000.0
KH00379,2026-05-28,142000.0
KH00889,2026-05-28,178000.0
KH01596,2026-05-28,76000.0
KH01262,2026-05-28,285000.0
KH00448,2026-05-28,193000.0
KH00989,2026-05-28,147000.0
KH01666,2026-05-28,365000.0
KH01401,2026-05-28,199000.0
KH02480,2026-05-28,239000.0
KH00915,2026-05-28,162000.0
KH00348,2026-05-28,55000.0
KH00959,2026-05-28,138000.0
KH01274,2026-05-28,431000.0
KH00986,2026-05-28,139000.0
KH02050,2026-05-28,100000.0
KH01595,2026-05-28,305000.0
KH00350,2026-05-28,607000.0
KH00185,2026-05-28,248000.0
KH01667,2026-05-28,562000.0
KH00633,2026-05-28,390000.0
KH02356,2026-05-28,84000.0
KH02160,2026-05-28,80000.0
KH02013,2026-05-28,483000.0
KH01835,2026-05-28,233000.0
KH01081,2026-05-28,160000.0
KH00832,2026-05-28,682000.0
KH02092,2026-05-28,432000.0
KH01570,2026-05-28,123000.0
KH02275,2026-05-28,184000.0
KH00915,2026-05-28,119000.0
KH00334,2026-05-28,74000.0
KH02383,2026-05-28,139000.0
KH00240,2026-05-28,72000.0
KH01348,2026-05-28,230000.0
KH01994,2026-05-28,533000.0
KH02083,2026-05-28,342000.0
KH01377,2026-05-28,690000.0
KH01514,2026-05-28,157000.0
KH01402,2026-05-28,167000.0
KH01392,2026-05-28,303000.0
KH01601,2026-05-28,378000.0
KH01142,2026-05-28,71000.0
KH00640,2026-05-28,94000.0
KH00904,2026-05-28,462000.0
KH00309,2026-05-28,255000.0
KH02121,2026-05-28,385000.0
KH01118,2026-05-28,256000.0
KH00707,2026-05-28,144000.0
KH01807,2026-05-28,152000.0
KH01235,2026-05-28,454000.0
KH00887,2026-05-28,53000.0
KH02281,2026-05-28,34000.0
KH01310,2026-05-28,1002000.0
KH00171,2026-05-28,487000.0
KH00608,2026-05-28,1198000.0
KH01958,2026-05-28,122000.0
KH01464,2026-05-28,142000.0
KH00626,2026-05-28,129000.0
KH02070,2026-05-28,95000.0
KH02224,2026-05-28,129000.0
KH01808,2026-05-28,67000.0
KH00667,2026-05-28,126000.0
KH00177,2026-05-28,61000.0
KH00533,2026-05-28,156000.0
KH01771,2026-05-28,398000.0
KH00268,2026-05-28,189000.0
KH01820,2026-05-28,731000.0
KH01881,2026-05-28,353000.0
KH02148,2026-05-28,286000.0
KH02175,2026-05-28,778000.0
KH01040,2026-05-28,1155000.0
KH00449,2026-05-28,133000.0
KH00156,2026-05-28,214000.0
KH01121,2026-05-29,1222000.0
KH00281,2026-05-29,950000.0
KH00546,2026-05-29,130000.0
KH01997,2026-05-29,162000.0
KH01133,2026-05-29,665000.0
KH01938,2026-05-29,600000.0
KH01600,2026-05-29,50000.0
KH01262,2026-05-29,115000.0
KH02365,2026-05-29,201000.0
KH01190,2026-05-29,205000.0
KH00010,2026-05-29,174000.0
KH00878,2026-05-29,515000.0
KH00878,2026-05-29,18000.0
KH02484,2026-05-29,95000.0
KH00320,2026-05-29,292000.0
KH01331,2026-05-29,475000.0
KH01773,2026-05-29,280000.0
KH02267,2026-05-29,141000.0
KH01782,2026-05-29,78000.0
KH01123,2026-05-29,301000.0
KH01269,2026-05-29,1438000.0
KH00552,2026-05-29,205000.0
KH00503,2026-05-29,143000.0
KH01556,2026-05-29,70000.0
KH00810,2026-05-29,51000.0
KH01170,2026-05-29,209000.0
KH00969,2026-05-29,75000.0
KH00105,2026-05-29,102000.0
KH02432,2026-05-29,153000.0
KH02104,2026-05-29,412000.0
KH01958,2026-05-29,157000.0
KH01203,2026-05-29,446000.0
KH00090,2026-05-29,251000.0
KH00036,2026-05-29,206000.0
KH00910,2026-05-29,620000.0
KH01146,2026-05-29,218000.0
KH01782,2026-05-29,133000.0
KH02175,2026-05-29,23000.0
KH00644,2026-05-29,78000.0
KH00335,2026-05-29,74000.0
KH02122,2026-05-29,637000.0
KH01066,2026-05-29,104000.0
KH01788,2026-05-29,97000.0
KH00234,2026-05-29,403000.0
KH00991,2026-05-29,130000.0
KH00247,2026-05-29,1142000.0
KH01414,2026-05-29,671000.0
KH01254,2026-05-29,239000.0
KH01429,2026-05-29,494000.0
KH00986,2026-05-29,91000.0
KH02281,2026-05-29,216000.0
KH02014,2026-05-29,41000.0
KH02006,2026-05-29,256000.0
KH00959,2026-05-29,364000.0
KH02475,2026-05-29,180000.0
KH00827,2026-05-29,399000.0
KH01716,2026-05-29,240000.0
KH01641,2026-05-29,336000.0
KH01261,2026-05-29,117000.0
KH02103,2026-05-29,176000.0
KH01450,2026-05-29,180000.0
KH00427,2026-05-29,134000.0
KH01442,2026-05-29,218000.0
KH02422,2026-05-29,286000.0
KH01123,2026-05-29,404000.0
KH01378,2026-05-29,83000.0
KH02395,2026-05-29,123000.0
KH02199,2026-05-29,197000.0
KH01825,2026-05-29,138000.0
KH01402,2026-05-29,324000.0
KH00316,2026-05-29,143000.0
KH01199,2026-05-29,781000.0
KH01038,2026-05-29,160000.0
KH00038,2026-05-29,89000.0
KH02122,2026-05-29,528000.0
KH02194,2026-05-29,153000.0
KH00529,2026-05-29,231000.0
KH00522,2026-05-29,326000.0
KH01978,2026-05-29,437000.0
KH00743,2026-05-29,103000.0
KH00562,2026-05-29,131000.0
KH00128,2026-05-29,327000.0
KH00743,2026-05-29,293000.0
KH01419,2026-05-30,120000.0
KH02165,2026-05-30,265000.0
KH01291,2026-05-30,46000.0
KH00741,2026-05-30,219000.0
KH00654,2026-05-30,102000.0
KH00654,2026-05-30,103000.0
KH00266,2026-05-30,115000.0
KH02074,2026-05-30,179000.0
KH02234,2026-05-30,390000.0
KH01392,2026-05-30,145000.0
KH00795,2026-05-30,85000.0
KH02388,2026-05-30,290000.0
KH01472,2026-05-30,161000.0
KH00144,2026-05-30,192000.0
KH00113,2026-05-30,441000.0
KH00609,2026-05-30,384000.0
KH02366,2026-05-30,259000.0
KH01107,2026-05-30,179000.0
KH00381,2026-05-30,458000.0
KH00333,2026-05-30,244000.0
KH01010,2026-05-30,214000.0
KH00466,2026-05-30,189000.0
KH01471,2026-05-30,189000.0
KH02148,2026-05-30,405000.0
KH00014,2026-05-30,245000.0
KH01843,2026-05-30,577000.0
KH01678,2026-05-30,798000.0
KH01602,2026-05-30,84000.0
KH01851,2026-05-30,201000.0
KH01551,2026-05-30,197000.0
KH02362,2026-05-30,94000.0
KH00327,2026-05-30,265000.0
KH01909,2026-05-30,296000.0
KH00400,2026-05-30,59000.0
KH00029,2026-05-30,176000.0
KH01057,2026-05-30,193000.0
KH01442,2026-05-30,226000.0
KH02452,2026-05-30,100000.0
KH01500,2026-05-30,54000.0
KH01287,2026-05-30,292000.0
KH01973,2026-05-30,47000.0
KH00192,2026-05-30,140000.0
KH01134,2026-05-30,96000.0
KH02268,2026-05-30,832000.0
KH00480,2026-05-30,390000.0
KH02422,2026-05-30,182000.0
KH00744,2026-05-30,119000.0
KH01057,2026-05-30,319000.0
KH01798,2026-05-30,35000.0
KH00462,2026-05-30,44000.0
KH01255,2026-05-30,114000.0
KH00948,2026-05-30,142000.0
KH02095,2026-05-30,964000.0
KH00027,2026-05-30,83000.0
KH00941,2026-05-30,709000.0
KH01331,2026-05-30,190000.0
KH00650,2026-05-30,97000.0
KH00688,2026-05-30,363000.0
KH00038,2026-05-30,63000.0
KH02367,2026-05-30,122000.0
KH01099,2026-05-30,138000.0
KH01170,2026-05-30,132000.0
KH02134,2026-05-30,104000.0
KH00657,2026-05-30,91000.0
KH01528,2026-05-30,177000.0
KH01590,2026-05-30,222000.0
KH01298,2026-05-30,241000.0
KH01758,2026-05-30,146000.0
KH02039,2026-05-30,286000.0
KH00509,2026-05-30,347000.0
KH00363,2026-05-30,189000.0
KH00151,2026-05-30,46000.0
KH00299,2026-05-30,89000.0
KH00404,2026-05-30,424000.0
KH00355,2026-05-30,52000.0
KH01601,2026-05-30,289000.0
KH02457,2026-05-30,638000.0
KH00833,2026-05-30,151000.0
KH00473,2026-05-30,134000.0
KH01275,2026-05-30,333000.0
KH02200,2026-05-30,487000.0
KH01059,2026-05-30,264000.0
KH00373,2026-05-30,530000.0
KH02223,2026-05-30,159000.0
KH02200,2026-05-30,496000.0
KH00785,2026-05-31,196000.0
KH00300,2026-05-31,71000.0
KH00605,2026-05-31,941000.0
KH00590,2026-05-31,97000.0
KH01685,2026-05-31,741000.0
KH01937,2026-05-31,259000.0
KH02327,2026-05-31,76000.0
KH01884,2026-05-31,309000.0
KH01349,2026-05-31,164000.0
KH00786,2026-05-31,81000.0
KH00613,2026-05-31,190000.0
KH02092,2026-05-31,151000.0
KH01135,2026-05-31,32000.0
KH01478,2026-05-31,317000.0
KH00091,2026-05-31,203000.0
KH01461,2026-05-31,282000.0
KH00685,2026-05-31,69000.0
KH00533,2026-05-31,169000.0
KH00933,2026-05-31,205000.0
KH01806,2026-05-31,101000.0
KH00696,2026-05-31,158000.0
KH00973,2026-05-31,226000.0
KH02291,2026-05-31,104000.0
KH00777,2026-05-31,137000.0
KH01397,2026-05-31,142000.0
KH02156,2026-05-31,282000.0
KH00066,2026-05-31,213000.0
KH02480,2026-05-31,431000.0
KH01629,2026-05-31,415000.0
KH01041,2026-05-31,62000.0
KH01731,2026-05-31,109000.0
KH00622,2026-05-31,207000.0
KH00192,2026-05-31,247000.0
KH00855,2026-05-31,101000.0
KH01870,2026-05-31,217000.0
KH00966,2026-05-31,141000.0
KH00575,2026-05-31,243000.0
KH02121,2026-05-31,120000.0
KH00561,2026-05-31,347000.0
KH01833,2026-05-31,44000.0
KH01033,2026-05-31,166000.0
KH02431,2026-05-31,261000.0
KH00910,2026-05-31,165000.0
KH01801,2026-05-31,106000.0
KH01612,2026-05-31,143000.0
KH02208,2026-05-31,113000.0
KH00352,2026-05-31,80000.0
KH00476,2026-05-31,322000.0
KH00102,2026-05-31,258000.0
KH00372,2026-05-31,109000.0
KH01884,2026-05-31,90000.0
KH02066,2026-05-31,103000.0
KH01521,2026-05-31,107000.0
KH00214,2026-05-31,662000.0
KH01727,2026-05-31,365000.0
KH02103,2026-05-31,326000.0
KH02428,2026-05-31,183000.0
KH00328,2026-05-31,239000.0
KH01495,2026-05-31,308000.0
KH00853,2026-05-31,893000.0
KH01290,2026-05-31,197000.0
KH01639,2026-05-31,384000.0
KH00669,2026-05-31,247000.0
KH00834,2026-05-31,280000.0
KH01901,2026-05-31,159000.0
KH01362,2026-05-31,207000.0
KH00040,2026-05-31,687000.0
KH00965,2026-05-31,149000.0
KH02148,2026-05-31,214000.0
KH01472,2026-05-31,267000.0
KH00857,2026-05-31,92000.0
KH01461,2026-05-31,864000.0
KH00873,2026-05-31,215000.0
KH00648,2026-05-31,239000.0
KH00207,2026-05-31,72000.0
KH02291,2026-05-31,658000.0
KH00886,2026-05-31,160000.0
KH02362,2026-05-31,108000.0
KH01397,2026-05-31,121000.0
KH01453,2026-05-31,604000.0
KH02250,2026-05-31,70000.0
KH00211,2026-05-31,83000.0
KH01228,2026-05-31,421000.0
KH01643,2026-05-31,20000.0
KH01893,2026-05-31,386000.0
KH00261,2026-05-31,143000.0
KH00879,2026-05-31,503000.0
KH00975,2026-05-31,222000.0
KH01907,2026-05-31,98000.0
KH00626,2026-06-01,173000.0
KH00554,2026-06-01,250000.0
KH00087,2026-06-01,51000.0
KH02317,2026-06-01,291000.0
KH02364,2026-06-01,81000.0
KH00785,2026-06-01,255000.0
KH02480,2026-06-01,135000.0
KH02075,2026-06-01,283000.0
KH01402,2026-06-01,168000.0
KH02251,2026-06-01,168000.0
KH01322,2026-06-01,419000.0
KH00548,2026-06-01,79000.0
KH01668,2026-06-01,76000.0
KH01933,2026-06-01,77000.0
KH02362,2026-06-01,82000.0
KH00014,2026-06-01,768000.0
KH01059,2026-06-01,464000.0
KH00491,2026-06-01,468000.0
KH00267,2026-06-01,280000.0
KH00266,2026-06-01,183000.0
KH01910,2026-06-01,140000.0
KH00776,2026-06-01,103000.0
KH00388,2026-06-01,346000.0
KH00698,2026-06-01,137000.0
KH00128,2026-06-01,648000.0
KH02377,2026-06-01,200000.0
KH01647,2026-06-01,195000.0
KH02183,2026-06-01,208000.0
KH00102,2026-06-01,284000.0
KH00627,2026-06-01,102000.0
KH00327,2026-06-01,157000.0
KH02308,2026-06-01,102000.0
KH00111,2026-06-01,137000.0
KH01606,2026-06-01,169000.0
KH00189,2026-06-01,334000.0
KH00857,2026-06-01,179000.0
KH00242,2026-06-01,312000.0
KH00922,2026-06-01,171000.0
KH02199,2026-06-01,119000.0
KH00497,2026-06-01,88000.0
KH01355,2026-06-01,181000.0
KH00733,2026-06-01,510000.0
KH02240,2026-06-01,660000.0
KH01879,2026-06-01,94000.0
KH01257,2026-06-01,74000.0
KH01823,2026-06-01,367000.0
KH00478,2026-06-01,515000.0
KH01048,2026-06-01,97000.0
KH00584,2026-06-01,132000.0
KH01731,2026-06-01,105000.0
KH00832,2026-06-01,134000.0
KH00657,2026-06-01,96000.0
KH02261,2026-06-01,104000.0
KH00729,2026-06-01,66000.0
KH01625,2026-06-01,22000.0
KH00668,2026-06-01,269000.0
KH00102,2026-06-01,458000.0
KH01438,2026-06-01,462000.0
KH00027,2026-06-01,76000.0
KH00171,2026-06-01,1261000.0
KH00922,2026-06-01,232000.0
KH01007,2026-06-01,119000.0
KH00636,2026-06-01,212000.0
KH00852,2026-06-01,293000.0
KH00168,2026-06-01,698000.0
KH01233,2026-06-01,95000.0
KH01853,2026-06-01,682000.0
KH00227,2026-06-01,181000.0
KH01471,2026-06-01,176000.0
KH01066,2026-06-01,122000.0
KH01646,2026-06-01,103000.0
KH00377,2026-06-01,453000.0
KH00719,2026-06-01,490000.0
KH01675,2026-06-01,142000.0
KH01902,2026-06-01,76000.0
KH00235,2026-06-01,172000.0
KH01705,2026-06-01,62000.0
KH01106,2026-06-01,681000.0
KH01381,2026-06-01,246000.0
KH00183,2026-06-01,278000.0
KH00921,2026-06-01,486000.0
KH00557,2026-06-01,56000.0
KH00069,2026-06-01,213000.0
KH01056,2026-06-01,455000.0
KH01283,2026-06-01,60000.0
KH00538,2026-06-02,363000.0
KH02321,2026-06-02,32000.0
KH01993,2026-06-02,170000.0
KH02368,2026-06-02,56000.0
KH01408,2026-06-02,1079000.0
KH01055,2026-06-02,261000.0
KH02351,2026-06-02,316000.0
KH00635,2026-06-02,298000.0
KH01731,2026-06-02,421000.0
KH02128,2026-06-02,461000.0
KH00828,2026-06-02,394000.0
KH00656,2026-06-02,148000.0
KH01849,2026-06-02,118000.0
KH00757,2026-06-02,285000.0
KH00109,2026-06-02,112000.0
KH00352,2026-06-02,101000.0
KH01824,2026-06-02,38000.0
KH02480,2026-06-02,373000.0
KH01544,2026-06-02,539000.0
KH01620,2026-06-02,231000.0
KH01558,2026-06-02,79000.0
KH00233,2026-06-02,157000.0
KH02359,2026-06-02,263000.0
KH01264,2026-06-02,126000.0
KH01479,2026-06-02,102000.0
KH00986,2026-06-02,131000.0
KH02080,2026-06-02,524000.0
KH00724,2026-06-02,241000.0
KH02202,2026-06-02,333000.0
KH00872,2026-06-02,156000.0
KH00971,2026-06-02,216000.0
KH01183,2026-06-02,309000.0
KH00491,2026-06-02,166000.0
KH00308,2026-06-02,118000.0
KH00487,2026-06-02,312000.0
KH00937,2026-06-02,91000.0
KH00999,2026-06-02,90000.0
KH01181,2026-06-02,42000.0
KH02272,2026-06-02,253000.0
KH00499,2026-06-02,133000.0
KH00195,2026-06-02,746000.0
KH00395,2026-06-02,1032000.0
KH01966,2026-06-02,40000.0
KH00192,2026-06-02,268000.0
KH02083,2026-06-02,538000.0
KH00364,2026-06-02,108000.0
KH01284,2026-06-02,631000.0
KH00171,2026-06-02,214000.0
KH00376,2026-06-02,224000.0
KH01620,2026-06-02,265000.0
KH02167,2026-06-02,248000.0
KH00654,2026-06-02,77000.0
KH00027,2026-06-02,222000.0
KH00248,2026-06-02,209000.0
KH00036,2026-06-02,229000.0
KH00694,2026-06-02,271000.0
KH00336,2026-06-02,58000.0
KH00227,2026-06-02,259000.0
KH02354,2026-06-02,106000.0
KH02121,2026-06-02,209000.0
KH01680,2026-06-02,356000.0
KH02315,2026-06-02,235000.0
KH01947,2026-06-02,126000.0
KH00801,2026-06-02,347000.0
KH00144,2026-06-02,213000.0
KH00941,2026-06-02,141000.0
KH00188,2026-06-02,178000.0
KH02102,2026-06-02,401000.0
KH00307,2026-06-02,229000.0
KH00512,2026-06-02,111000.0
KH02281,2026-06-02,572000.0
KH00844,2026-06-02,152000.0
KH00235,2026-06-02,94000.0
KH02022,2026-06-03,114000.0
KH00699,2026-06-03,39000.0
KH02146,2026-06-03,125000.0
KH00671,2026-06-03,251000.0
KH01960,2026-06-03,94000.0
KH01288,2026-06-03,187000.0
KH01685,2026-06-03,710000.0
KH02200,2026-06-03,144000.0
KH00197,2026-06-03,361000.0
KH00997,2026-06-03,668000.0
KH00119,2026-06-03,637000.0
KH01915,2026-06-03,813000.0
KH01736,2026-06-03,285000.0
KH01746,2026-06-03,1503000.0
KH00453,2026-06-03,796000.0
KH02142,2026-06-03,222000.0
KH00697,2026-06-03,479000.0
KH01209,2026-06-03,79000.0
KH00382,2026-06-03,880000.0
KH01386,2026-06-03,152000.0
KH01779,2026-06-03,168000.0
KH01188,2026-06-03,176000.0
KH01975,2026-06-03,604000.0
KH00460,2026-06-03,392000.0
KH01773,2026-06-03,233000.0
KH01174,2026-06-03,73000.0
KH02240,2026-06-03,125000.0
KH00117,2026-06-03,82000.0
KH01506,2026-06-03,407000.0
KH00813,2026-06-03,69000.0
KH00546,2026-06-03,196000.0
KH00655,2026-06-03,236000.0
KH02241,2026-06-03,579000.0
KH01593,2026-06-03,247000.0
KH02401,2026-06-03,113000.0
KH01435,2026-06-03,91000.0
KH00478,2026-06-03,138000.0
KH00381,2026-06-03,479000.0
KH01725,2026-06-03,483000.0
KH00360,2026-06-03,929000.0
KH00467,2026-06-03,79000.0
KH00599,2026-06-03,154000.0
KH02210,2026-06-03,232000.0
KH00930,2026-06-03,172000.0
KH00115,2026-06-03,57000.0
KH00027,2026-06-03,277000.0
KH01158,2026-06-03,153000.0
KH00455,2026-06-03,248000.0
KH01361,2026-06-03,35000.0
KH01183,2026-06-03,120000.0
KH00163,2026-06-03,278000.0
KH01844,2026-06-03,83000.0
KH01351,2026-06-03,68000.0
KH00202,2026-06-03,320000.0
KH01978,2026-06-03,517000.0
KH00890,2026-06-03,155000.0
KH02104,2026-06-03,684000.0
KH01694,2026-06-03,658000.0
KH01413,2026-06-03,414000.0
KH01426,2026-06-03,19000.0
KH01752,2026-06-03,81000.0
KH01295,2026-06-03,158000.0
KH01349,2026-06-03,1080000.0
KH01038,2026-06-03,123000.0
KH00744,2026-06-03,128000.0
KH01741,2026-06-03,135000.0
KH01995,2026-06-03,316000.0
KH01342,2026-06-03,78000.0
KH02320,2026-06-03,756000.0
KH01037,2026-06-03,371000.0
KH01829,2026-06-03,67000.0
KH00702,2026-06-03,280000.0
KH00808,2026-06-03,494000.0
KH01499,2026-06-03,292000.0
KH02014,2026-06-03,781000.0
KH02408,2026-06-03,257000.0
KH00548,2026-06-03,233000.0
KH01854,2026-06-04,381000.0
KH00027,2026-06-04,561000.0
KH00036,2026-06-04,226000.0
KH02000,2026-06-04,353000.0
KH00687,2026-06-04,69000.0
KH02399,2026-06-04,357000.0
KH01596,2026-06-04,80000.0
KH01468,2026-06-04,521000.0
KH02275,2026-06-04,83000.0
KH01330,2026-06-04,85000.0
KH01110,2026-06-04,191000.0
KH01844,2026-06-04,135000.0
KH02387,2026-06-04,519000.0
KH00293,2026-06-04,242000.0
KH00069,2026-06-04,151000.0
KH01288,2026-06-04,126000.0
KH01350,2026-06-04,537000.0
KH00844,2026-06-04,86000.0
KH00300,2026-06-04,520000.0
KH00220,2026-06-04,726000.0
KH00697,2026-06-04,650000.0
KH01954,2026-06-04,875000.0
KH02359,2026-06-04,540000.0
KH00079,2026-06-04,264000.0
KH01001,2026-06-04,117000.0
KH02465,2026-06-04,359000.0
KH00605,2026-06-04,88000.0
KH01641,2026-06-04,236000.0
KH00855,2026-06-04,24000.0
KH02060,2026-06-04,158000.0
KH00377,2026-06-04,146000.0
KH02327,2026-06-04,84000.0
KH00377,2026-06-04,183000.0
KH02102,2026-06-04,106000.0
KH00905,2026-06-04,239000.0
KH02108,2026-06-04,64000.0
KH01758,2026-06-04,69000.0
KH00200,2026-06-04,95000.0
KH01929,2026-06-04,289000.0
KH00487,2026-06-04,28000.0
KH01065,2026-06-04,461000.0
KH01487,2026-06-04,132000.0
KH00978,2026-06-04,147000.0
KH00020,2026-06-04,193000.0
KH01286,2026-06-04,619000.0
KH00742,2026-06-04,224000.0
KH00736,2026-06-04,383000.0
KH02176,2026-06-04,198000.0
KH02249,2026-06-04,182000.0
KH01027,2026-06-04,167000.0
KH00795,2026-06-04,132000.0
KH00360,2026-06-04,328000.0
KH01692,2026-06-04,901000.0
KH01456,2026-06-04,341000.0
KH02435,2026-06-04,94000.0
KH02484,2026-06-04,222000.0
KH02315,2026-06-04,121000.0
KH00379,2026-06-04,208000.0
KH00240,2026-06-04,420000.0
KH00742,2026-06-04,68000.0
KH00478,2026-06-04,77000.0
KH02473,2026-06-04,562000.0
KH01036,2026-06-04,226000.0
KH02123,2026-06-04,302000.0
KH02300,2026-06-04,179000.0
KH00576,2026-06-04,216000.0
KH01329,2026-06-04,89000.0
KH00915,2026-06-04,289000.0
KH00969,2026-06-04,179000.0
KH02339,2026-06-04,239000.0
KH01826,2026-06-04,203000.0
KH01402,2026-06-04,82000.0
KH00921,2026-06-04,172000.0
KH01235,2026-06-04,284000.0
KH01821,2026-06-04,311000.0
KH02154,2026-06-04,405000.0
KH01196,2026-06-04,841000.0
KH00886,2026-06-04,37000.0
KH01302,2026-06-04,259000.0
KH01363,2026-06-04,302000.0
KH00189,2026-06-04,60000.0
KH00894,2026-06-04,419000.0
KH00912,2026-06-04,235000.0
KH02011,2026-06-04,67000.0
KH00266,2026-06-04,47000.0
KH02376,2026-06-04,142000.0
KH02406,2026-06-04,243000.0
KH00468,2026-06-04,175000.0
KH01683,2026-06-04,100000.0
KH00275,2026-06-05,162000.0
KH00294,2026-06-05,198000.0
KH01866,2026-06-05,87000.0
KH00125,2026-06-05,197000.0
KH01566,2026-06-05,731000.0
KH01322,2026-06-05,451000.0
KH01544,2026-06-05,150000.0
KH00828,2026-06-05,76000.0
KH00218,2026-06-05,302000.0
KH00680,2026-06-05,158000.0
KH01500,2026-06-05,82000.0
KH01273,2026-06-05,201000.0
KH01439,2026-06-05,221000.0
KH00932,2026-06-05,678000.0
KH02087,2026-06-05,279000.0
KH00268,2026-06-05,116000.0
KH01286,2026-06-05,494000.0
KH00920,2026-06-05,840000.0
KH02268,2026-06-05,160000.0
KH02374,2026-06-05,282000.0
KH01781,2026-06-05,288000.0
KH01322,2026-06-05,58000.0
KH00500,2026-06-05,105000.0
KH00132,2026-06-05,1425000.0
KH00059,2026-06-05,232000.0
KH00750,2026-06-05,113000.0
KH02307,2026-06-05,107000.0
KH01385,2026-06-05,244000.0
KH00118,2026-06-05,344000.0
KH00879,2026-06-05,444000.0
KH02118,2026-06-05,686000.0
KH01304,2026-06-05,282000.0
KH01274,2026-06-05,336000.0
KH00559,2026-06-05,48000.0
KH00063,2026-06-05,172000.0
KH02157,2026-06-05,123000.0
KH01121,2026-06-05,32000.0
KH00228,2026-06-05,132000.0
KH01802,2026-06-05,127000.0
KH01418,2026-06-05,193000.0
KH00233,2026-06-05,303000.0
KH01507,2026-06-05,521000.0
KH00194,2026-06-05,186000.0
KH00467,2026-06-05,321000.0
KH01069,2026-06-05,295000.0
KH01900,2026-06-05,53000.0
KH00297,2026-06-05,239000.0
KH00677,2026-06-05,275000.0
KH01571,2026-06-05,173000.0
KH00571,2026-06-05,83000.0
KH00778,2026-06-05,141000.0
KH01598,2026-06-05,225000.0
KH00986,2026-06-05,408000.0
KH00789,2026-06-05,225000.0
KH01321,2026-06-05,145000.0
KH01322,2026-06-05,158000.0
KH01137,2026-06-05,331000.0
KH01510,2026-06-05,195000.0
KH01318,2026-06-05,244000.0
KH01980,2026-06-05,95000.0
KH01322,2026-06-05,241000.0
KH00813,2026-06-05,61000.0
KH01940,2026-06-05,138000.0
KH01056,2026-06-05,143000.0
KH01520,2026-06-05,343000.0
KH02469,2026-06-06,88000.0
KH00054,2026-06-06,202000.0
KH02143,2026-06-06,124000.0
KH02125,2026-06-06,66000.0
KH00024,2026-06-06,255000.0
KH02129,2026-06-06,360000.0
KH02315,2026-06-06,224000.0
KH00813,2026-06-06,365000.0
KH01620,2026-06-06,626000.0
KH00621,2026-06-06,76000.0
KH00344,2026-06-06,238000.0
KH02215,2026-06-06,176000.0
KH01666,2026-06-06,678000.0
KH01202,2026-06-06,261000.0
KH02103,2026-06-06,226000.0
KH00364,2026-06-06,188000.0
KH00239,2026-06-06,377000.0
KH01018,2026-06-06,575000.0
KH01803,2026-06-06,88000.0
KH01619,2026-06-06,921000.0
KH00044,2026-06-06,279000.0
KH01601,2026-06-06,143000.0
KH00248,2026-06-06,59000.0
KH01106,2026-06-06,114000.0
KH02008,2026-06-06,71000.0
KH00331,2026-06-06,108000.0
KH01265,2026-06-06,345000.0
KH01976,2026-06-06,204000.0
KH02027,2026-06-06,155000.0
KH00085,2026-06-06,62000.0
KH01950,2026-06-06,227000.0
KH01970,2026-06-06,1865000.0
KH00281,2026-06-06,42000.0
KH00396,2026-06-06,161000.0
KH00771,2026-06-06,256000.0
KH01430,2026-06-06,204000.0
KH00280,2026-06-06,135000.0
KH01759,2026-06-06,129000.0
KH02400,2026-06-06,72000.0
KH00906,2026-06-06,215000.0
KH00329,2026-06-06,200000.0
KH00509,2026-06-06,75000.0
KH00361,2026-06-06,38000.0
KH02174,2026-06-06,845000.0
KH01998,2026-06-06,196000.0
KH01363,2026-06-06,164000.0
KH01600,2026-06-06,285000.0
KH00776,2026-06-06,167000.0
KH01714,2026-06-06,67000.0
KH00680,2026-06-06,32000.0
KH01254,2026-06-06,277000.0
KH02255,2026-06-06,88000.0
KH01402,2026-06-06,111000.0
KH01321,2026-06-06,601000.0
KH02401,2026-06-06,185000.0
KH02267,2026-06-06,161000.0
KH01336,2026-06-06,993000.0
KH01472,2026-06-06,227000.0
KH00920,2026-06-06,34000.0
KH00493,2026-06-06,1363000.0
KH00448,2026-06-06,69000.0
KH00063,2026-06-06,82000.0
KH02137,2026-06-06,101000.0
KH00185,2026-06-06,63000.0
KH00833,2026-06-06,193000.0
KH02434,2026-06-06,401000.0
KH00364,2026-06-06,123000.0
KH01865,2026-06-06,118000.0
KH01604,2026-06-06,199000.0
KH02360,2026-06-06,66000.0
KH00628,2026-06-06,208000.0
KH02222,2026-06-06,357000.0
KH00972,2026-06-06,425000.0
KH02303,2026-06-06,253000.0
KH01181,2026-06-06,126000.0
KH01528,2026-06-06,158000.0
KH00102,2026-06-06,169000.0
KH01908,2026-06-06,559000.0
KH02352,2026-06-06,622000.0
KH00983,2026-06-06,460000.0
KH01860,2026-06-06,152000.0
KH00084,2026-06-06,297000.0
KH01751,2026-06-07,127000.0
KH01190,2026-06-07,60000.0
KH02040,2026-06-07,165000.0
KH01183,2026-06-07,229000.0
KH00925,2026-06-07,479000.0
KH00887,2026-06-07,493000.0
KH01843,2026-06-07,110000.0
KH02465,2026-06-07,129000.0
KH01853,2026-06-07,1052000.0
KH02244,2026-06-07,114000.0
KH00561,2026-06-07,592000.0
KH02101,2026-06-07,67000.0
KH01168,2026-06-07,94000.0
KH01035,2026-06-07,79000.0
KH00179,2026-06-07,128000.0
KH01338,2026-06-07,265000.0
KH00933,2026-06-07,570000.0
KH00565,2026-06-07,562000.0
KH00653,2026-06-07,396000.0
KH00421,2026-06-07,1072000.0
KH00688,2026-06-07,219000.0
KH00337,2026-06-07,98000.0
KH02268,2026-06-07,104000.0
KH01789,2026-06-07,146000.0
KH01196,2026-06-07,53000.0
KH00207,2026-06-07,158000.0
KH01857,2026-06-07,593000.0
KH02316,2026-06-07,474000.0
KH01122,2026-06-07,550000.0
KH00989,2026-06-07,687000.0
KH00881,2026-06-07,610000.0
KH00460,2026-06-07,131000.0
KH01719,2026-06-07,317000.0
KH01573,2026-06-07,468000.0
KH00593,2026-06-07,581000.0
KH01032,2026-06-07,199000.0
KH01092,2026-06-07,282000.0
KH02425,2026-06-07,551000.0
KH01782,2026-06-07,57000.0
KH02223,2026-06-07,213000.0
KH01159,2026-06-07,184000.0
KH01106,2026-06-07,413000.0
KH02471,2026-06-07,649000.0
KH00914,2026-06-07,222000.0
KH00444,2026-06-07,108000.0
KH01934,2026-06-07,73000.0
KH01692,2026-06-07,49000.0
KH00868,2026-06-07,108000.0
KH00870,2026-06-07,109000.0
KH00079,2026-06-07,101000.0
KH00217,2026-06-07,64000.0
KH00411,2026-06-07,343000.0
KH00923,2026-06-07,173000.0
KH00321,2026-06-07,70000.0
KH02382,2026-06-07,226000.0
KH02459,2026-06-07,203000.0
KH02068,2026-06-07,39000.0
KH01958,2026-06-07,209000.0
KH02486,2026-06-07,280000.0
KH02246,2026-06-07,1120000.0
KH00491,2026-06-07,95000.0
KH00199,2026-06-07,131000.0
KH00334,2026-06-07,187000.0
KH02127,2026-06-07,141000.0
KH00707,2026-06-07,516000.0
KH02129,2026-06-07,270000.0
KH00984,2026-06-07,635000.0
KH01877,2026-06-07,155000.0
KH02207,2026-06-07,223000.0
KH01700,2026-06-07,352000.0
KH02340,2026-06-07,137000.0
KH02344,2026-06-07,103000.0
KH01708,2026-06-07,183000.0
KH02473,2026-06-07,179000.0
KH01032,2026-06-07,323000.0
KH00806,2026-06-07,177000.0
KH01181,2026-06-07,222000.0
KH02454,2026-06-07,178000.0
KH01059,2026-06-07,135000.0
KH01207,2026-06-08,162000.0
KH00193,2026-06-08,228000.0
KH01120,2026-06-08,329000.0
KH00789,2026-06-08,86000.0
KH01833,2026-06-08,271000.0
KH01549,2026-06-08,181000.0
KH00452,2026-06-08,243000.0
KH00525,2026-06-08,223000.0
KH01558,2026-06-08,144000.0
KH01851,2026-06-08,1352000.0
KH00012,2026-06-08,504000.0
KH01277,2026-06-08,380000.0
KH01330,2026-06-08,119000.0
KH00012,2026-06-08,108000.0
KH01490,2026-06-08,172000.0
KH00459,2026-06-08,429000.0
KH01029,2026-06-08,713000.0
KH02295,2026-06-08,91000.0
KH00525,2026-06-08,365000.0
KH02379,2026-06-08,83000.0
KH00448,2026-06-08,143000.0
KH00396,2026-06-08,187000.0
KH00873,2026-06-08,323000.0
KH02485,2026-06-08,98000.0
KH02230,2026-06-08,94000.0
KH01435,2026-06-08,144000.0
KH02480,2026-06-08,872000.0
KH00028,2026-06-08,204000.0
KH01840,2026-06-08,289000.0
KH02406,2026-06-08,866000.0
KH01015,2026-06-08,136000.0
KH01708,2026-06-08,119000.0
KH01793,2026-06-08,113000.0
KH01804,2026-06-08,163000.0
KH02299,2026-06-08,470000.0
KH00036,2026-06-08,267000.0
KH02147,2026-06-08,302000.0
KH02220,2026-06-08,135000.0
KH00014,2026-06-08,122000.0
KH02183,2026-06-08,375000.0
KH01151,2026-06-08,89000.0
KH01624,2026-06-08,273000.0
KH02019,2026-06-08,95000.0
KH02139,2026-06-08,158000.0
KH01608,2026-06-08,83000.0
KH00278,2026-06-08,354000.0
KH00102,2026-06-08,829000.0
KH00914,2026-06-08,329000.0
KH02465,2026-06-08,274000.0
KH00461,2026-06-08,341000.0
KH00566,2026-06-08,481000.0
KH00197,2026-06-08,264000.0
KH00436,2026-06-08,208000.0
KH01296,2026-06-08,186000.0
KH00404,2026-06-08,189000.0
KH01602,2026-06-08,263000.0
KH00873,2026-06-08,385000.0
KH01293,2026-06-08,109000.0
KH01854,2026-06-08,190000.0
KH00212,2026-06-08,153000.0
KH00430,2026-06-08,286000.0
KH01532,2026-06-08,497000.0
KH01863,2026-06-08,171000.0
KH01819,2026-06-08,678000.0
KH02327,2026-06-08,163000.0
KH00548,2026-06-08,280000.0
KH00440,2026-06-08,249000.0
KH01074,2026-06-08,403000.0
KH00327,2026-06-08,454000.0
KH02175,2026-06-08,728000.0
KH00526,2026-06-08,278000.0
KH00117,2026-06-08,615000.0
KH00307,2026-06-08,156000.0
KH00094,2026-06-08,226000.0
KH02480,2026-06-08,248000.0
KH00963,2026-06-08,95000.0
KH01692,2026-06-08,146000.0
KH00855,2026-06-08,267000.0
KH01371,2026-06-08,155000.0
KH01987,2026-06-09,119000.0
KH01369,2026-06-09,143000.0
KH01419,2026-06-09,60000.0
KH01987,2026-06-09,102000.0
KH01087,2026-06-09,135000.0
KH02213,2026-06-09,184000.0
KH01627,2026-06-09,80000.0
KH02178,2026-06-09,509000.0
KH00006,2026-06-09,227000.0
KH01745,2026-06-09,264000.0
KH01536,2026-06-09,77000.0
KH01330,2026-06-09,399000.0
KH00500,2026-06-09,410000.0
KH00266,2026-06-09,455000.0
KH02218,2026-06-09,514000.0
KH00868,2026-06-09,83000.0
KH02228,2026-06-09,549000.0
KH01678,2026-06-09,61000.0
KH02302,2026-06-09,229000.0
KH01195,2026-06-09,14000.0
KH01727,2026-06-09,102000.0
KH02223,2026-06-09,383000.0
KH01067,2026-06-09,380000.0
KH01193,2026-06-09,98000.0
KH00300,2026-06-09,59000.0
KH01673,2026-06-09,288000.0
KH00235,2026-06-09,156000.0
KH01729,2026-06-09,150000.0
KH02472,2026-06-09,133000.0
KH01713,2026-06-09,1284000.0
KH00366,2026-06-09,105000.0
KH00719,2026-06-09,372000.0
KH00742,2026-06-09,183000.0
KH01777,2026-06-09,73000.0
KH01340,2026-06-09,259000.0
KH02130,2026-06-09,768000.0
KH02101,2026-06-09,158000.0
KH01321,2026-06-09,313000.0
KH01856,2026-06-09,97000.0
KH00526,2026-06-09,30000.0
KH01183,2026-06-09,68000.0
KH00941,2026-06-09,548000.0
KH01855,2026-06-09,180000.0
KH00290,2026-06-09,62000.0
KH00104,2026-06-09,81000.0
KH01192,2026-06-09,309000.0
KH00633,2026-06-09,46000.0
KH02242,2026-06-09,375000.0
KH01137,2026-06-09,172000.0
KH00364,2026-06-09,257000.0
KH01076,2026-06-09,414000.0
KH01341,2026-06-09,53000.0
KH00313,2026-06-09,193000.0
KH01073,2026-06-09,150000.0
KH01283,2026-06-09,70000.0
KH01714,2026-06-09,89000.0
KH00675,2026-06-09,210000.0
KH02259,2026-06-09,986000.0
KH01698,2026-06-09,241000.0
KH00357,2026-06-09,226000.0
KH01747,2026-06-09,220000.0
KH01777,2026-06-09,493000.0
KH02429,2026-06-09,174000.0
KH02078,2026-06-09,89000.0
KH00013,2026-06-09,205000.0
KH00455,2026-06-09,153000.0
KH01037,2026-06-09,92000.0
KH02474,2026-06-09,357000.0
KH02320,2026-06-09,137000.0
KH02133,2026-06-09,282000.0
KH01620,2026-06-09,209000.0
KH00340,2026-06-09,74000.0
KH02189,2026-06-09,833000.0
KH01560,2026-06-09,213000.0
KH02463,2026-06-09,274000.0
KH01041,2026-06-09,71000.0
KH02166,2026-06-10,177000.0
KH00455,2026-06-10,200000.0
KH02009,2026-06-10,180000.0
KH00915,2026-06-10,34000.0
KH02248,2026-06-10,346000.0
KH01549,2026-06-10,130000.0
KH00084,2026-06-10,426000.0
KH00340,2026-06-10,207000.0
KH02450,2026-06-10,1468000.0
KH01146,2026-06-10,220000.0
KH01202,2026-06-10,237000.0
KH02420,2026-06-10,235000.0
KH00298,2026-06-10,607000.0
KH01291,2026-06-10,82000.0
KH00761,2026-06-10,18000.0
KH01500,2026-06-10,143000.0
KH00867,2026-06-10,74000.0
KH00014,2026-06-10,170000.0
KH01866,2026-06-10,196000.0
KH00822,2026-06-10,252000.0
KH00071,2026-06-10,472000.0
KH01065,2026-06-10,564000.0
KH00503,2026-06-10,257000.0
KH01614,2026-06-10,184000.0
KH02260,2026-06-10,76000.0
KH01782,2026-06-10,160000.0
KH00263,2026-06-10,163000.0
KH00840,2026-06-10,209000.0
KH02427,2026-06-10,404000.0
KH00059,2026-06-10,108000.0
KH01900,2026-06-10,22000.0
KH01477,2026-06-10,152000.0
KH01643,2026-06-10,615000.0
KH00833,2026-06-10,102000.0
KH00583,2026-06-10,138000.0
KH00501,2026-06-10,146000.0
KH00174,2026-06-10,97000.0
KH00378,2026-06-10,323000.0
KH02292,2026-06-10,197000.0
KH02118,2026-06-10,76000.0
KH01538,2026-06-10,956000.0
KH02169,2026-06-10,318000.0
KH00199,2026-06-10,220000.0
KH02329,2026-06-10,127000.0
KH02253,2026-06-10,437000.0
KH00618,2026-06-10,94000.0
KH00825,2026-06-10,163000.0
KH00533,2026-06-10,119000.0
KH00622,2026-06-10,150000.0
KH01888,2026-06-10,1182000.0
KH00582,2026-06-10,111000.0
KH01181,2026-06-10,424000.0
KH02076,2026-06-10,90000.0
KH02224,2026-06-10,89000.0
KH00148,2026-06-10,291000.0
KH01598,2026-06-10,180000.0
KH00411,2026-06-10,104000.0
KH00849,2026-06-10,32000.0
KH02237,2026-06-10,138000.0
KH01380,2026-06-10,217000.0
KH00621,2026-06-10,106000.0
KH00590,2026-06-10,105000.0
KH00183,2026-06-10,547000.0
KH00642,2026-06-10,280000.0
KH01241,2026-06-10,63000.0
KH01076,2026-06-10,38000.0
KH00286,2026-06-10,106000.0
KH00616,2026-06-10,208000.0
KH00293,2026-06-10,538000.0
KH00064,2026-06-10,104000.0
KH00780,2026-06-10,623000.0
KH01203,2026-06-10,348000.0
KH00195,2026-06-10,173000.0
KH01575,2026-06-10,121000.0
KH02046,2026-06-10,215000.0
KH01207,2026-06-10,141000.0
KH01807,2026-06-11,214000.0
KH00526,2026-06-11,106000.0
KH02485,2026-06-11,103000.0
KH00056,2026-06-11,315000.0
KH00567,2026-06-11,60000.0
KH01325,2026-06-11,309000.0
KH02076,2026-06-11,242000.0
KH00689,2026-06-11,488000.0
KH02320,2026-06-11,221000.0
KH00641,2026-06-11,58000.0
KH01738,2026-06-11,309000.0
KH00821,2026-06-11,322000.0
KH01263,2026-06-11,505000.0
KH00359,2026-06-11,172000.0
KH01106,2026-06-11,316000.0
KH00457,2026-06-11,302000.0
KH01378,2026-06-11,292000.0
KH02118,2026-06-11,280000.0
KH01268,2026-06-11,103000.0
KH01907,2026-06-11,225000.0
KH02047,2026-06-11,62000.0
KH00191,2026-06-11,228000.0
KH01576,2026-06-11,188000.0
KH00825,2026-06-11,92000.0
KH00675,2026-06-11,215000.0
KH01946,2026-06-11,188000.0
KH02383,2026-06-11,204000.0
KH00430,2026-06-11,333000.0
KH01849,2026-06-11,144000.0
KH02325,2026-06-11,232000.0
KH02001,2026-06-11,136000.0
KH00697,2026-06-11,197000.0
KH01111,2026-06-11,53000.0
KH01737,2026-06-11,160000.0
KH00404,2026-06-11,184000.0
KH02478,2026-06-11,46000.0
KH01379,2026-06-11,122000.0
KH01593,2026-06-11,251000.0
KH02465,2026-06-11,301000.0
KH01582,2026-06-11,162000.0
KH01192,2026-06-11,100000.0
KH01909,2026-06-11,153000.0
KH00080,2026-06-11,283000.0
KH00676,2026-06-11,212000.0
KH00561,2026-06-11,722000.0
KH00515,2026-06-11,442000.0
KH00750,2026-06-11,41000.0
KH01234,2026-06-11,364000.0
KH01725,2026-06-11,636000.0
KH00425,2026-06-11,229000.0
KH01081,2026-06-11,93000.0
KH01517,2026-06-11,230000.0
KH01843,2026-06-11,1015000.0
KH01150,2026-06-11,218000.0
KH01685,2026-06-11,69000.0
KH00353,2026-06-11,79000.0
KH01763,2026-06-11,793000.0
KH00604,2026-06-11,75000.0
KH00588,2026-06-11,108000.0
KH00913,2026-06-11,326000.0
KH02305,2026-06-11,328000.0
KH00324,2026-06-11,540000.0
KH01136,2026-06-11,698000.0
KH02190,2026-06-11,404000.0
KH00018,2026-06-11,136000.0
KH01666,2026-06-11,367000.0
KH01603,2026-06-11,87000.0
KH00776,2026-06-12,265000.0
KH01837,2026-06-12,77000.0
KH02098,2026-06-12,93000.0
KH00991,2026-06-12,509000.0
KH00588,2026-06-12,76000.0
KH01088,2026-06-12,752000.0
KH02424,2026-06-12,164000.0
KH00520,2026-06-12,143000.0
KH00287,2026-06-12,215000.0
KH01335,2026-06-12,383000.0
KH02318,2026-06-12,424000.0
KH02480,2026-06-12,378000.0
KH01334,2026-06-12,345000.0
KH00576,2026-06-12,50000.0
KH01379,2026-06-12,241000.0
KH02283,2026-06-12,102000.0
KH00903,2026-06-12,1117000.0
KH02482,2026-06-12,530000.0
KH02400,2026-06-12,295000.0
KH00016,2026-06-12,188000.0
KH00007,2026-06-12,79000.0
KH01435,2026-06-12,248000.0
KH01752,2026-06-12,174000.0
KH01902,2026-06-12,109000.0
KH01304,2026-06-12,391000.0
KH00316,2026-06-12,88000.0
KH00767,2026-06-12,133000.0
KH01690,2026-06-12,195000.0
KH01780,2026-06-12,255000.0
KH01912,2026-06-12,63000.0
KH01594,2026-06-12,151000.0
KH01516,2026-06-12,301000.0
KH00877,2026-06-12,756000.0
KH00552,2026-06-12,122000.0
KH01320,2026-06-12,265000.0
KH01934,2026-06-12,60000.0
KH01857,2026-06-12,288000.0
KH01073,2026-06-12,476000.0
KH00381,2026-06-12,79000.0
KH01876,2026-06-12,126000.0
KH01485,2026-06-12,179000.0
KH02458,2026-06-12,36000.0
KH01647,2026-06-12,1163000.0
KH01930,2026-06-12,72000.0
KH00525,2026-06-12,170000.0
KH01835,2026-06-12,165000.0
KH01963,2026-06-12,103000.0
KH00037,2026-06-12,74000.0
KH01066,2026-06-12,441000.0
KH00526,2026-06-12,451000.0
KH01855,2026-06-12,672000.0
KH02425,2026-06-12,54000.0
KH01624,2026-06-12,537000.0
KH02362,2026-06-12,236000.0
KH01402,2026-06-12,73000.0
KH00531,2026-06-12,443000.0
KH00999,2026-06-12,200000.0
KH00279,2026-06-12,69000.0
KH00648,2026-06-12,153000.0
KH01899,2026-06-12,135000.0
KH01318,2026-06-12,117000.0
KH00245,2026-06-12,95000.0
KH02476,2026-06-12,116000.0
KH00379,2026-06-12,196000.0
KH00559,2026-06-12,89000.0
KH02220,2026-06-12,278000.0
KH00731,2026-06-12,134000.0
KH00863,2026-06-12,121000.0
KH01022,2026-06-12,84000.0
KH02120,2026-06-12,189000.0
KH01758,2026-06-12,265000.0
KH02315,2026-06-12,89000.0
KH00440,2026-06-12,628000.0
KH00976,2026-06-12,59000.0
KH00659,2026-06-12,117000.0
KH00552,2026-06-12,413000.0
KH00330,2026-06-12,120000.0
KH01975,2026-06-12,178000.0
KH01395,2026-06-12,155000.0
KH02119,2026-06-12,300000.0
KH00398,2026-06-12,61000.0
KH01251,2026-06-12,148000.0
KH01066,2026-06-12,70000.0
KH01741,2026-06-12,87000.0
KH01232,2026-06-13,32000.0
KH00525,2026-06-13,100000.0
KH01556,2026-06-13,451000.0
KH02465,2026-06-13,68000.0
KH01114,2026-06-13,99000.0
KH02327,2026-06-13,410000.0
KH01472,2026-06-13,50000.0
KH00849,2026-06-13,365000.0
KH02104,2026-06-13,165000.0
KH01239,2026-06-13,696000.0
KH01475,2026-06-13,630000.0
KH00311,2026-06-13,76000.0
KH00425,2026-06-13,471000.0
KH01980,2026-06-13,146000.0
KH01381,2026-06-13,24000.0
KH01490,2026-06-13,28000.0
KH02122,2026-06-13,534000.0
KH02406,2026-06-13,332000.0
KH01193,2026-06-13,117000.0
KH00989,2026-06-13,153000.0
KH02014,2026-06-13,332000.0
KH01630,2026-06-13,177000.0
KH02483,2026-06-13,1263000.0
KH00840,2026-06-13,151000.0
KH00525,2026-06-13,115000.0
KH00124,2026-06-13,64000.0
KH01257,2026-06-13,167000.0
KH02026,2026-06-13,117000.0
KH00275,2026-06-13,65000.0
KH00537,2026-06-13,796000.0
KH00641,2026-06-13,288000.0
KH01722,2026-06-13,96000.0
KH00539,2026-06-13,259000.0
KH00808,2026-06-13,120000.0
KH01959,2026-06-13,253000.0
KH01059,2026-06-13,213000.0
KH01211,2026-06-13,158000.0
KH01190,2026-06-13,218000.0
KH00751,2026-06-13,159000.0
KH01150,2026-06-13,227000.0
KH00035,2026-06-13,236000.0
KH00765,2026-06-13,289000.0
KH00902,2026-06-13,186000.0
KH01066,2026-06-13,123000.0
KH01446,2026-06-13,45000.0
KH01285,2026-06-13,132000.0
KH01861,2026-06-13,714000.0
KH00687,2026-06-13,95000.0
KH01321,2026-06-13,150000.0
KH00014,2026-06-13,175000.0
KH01648,2026-06-13,901000.0
KH01211,2026-06-13,826000.0
KH02166,2026-06-13,138000.0
KH00209,2026-06-13,165000.0
KH02294,2026-06-13,212000.0
KH00559,2026-06-13,292000.0
KH01847,2026-06-13,152000.0
KH01773,2026-06-13,111000.0
KH00407,2026-06-13,457000.0
KH01146,2026-06-13,125000.0
KH02346,2026-06-13,111000.0
KH00269,2026-06-13,153000.0
KH00382,2026-06-13,353000.0
KH00129,2026-06-13,135000.0
KH01948,2026-06-13,339000.0
KH00726,2026-06-13,47000.0
KH00781,2026-06-13,219000.0
KH02224,2026-06-13,252000.0
KH01647,2026-06-13,256000.0
KH01320,2026-06-13,345000.0
KH01872,2026-06-13,66000.0
KH02015,2026-06-13,328000.0
KH01525,2026-06-13,176000.0
KH02426,2026-06-13,204000.0
KH01903,2026-06-13,425000.0
KH00808,2026-06-13,629000.0
KH01118,2026-06-13,420000.0
KH00887,2026-06-13,255000.0
KH01302,2026-06-14,235000.0
KH01077,2026-06-14,1092000.0
KH00829,2026-06-14,278000.0
KH00255,2026-06-14,456000.0
KH01393,2026-06-14,1290000.0
KH00525,2026-06-14,133000.0
KH00014,2026-06-14,58000.0
KH02270,2026-06-14,136000.0
KH02054,2026-06-14,363000.0
KH01856,2026-06-14,187000.0
KH02070,2026-06-14,121000.0
KH00457,2026-06-14,348000.0
KH00579,2026-06-14,47000.0
KH00424,2026-06-14,305000.0
KH00364,2026-06-14,355000.0
KH00845,2026-06-14,77000.0
KH01334,2026-06-14,51000.0
KH02312,2026-06-14,84000.0
KH00994,2026-06-14,333000.0
KH02213,2026-06-14,97000.0
KH01285,2026-06-14,134000.0
KH01203,2026-06-14,76000.0
KH02343,2026-06-14,124000.0
KH01641,2026-06-14,129000.0
KH02223,2026-06-14,376000.0
KH00130,2026-06-14,160000.0
KH02270,2026-06-14,90000.0
KH02292,2026-06-14,111000.0
KH01195,2026-06-14,227000.0
KH00801,2026-06-14,88000.0
KH02378,2026-06-14,176000.0
KH01971,2026-06-14,1022000.0
KH00832,2026-06-14,417000.0
KH00605,2026-06-14,143000.0
KH00419,2026-06-14,410000.0
KH02311,2026-06-14,519000.0
KH00633,2026-06-14,224000.0
KH01969,2026-06-14,96000.0
KH01605,2026-06-14,458000.0
KH02480,2026-06-14,459000.0
KH01416,2026-06-14,31000.0
KH02479,2026-06-14,292000.0
KH00515,2026-06-14,217000.0
KH00923,2026-06-14,88000.0
KH01534,2026-06-14,138000.0
KH02060,2026-06-14,284000.0
KH00891,2026-06-14,164000.0
KH00114,2026-06-14,169000.0
KH01711,2026-06-14,423000.0
KH00960,2026-06-14,216000.0
KH00638,2026-06-14,587000.0
KH00774,2026-06-14,505000.0
KH00820,2026-06-14,236000.0
KH02012,2026-06-14,27000.0
KH00868,2026-06-14,162000.0
KH00486,2026-06-14,441000.0
KH01939,2026-06-14,569000.0
KH02454,2026-06-14,349000.0
KH01939,2026-06-14,226000.0
KH00553,2026-06-14,194000.0
KH01099,2026-06-14,104000.0
KH00592,2026-06-14,771000.0
KH00961,2026-06-14,64000.0
KH02082,2026-06-14,318000.0
KH01450,2026-06-14,72000.0
KH01469,2026-06-14,173000.0
KH01443,2026-06-14,322000.0
KH02251,2026-06-14,100000.0
KH00983,2026-06-14,145000.0
KH02111,2026-06-14,53000.0
KH00863,2026-06-14,213000.0
KH02060,2026-06-14,100000.0
KH01480,2026-06-14,247000.0
KH01434,2026-06-14,151000.0
KH01261,2026-06-14,156000.0
KH00967,2026-06-14,474000.0
KH00751,2026-06-14,160000.0
KH01473,2026-06-14,71000.0
KH02078,2026-06-14,202000.0
KH01475,2026-06-14,189000.0
KH00127,2026-06-14,747000.0
KH01103,2026-06-14,486000.0
KH01532,2026-06-14,484000.0
KH01181,2026-06-15,221000.0
KH01580,2026-06-15,92000.0
KH01466,2026-06-15,512000.0
KH00647,2026-06-15,132000.0
KH01877,2026-06-15,57000.0
KH00974,2026-06-15,268000.0
KH01253,2026-06-15,237000.0
KH02174,2026-06-15,446000.0
KH01575,2026-06-15,349000.0
KH02119,2026-06-15,416000.0
KH00252,2026-06-15,198000.0
KH00487,2026-06-15,70000.0
KH00150,2026-06-15,156000.0
KH00882,2026-06-15,175000.0
KH02441,2026-06-15,226000.0
KH02041,2026-06-15,264000.0
KH01770,2026-06-15,69000.0
KH01331,2026-06-15,174000.0
KH00366,2026-06-15,618000.0
KH01540,2026-06-15,103000.0
KH00101,2026-06-15,293000.0
KH02436,2026-06-15,104000.0
KH00064,2026-06-15,80000.0
KH00883,2026-06-15,687000.0
KH01437,2026-06-15,110000.0
KH00268,2026-06-15,183000.0
KH01229,2026-06-15,251000.0
KH01760,2026-06-15,96000.0
KH00404,2026-06-15,59000.0
KH01922,2026-06-15,31000.0
KH00240,2026-06-15,142000.0
KH00151,2026-06-15,993000.0
KH01673,2026-06-15,220000.0
KH02076,2026-06-15,952000.0
KH00524,2026-06-15,223000.0
KH01211,2026-06-15,145000.0
KH00459,2026-06-15,72000.0
KH00402,2026-06-15,87000.0
KH02164,2026-06-15,256000.0
KH02044,2026-06-15,247000.0
KH00873,2026-06-15,67000.0
KH00078,2026-06-15,1413000.0
KH01467,2026-06-15,226000.0
KH00574,2026-06-15,35000.0
KH01479,2026-06-15,129000.0
KH01770,2026-06-15,102000.0
KH00696,2026-06-15,935000.0
KH01896,2026-06-15,133000.0
KH00997,2026-06-15,469000.0
KH01170,2026-06-15,138000.0
KH02107,2026-06-15,95000.0
KH00236,2026-06-15,154000.0
KH02471,2026-06-15,126000.0
KH01118,2026-06-15,235000.0
KH00086,2026-06-15,317000.0
KH02334,2026-06-15,121000.0
KH00624,2026-06-15,114000.0
KH01169,2026-06-15,181000.0
KH01618,2026-06-15,157000.0
KH02292,2026-06-15,111000.0
KH00349,2026-06-15,373000.0
KH00721,2026-06-15,131000.0
KH00681,2026-06-15,97000.0
KH02108,2026-06-15,28000.0
KH02397,2026-06-15,480000.0
KH01773,2026-06-15,321000.0
KH02280,2026-06-15,125000.0
KH00421,2026-06-15,455000.0
KH00862,2026-06-15,207000.0
KH01495,2026-06-15,261000.0
KH00975,2026-06-15,248000.0
KH02253,2026-06-15,680000.0
KH01117,2026-06-15,695000.0
KH01688,2026-06-15,834000.0
KH00491,2026-06-15,174000.0
KH00071,2026-06-15,301000.0
KH01132,2026-06-15,181000.0
KH02076,2026-06-15,87000.0
KH00497,2026-06-15,235000.0
KH01899,2026-06-15,82000.0
KH02122,2026-06-16,569000.0
KH00976,2026-06-16,244000.0
KH02284,2026-06-16,284000.0
KH00079,2026-06-16,176000.0
KH01777,2026-06-16,121000.0
KH01776,2026-06-16,263000.0
KH01340,2026-06-16,117000.0
KH01006,2026-06-16,187000.0
KH01606,2026-06-16,339000.0
KH02067,2026-06-16,152000.0
KH00027,2026-06-16,408000.0
KH00579,2026-06-16,582000.0
KH00335,2026-06-16,251000.0
KH01313,2026-06-16,112000.0
KH02314,2026-06-16,207000.0
KH02412,2026-06-16,439000.0
KH01262,2026-06-16,517000.0
KH01210,2026-06-16,515000.0
KH00868,2026-06-16,124000.0
KH02207,2026-06-16,96000.0
KH02265,2026-06-16,181000.0
KH01262,2026-06-16,181000.0
KH00339,2026-06-16,364000.0
KH02147,2026-06-16,123000.0
KH01690,2026-06-16,410000.0
KH01544,2026-06-16,215000.0
KH00381,2026-06-16,322000.0
KH00954,2026-06-16,78000.0
KH00723,2026-06-16,286000.0
KH02081,2026-06-16,392000.0
KH00668,2026-06-16,234000.0
KH02465,2026-06-16,280000.0
KH01851,2026-06-16,391000.0
KH00036,2026-06-16,123000.0
KH01950,2026-06-16,221000.0
KH00281,2026-06-16,223000.0
KH00234,2026-06-16,49000.0
KH02388,2026-06-16,60000.0
KH00584,2026-06-16,88000.0
KH01727,2026-06-16,59000.0
KH02125,2026-06-16,245000.0
KH01230,2026-06-16,381000.0
KH01154,2026-06-16,622000.0
KH01749,2026-06-16,231000.0
KH01497,2026-06-16,548000.0
KH01699,2026-06-16,236000.0
KH02399,2026-06-16,84000.0
KH01931,2026-06-16,186000.0
KH00280,2026-06-16,71000.0
KH02252,2026-06-16,64000.0
KH00876,2026-06-16,150000.0
KH01269,2026-06-16,169000.0
KH00017,2026-06-16,110000.0
KH01685,2026-06-16,123000.0
KH02312,2026-06-16,81000.0
KH00006,2026-06-16,84000.0
KH00778,2026-06-16,234000.0
KH01233,2026-06-16,132000.0
KH01401,2026-06-16,99000.0
KH00189,2026-06-16,169000.0
KH01253,2026-06-16,171000.0
KH02308,2026-06-16,667000.0
KH01062,2026-06-16,104000.0
KH01963,2026-06-16,158000.0
KH01963,2026-06-16,416000.0
KH01431,2026-06-16,101000.0
KH01910,2026-06-16,440000.0
KH00757,2026-06-17,79000.0
KH02182,2026-06-17,132000.0
KH01042,2026-06-17,172000.0
KH00890,2026-06-17,145000.0
KH00459,2026-06-17,284000.0
KH02144,2026-06-17,178000.0
KH00764,2026-06-17,414000.0
KH00095,2026-06-17,400000.0
KH00032,2026-06-17,38000.0
KH00367,2026-06-17,61000.0
KH01826,2026-06-17,131000.0
KH01016,2026-06-17,686000.0
KH01412,2026-06-17,221000.0
KH00207,2026-06-17,163000.0
KH01561,2026-06-17,102000.0
KH00688,2026-06-17,220000.0
KH01573,2026-06-17,400000.0
KH01506,2026-06-17,104000.0
KH02258,2026-06-17,656000.0
KH01574,2026-06-17,96000.0
KH02275,2026-06-17,620000.0
KH00971,2026-06-17,111000.0
KH01380,2026-06-17,227000.0
KH01740,2026-06-17,56000.0
KH01482,2026-06-17,277000.0
KH00284,2026-06-17,567000.0
KH00460,2026-06-17,334000.0
KH00443,2026-06-17,766000.0
KH02433,2026-06-17,256000.0
KH02156,2026-06-17,433000.0
KH01516,2026-06-17,131000.0
KH02496,2026-06-17,178000.0
KH00546,2026-06-17,160000.0
KH01902,2026-06-17,479000.0
KH00690,2026-06-17,98000.0
KH00845,2026-06-17,132000.0
KH02129,2026-06-17,277000.0
KH00261,2026-06-17,145000.0
KH00229,2026-06-17,899000.0
KH02326,2026-06-17,88000.0
KH00306,2026-06-17,330000.0
KH00831,2026-06-17,237000.0
KH01748,2026-06-17,144000.0
KH00511,2026-06-17,209000.0
KH01244,2026-06-17,113000.0
KH01998,2026-06-17,176000.0
KH00141,2026-06-17,84000.0
KH00676,2026-06-17,172000.0
KH00428,2026-06-17,73000.0
KH02305,2026-06-17,49000.0
KH00968,2026-06-17,135000.0
KH00699,2026-06-17,377000.0
KH01608,2026-06-17,201000.0
KH00022,2026-06-17,120000.0
KH01445,2026-06-17,65000.0
KH01358,2026-06-17,397000.0
KH02083,2026-06-17,240000.0
KH01773,2026-06-17,168000.0
KH00600,2026-06-17,231000.0
KH01498,2026-06-17,306000.0
KH02028,2026-06-17,181000.0
KH00476,2026-06-17,654000.0
KH00240,2026-06-17,1562000.0
KH00227,2026-06-17,219000.0
KH00327,2026-06-17,2654000.0
KH01789,2026-06-17,299000.0
KH01212,2026-06-17,307000.0
KH00868,2026-06-17,101000.0
KH02366,2026-06-17,637000.0
KH00868,2026-06-17,137000.0
KH00066,2026-06-17,46000.0
KH00444,2026-06-17,1466000.0
KH01797,2026-06-17,174000.0
KH01849,2026-06-17,192000.0
KH00248,2026-06-17,119000.0
KH02250,2026-06-17,84000.0
KH00007,2026-06-17,58000.0
KH00799,2026-06-17,105000.0
KH01803,2026-06-17,162000.0
KH01206,2026-06-17,815000.0
KH02315,2026-06-17,67000.0
KH02166,2026-06-17,1101000.0
KH01798,2026-06-17,176000.0
KH01435,2026-06-17,209000.0
KH01616,2026-06-17,213000.0
KH00933,2026-06-17,46000.0
KH01201,2026-06-17,135000.0
KH01401,2026-06-17,113000.0
KH00365,2026-06-17,653000.0
KH01994,2026-06-17,271000.0
KH02380,2026-06-17,401000.0
KH02188,2026-06-17,211000.0
KH00838,2026-06-17,115000.0
KH00510,2026-06-17,70000.0
KH01521,2026-06-17,172000.0
KH00813,2026-06-17,202000.0
KH00743,2026-06-17,346000.0
KH02354,2026-06-17,391000.0
KH00861,2026-06-18,267000.0
KH01143,2026-06-18,304000.0
KH01951,2026-06-18,26000.0
KH01439,2026-06-18,383000.0
KH01889,2026-06-18,187000.0
KH00310,2026-06-18,751000.0
KH02189,2026-06-18,137000.0
KH02057,2026-06-18,44000.0
KH01626,2026-06-18,228000.0
KH00521,2026-06-18,150000.0
KH01475,2026-06-18,732000.0
KH00174,2026-06-18,241000.0
KH00931,2026-06-18,85000.0
KH00564,2026-06-18,103000.0
KH00384,2026-06-18,53000.0
KH01076,2026-06-18,207000.0
KH02184,2026-06-18,170000.0
KH00282,2026-06-18,38000.0
KH01510,2026-06-18,198000.0
KH01368,2026-06-18,265000.0
KH01351,2026-06-18,54000.0
KH00102,2026-06-18,390000.0
KH01235,2026-06-18,256000.0
KH00665,2026-06-18,149000.0
KH01805,2026-06-18,195000.0
KH00040,2026-06-18,97000.0
KH01808,2026-06-18,278000.0
KH01446,2026-06-18,152000.0
KH01012,2026-06-18,443000.0
KH00305,2026-06-18,166000.0
KH00523,2026-06-18,221000.0
KH00348,2026-06-18,1283000.0
KH00613,2026-06-18,323000.0
KH01234,2026-06-18,134000.0
KH01857,2026-06-18,407000.0
KH02208,2026-06-18,185000.0
KH01825,2026-06-18,605000.0
KH01430,2026-06-18,340000.0
KH01909,2026-06-18,223000.0
KH01709,2026-06-18,119000.0
KH02012,2026-06-18,331000.0
KH02031,2026-06-18,59000.0
KH01207,2026-06-18,198000.0
KH01402,2026-06-18,171000.0
KH01856,2026-06-18,96000.0
KH01225,2026-06-18,187000.0
KH00364,2026-06-18,171000.0
KH00368,2026-06-18,117000.0
KH01991,2026-06-18,308000.0
KH02095,2026-06-18,424000.0
KH00455,2026-06-18,154000.0
KH01155,2026-06-18,96000.0
KH02220,2026-06-18,72000.0
KH00146,2026-06-18,122000.0
KH01797,2026-06-18,58000.0
KH00895,2026-06-18,218000.0
KH02278,2026-06-18,239000.0
KH00223,2026-06-18,156000.0
KH00460,2026-06-18,242000.0
KH02266,2026-06-18,518000.0
KH01971,2026-06-18,415000.0
KH00009,2026-06-18,343000.0
KH01220,2026-06-18,147000.0
KH01736,2026-06-18,264000.0
KH00703,2026-06-18,283000.0
KH02067,2026-06-18,271000.0
KH01183,2026-06-18,68000.0
KH01899,2026-06-18,311000.0
KH02291,2026-06-18,50000.0
KH02067,2026-06-18,500000.0
KH02349,2026-06-18,247000.0
KH00686,2026-06-18,42000.0
KH02031,2026-06-18,57000.0
KH00801,2026-06-18,273000.0
KH01341,2026-06-18,188000.0
KH00266,2026-06-18,323000.0
KH01278,2026-06-18,509000.0
KH01107,2026-06-18,107000.0
KH01300,2026-06-18,136000.0
KH01939,2026-06-18,389000.0
KH01470,2026-06-18,67000.0
KH00828,2026-06-18,282000.0
KH00296,2026-06-18,48000.0
KH00565,2026-06-18,673000.0
KH00212,2026-06-18,144000.0
KH00614,2026-06-18,646000.0
KH01706,2026-06-18,720000.0
KH01381,2026-06-18,359000.0
KH00200,2026-06-18,862000.0
KH01309,2026-06-18,137000.0
KH00641,2026-06-18,88000.0
KH00628,2026-06-18,546000.0
KH01867,2026-06-19,174000.0
KH02265,2026-06-19,286000.0
KH01959,2026-06-19,314000.0
KH00386,2026-06-19,235000.0
KH00938,2026-06-19,232000.0
KH01066,2026-06-19,85000.0
KH00873,2026-06-19,20000.0
KH00863,2026-06-19,440000.0
KH02303,2026-06-19,1445000.0
KH00527,2026-06-19,98000.0
KH00917,2026-06-19,329000.0
KH02441,2026-06-19,164000.0
KH02383,2026-06-19,50000.0
KH01975,2026-06-19,126000.0
KH01139,2026-06-19,177000.0
KH01122,2026-06-19,107000.0
KH02248,2026-06-19,205000.0
KH01951,2026-06-19,334000.0
KH01709,2026-06-19,226000.0
KH01891,2026-06-19,175000.0
KH00189,2026-06-19,451000.0
KH02432,2026-06-19,186000.0
KH02057,2026-06-19,113000.0
KH01595,2026-06-19,66000.0
KH00984,2026-06-19,101000.0
KH01439,2026-06-19,265000.0
KH00522,2026-06-19,159000.0
KH00427,2026-06-19,645000.0
KH01705,2026-06-19,113000.0
KH01269,2026-06-19,281000.0
KH00086,2026-06-19,126000.0
KH00733,2026-06-19,262000.0
KH01838,2026-06-19,196000.0
KH02413,2026-06-19,160000.0
KH00778,2026-06-19,745000.0
KH00976,2026-06-19,283000.0
KH01297,2026-06-19,371000.0
KH01060,2026-06-19,65000.0
KH01751,2026-06-19,621000.0
KH00929,2026-06-19,283000.0
KH02358,2026-06-19,318000.0
KH01376,2026-06-19,571000.0
KH01098,2026-06-19,255000.0
KH01862,2026-06-19,468000.0
KH00680,2026-06-19,249000.0
KH00890,2026-06-19,336000.0
KH02401,2026-06-19,164000.0
KH00910,2026-06-19,59000.0
KH00142,2026-06-19,123000.0
KH02220,2026-06-19,267000.0
KH00799,2026-06-19,359000.0
KH00948,2026-06-19,69000.0
KH00731,2026-06-19,76000.0
KH02140,2026-06-19,154000.0
KH01540,2026-06-19,387000.0
KH00402,2026-06-19,266000.0
KH00566,2026-06-19,104000.0
KH01560,2026-06-19,276000.0
KH00959,2026-06-19,606000.0
KH00359,2026-06-19,121000.0
KH00430,2026-06-19,107000.0
KH02069,2026-06-19,216000.0
KH02056,2026-06-19,404000.0
KH02454,2026-06-19,341000.0
KH00735,2026-06-19,231000.0
KH01273,2026-06-19,2098000.0
KH00179,2026-06-19,761000.0
KH01715,2026-06-19,180000.0
KH00873,2026-06-19,119000.0
KH01684,2026-06-19,125000.0
KH01705,2026-06-19,174000.0
KH00039,2026-06-19,70000.0
KH00533,2026-06-19,192000.0
KH00111,2026-06-19,110000.0
KH01114,2026-06-19,148000.0
KH00654,2026-06-19,215000.0
KH01749,2026-06-19,172000.0
KH01773,2026-06-19,354000.0
KH01380,2026-06-19,30000.0
KH01225,2026-06-19,50000.0
KH01002,2026-06-19,270000.0
KH02465,2026-06-19,321000.0
KH00364,2026-06-19,93000.0
KH01229,2026-06-19,729000.0
KH00675,2026-06-19,127000.0
KH02483,2026-06-19,104000.0
KH00468,2026-06-20,278000.0
KH01278,2026-06-20,323000.0
KH01624,2026-06-20,475000.0
KH01793,2026-06-20,166000.0
KH00640,2026-06-20,56000.0
KH00077,2026-06-20,252000.0
KH01787,2026-06-20,637000.0
KH00675,2026-06-20,81000.0
KH01938,2026-06-20,61000.0
KH01229,2026-06-20,131000.0
KH00141,2026-06-20,90000.0
KH01234,2026-06-20,78000.0
KH01172,2026-06-20,189000.0
KH00381,2026-06-20,172000.0
KH02473,2026-06-20,112000.0
KH02451,2026-06-20,371000.0
KH01242,2026-06-20,89000.0
KH01625,2026-06-20,45000.0
KH01283,2026-06-20,326000.0
KH01137,2026-06-20,230000.0
KH02464,2026-06-20,758000.0
KH01641,2026-06-20,212000.0
KH01362,2026-06-20,359000.0
KH00420,2026-06-20,741000.0
KH01228,2026-06-20,56000.0
KH00378,2026-06-20,139000.0
KH02207,2026-06-20,282000.0
KH00035,2026-06-20,166000.0
KH01091,2026-06-20,357000.0
KH02012,2026-06-20,139000.0
KH00114,2026-06-20,455000.0
KH01405,2026-06-20,103000.0
KH02281,2026-06-20,112000.0
KH01974,2026-06-20,107000.0
KH02312,2026-06-20,187000.0
KH02015,2026-06-20,417000.0
KH01288,2026-06-20,356000.0
KH02466,2026-06-20,115000.0
KH00067,2026-06-20,53000.0
KH00033,2026-06-20,179000.0
KH00012,2026-06-20,865000.0
KH00478,2026-06-20,90000.0
KH00014,2026-06-20,56000.0
KH02358,2026-06-20,115000.0
KH00785,2026-06-20,556000.0
KH02139,2026-06-20,173000.0
KH00951,2026-06-20,34000.0
KH01347,2026-06-20,271000.0
KH00139,2026-06-20,76000.0
KH01500,2026-06-20,95000.0
KH00397,2026-06-20,60000.0
KH01909,2026-06-20,136000.0
KH00968,2026-06-20,380000.0
KH00017,2026-06-20,314000.0
KH02430,2026-06-20,399000.0
KH01183,2026-06-20,156000.0
KH01822,2026-06-20,60000.0
KH00958,2026-06-20,607000.0
KH02139,2026-06-20,221000.0
KH00972,2026-06-20,503000.0
KH01143,2026-06-20,491000.0
KH00017,2026-06-20,130000.0
KH01335,2026-06-20,82000.0
KH02159,2026-06-20,186000.0
KH00194,2026-06-20,77000.0
KH01339,2026-06-20,168000.0
KH00022,2026-06-20,61000.0
KH01935,2026-06-20,111000.0
KH00010,2026-06-20,91000.0
KH01751,2026-06-20,452000.0
KH00353,2026-06-20,191000.0
KH00766,2026-06-20,99000.0
KH02287,2026-06-20,340000.0
KH01516,2026-06-21,1252000.0
KH01727,2026-06-21,88000.0
KH00203,2026-06-21,333000.0
KH00972,2026-06-21,996000.0
KH02476,2026-06-21,121000.0
KH02118,2026-06-21,106000.0
KH01046,2026-06-21,202000.0
KH01870,2026-06-21,150000.0
KH01846,2026-06-21,330000.0
KH01284,2026-06-21,381000.0
KH01629,2026-06-21,415000.0
KH02139,2026-06-21,186000.0
KH02420,2026-06-21,750000.0
KH01921,2026-06-21,169000.0
KH00157,2026-06-21,170000.0
KH01699,2026-06-21,331000.0
KH02454,2026-06-21,415000.0
KH01114,2026-06-21,112000.0
KH00560,2026-06-21,196000.0
KH01123,2026-06-21,292000.0
KH00923,2026-06-21,1240000.0
KH01424,2026-06-21,441000.0
KH00198,2026-06-21,207000.0
KH01067,2026-06-21,157000.0
KH02459,2026-06-21,710000.0
KH01555,2026-06-21,283000.0
KH00014,2026-06-21,37000.0
KH01583,2026-06-21,306000.0
KH01508,2026-06-21,44000.0
KH01996,2026-06-21,92000.0
KH02179,2026-06-21,89000.0
KH01372,2026-06-21,448000.0
KH00213,2026-06-21,890000.0
KH02397,2026-06-21,151000.0
KH01185,2026-06-21,82000.0
KH00230,2026-06-21,44000.0
KH00754,2026-06-21,260000.0
KH02208,2026-06-21,75000.0
KH01028,2026-06-21,156000.0
KH01435,2026-06-21,826000.0
KH02372,2026-06-21,120000.0
KH01212,2026-06-21,131000.0
KH01093,2026-06-21,221000.0
KH01565,2026-06-21,159000.0
KH00745,2026-06-21,150000.0
KH02078,2026-06-21,296000.0
KH02397,2026-06-21,229000.0
KH00473,2026-06-21,214000.0
KH00433,2026-06-21,982000.0
KH00984,2026-06-21,804000.0
KH00319,2026-06-21,353000.0
KH01437,2026-06-21,33000.0
KH00525,2026-06-21,102000.0
KH02298,2026-06-21,158000.0
KH00328,2026-06-21,62000.0
KH00707,2026-06-21,65000.0
KH00198,2026-06-21,141000.0
KH02223,2026-06-21,521000.0
KH00121,2026-06-21,184000.0
KH01979,2026-06-21,472000.0
KH00697,2026-06-21,311000.0
KH00655,2026-06-21,28000.0
KH02310,2026-06-21,97000.0
KH00280,2026-06-21,135000.0
KH01806,2026-06-21,186000.0
KH00348,2026-06-21,784000.0
KH02186,2026-06-21,381000.0
KH00473,2026-06-21,41000.0
KH00567,2026-06-21,62000.0
KH00183,2026-06-21,143000.0
KH00203,2026-06-21,314000.0
KH01508,2026-06-21,118000.0
KH00845,2026-06-21,202000.0
KH01915,2026-06-21,90000.0
KH01268,2026-06-21,65000.0
KH02060,2026-06-21,105000.0
KH00322,2026-06-21,586000.0
KH02248,2026-06-21,153000.0
KH01367,2026-06-21,35000.0
KH00404,2026-06-21,319000.0
KH00635,2026-06-21,272000.0
KH00529,2026-06-22,31000.0
KH00852,2026-06-22,607000.0
KH00488,2026-06-22,45000.0
KH02321,2026-06-22,689000.0
KH01705,2026-06-22,442000.0
KH00648,2026-06-22,104000.0
KH01235,2026-06-22,49000.0
KH00809,2026-06-22,126000.0
KH02026,2026-06-22,567000.0
KH00001,2026-06-22,175000.0
KH00099,2026-06-22,381000.0
KH01228,2026-06-22,214000.0
KH00240,2026-06-22,240000.0
KH00277,2026-06-22,393000.0
KH00989,2026-06-22,130000.0
KH00170,2026-06-22,195000.0
KH01619,2026-06-22,101000.0
KH01882,2026-06-22,107000.0
KH00296,2026-06-22,319000.0
KH00603,2026-06-22,284000.0
KH00071,2026-06-22,909000.0
KH00963,2026-06-22,182000.0
KH02250,2026-06-22,701000.0
KH00676,2026-06-22,136000.0
KH02203,2026-06-22,211000.0
KH01456,2026-06-22,74000.0
KH00124,2026-06-22,178000.0
KH02068,2026-06-22,176000.0
KH01421,2026-06-22,862000.0
KH02088,2026-06-22,276000.0
KH02459,2026-06-22,466000.0
KH01279,2026-06-22,375000.0
KH02398,2026-06-22,168000.0
KH01844,2026-06-22,418000.0
KH01384,2026-06-22,482000.0
KH00592,2026-06-22,192000.0
KH00746,2026-06-22,88000.0
KH02188,2026-06-22,70000.0
KH00174,2026-06-22,315000.0
KH01021,2026-06-22,121000.0
KH00295,2026-06-22,322000.0
KH02371,2026-06-22,418000.0
KH01767,2026-06-22,186000.0
KH01194,2026-06-22,409000.0
KH00073,2026-06-22,129000.0
KH01190,2026-06-22,256000.0
KH01890,2026-06-22,368000.0
KH01057,2026-06-22,656000.0
KH01826,2026-06-22,425000.0
KH02018,2026-06-22,178000.0
KH01490,2026-06-22,57000.0
KH02280,2026-06-22,144000.0
KH00434,2026-06-22,739000.0
KH01464,2026-06-22,339000.0
KH01718,2026-06-22,104000.0
KH00558,2026-06-22,239000.0
KH01818,2026-06-22,704000.0
KH00233,2026-06-22,218000.0
KH00197,2026-06-22,79000.0
KH00814,2026-06-22,46000.0
KH00360,2026-06-22,811000.0
KH01796,2026-06-22,163000.0
KH00850,2026-06-22,223000.0
KH01472,2026-06-22,196000.0
KH02050,2026-06-22,73000.0
KH00562,2026-06-22,233000.0
KH00340,2026-06-22,309000.0
KH00502,2026-06-22,205000.0
KH00245,2026-06-22,280000.0
KH01206,2026-06-22,788000.0
KH01863,2026-06-22,65000.0
KH01148,2026-06-22,150000.0
KH01768,2026-06-22,659000.0
KH01706,2026-06-22,54000.0
KH01081,2026-06-22,282000.0
KH00642,2026-06-22,1008000.0
KH00931,2026-06-22,120000.0
KH01866,2026-06-22,74000.0
KH01815,2026-06-22,358000.0
KH01170,2026-06-22,126000.0
KH01066,2026-06-22,32000.0
KH00758,2026-06-23,204000.0
KH02222,2026-06-23,377000.0
KH00522,2026-06-23,212000.0
KH00312,2026-06-23,341000.0
KH01468,2026-06-23,319000.0
KH00972,2026-06-23,125000.0
KH00665,2026-06-23,804000.0
KH01202,2026-06-23,347000.0
KH01602,2026-06-23,132000.0
KH00437,2026-06-23,297000.0
KH01534,2026-06-23,185000.0
KH01556,2026-06-23,384000.0
KH02467,2026-06-23,175000.0
KH02368,2026-06-23,60000.0
KH02253,2026-06-23,76000.0
KH00384,2026-06-23,110000.0
KH00989,2026-06-23,311000.0
KH02265,2026-06-23,1146000.0
KH01654,2026-06-23,764000.0
KH02358,2026-06-23,840000.0
KH00537,2026-06-23,52000.0
KH01980,2026-06-23,114000.0
KH02250,2026-06-23,318000.0
KH00668,2026-06-23,221000.0
KH00557,2026-06-23,91000.0
KH02319,2026-06-23,176000.0
KH01510,2026-06-23,1411000.0
KH00236,2026-06-23,113000.0
KH02459,2026-06-23,347000.0
KH02078,2026-06-23,99000.0
KH00633,2026-06-23,205000.0
KH00570,2026-06-23,238000.0
KH02457,2026-06-23,315000.0
KH02308,2026-06-23,179000.0
KH00075,2026-06-23,60000.0
KH01432,2026-06-23,430000.0
KH01024,2026-06-23,114000.0
KH01553,2026-06-23,55000.0
KH00976,2026-06-23,231000.0
KH00384,2026-06-23,871000.0
KH01162,2026-06-23,303000.0
KH00239,2026-06-23,1116000.0
KH00313,2026-06-23,266000.0
KH02054,2026-06-23,95000.0
KH02461,2026-06-23,258000.0
KH02154,2026-06-23,127000.0
KH00742,2026-06-23,58000.0
KH02369,2026-06-23,102000.0
KH01093,2026-06-23,56000.0
KH00240,2026-06-23,393000.0
KH00287,2026-06-23,530000.0
KH01506,2026-06-23,262000.0
KH01475,2026-06-23,176000.0
KH00616,2026-06-23,179000.0
KH02012,2026-06-23,49000.0
KH00480,2026-06-23,155000.0
KH01110,2026-06-23,162000.0
KH00663,2026-06-23,127000.0
KH01544,2026-06-23,75000.0
KH01362,2026-06-23,285000.0
KH02362,2026-06-23,175000.0
KH02127,2026-06-23,88000.0
KH00966,2026-06-23,118000.0
KH02074,2026-06-23,137000.0
KH00089,2026-06-23,513000.0
KH00634,2026-06-23,331000.0
KH00445,2026-06-23,1048000.0
KH01665,2026-06-23,554000.0
KH02250,2026-06-23,1003000.0
KH00437,2026-06-23,78000.0
KH02039,2026-06-23,817000.0
KH00941,2026-06-23,331000.0
KH00460,2026-06-23,589000.0
KH00252,2026-06-23,370000.0
KH00016,2026-06-23,693000.0
KH01123,2026-06-23,206000.0
KH01259,2026-06-23,921000.0
KH01683,2026-06-23,167000.0
KH00446,2026-06-23,188000.0
KH00600,2026-06-23,388000.0
KH00725,2026-06-23,264000.0
KH02186,2026-06-24,581000.0
KH01264,2026-06-24,63000.0
KH01211,2026-06-24,253000.0
KH01220,2026-06-24,388000.0
KH01720,2026-06-24,195000.0
KH00654,2026-06-24,152000.0
KH01242,2026-06-24,76000.0
KH00346,2026-06-24,12000.0
KH01320,2026-06-24,287000.0
KH01782,2026-06-24,228000.0
KH00033,2026-06-24,251000.0
KH01179,2026-06-24,176000.0
KH02118,2026-06-24,88000.0
KH00825,2026-06-24,657000.0
KH00135,2026-06-24,106000.0
KH01187,2026-06-24,138000.0
KH00004,2026-06-24,211000.0
KH00820,2026-06-24,474000.0
KH00038,2026-06-24,115000.0
KH02224,2026-06-24,189000.0
KH00537,2026-06-24,31000.0
KH02375,2026-06-24,246000.0
KH01595,2026-06-24,96000.0
KH01207,2026-06-24,104000.0
KH00677,2026-06-24,86000.0
KH01686,2026-06-24,323000.0
KH00823,2026-06-24,66000.0
KH00526,2026-06-24,82000.0
KH00524,2026-06-24,309000.0
KH02448,2026-06-24,124000.0
KH02267,2026-06-24,234000.0
KH00889,2026-06-24,275000.0
KH01352,2026-06-24,360000.0
KH00682,2026-06-24,124000.0
KH02040,2026-06-24,1948000.0
KH01576,2026-06-24,107000.0
KH00609,2026-06-24,111000.0
KH00333,2026-06-24,530000.0
KH02090,2026-06-24,146000.0
KH01450,2026-06-24,58000.0
KH01987,2026-06-24,641000.0
KH01896,2026-06-24,308000.0
KH00787,2026-06-24,108000.0
KH02037,2026-06-24,192000.0
KH01157,2026-06-24,356000.0
KH00014,2026-06-24,349000.0
KH02479,2026-06-24,730000.0
KH01587,2026-06-24,281000.0
KH01941,2026-06-24,178000.0
KH01689,2026-06-24,137000.0
KH02305,2026-06-24,113000.0
KH02150,2026-06-24,660000.0
KH00104,2026-06-24,756000.0
KH02484,2026-06-24,113000.0
KH02068,2026-06-24,318000.0
KH02159,2026-06-24,223000.0
KH01796,2026-06-24,460000.0
KH02285,2026-06-24,142000.0
KH01040,2026-06-24,216000.0
KH00911,2026-06-24,164000.0
KH01000,2026-06-24,343000.0
KH00001,2026-06-24,160000.0
KH00593,2026-06-24,319000.0
KH02220,2026-06-24,373000.0
KH00041,2026-06-24,853000.0
KH02178,2026-06-24,148000.0
KH01893,2026-06-24,58000.0
KH01958,2026-06-24,39000.0
KH00742,2026-06-24,133000.0
KH02050,2026-06-24,128000.0
KH01514,2026-06-24,176000.0
KH00233,2026-06-24,70000.0
KH01456,2026-06-24,79000.0
KH02100,2026-06-24,123000.0
KH02283,2026-06-24,45000.0
KH01359,2026-06-24,422000.0
KH02311,2026-06-24,635000.0
KH02359,2026-06-24,241000.0
KH01248,2026-06-24,468000.0
KH00749,2026-06-24,101000.0
KH01824,2026-06-24,382000.0
KH00941,2026-06-24,66000.0
KH00441,2026-06-25,113000.0
KH00354,2026-06-25,56000.0
KH02430,2026-06-25,459000.0
KH01856,2026-06-25,121000.0
KH01544,2026-06-25,456000.0
KH01445,2026-06-25,36000.0
KH00478,2026-06-25,154000.0
KH01677,2026-06-25,136000.0
KH01275,2026-06-25,110000.0
KH00133,2026-06-25,275000.0
KH01322,2026-06-25,231000.0
KH00040,2026-06-25,665000.0
KH02374,2026-06-25,373000.0
KH01172,2026-06-25,46000.0
KH00463,2026-06-25,389000.0
KH00887,2026-06-25,189000.0
KH01783,2026-06-25,211000.0
KH01203,2026-06-25,478000.0
KH00090,2026-06-25,28000.0
KH00760,2026-06-25,480000.0
KH00051,2026-06-25,344000.0
KH00258,2026-06-25,290000.0
KH02435,2026-06-25,117000.0
KH02095,2026-06-25,48000.0
KH00566,2026-06-25,722000.0
KH00959,2026-06-25,118000.0
KH01343,2026-06-25,213000.0
KH01673,2026-06-25,643000.0
KH00498,2026-06-25,1369000.0
KH00398,2026-06-25,75000.0
KH01692,2026-06-25,359000.0
KH01290,2026-06-25,109000.0
KH01602,2026-06-25,283000.0
KH01873,2026-06-25,74000.0
KH02169,2026-06-25,189000.0
KH02268,2026-06-25,145000.0
KH01982,2026-06-25,277000.0
KH00584,2026-06-25,210000.0
KH00282,2026-06-25,147000.0
KH02259,2026-06-25,268000.0
KH02428,2026-06-25,484000.0
KH01144,2026-06-25,70000.0
KH00990,2026-06-25,103000.0
KH02246,2026-06-25,69000.0
KH02449,2026-06-25,85000.0
KH01933,2026-06-25,525000.0
KH02434,2026-06-25,160000.0
KH00884,2026-06-25,522000.0
KH02245,2026-06-25,409000.0
KH00811,2026-06-25,318000.0
KH02272,2026-06-25,234000.0
KH02204,2026-06-25,67000.0
KH02293,2026-06-25,61000.0
KH01060,2026-06-25,183000.0
KH00583,2026-06-25,330000.0
KH00855,2026-06-25,431000.0
KH00293,2026-06-25,90000.0
KH00789,2026-06-25,216000.0
KH00346,2026-06-25,419000.0
KH02234,2026-06-25,131000.0
KH00750,2026-06-25,276000.0
KH00537,2026-06-25,170000.0
KH01978,2026-06-25,270000.0
KH00341,2026-06-25,51000.0
KH01572,2026-06-25,81000.0
KH02175,2026-06-25,229000.0
KH01304,2026-06-25,340000.0
KH00606,2026-06-25,93000.0
KH00012,2026-06-25,460000.0
KH00929,2026-06-25,252000.0
KH02283,2026-06-25,227000.0
KH00795,2026-06-25,213000.0
KH00327,2026-06-25,310000.0
KH00309,2026-06-25,239000.0
KH01649,2026-06-25,949000.0
KH00387,2026-06-25,125000.0
KH00174,2026-06-25,267000.0
KH02371,2026-06-25,107000.0
KH00733,2026-06-25,233000.0
KH02096,2026-06-25,83000.0
KH01677,2026-06-25,118000.0
KH02228,2026-06-25,122000.0
KH02310,2026-06-25,580000.0
KH00825,2026-06-25,420000.0
KH00739,2026-06-25,37000.0
KH00689,2026-06-26,185000.0
KH01144,2026-06-26,33000.0
KH00351,2026-06-26,113000.0
KH01201,2026-06-26,162000.0
KH02137,2026-06-26,342000.0
KH00679,2026-06-26,35000.0
KH01608,2026-06-26,427000.0
KH01879,2026-06-26,349000.0
KH00836,2026-06-26,67000.0
KH00540,2026-06-26,20000.0
KH00070,2026-06-26,406000.0
KH00776,2026-06-26,232000.0
KH01677,2026-06-26,454000.0
KH00316,2026-06-26,395000.0
KH00382,2026-06-26,404000.0
KH00210,2026-06-26,191000.0
KH02383,2026-06-26,313000.0
KH00248,2026-06-26,168000.0
KH01066,2026-06-26,209000.0
KH00127,2026-06-26,52000.0
KH01073,2026-06-26,302000.0
KH01552,2026-06-26,758000.0
KH02391,2026-06-26,133000.0
KH00170,2026-06-26,32000.0
KH00939,2026-06-26,199000.0
KH01084,2026-06-26,44000.0
KH02182,2026-06-26,106000.0
KH01432,2026-06-26,189000.0
KH01933,2026-06-26,157000.0
KH02305,2026-06-26,400000.0
KH01351,2026-06-26,196000.0
KH00844,2026-06-26,51000.0
KH01616,2026-06-26,240000.0
KH00244,2026-06-26,501000.0
KH00646,2026-06-26,85000.0
KH01312,2026-06-26,674000.0
KH01055,2026-06-26,207000.0
KH01787,2026-06-26,236000.0
KH00079,2026-06-26,122000.0
KH02496,2026-06-26,174000.0
KH00007,2026-06-26,61000.0
KH02330,2026-06-26,127000.0
KH00883,2026-06-26,421000.0
KH02278,2026-06-26,750000.0
KH01262,2026-06-26,122000.0
KH00091,2026-06-26,182000.0
KH00850,2026-06-26,72000.0
KH02122,2026-06-26,130000.0
KH01071,2026-06-26,176000.0
KH01985,2026-06-26,254000.0
KH00864,2026-06-26,291000.0
KH00073,2026-06-26,431000.0
KH01211,2026-06-26,222000.0
KH01781,2026-06-26,171000.0
KH01047,2026-06-26,77000.0
KH01285,2026-06-26,307000.0
KH00322,2026-06-26,117000.0
KH01978,2026-06-26,51000.0
KH01406,2026-06-26,320000.0
KH00568,2026-06-26,440000.0
KH00150,2026-06-26,535000.0
KH02255,2026-06-26,313000.0
KH00473,2026-06-26,164000.0
KH02344,2026-06-26,1675000.0
KH00466,2026-06-26,902000.0
KH00009,2026-06-26,201000.0
KH00016,2026-06-26,966000.0
KH01445,2026-06-26,429000.0
KH02263,2026-06-26,293000.0
KH00290,2026-06-26,63000.0
KH00142,2026-06-26,230000.0
KH01347,2026-06-26,73000.0
KH02174,2026-06-26,180000.0
KH01884,2026-06-26,96000.0
KH02013,2026-06-26,525000.0
KH01300,2026-06-26,190000.0
KH00170,2026-06-26,34000.0
KH01856,2026-06-26,91000.0
KH01405,2026-06-26,158000.0
KH00200,2026-06-26,144000.0
KH02175,2026-06-26,425000.0
KH02166,2026-06-26,267000.0
KH01683,2026-06-26,132000.0
KH00225,2026-06-26,131000.0
KH00232,2026-06-26,71000.0
KH01398,2026-06-26,1235000.0
KH02473,2026-06-26,559000.0
KH02376,2026-06-26,76000.0
KH01441,2026-06-26,98000.0
KH01046,2026-06-26,380000.0
KH01185,2026-06-27,44000.0
KH00982,2026-06-27,301000.0
KH01233,2026-06-27,109000.0
KH00993,2026-06-27,507000.0
KH01753,2026-06-27,254000.0
KH00930,2026-06-27,390000.0
KH02494,2026-06-27,41000.0
KH01716,2026-06-27,174000.0
KH01083,2026-06-27,103000.0
KH00826,2026-06-27,327000.0
KH00808,2026-06-27,50000.0
KH01490,2026-06-27,210000.0
KH01401,2026-06-27,203000.0
KH00402,2026-06-27,265000.0
KH02221,2026-06-27,420000.0
KH01502,2026-06-27,84000.0
KH01545,2026-06-27,676000.0
KH02045,2026-06-27,148000.0
KH01054,2026-06-27,116000.0
KH01262,2026-06-27,661000.0
KH01649,2026-06-27,150000.0
KH01082,2026-06-27,669000.0
KH01539,2026-06-27,284000.0
KH00279,2026-06-27,178000.0
KH02095,2026-06-27,47000.0
KH00102,2026-06-27,160000.0
KH02229,2026-06-27,277000.0
KH01342,2026-06-27,462000.0
KH00420,2026-06-27,331000.0
KH02360,2026-06-27,737000.0
KH00365,2026-06-27,194000.0
KH00359,2026-06-27,723000.0
KH02144,2026-06-27,51000.0
KH02291,2026-06-27,164000.0
KH01062,2026-06-27,128000.0
KH01395,2026-06-27,215000.0
KH01038,2026-06-27,155000.0
KH00420,2026-06-27,222000.0
KH01863,2026-06-27,330000.0
KH00872,2026-06-27,204000.0
KH00494,2026-06-27,165000.0
KH01369,2026-06-27,284000.0
KH02311,2026-06-27,284000.0
KH00459,2026-06-27,948000.0
KH00322,2026-06-27,176000.0
KH02137,2026-06-27,121000.0
KH01557,2026-06-27,262000.0
KH01248,2026-06-27,352000.0
KH00391,2026-06-27,154000.0
KH00800,2026-06-27,186000.0
KH00868,2026-06-27,225000.0
KH01220,2026-06-27,275000.0
KH01146,2026-06-27,86000.0
KH00506,2026-06-27,372000.0
KH00391,2026-06-27,173000.0
KH00959,2026-06-27,234000.0
KH01041,2026-06-27,303000.0
KH00921,2026-06-27,39000.0
KH01388,2026-06-27,122000.0
KH02441,2026-06-27,51000.0
KH00855,2026-06-27,203000.0
KH00177,2026-06-27,410000.0
KH01807,2026-06-27,338000.0
KH01235,2026-06-27,1184000.0
KH01984,2026-06-27,1375000.0
KH00275,2026-06-27,588000.0
KH00116,2026-06-27,205000.0
KH00326,2026-06-27,318000.0
KH02176,2026-06-27,589000.0
KH02254,2026-06-27,156000.0
KH00633,2026-06-27,977000.0
KH00144,2026-06-27,462000.0
KH01782,2026-06-27,244000.0
KH01475,2026-06-27,218000.0
KH00527,2026-06-27,432000.0
KH02100,2026-06-27,105000.0
KH01840,2026-06-27,121000.0
KH02210,2026-06-27,203000.0
KH01804,2026-06-27,587000.0
KH02362,2026-06-27,432000.0
KH01392,2026-06-27,164000.0
KH01569,2026-06-27,930000.0
KH01235,2026-06-27,104000.0
KH01377,2026-06-27,268000.0
KH00938,2026-06-27,105000.0
KH02471,2026-06-27,126000.0
KH00960,2026-06-28,489000.0
KH00525,2026-06-28,514000.0
KH01238,2026-06-28,167000.0
KH00751,2026-06-28,125000.0
KH00849,2026-06-28,281000.0
KH00680,2026-06-28,251000.0
KH00793,2026-06-28,59000.0
KH02495,2026-06-28,177000.0
KH01344,2026-06-28,125000.0
KH01781,2026-06-28,181000.0
KH02125,2026-06-28,413000.0
KH00404,2026-06-28,120000.0
KH00959,2026-06-28,313000.0
KH01866,2026-06-28,140000.0
KH00315,2026-06-28,138000.0
KH01520,2026-06-28,27000.0
KH01627,2026-06-28,143000.0
KH00525,2026-06-28,160000.0
KH00268,2026-06-28,358000.0
KH00957,2026-06-28,174000.0
KH01843,2026-06-28,78000.0
KH01706,2026-06-28,285000.0
KH01941,2026-06-28,461000.0
KH00136,2026-06-28,240000.0
KH00846,2026-06-28,80000.0
KH00322,2026-06-28,193000.0
KH01605,2026-06-28,169000.0
KH00826,2026-06-28,421000.0
KH01695,2026-06-28,456000.0
KH01763,2026-06-28,241000.0
KH00227,2026-06-28,69000.0
KH00500,2026-06-28,182000.0
KH01120,2026-06-28,661000.0
KH01507,2026-06-28,281000.0
KH00381,2026-06-28,34000.0
KH00605,2026-06-28,132000.0
KH00827,2026-06-28,71000.0
KH00354,2026-06-28,154000.0
KH00199,2026-06-28,2459000.0
KH02104,2026-06-28,495000.0
KH00747,2026-06-28,136000.0
KH00688,2026-06-28,46000.0
KH00680,2026-06-28,1130000.0
KH00111,2026-06-28,190000.0
KH01217,2026-06-28,102000.0
KH00984,2026-06-28,366000.0
KH00102,2026-06-28,525000.0
KH00660,2026-06-28,185000.0
KH02119,2026-06-28,251000.0
KH00171,2026-06-28,329000.0
KH00480,2026-06-28,183000.0
KH00563,2026-06-28,366000.0
KH02178,2026-06-28,178000.0
KH00247,2026-06-28,435000.0
KH00140,2026-06-28,647000.0
KH00973,2026-06-28,49000.0
KH00011,2026-06-28,171000.0
KH00101,2026-06-28,405000.0
KH02074,2026-06-28,196000.0
KH01226,2026-06-28,204000.0
KH01042,2026-06-28,82000.0
KH01888,2026-06-28,331000.0
KH01395,2026-06-28,63000.0
KH00694,2026-06-28,326000.0
KH00227,2026-06-28,148000.0
KH00278,2026-06-28,456000.0
KH01627,2026-06-28,113000.0
KH02199,2026-06-28,173000.0
KH01008,2026-06-28,149000.0
KH00344,2026-06-28,216000.0
KH00742,2026-06-28,77000.0
KH01402,2026-06-28,114000.0
KH01133,2026-06-28,289000.0
KH00295,2026-06-28,564000.0
KH01412,2026-06-28,268000.0
KH00640,2026-06-28,72000.0
KH01190,2026-06-28,290000.0
KH00222,2026-06-28,74000.0
KH00079,2026-06-28,30000.0
KH01161,2026-06-28,122000.0
KH00072,2026-06-28,542000.0
KH01835,2026-06-28,469000.0
KH00687,2026-06-28,31000.0
KH01392,2026-06-28,290000.0
KH02279,2026-06-28,283000.0
KH01833,2026-06-28,47000.0
KH02105,2026-06-28,351000.0
KH02428,2026-06-28,430000.0
KH02446,2026-06-28,76000.0
KH00555,2026-06-28,148000.0
KH00820,2026-06-28,334000.0
KH00578,2026-06-28,370000.0
KH02465,2026-06-28,57000.0
KH01135,2026-06-28,122000.0
KH01571,2026-06-28,28000.0
KH01500,2026-06-28,400000.0
KH01692,2026-06-28,745000.0
KH01626,2026-06-28,133000.0
KH01500,2026-06-28,175000.0
KH00047,2026-06-28,90000.0
KH02194,2026-06-28,79000.0
KH01558,2026-06-28,158000.0
KH02095,2026-06-29,311000.0
KH02286,2026-06-29,370000.0
KH00128,2026-06-29,505000.0
KH00883,2026-06-29,152000.0
KH02108,2026-06-29,194000.0
KH01972,2026-06-29,107000.0
KH01704,2026-06-29,359000.0
KH00742,2026-06-29,212000.0
KH00113,2026-06-29,84000.0
KH01954,2026-06-29,96000.0
KH00293,2026-06-29,139000.0
KH00279,2026-06-29,31000.0
KH00499,2026-06-29,134000.0
KH00475,2026-06-29,376000.0
KH00647,2026-06-29,106000.0
KH00654,2026-06-29,263000.0
KH01939,2026-06-29,1395000.0
KH01900,2026-06-29,178000.0
KH01392,2026-06-29,641000.0
KH00836,2026-06-29,140000.0
KH00609,2026-06-29,121000.0
KH00820,2026-06-29,354000.0
KH01548,2026-06-29,301000.0
KH00048,2026-06-29,691000.0
KH01550,2026-06-29,40000.0
KH01753,2026-06-29,437000.0
KH02046,2026-06-29,114000.0
KH00565,2026-06-29,146000.0
KH01863,2026-06-29,538000.0
KH02061,2026-06-29,90000.0
KH01747,2026-06-29,1259000.0
KH00263,2026-06-29,332000.0
KH02408,2026-06-29,269000.0
KH00769,2026-06-29,178000.0
KH00156,2026-06-29,133000.0
KH01701,2026-06-29,459000.0
KH01530,2026-06-29,81000.0
KH02093,2026-06-29,187000.0
KH00833,2026-06-29,105000.0
KH01458,2026-06-29,96000.0
KH00409,2026-06-29,34000.0
KH00680,2026-06-29,207000.0
KH01936,2026-06-29,399000.0
KH01713,2026-06-29,125000.0
KH00771,2026-06-29,143000.0
KH02249,2026-06-29,168000.0
KH01959,2026-06-29,215000.0
KH01603,2026-06-29,374000.0
KH01072,2026-06-29,98000.0
KH00497,2026-06-29,200000.0
KH02411,2026-06-29,82000.0
KH00789,2026-06-29,841000.0
KH00567,2026-06-29,644000.0
KH02117,2026-06-29,267000.0
KH01298,2026-06-29,1083000.0
KH00293,2026-06-29,123000.0
KH00836,2026-06-29,308000.0
KH01057,2026-06-29,123000.0
KH01575,2026-06-29,381000.0
KH02222,2026-06-29,349000.0
KH00646,2026-06-29,120000.0
KH01401,2026-06-29,268000.0
KH02366,2026-06-29,172000.0
KH01464,2026-06-29,171000.0
KH02175,2026-06-29,644000.0
KH02166,2026-06-29,155000.0
KH01514,2026-06-29,692000.0
KH00890,2026-06-29,1012000.0
KH00311,2026-06-29,101000.0
KH01083,2026-06-29,719000.0
KH00036,2026-06-29,115000.0
KH00338,2026-06-29,386000.0
KH01843,2026-06-29,283000.0
KH00136,2026-06-29,883000.0
KH01770,2026-06-29,245000.0
KH01454,2026-06-29,149000.0
KH01485,2026-06-30,456000.0
KH01111,2026-06-30,577000.0
KH02352,2026-06-30,157000.0
KH00683,2026-06-30,417000.0
KH00552,2026-06-30,326000.0
KH01906,2026-06-30,188000.0
KH01665,2026-06-30,274000.0
KH01823,2026-06-30,89000.0
KH00377,2026-06-30,482000.0
KH02311,2026-06-30,127000.0
KH00921,2026-06-30,209000.0
KH00064,2026-06-30,140000.0
KH01563,2026-06-30,473000.0
KH01732,2026-06-30,288000.0
KH01358,2026-06-30,152000.0
KH01699,2026-06-30,1145000.0
KH02078,2026-06-30,102000.0
KH00372,2026-06-30,143000.0
KH01291,2026-06-30,131000.0
KH00842,2026-06-30,407000.0
KH02315,2026-06-30,113000.0
KH01636,2026-06-30,265000.0
KH01646,2026-06-30,505000.0
KH01854,2026-06-30,525000.0
KH01263,2026-06-30,256000.0
KH00316,2026-06-30,123000.0
KH00240,2026-06-30,284000.0
KH00102,2026-06-30,116000.0
KH01819,2026-06-30,55000.0
KH02492,2026-06-30,51000.0
KH01183,2026-06-30,311000.0
KH00262,2026-06-30,118000.0
KH00958,2026-06-30,419000.0
KH00731,2026-06-30,406000.0
KH00961,2026-06-30,166000.0
KH00262,2026-06-30,156000.0
KH02122,2026-06-30,131000.0
KH00686,2026-06-30,702000.0
KH02199,2026-06-30,327000.0
KH02141,2026-06-30,332000.0
KH01969,2026-06-30,203000.0
KH00247,2026-06-30,338000.0
KH01680,2026-06-30,455000.0
KH01509,2026-06-30,92000.0
KH01011,2026-06-30,88000.0
KH02337,2026-06-30,171000.0
KH02315,2026-06-30,519000.0
KH02009,2026-06-30,140000.0
KH02186,2026-06-30,402000.0
KH00581,2026-06-30,136000.0
KH02406,2026-06-30,165000.0
KH00812,2026-06-30,322000.0
KH01622,2026-06-30,141000.0
KH01560,2026-06-30,409000.0
KH01623,2026-06-30,191000.0
KH02077,2026-06-30,74000.0
KH00124,2026-06-30,436000.0
KH01473,2026-06-30,203000.0
KH00948,2026-06-30,106000.0
KH01319,2026-06-30,156000.0
KH02029,2026-06-30,893000.0
KH01470,2026-06-30,424000.0
KH00071,2026-06-30,45000.0
KH02054,2026-06-30,342000.0
KH01299,2026-06-30,140000.0
KH00313,2026-06-30,184000.0
KH00145,2026-06-30,83000.0
KH00720,2026-06-30,900000.0
KH00576,2026-06-30,80000.0
KH00589,2026-06-30,100000.0
KH01468,2026-06-30,174000.0
KH01581,2026-06-30,336000.0
KH01028,2026-06-30,803000.0
KH02397,2026-06-30,600000.0
KH01764,2026-06-30,305000.0
KH00813,2026-06-30,37000.0
KH00415,2026-06-30,150000.0
KH00993,2026-06-30,276000.0
