ma_don,ma_kh,san_pham,danh_muc,so_luong,don_gia,ngay_dat,khu_vuc
D00001,KH11,Noi com dien,Gia dung,5,55.6,2024-12-20,Bac
D00002,KH34,Tai nghe,Dien tu,1,40.6,2025-01-03,Nam
D00003,KH35,Noi com dien,Gia dung,2,49.9,2024-12-22,Bac
D00004,KH04,Giay the thao,Thoi trang,11,60.8,2024-08-28,Trung
D00005,KH09,Laptop,Dien tu,2,1558.0,2024-09-07,Bac
D00006,KH23,Quan jean,Thoi trang,5,35.2,2024-12-07,Bac
D00007,KH23,May xay,Gia dung,2,43.8,2024-07-08,Nam
D00008,KH11,Tai nghe,Dien tu,3,45.9,2025-01-07,Trung
D00009,KH35,Sach Spark,Sach,6,23.9,2024-12-24,Bac
D00010,KH07,Ao thun,Thoi trang,3,11.3,2024-09-12,Nam
D00011,KH33,Dien thoai,Dien tu,3,750.7,2024-09-05,Bac
D00012,KH04,Sach Spark,Sach,11,23.8,2025-02-15,Nam
D00013,KH07,May xay,Gia dung,11,42.3,2024-05-25,Bac
D00014,KH07,Giay the thao,Thoi trang,7,61.6,2025-02-15,Trung
D00015,KH19,Tai nghe,Dien tu,1,41.9,2024-05-27,Trung
D00016,KH02,Quan jean,Thoi trang,4,34.8,2024-09-15,Trung
D00017,KH35,Ao thun,Thoi trang,2,13.7,2024-08-06,Trung
D00018,KH26,Sach Python,Sach,6,19.3,2024-12-05,Trung
D00019,KH07,Dien thoai,Dien tu,3,821.7,2024-07-02,Trung
D00020,KH31,Sach Spark,Sach,9,27.5,2024-11-03,Trung
D00021,KH02,Dien thoai,Dien tu,1,765.7,2024-07-24,Bac
D00022,KH38,Laptop,Dien tu,2,1389.9,2024-05-16,Nam
D00023,KH13,Dien thoai,Dien tu,2,826.1,2025-01-15,Nam
D00024,KH13,Quan jean,Thoi trang,9,35.8,2024-05-06,Nam
D00025,KH03,Giay the thao,Thoi trang,10,62.4,2024-07-22,Bac
D00026,KH37,Dien thoai,Dien tu,2,788.4,2024-08-17,Nam
D00027,KH12,Noi com dien,Gia dung,1,55.2,2025-02-05,Nam
D00028,KH14,Tai nghe,Dien tu,1,44.0,2024-09-22,Nam
D00029,KH14,Dien thoai,Dien tu,1,731.1,2024-03-05,Bac
D00030,KH08,Sach Spark,Sach,9,26.3,2024-07-01,Bac
D00031,KH22,Laptop,Dien tu,3,1533.8,2024-10-08,Bac
D00032,KH17,May xay,Gia dung,9,37.7,2024-04-22,Bac
D00033,KH38,Sach Spark,Sach,10,22.6,2025-02-06,Trung
D00034,KH28,Sach Python,Sach,2,20.7,2024-09-27,Nam
D00035,KH07,Ao thun,Thoi trang,6,13.7,2024-05-28,Trung
D00036,KH31,Giay the thao,Thoi trang,11,63.7,2024-12-29,Nam
D00037,KH31,Dien thoai,Dien tu,2,865.7,2024-09-26,Trung
D00038,KH10,Sach Python,Sach,2,20.1,2024-10-04,Bac
D00039,KH38,Tai nghe,Dien tu,1,46.0,2024-03-02,Nam
D00040,KH01,Sach Spark,Sach,2,23.9,2024-11-26,Bac
D00041,KH05,May xay,Gia dung,10,41.9,2024-08-22,Bac
D00042,KH15,Sach Spark,Sach,7,26.5,2025-01-20,Bac
D00043,KH22,Dien thoai,Dien tu,2,784.4,2024-07-07,Bac
D00044,KH18,Laptop,Dien tu,1,1435.8,2024-06-29,Trung
D00045,KH30,Sach Python,Sach,5,21.9,2025-01-04,Trung
D00046,KH40,Tai nghe,Dien tu,2,47.5,2024-09-01,Nam
D00047,KH10,Laptop,Dien tu,1,1462.6,2025-02-24,Nam
D00048,KH40,Tai nghe,Dien tu,2,42.8,2024-11-05,Nam
D00049,KH40,May xay,Gia dung,10,43.5,2024-08-06,Nam
D00050,KH40,May xay,Gia dung,9,41.4,2024-11-27,Nam
D00051,KH29,Sach Python,Sach,4,20.7,2024-03-06,Bac
D00052,KH12,Dien thoai,Dien tu,3,873.9,2024-08-24,Nam
D00053,KH22,Sach Python,Sach,10,21.3,2024-09-23,Nam
D00054,KH07,Ao thun,Thoi trang,9,11.4,2024-12-22,Bac
D00055,KH01,Dien thoai,Dien tu,3,783.1,2024-12-27,Nam
D00056,KH39,Tai nghe,Dien tu,2,49.0,2024-11-14,Nam
D00057,KH27,Dien thoai,Dien tu,3,774.7,2024-07-04,Trung
D00058,KH36,Laptop,Dien tu,1,1412.3,2024-05-31,Bac
D00059,KH07,Laptop,Dien tu,2,1386.4,2024-07-01,Bac
D00060,KH40,Quan jean,Thoi trang,10,34.8,2024-09-30,Bac
D00061,KH02,Noi com dien,Gia dung,6,53.0,2024-09-15,Bac
D00062,KH28,Dien thoai,Dien tu,1,769.5,2025-02-18,Nam
D00063,KH19,Tai nghe,Dien tu,1,42.4,2024-12-07,Trung
D00064,KH23,Dien thoai,Dien tu,3,767.4,2024-06-30,Bac
D00065,KH18,Sach Python,Sach,4,20.8,2024-08-17,Nam
D00066,KH20,Tai nghe,Dien tu,2,44.0,2024-04-25,Bac
D00067,KH13,Sach Python,Sach,7,18.8,2024-11-02,Bac
D00068,KH07,Giay the thao,Thoi trang,8,59.7,2024-08-27,Nam
D00069,KH12,May xay,Gia dung,5,39.5,2024-09-09,Nam
D00070,KH08,May xay,Gia dung,10,40.5,2024-08-21,Bac
D00071,KH12,Noi com dien,Gia dung,4,55.0,2024-08-29,Bac
D00072,KH25,Laptop,Dien tu,3,1401.8,2024-11-03,Trung
D00073,KH29,Giay the thao,Thoi trang,3,60.1,2024-03-05,Bac
D00074,KH25,Noi com dien,Gia dung,4,54.2,2024-10-19,Trung
D00075,KH01,Sach Spark,Sach,8,26.3,2024-08-28,Nam
D00076,KH07,Ao thun,Thoi trang,7,11.4,2024-04-22,Nam
D00077,KH08,Ao thun,Thoi trang,7,11.8,2024-12-30,Nam
D00078,KH21,Noi com dien,Gia dung,3,50.8,2024-05-19,Nam
D00079,KH36,Quan jean,Thoi trang,2,38.1,2025-01-11,Bac
D00080,KH38,May xay,Gia dung,10,43.5,2025-02-11,Bac
D00081,KH13,Noi com dien,Gia dung,6,60.1,2024-04-05,Trung
D00082,KH22,Tai nghe,Dien tu,3,48.2,2024-11-24,Nam
D00083,KH31,Tai nghe,Dien tu,2,48.5,2024-08-12,Trung
D00084,KH21,May xay,Gia dung,4,41.6,2025-01-13,Nam
D00085,KH08,Sach Python,Sach,11,20.2,2024-03-13,Bac
D00086,KH03,Laptop,Dien tu,1,1646.2,2024-05-31,Trung
D00087,KH40,Giay the thao,Thoi trang,5,58.8,2024-06-27,Trung
D00088,KH03,Noi com dien,Gia dung,10,55.8,2024-04-11,Bac
D00089,KH14,Quan jean,Thoi trang,5,34.9,2024-08-27,Nam
D00090,KH14,Laptop,Dien tu,3,1489.5,2024-09-03,Trung
D00091,KH35,Sach Spark,Sach,1,25.8,2024-08-07,Bac
D00092,KH24,Dien thoai,Dien tu,2,758.4,2024-09-27,Bac
D00093,KH36,May xay,Gia dung,1,42.5,2024-11-20,Bac
D00094,KH05,Noi com dien,Gia dung,2,53.1,2024-06-28,Trung
D00095,KH13,Ao thun,Thoi trang,8,12.1,2024-08-30,Bac
D00096,KH29,Sach Spark,Sach,1,27.0,2024-07-26,Bac
D00097,KH19,May xay,Gia dung,2,39.3,2024-10-09,Nam
D00098,KH02,May xay,Gia dung,11,43.2,2024-12-23,Bac
D00099,KH29,Laptop,Dien tu,3,1612.4,2024-06-27,Bac
D00100,KH13,Ao thun,Thoi trang,5,11.4,2024-10-05,Nam
D00101,KH07,Giay the thao,Thoi trang,7,61.3,2025-01-23,Trung
D00102,KH06,Sach Python,Sach,9,20.5,2024-09-28,Bac
D00103,KH02,Giay the thao,Thoi trang,2,65.6,2025-02-17,Nam
D00104,KH34,Quan jean,Thoi trang,9,32.6,2024-06-25,Bac
D00105,KH28,Noi com dien,Gia dung,11,57.0,2024-05-03,Nam
D00106,KH30,Noi com dien,Gia dung,7,55.4,2024-08-02,Bac
D00107,KH24,May xay,Gia dung,9,40.8,2024-11-11,Nam
D00108,KH36,Tai nghe,Dien tu,3,48.6,2024-06-23,Trung
D00109,KH38,Dien thoai,Dien tu,1,748.4,2024-06-10,Bac
D00110,KH02,Laptop,Dien tu,2,1509.6,2024-07-17,Bac
D00111,KH06,Giay the thao,Thoi trang,1,60.6,2024-09-15,Bac
D00112,KH26,May xay,Gia dung,3,38.2,2024-07-13,Bac
D00113,KH38,Sach Spark,Sach,11,22.7,2024-12-12,Bac
D00114,KH21,Tai nghe,Dien tu,1,44.7,2024-12-13,Bac
D00115,KH20,Dien thoai,Dien tu,3,779.9,2024-04-27,Nam
D00116,KH20,Tai nghe,Dien tu,3,48.2,2024-06-08,Nam
D00117,KH37,Dien thoai,Dien tu,3,831.5,2024-05-21,Bac
D00118,KH04,Giay the thao,Thoi trang,1,55.5,2024-08-19,Nam
D00119,KH09,Dien thoai,Dien tu,3,761.5,2024-12-03,Nam
D00120,KH24,Dien thoai,Dien tu,1,849.5,2024-05-31,Trung
D00121,KH08,Ao thun,Thoi trang,8,12.4,2024-08-01,Nam
D00122,KH18,Tai nghe,Dien tu,2,40.6,2025-02-07,Nam
D00123,KH38,Ao thun,Thoi trang,6,13.1,2025-02-01,Nam
D00124,KH23,Quan jean,Thoi trang,3,33.7,2025-02-03,Nam
D00125,KH15,May xay,Gia dung,4,42.8,2024-04-19,Nam
D00126,KH19,Sach Python,Sach,11,18.7,2024-08-02,Bac
D00127,KH08,Dien thoai,Dien tu,3,730.8,2024-09-24,Trung
D00128,KH37,May xay,Gia dung,4,39.6,2024-03-29,Bac
D00129,KH14,Ao thun,Thoi trang,8,12.7,2024-10-12,Nam
D00130,KH15,Tai nghe,Dien tu,3,42.8,2024-08-17,Bac
D00131,KH31,Ao thun,Thoi trang,5,12.2,2024-09-05,Trung
D00132,KH23,Sach Python,Sach,11,21.3,2024-10-15,Bac
D00133,KH22,Giay the thao,Thoi trang,11,62.6,2024-10-03,Trung
D00134,KH36,Sach Spark,Sach,2,26.9,2024-04-03,Bac
D00135,KH32,Quan jean,Thoi trang,11,36.7,2024-06-02,Bac
D00136,KH32,Sach Spark,Sach,11,25.3,2024-09-23,Bac
D00137,KH22,Noi com dien,Gia dung,7,52.1,2024-07-07,Trung
D00138,KH26,Giay the thao,Thoi trang,3,61.8,2025-02-03,Bac
D00139,KH20,Ao thun,Thoi trang,10,13.3,2024-11-20,Nam
D00140,KH19,Tai nghe,Dien tu,3,48.0,2024-06-07,Nam
D00141,KH04,Giay the thao,Thoi trang,5,61.8,2025-02-25,Trung
D00142,KH01,Laptop,Dien tu,2,1393.8,2024-04-13,Trung
D00143,KH06,Noi com dien,Gia dung,7,50.1,2024-09-21,Bac
D00144,KH34,May xay,Gia dung,10,40.0,2024-06-11,Bac
D00145,KH11,Sach Spark,Sach,9,26.7,2024-04-29,Nam
D00146,KH14,May xay,Gia dung,6,41.8,2024-06-03,Trung
D00147,KH37,Laptop,Dien tu,1,1493.4,2024-04-03,Nam
D00148,KH13,Sach Spark,Sach,2,25.2,2025-02-11,Bac
D00149,KH25,Sach Spark,Sach,10,26.9,2025-02-11,Bac
D00150,KH33,May xay,Gia dung,6,40.8,2024-12-02,Trung
D00151,KH32,Quan jean,Thoi trang,2,35.0,2025-02-12,Bac
D00152,KH15,Sach Spark,Sach,3,23.3,2024-06-21,Trung
D00153,KH33,Laptop,Dien tu,1,1476.7,2025-02-11,Bac
D00154,KH11,Dien thoai,Dien tu,3,848.9,2024-03-18,Nam
D00155,KH10,May xay,Gia dung,9,40.4,2024-04-14,Trung
D00156,KH35,Dien thoai,Dien tu,2,771.4,2025-01-21,Nam
D00157,KH20,Sach Spark,Sach,10,25.3,2024-12-30,Trung
D00158,KH08,Tai nghe,Dien tu,3,44.2,2024-09-25,Nam
D00159,KH31,Noi com dien,Gia dung,11,49.9,2024-08-04,Bac
D00160,KH17,Ao thun,Thoi trang,4,11.3,2024-10-09,Nam
D00161,KH27,May xay,Gia dung,1,42.3,2024-07-18,Nam
D00162,KH28,Dien thoai,Dien tu,3,831.6,2024-05-20,Bac
D00163,KH15,Laptop,Dien tu,2,1392.3,2024-08-03,Bac
D00164,KH37,Giay the thao,Thoi trang,8,63.5,2024-03-06,Nam
D00165,KH34,Sach Python,Sach,5,18.9,2024-03-22,Bac
D00166,KH16,Laptop,Dien tu,2,1530.6,2024-12-26,Trung
D00167,KH25,Dien thoai,Dien tu,3,767.2,2024-09-19,Nam
D00168,KH40,Laptop,Dien tu,3,1623.5,2024-06-14,Trung
D00169,KH05,Quan jean,Thoi trang,6,31.6,2024-03-02,Trung
D00170,KH34,Sach Python,Sach,4,20.5,2025-02-13,Bac
D00171,KH15,Tai nghe,Dien tu,3,45.6,2024-12-03,Bac
D00172,KH34,Sach Spark,Sach,3,23.5,2024-03-30,Bac
D00173,KH01,Sach Python,Sach,5,19.9,2024-03-19,Bac
D00174,KH04,Dien thoai,Dien tu,1,808.3,2024-05-31,Bac
D00175,KH03,Laptop,Dien tu,2,1507.9,2024-08-19,Nam
D00176,KH23,Noi com dien,Gia dung,11,53.3,2025-01-03,Trung
D00177,KH05,Sach Spark,Sach,8,25.0,2024-09-07,Bac
D00178,KH06,Ao thun,Thoi trang,11,12.4,2024-08-24,Bac
D00179,KH30,Quan jean,Thoi trang,8,33.9,2024-12-19,Nam
D00180,KH23,Ao thun,Thoi trang,3,11.3,2025-02-17,Bac
D00181,KH26,Noi com dien,Gia dung,5,53.9,2025-01-31,Trung
D00182,KH31,Tai nghe,Dien tu,3,43.8,2025-02-27,Bac
D00183,KH14,Ao thun,Thoi trang,1,11.3,2024-07-26,Nam
D00184,KH23,Sach Spark,Sach,8,25.0,2025-01-28,Nam
D00185,KH20,May xay,Gia dung,4,42.1,2024-10-06,Bac
D00186,KH03,Tai nghe,Dien tu,3,43.7,2024-11-19,Bac
D00187,KH19,Giay the thao,Thoi trang,2,56.2,2024-03-03,Bac
D00188,KH26,May xay,Gia dung,1,41.4,2025-02-02,Nam
D00189,KH40,Laptop,Dien tu,3,1549.6,2025-02-16,Trung
D00190,KH24,Ao thun,Thoi trang,11,11.5,2024-03-12,Bac
D00191,KH28,Quan jean,Thoi trang,6,33.2,2024-08-22,Bac
D00192,KH17,Laptop,Dien tu,2,1570.2,2025-02-06,Nam
D00193,KH38,Laptop,Dien tu,1,1405.1,2024-07-21,Nam
D00194,KH37,Quan jean,Thoi trang,10,37.1,2024-09-12,Bac
D00195,KH07,Sach Spark,Sach,1,25.0,2025-01-25,Nam
D00196,KH24,Sach Spark,Sach,9,27.3,2024-11-04,Trung
D00197,KH21,Dien thoai,Dien tu,1,739.6,2024-09-22,Bac
D00198,KH35,Dien thoai,Dien tu,3,775.5,2024-09-21,Trung
D00199,KH15,Dien thoai,Dien tu,2,759.7,2024-03-30,Nam
D00200,KH26,May xay,Gia dung,3,38.8,2024-07-09,Trung
D00201,KH22,May xay,Gia dung,2,37.5,2024-07-26,Bac
D00202,KH08,Laptop,Dien tu,1,1438.4,2024-08-27,Bac
D00203,KH33,Noi com dien,Gia dung,8,57.8,2024-08-19,Trung
D00204,KH19,May xay,Gia dung,2,42.3,2024-10-31,Nam
D00205,KH32,Quan jean,Thoi trang,4,33.9,2024-04-09,Trung
D00206,KH16,Tai nghe,Dien tu,2,49.2,2024-12-23,Bac
D00207,KH29,Laptop,Dien tu,1,1381.1,2025-01-24,Nam
D00208,KH06,Sach Spark,Sach,1,27.3,2024-08-28,Bac
D00209,KH08,Tai nghe,Dien tu,1,41.8,2024-06-20,Nam
D00210,KH24,Sach Python,Sach,3,18.3,2024-05-02,Nam
D00211,KH35,Ao thun,Thoi trang,8,12.8,2024-12-17,Nam
D00212,KH15,Quan jean,Thoi trang,8,32.4,2024-03-18,Nam
D00213,KH29,Quan jean,Thoi trang,5,35.9,2024-10-31,Bac
D00214,KH08,Giay the thao,Thoi trang,4,56.2,2024-12-12,Nam
D00215,KH23,Noi com dien,Gia dung,9,53.4,2024-08-23,Trung
D00216,KH24,Quan jean,Thoi trang,10,37.1,2024-12-12,Nam
D00217,KH01,Giay the thao,Thoi trang,11,56.1,2024-06-27,Trung
D00218,KH39,Noi com dien,Gia dung,1,50.4,2024-12-02,Nam
D00219,KH03,May xay,Gia dung,11,36.2,2024-12-28,Bac
D00220,KH30,Sach Python,Sach,10,20.9,2024-10-05,Bac
D00221,KH25,Sach Python,Sach,4,19.2,2024-06-12,Nam
D00222,KH14,Quan jean,Thoi trang,3,37.4,2024-04-08,Trung
D00223,KH02,Giay the thao,Thoi trang,4,58.8,2024-09-10,Bac
D00224,KH21,Dien thoai,Dien tu,1,750.8,2024-09-02,Bac
D00225,KH02,Quan jean,Thoi trang,3,35.5,2024-06-14,Nam
D00226,KH30,Ao thun,Thoi trang,4,12.8,2024-09-17,Nam
D00227,KH34,Noi com dien,Gia dung,2,53.6,2024-03-29,Nam
D00228,KH13,Giay the thao,Thoi trang,6,59.8,2024-07-14,Bac
D00229,KH36,Sach Python,Sach,4,18.3,2024-10-28,Nam
D00230,KH33,Ao thun,Thoi trang,9,11.9,2025-02-03,Bac
D00231,KH22,Laptop,Dien tu,3,1534.3,2025-02-13,Bac
D00232,KH30,Tai nghe,Dien tu,3,47.8,2024-03-09,Bac
D00233,KH36,Sach Spark,Sach,2,26.1,2024-07-31,Nam
D00234,KH11,Giay the thao,Thoi trang,10,65.3,2024-10-13,Bac
D00235,KH34,Giay the thao,Thoi trang,7,60.2,2024-12-07,Nam
D00236,KH22,Sach Spark,Sach,2,23.9,2025-02-21,Trung
D00237,KH36,Noi com dien,Gia dung,7,60.2,2024-04-30,Trung
D00238,KH19,Sach Spark,Sach,7,25.5,2024-09-19,Bac
D00239,KH05,Tai nghe,Dien tu,1,46.6,2024-10-03,Nam
D00240,KH14,Quan jean,Thoi trang,9,32.4,2024-07-22,Trung
D00241,KH06,Sach Python,Sach,4,21.4,2024-05-07,Bac
D00242,KH23,Sach Python,Sach,3,20.3,2024-11-19,Nam
D00243,KH14,Giay the thao,Thoi trang,8,57.3,2025-01-19,Trung
D00244,KH25,Quan jean,Thoi trang,9,32.4,2025-01-29,Trung
D00245,KH18,Giay the thao,Thoi trang,9,61.2,2024-12-24,Nam
D00246,KH09,Ao thun,Thoi trang,9,12.2,2025-01-01,Nam
D00247,KH25,Ao thun,Thoi trang,3,12.8,2024-10-05,Nam
D00248,KH22,Ao thun,Thoi trang,8,13.7,2024-03-08,Nam
D00249,KH05,Dien thoai,Dien tu,1,762.6,2024-11-15,Nam
D00250,KH26,Noi com dien,Gia dung,3,56.2,2025-01-25,Bac
D00251,KH34,Dien thoai,Dien tu,3,750.2,2024-09-11,Trung
D00252,KH31,Ao thun,Thoi trang,3,11.7,2024-04-11,Nam
D00253,KH25,Giay the thao,Thoi trang,3,59.7,2024-04-01,Trung
D00254,KH39,Sach Spark,Sach,7,22.9,2024-09-27,Nam
D00255,KH32,Ao thun,Thoi trang,10,12.9,2024-09-29,Nam
D00256,KH17,Noi com dien,Gia dung,10,53.8,2025-01-09,Bac
D00257,KH11,Sach Spark,Sach,6,22.7,2024-09-19,Bac
D00258,KH28,Quan jean,Thoi trang,5,37.9,2024-09-08,Bac
D00259,KH35,Laptop,Dien tu,3,1473.1,2025-02-09,Nam
D00260,KH01,May xay,Gia dung,7,39.0,2024-05-08,Trung
D00261,KH17,Ao thun,Thoi trang,5,12.2,2024-07-05,Bac
D00262,KH16,Laptop,Dien tu,2,1491.7,2024-11-19,Nam
D00263,KH35,Tai nghe,Dien tu,3,40.8,2024-03-24,Nam
D00264,KH26,Dien thoai,Dien tu,2,872.9,2024-05-09,Nam
D00265,KH05,Tai nghe,Dien tu,3,43.0,2024-06-26,Nam
D00266,KH37,Tai nghe,Dien tu,2,43.9,2024-12-20,Nam
D00267,KH08,Laptop,Dien tu,1,1427.9,2024-08-22,Nam
D00268,KH02,Giay the thao,Thoi trang,9,57.6,2024-07-10,Trung
D00269,KH07,Quan jean,Thoi trang,3,36.2,2024-03-30,Bac
D00270,KH35,Quan jean,Thoi trang,4,37.0,2025-02-13,Bac
D00271,KH07,Tai nghe,Dien tu,3,42.1,2024-12-18,Bac
D00272,KH13,Noi com dien,Gia dung,8,54.9,2024-03-22,Bac
D00273,KH04,Tai nghe,Dien tu,1,43.3,2024-03-04,Nam
D00274,KH26,Dien thoai,Dien tu,1,833.8,2024-06-14,Bac
D00275,KH26,Quan jean,Thoi trang,10,34.1,2024-05-18,Bac
D00276,KH01,Noi com dien,Gia dung,7,50.4,2024-05-16,Bac
D00277,KH22,Laptop,Dien tu,1,1556.4,2024-09-25,Bac
D00278,KH19,Sach Python,Sach,10,20.7,2024-07-11,Trung
D00279,KH10,May xay,Gia dung,8,40.5,2024-10-13,Bac
D00280,KH25,Sach Spark,Sach,2,25.9,2024-10-09,Nam
D00281,KH05,Laptop,Dien tu,3,1641.9,2024-09-20,Bac
D00282,KH40,May xay,Gia dung,4,38.5,2024-08-08,Nam
D00283,KH16,May xay,Gia dung,7,37.9,2025-02-05,Bac
D00284,KH14,Dien thoai,Dien tu,1,736.1,2024-05-12,Bac
D00285,KH25,Noi com dien,Gia dung,4,59.9,2024-12-02,Bac
D00286,KH10,Sach Python,Sach,5,21.1,2025-01-27,Bac
D00287,KH11,Sach Python,Sach,10,19.0,2024-11-13,Nam
D00288,KH25,Dien thoai,Dien tu,3,845.3,2025-01-31,Nam
D00289,KH21,May xay,Gia dung,10,38.1,2025-02-08,Nam
D00290,KH34,Noi com dien,Gia dung,4,56.6,2024-08-07,Nam
D00291,KH17,Sach Python,Sach,10,21.6,2024-07-26,Trung
D00292,KH05,Giay the thao,Thoi trang,7,54.1,2024-05-07,Nam
D00293,KH27,Sach Spark,Sach,2,23.2,2024-08-05,Nam
D00294,KH23,Quan jean,Thoi trang,5,35.6,2025-01-02,Bac
D00295,KH04,Ao thun,Thoi trang,5,12.0,2024-06-09,Bac
D00296,KH09,Dien thoai,Dien tu,3,820.9,2024-09-03,Nam
D00297,KH14,Dien thoai,Dien tu,3,812.8,2024-11-01,Bac
D00298,KH30,Giay the thao,Thoi trang,1,61.4,2025-01-19,Nam
D00299,KH27,Quan jean,Thoi trang,2,37.2,2025-02-26,Nam
D00300,KH25,Tai nghe,Dien tu,2,46.2,2024-04-11,Bac
D00301,KH11,Tai nghe,Dien tu,1,45.0,2024-04-02,Nam
D00302,KH30,Sach Spark,Sach,9,25.2,2024-04-14,Nam
D00303,KH09,May xay,Gia dung,6,43.5,2024-04-17,Nam
D00304,KH23,Ao thun,Thoi trang,3,12.9,2024-10-06,Trung
D00305,KH32,Noi com dien,Gia dung,11,52.9,2024-06-29,Bac
D00306,KH02,Ao thun,Thoi trang,2,13.3,2024-07-04,Bac
D00307,KH07,Dien thoai,Dien tu,1,746.5,2024-04-04,Nam
D00308,KH26,Sach Python,Sach,3,21.5,2024-09-09,Trung
D00309,KH39,Quan jean,Thoi trang,11,33.8,2024-04-28,Nam
D00310,KH21,Ao thun,Thoi trang,4,12.5,2024-04-17,Bac
D00311,KH09,Sach Spark,Sach,8,25.1,2024-12-04,Trung
D00312,KH13,Dien thoai,Dien tu,1,825.0,2024-03-12,Trung
D00313,KH25,Ao thun,Thoi trang,5,12.3,2024-09-04,Nam
D00314,KH02,Ao thun,Thoi trang,3,13.0,2024-09-11,Nam
D00315,KH15,Ao thun,Thoi trang,11,12.7,2024-11-20,Trung
D00316,KH04,Tai nghe,Dien tu,3,43.4,2024-08-21,Nam
D00317,KH23,May xay,Gia dung,2,36.0,2024-06-10,Trung
D00318,KH23,Ao thun,Thoi trang,5,11.6,2025-02-05,Nam
D00319,KH36,Laptop,Dien tu,1,1606.8,2024-09-19,Bac
D00320,KH24,Quan jean,Thoi trang,10,34.6,2025-02-10,Nam
D00321,KH02,Dien thoai,Dien tu,1,848.3,2024-08-02,Bac
D00322,KH03,Laptop,Dien tu,2,1408.1,2024-05-09,Bac
D00323,KH14,Sach Python,Sach,11,20.4,2025-02-25,Nam
D00324,KH07,Quan jean,Thoi trang,10,37.8,2024-09-20,Bac
D00325,KH15,Quan jean,Thoi trang,7,36.7,2024-12-17,Nam
D00326,KH31,May xay,Gia dung,3,37.2,2025-01-26,Nam
D00327,KH25,Giay the thao,Thoi trang,1,65.1,2024-10-24,Bac
D00328,KH22,Quan jean,Thoi trang,1,37.6,2024-10-25,Nam
D00329,KH01,Dien thoai,Dien tu,1,852.1,2025-01-15,Bac
D00330,KH07,Ao thun,Thoi trang,1,12.1,2024-09-05,Bac
D00331,KH11,Sach Python,Sach,2,20.1,2024-03-12,Bac
D00332,KH22,Sach Spark,Sach,1,26.3,2024-07-29,Trung
D00333,KH26,Sach Python,Sach,5,22.0,2024-05-21,Bac
D00334,KH07,Quan jean,Thoi trang,2,36.4,2024-10-25,Trung
D00335,KH37,Laptop,Dien tu,3,1646.1,2024-06-01,Nam
D00336,KH18,Sach Spark,Sach,2,27.4,2025-01-24,Bac
D00337,KH26,Dien thoai,Dien tu,2,814.5,2024-11-13,Bac
D00338,KH37,Laptop,Dien tu,3,1459.7,2024-03-01,Nam
D00339,KH39,Quan jean,Thoi trang,9,37.0,2024-11-04,Bac
D00340,KH08,Ao thun,Thoi trang,10,13.1,2025-02-06,Nam
D00341,KH25,Ao thun,Thoi trang,7,11.9,2024-07-15,Bac
D00342,KH21,Quan jean,Thoi trang,1,31.7,2024-07-31,Nam
D00343,KH09,Ao thun,Thoi trang,10,12.5,2024-10-12,Nam
D00344,KH03,Giay the thao,Thoi trang,11,59.6,2024-04-09,Bac
D00345,KH33,Quan jean,Thoi trang,5,37.8,2024-10-09,Trung
D00346,KH03,Laptop,Dien tu,2,1372.8,2024-04-11,Nam
D00347,KH18,Sach Python,Sach,9,20.9,2024-05-03,Bac
D00348,KH27,Laptop,Dien tu,2,1356.9,2024-06-24,Nam
D00349,KH24,Giay the thao,Thoi trang,3,54.1,2024-08-26,Bac
D00350,KH18,Quan jean,Thoi trang,1,37.4,2024-03-11,Bac
D00351,KH13,Laptop,Dien tu,1,1383.1,2024-08-17,Nam
D00352,KH02,Sach Spark,Sach,2,22.8,2024-06-16,Bac
D00353,KH17,Noi com dien,Gia dung,9,57.5,2024-06-28,Nam
D00354,KH35,May xay,Gia dung,2,41.4,2024-05-02,Nam
D00355,KH09,May xay,Gia dung,3,40.1,2024-11-04,Bac
D00356,KH33,Dien thoai,Dien tu,2,787.2,2024-11-23,Bac
D00357,KH27,Noi com dien,Gia dung,5,53.0,2024-12-03,Trung
D00358,KH09,Tai nghe,Dien tu,1,43.4,2024-05-09,Bac
D00359,KH12,Quan jean,Thoi trang,11,32.0,2024-12-20,Nam
D00360,KH17,Tai nghe,Dien tu,1,46.8,2024-10-12,Bac
D00361,KH40,Noi com dien,Gia dung,1,52.3,2024-08-18,Nam
D00362,KH06,Sach Spark,Sach,4,24.3,2024-12-03,Trung
D00363,KH35,Sach Spark,Sach,8,24.5,2024-07-25,Nam
D00364,KH23,Quan jean,Thoi trang,7,37.4,2024-07-29,Nam
D00365,KH07,May xay,Gia dung,3,38.2,2024-08-26,Trung
D00366,KH31,Sach Spark,Sach,7,25.8,2024-06-18,Bac
D00367,KH14,Ao thun,Thoi trang,11,13.2,2024-04-30,Nam
D00368,KH23,Laptop,Dien tu,2,1494.5,2025-02-07,Bac
D00369,KH20,Tai nghe,Dien tu,2,43.6,2024-07-23,Nam
D00370,KH08,Tai nghe,Dien tu,2,49.3,2024-10-01,Nam
D00371,KH16,Sach Spark,Sach,2,23.3,2024-04-20,Trung
D00372,KH38,Sach Python,Sach,1,20.4,2024-11-05,Trung
D00373,KH32,Tai nghe,Dien tu,2,42.5,2024-07-08,Nam
D00374,KH36,Laptop,Dien tu,1,1396.8,2024-10-02,Nam
D00375,KH35,Ao thun,Thoi trang,2,13.0,2024-11-05,Nam
D00376,KH03,Dien thoai,Dien tu,1,814.6,2025-02-25,Trung
D00377,KH14,Tai nghe,Dien tu,3,46.8,2024-08-13,Nam
D00378,KH32,May xay,Gia dung,3,41.8,2024-04-28,Nam
D00379,KH29,Sach Spark,Sach,7,24.5,2025-01-12,Bac
D00380,KH21,Sach Python,Sach,8,19.5,2024-06-20,Bac
D00381,KH04,Ao thun,Thoi trang,5,13.2,2025-02-20,Trung
D00382,KH23,Dien thoai,Dien tu,3,868.6,2025-02-27,Nam
D00383,KH30,Ao thun,Thoi trang,6,12.5,2024-10-10,Nam
D00384,KH38,May xay,Gia dung,6,36.6,2024-12-14,Bac
D00385,KH38,May xay,Gia dung,2,38.2,2024-04-24,Bac
D00386,KH39,Sach Spark,Sach,1,22.9,2024-06-03,Nam
D00387,KH33,Dien thoai,Dien tu,2,821.7,2025-02-01,Trung
D00388,KH18,Ao thun,Thoi trang,7,13.5,2024-09-04,Nam
D00389,KH15,May xay,Gia dung,1,40.2,2024-04-08,Bac
D00390,KH02,May xay,Gia dung,7,37.2,2024-10-26,Trung
D00391,KH17,Noi com dien,Gia dung,6,58.1,2024-09-17,Nam
D00392,KH37,Noi com dien,Gia dung,4,50.3,2024-11-14,Nam
D00393,KH32,Tai nghe,Dien tu,3,46.1,2024-03-07,Nam
D00394,KH34,May xay,Gia dung,3,39.2,2024-11-12,Trung
D00395,KH20,Sach Python,Sach,5,19.9,2024-09-25,Nam
D00396,KH12,May xay,Gia dung,7,41.4,2025-02-25,Trung
D00397,KH30,Laptop,Dien tu,1,1467.9,2024-03-29,Trung
D00398,KH05,May xay,Gia dung,10,36.2,2025-02-23,Bac
D00399,KH15,Quan jean,Thoi trang,8,34.0,2024-09-07,Bac
D00400,KH17,Noi com dien,Gia dung,7,58.8,2024-08-13,Nam
D00401,KH19,May xay,Gia dung,7,39.6,2024-07-11,Nam
D00402,KH02,Ao thun,Thoi trang,5,12.6,2024-06-29,Bac
D00403,KH23,Ao thun,Thoi trang,6,11.6,2024-03-04,Nam
D00404,KH02,Ao thun,Thoi trang,5,13.5,2024-09-02,Bac
D00405,KH15,Quan jean,Thoi trang,1,35.6,2024-09-12,Nam
D00406,KH35,Sach Python,Sach,2,18.6,2024-12-09,Nam
D00407,KH31,May xay,Gia dung,6,43.9,2024-11-20,Nam
D00408,KH29,Noi com dien,Gia dung,4,54.4,2024-12-03,Bac
D00409,KH12,Noi com dien,Gia dung,11,58.1,2024-05-17,Bac
D00410,KH26,Ao thun,Thoi trang,1,11.5,2024-03-04,Nam
D00411,KH24,May xay,Gia dung,3,42.4,2024-10-11,Nam
D00412,KH22,May xay,Gia dung,10,39.7,2024-11-14,Bac
D00413,KH22,Tai nghe,Dien tu,2,41.3,2024-09-22,Nam
D00414,KH10,Quan jean,Thoi trang,8,35.9,2024-05-30,Bac
D00415,KH04,Dien thoai,Dien tu,1,738.7,2025-01-30,Nam
D00416,KH12,Quan jean,Thoi trang,2,34.6,2024-08-08,Bac
D00417,KH26,May xay,Gia dung,1,43.3,2024-05-17,Trung
D00418,KH19,May xay,Gia dung,10,41.7,2024-07-05,Nam
D00419,KH26,Laptop,Dien tu,2,1514.4,2024-03-29,Nam
D00420,KH10,Ao thun,Thoi trang,7,12.5,2024-11-17,Nam
D00421,KH08,Tai nghe,Dien tu,1,46.1,2024-11-01,Nam
D00422,KH23,Noi com dien,Gia dung,7,51.9,2024-11-27,Trung
D00423,KH17,Dien thoai,Dien tu,3,854.5,2025-01-28,Nam
D00424,KH22,Laptop,Dien tu,2,1562.7,2024-10-24,Nam
D00425,KH39,Dien thoai,Dien tu,2,728.5,2024-08-19,Bac
D00426,KH07,Giay the thao,Thoi trang,5,64.7,2025-02-03,Nam
D00427,KH33,Dien thoai,Dien tu,1,815.5,2024-03-07,Trung
D00428,KH19,Sach Spark,Sach,4,26.6,2024-08-16,Bac
D00429,KH37,Ao thun,Thoi trang,2,11.8,2024-07-08,Nam
D00430,KH16,May xay,Gia dung,2,40.7,2024-04-10,Bac
D00431,KH05,Tai nghe,Dien tu,2,47.1,2024-10-20,Nam
D00432,KH20,Tai nghe,Dien tu,2,46.9,2024-10-29,Bac
D00433,KH11,Giay the thao,Thoi trang,6,62.1,2024-06-05,Nam
D00434,KH15,Tai nghe,Dien tu,1,44.4,2024-06-03,Bac
D00435,KH24,Quan jean,Thoi trang,1,33.6,2024-06-15,Trung
D00436,KH40,Ao thun,Thoi trang,11,13.2,2024-09-02,Nam
D00437,KH26,May xay,Gia dung,7,37.1,2024-11-12,Bac
D00438,KH02,Dien thoai,Dien tu,2,842.1,2024-11-08,Nam
D00439,KH07,Quan jean,Thoi trang,7,38.0,2024-05-07,Bac
D00440,KH22,Laptop,Dien tu,1,1630.0,2025-02-25,Trung
D00441,KH24,May xay,Gia dung,2,43.6,2024-07-10,Bac
D00442,KH02,Tai nghe,Dien tu,2,42.1,2024-05-14,Nam
D00443,KH30,Dien thoai,Dien tu,1,751.7,2024-08-04,Nam
D00444,KH17,Dien thoai,Dien tu,1,824.8,2024-10-05,Bac
D00445,KH01,May xay,Gia dung,4,37.4,2024-11-06,Trung
D00446,KH05,Noi com dien,Gia dung,10,60.3,2024-09-15,Bac
D00447,KH36,May xay,Gia dung,2,39.3,2024-12-13,Nam
D00448,KH01,Dien thoai,Dien tu,2,780.5,2024-11-13,Nam
D00449,KH20,Giay the thao,Thoi trang,8,54.5,2024-10-16,Nam
D00450,KH13,Sach Python,Sach,4,20.4,2024-07-02,Trung
D00451,KH13,May xay,Gia dung,2,36.6,2024-10-07,Trung
D00452,KH10,Laptop,Dien tu,3,1520.3,2024-03-22,Bac
D00453,KH16,Dien thoai,Dien tu,3,847.6,2024-04-04,Nam
D00454,KH21,Sach Python,Sach,3,21.0,2024-07-13,Nam
D00455,KH16,Noi com dien,Gia dung,1,51.9,2024-06-24,Bac
D00456,KH02,Quan jean,Thoi trang,4,35.7,2024-07-20,Trung
D00457,KH04,Dien thoai,Dien tu,2,856.2,2024-03-31,Nam
D00458,KH20,Quan jean,Thoi trang,6,34.1,2024-03-31,Nam
D00459,KH02,Quan jean,Thoi trang,8,37.8,2024-04-17,Nam
D00460,KH40,Noi com dien,Gia dung,7,58.3,2024-05-31,Bac
D00461,KH18,May xay,Gia dung,7,41.6,2024-10-31,Bac
D00462,KH28,Dien thoai,Dien tu,3,725.5,2024-10-26,Bac
D00463,KH05,Giay the thao,Thoi trang,8,54.9,2024-07-16,Bac
D00464,KH27,Ao thun,Thoi trang,9,13.6,2025-01-21,Nam
D00465,KH39,Dien thoai,Dien tu,2,807.6,2024-03-22,Nam
D00466,KH02,Sach Spark,Sach,6,27.0,2024-10-10,Nam
D00467,KH12,Tai nghe,Dien tu,2,46.6,2024-10-27,Trung
D00468,KH07,Quan jean,Thoi trang,5,33.6,2024-03-06,Nam
D00469,KH13,Laptop,Dien tu,2,1418.7,2024-03-06,Bac
D00470,KH22,Sach Python,Sach,6,19.8,2025-02-19,Bac
D00471,KH40,Sach Spark,Sach,11,25.7,2024-04-13,Nam
D00472,KH06,Dien thoai,Dien tu,3,726.8,2024-08-06,Trung
D00473,KH34,Dien thoai,Dien tu,3,761.3,2025-01-19,Trung
D00474,KH24,Giay the thao,Thoi trang,4,54.7,2024-09-27,Bac
D00475,KH29,Laptop,Dien tu,2,1618.8,2024-09-19,Nam
D00476,KH08,Tai nghe,Dien tu,3,48.4,2024-06-07,Nam
D00477,KH07,Noi com dien,Gia dung,8,52.7,2025-02-26,Bac
D00478,KH37,Giay the thao,Thoi trang,4,61.8,2024-09-20,Trung
D00479,KH13,Ao thun,Thoi trang,8,11.6,2024-11-20,Nam
D00480,KH11,Dien thoai,Dien tu,2,746.8,2024-07-21,Nam
D00481,KH02,Dien thoai,Dien tu,3,751.2,2025-02-04,Bac
D00482,KH28,Ao thun,Thoi trang,7,11.3,2024-07-15,Bac
D00483,KH14,Laptop,Dien tu,1,1425.2,2024-09-07,Bac
D00484,KH20,Quan jean,Thoi trang,3,35.1,2024-10-13,Bac
D00485,KH04,Ao thun,Thoi trang,11,12.2,2024-05-28,Nam
D00486,KH10,May xay,Gia dung,8,42.4,2025-01-04,Nam
D00487,KH21,Ao thun,Thoi trang,3,11.5,2025-02-09,Trung
D00488,KH08,Tai nghe,Dien tu,2,41.2,2024-05-24,Bac
D00489,KH07,Giay the thao,Thoi trang,7,60.8,2024-08-15,Bac
D00490,KH15,Tai nghe,Dien tu,2,40.6,2025-02-22,Bac
D00491,KH02,Laptop,Dien tu,1,1632.9,2024-12-22,Nam
D00492,KH32,Sach Python,Sach,8,20.7,2024-06-21,Trung
D00493,KH09,Giay the thao,Thoi trang,1,56.0,2025-02-06,Trung
D00494,KH18,Ao thun,Thoi trang,3,12.0,2025-01-30,Nam
D00495,KH36,Sach Python,Sach,4,18.3,2024-12-27,Nam
D00496,KH19,Giay the thao,Thoi trang,8,58.0,2024-03-02,Trung
D00497,KH38,Laptop,Dien tu,3,1362.9,2024-07-18,Nam
D00498,KH13,Sach Python,Sach,2,19.6,2024-07-03,Nam
D00499,KH07,Ao thun,Thoi trang,1,12.6,2024-06-13,Nam
D00500,KH11,Tai nghe,Dien tu,3,49.1,2024-03-26,Nam
D00501,KH26,Sach Spark,Sach,5,26.6,2024-09-07,Trung
D00502,KH22,May xay,Gia dung,8,42.8,2024-10-07,Trung
D00503,KH08,Tai nghe,Dien tu,2,44.2,2024-12-18,Bac
D00504,KH03,Dien thoai,Dien tu,2,845.3,2025-02-17,Bac
D00505,KH32,Ao thun,Thoi trang,2,12.9,2025-01-01,Nam
D00506,KH35,Quan jean,Thoi trang,3,37.3,2024-09-26,Nam
D00507,KH26,Ao thun,Thoi trang,2,11.3,2025-01-14,Nam
D00508,KH18,May xay,Gia dung,7,42.5,2025-02-27,Nam
D00509,KH10,May xay,Gia dung,5,40.3,2024-10-10,Bac
D00510,KH33,Giay the thao,Thoi trang,5,60.7,2024-05-16,Bac
D00511,KH29,Laptop,Dien tu,3,1440.4,2024-10-23,Bac
D00512,KH09,Giay the thao,Thoi trang,1,56.2,2024-04-18,Bac
D00513,KH34,Tai nghe,Dien tu,3,47.6,2024-08-25,Bac
D00514,KH27,May xay,Gia dung,1,38.6,2024-08-07,Nam
D00515,KH33,Ao thun,Thoi trang,6,11.4,2025-01-28,Nam
D00516,KH27,Tai nghe,Dien tu,3,43.2,2024-12-04,Bac
D00517,KH02,Sach Spark,Sach,3,24.1,2024-07-01,Nam
D00518,KH32,Sach Python,Sach,8,19.1,2024-07-23,Bac
D00519,KH03,Quan jean,Thoi trang,3,33.7,2024-03-14,Nam
D00520,KH24,Quan jean,Thoi trang,10,37.0,2024-05-07,Bac
D00521,KH33,Tai nghe,Dien tu,2,47.3,2024-05-14,Nam
D00522,KH05,Sach Spark,Sach,7,27.0,2024-12-10,Nam
D00523,KH13,May xay,Gia dung,1,36.3,2024-07-14,Bac
D00524,KH02,Giay the thao,Thoi trang,4,61.0,2024-03-28,Nam
D00525,KH01,Noi com dien,Gia dung,3,53.4,2025-02-02,Bac
D00526,KH33,Sach Spark,Sach,6,24.6,2024-04-17,Trung
D00527,KH34,Sach Python,Sach,8,19.6,2024-04-14,Nam
D00528,KH37,Ao thun,Thoi trang,11,12.2,2025-01-15,Nam
D00529,KH07,Noi com dien,Gia dung,6,59.4,2024-09-10,Nam
D00530,KH06,May xay,Gia dung,7,41.8,2024-03-15,Bac
D00531,KH15,Ao thun,Thoi trang,10,12.8,2024-07-24,Nam
D00532,KH07,Sach Spark,Sach,5,24.0,2024-09-02,Bac
D00533,KH08,Laptop,Dien tu,2,1378.1,2024-11-19,Bac
D00534,KH21,Sach Python,Sach,9,21.9,2024-08-06,Nam
D00535,KH36,Tai nghe,Dien tu,2,48.5,2024-03-23,Bac
D00536,KH24,Sach Python,Sach,1,20.5,2024-09-17,Nam
D00537,KH27,Ao thun,Thoi trang,3,13.7,2024-09-02,Nam
D00538,KH33,Laptop,Dien tu,3,1406.6,2024-03-25,Bac
D00539,KH21,Giay the thao,Thoi trang,4,57.6,2024-08-04,Bac
D00540,KH08,Tai nghe,Dien tu,3,46.6,2024-11-28,Nam
D00541,KH20,Ao thun,Thoi trang,2,12.1,2025-01-09,Trung
D00542,KH31,Laptop,Dien tu,3,1543.7,2025-01-29,Bac
D00543,KH21,Sach Spark,Sach,3,23.7,2024-05-31,Nam
D00544,KH06,Dien thoai,Dien tu,2,857.2,2024-05-30,Nam
D00545,KH08,Dien thoai,Dien tu,2,722.7,2024-07-29,Trung
D00546,KH25,Sach Spark,Sach,11,27.5,2024-03-15,Bac
D00547,KH12,Giay the thao,Thoi trang,7,56.5,2024-08-06,Bac
D00548,KH14,Quan jean,Thoi trang,5,38.4,2024-04-03,Nam
D00549,KH32,Ao thun,Thoi trang,9,12.1,2024-06-10,Bac
D00550,KH10,Tai nghe,Dien tu,2,43.0,2024-09-21,Nam
D00551,KH08,May xay,Gia dung,6,40.0,2024-03-19,Nam
D00552,KH30,Tai nghe,Dien tu,1,41.7,2024-12-29,Nam
D00553,KH02,May xay,Gia dung,1,42.9,2024-04-18,Nam
D00554,KH30,Sach Spark,Sach,7,25.0,2024-11-12,Trung
D00555,KH26,Sach Spark,Sach,2,25.3,2024-06-12,Trung
D00556,KH13,Sach Python,Sach,4,18.3,2024-04-21,Bac
D00557,KH24,Tai nghe,Dien tu,1,48.2,2025-02-25,Bac
D00558,KH37,Noi com dien,Gia dung,8,58.3,2025-02-20,Bac
D00559,KH12,Giay the thao,Thoi trang,10,64.4,2024-06-03,Bac
D00560,KH01,Laptop,Dien tu,3,1445.2,2024-12-24,Nam
D00561,KH12,May xay,Gia dung,6,37.3,2024-08-16,Bac
D00562,KH06,Sach Spark,Sach,9,27.0,2025-02-01,Nam
D00563,KH25,Noi com dien,Gia dung,1,50.6,2025-02-05,Trung
D00564,KH02,May xay,Gia dung,4,36.8,2024-08-25,Trung
D00565,KH31,Giay the thao,Thoi trang,1,59.0,2024-05-14,Bac
D00566,KH05,Quan jean,Thoi trang,2,38.3,2024-05-05,Nam
D00567,KH09,Quan jean,Thoi trang,3,38.3,2024-07-11,Nam
D00568,KH25,Laptop,Dien tu,1,1473.8,2025-01-25,Bac
D00569,KH26,Quan jean,Thoi trang,3,38.0,2024-11-18,Bac
D00570,KH11,Dien thoai,Dien tu,1,722.9,2024-06-22,Bac
D00571,KH28,Giay the thao,Thoi trang,4,57.2,2024-08-02,Nam
D00572,KH11,Sach Python,Sach,3,18.7,2024-08-09,Nam
D00573,KH28,Quan jean,Thoi trang,7,34.7,2024-04-10,Bac
D00574,KH09,Sach Spark,Sach,9,22.7,2024-04-26,Nam
D00575,KH06,Sach Python,Sach,11,18.4,2024-10-19,Nam
D00576,KH37,Laptop,Dien tu,1,1392.0,2024-12-09,Nam
D00577,KH34,Ao thun,Thoi trang,10,13.6,2024-06-18,Bac
D00578,KH05,Dien thoai,Dien tu,1,827.9,2024-11-25,Nam
D00579,KH01,Ao thun,Thoi trang,7,11.7,2024-05-30,Nam
D00580,KH12,Sach Python,Sach,2,18.1,2024-12-03,Trung
D00581,KH23,Giay the thao,Thoi trang,4,56.1,2024-03-25,Nam
D00582,KH14,Tai nghe,Dien tu,3,43.5,2024-07-31,Nam
D00583,KH38,Sach Python,Sach,10,21.3,2024-07-31,Nam
D00584,KH16,Sach Python,Sach,8,21.0,2024-07-14,Trung
D00585,KH05,May xay,Gia dung,8,36.1,2024-09-22,Nam
D00586,KH15,Dien thoai,Dien tu,1,836.6,2024-10-21,Trung
D00587,KH16,Laptop,Dien tu,2,1368.2,2024-08-01,Nam
D00588,KH32,Laptop,Dien tu,2,1394.5,2024-05-10,Nam
D00589,KH39,Ao thun,Thoi trang,9,13.0,2024-08-01,Nam
D00590,KH04,Noi com dien,Gia dung,9,56.5,2024-04-25,Bac
D00591,KH07,Sach Python,Sach,2,21.3,2024-08-10,Nam
D00592,KH32,Ao thun,Thoi trang,11,12.9,2025-02-18,Trung
D00593,KH39,Noi com dien,Gia dung,9,57.3,2025-01-28,Bac
D00594,KH30,Ao thun,Thoi trang,3,13.2,2025-01-26,Bac
D00595,KH36,Sach Python,Sach,7,20.3,2024-12-23,Nam
D00596,KH35,Noi com dien,Gia dung,6,50.8,2024-11-08,Trung
D00597,KH19,Noi com dien,Gia dung,2,52.1,2024-03-13,Trung
D00598,KH20,Ao thun,Thoi trang,1,12.3,2024-10-16,Bac
D00599,KH13,Sach Spark,Sach,5,26.9,2024-08-07,Bac
D00600,KH13,May xay,Gia dung,8,38.5,2025-01-31,Nam
D00601,KH16,Quan jean,Thoi trang,4,32.8,2024-09-15,Trung
D00602,KH19,Noi com dien,Gia dung,1,56.4,2024-07-13,Nam
D00603,KH22,Noi com dien,Gia dung,8,52.9,2024-08-16,Nam
D00604,KH18,Tai nghe,Dien tu,1,47.3,2024-10-18,Nam
D00605,KH13,Ao thun,Thoi trang,9,12.8,2024-12-06,Trung
D00606,KH25,Giay the thao,Thoi trang,11,62.8,2024-03-03,Bac
D00607,KH32,May xay,Gia dung,11,43.7,2024-11-10,Nam
D00608,KH16,May xay,Gia dung,4,37.7,2024-03-17,Nam
D00609,KH02,Sach Python,Sach,8,20.8,2024-03-25,Nam
D00610,KH38,May xay,Gia dung,3,39.6,2024-08-10,Nam
D00611,KH27,May xay,Gia dung,4,43.4,2024-09-08,Trung
D00612,KH38,May xay,Gia dung,5,38.4,2024-07-15,Nam
D00613,KH21,Tai nghe,Dien tu,3,47.5,2025-01-17,Nam
D00614,KH01,Ao thun,Thoi trang,6,12.3,2024-11-28,Nam
D00615,KH07,Laptop,Dien tu,3,1366.9,2024-12-16,Bac
D00616,KH36,Quan jean,Thoi trang,5,37.7,2024-03-20,Nam
D00617,KH38,May xay,Gia dung,8,42.7,2024-10-22,Nam
D00618,KH37,Quan jean,Thoi trang,5,36.6,2024-07-24,Nam
D00619,KH21,Ao thun,Thoi trang,8,12.5,2024-12-18,Bac
D00620,KH24,Laptop,Dien tu,1,1624.2,2025-01-16,Nam
D00621,KH28,Quan jean,Thoi trang,6,34.2,2025-01-26,Bac
D00622,KH21,Dien thoai,Dien tu,2,744.0,2024-05-01,Bac
D00623,KH36,Dien thoai,Dien tu,2,760.8,2024-06-19,Nam
D00624,KH24,Sach Python,Sach,3,21.8,2024-12-15,Nam
D00625,KH35,Sach Python,Sach,7,18.4,2024-03-16,Nam
D00626,KH33,Laptop,Dien tu,2,1623.3,2024-08-25,Trung
D00627,KH26,Laptop,Dien tu,1,1419.8,2024-06-08,Nam
D00628,KH13,Noi com dien,Gia dung,5,56.6,2024-09-21,Nam
D00629,KH11,Tai nghe,Dien tu,1,47.3,2024-09-05,Nam
D00630,KH03,Dien thoai,Dien tu,3,744.6,2024-09-04,Bac
D00631,KH02,Giay the thao,Thoi trang,1,61.2,2024-05-28,Trung
D00632,KH18,Sach Spark,Sach,11,26.6,2024-05-01,Nam
D00633,KH39,Noi com dien,Gia dung,9,55.7,2024-08-27,Bac
D00634,KH20,Sach Spark,Sach,3,23.0,2024-04-15,Bac
D00635,KH33,Dien thoai,Dien tu,1,766.1,2024-11-15,Nam
D00636,KH21,Sach Python,Sach,1,19.2,2024-03-03,Nam
D00637,KH18,Sach Python,Sach,6,18.9,2024-05-30,Nam
D00638,KH12,Ao thun,Thoi trang,3,12.3,2025-02-19,Bac
D00639,KH38,Giay the thao,Thoi trang,4,65.5,2024-12-19,Bac
D00640,KH06,Ao thun,Thoi trang,10,12.5,2024-10-23,Bac
D00641,KH15,Laptop,Dien tu,1,1371.1,2024-06-26,Trung
D00642,KH37,May xay,Gia dung,11,40.8,2024-11-23,Bac
D00643,KH25,Ao thun,Thoi trang,7,12.3,2024-04-09,Nam
D00644,KH19,Sach Python,Sach,9,20.2,2024-06-06,Bac
D00645,KH24,Tai nghe,Dien tu,2,47.3,2025-02-27,Nam
D00646,KH37,Noi com dien,Gia dung,5,57.9,2024-09-02,Bac
D00647,KH13,Sach Spark,Sach,8,25.9,2024-09-19,Nam
D00648,KH23,Quan jean,Thoi trang,1,37.4,2025-02-06,Nam
D00649,KH24,Sach Spark,Sach,2,24.3,2025-01-28,Nam
D00650,KH36,Sach Spark,Sach,4,26.7,2025-01-11,Nam
D00651,KH20,Tai nghe,Dien tu,2,45.6,2024-05-10,Bac
D00652,KH02,Quan jean,Thoi trang,4,38.3,2024-03-05,Nam
D00653,KH05,Noi com dien,Gia dung,5,52.9,2024-08-21,Nam
D00654,KH30,Quan jean,Thoi trang,4,37.4,2025-01-13,Bac
D00655,KH29,Giay the thao,Thoi trang,6,57.4,2024-09-10,Nam
D00656,KH21,Noi com dien,Gia dung,1,60.1,2024-04-06,Bac
D00657,KH15,Ao thun,Thoi trang,6,12.6,2024-05-22,Bac
D00658,KH04,Dien thoai,Dien tu,1,831.4,2024-06-07,Bac
D00659,KH22,Laptop,Dien tu,2,1517.8,2024-04-13,Trung
D00660,KH13,Quan jean,Thoi trang,9,36.1,2024-11-28,Nam
D00661,KH35,Sach Python,Sach,3,21.2,2024-04-13,Bac
D00662,KH06,Sach Python,Sach,11,21.3,2024-03-04,Nam
D00663,KH14,Quan jean,Thoi trang,8,32.4,2024-11-24,Bac
D00664,KH10,May xay,Gia dung,2,39.7,2024-10-03,Bac
D00665,KH29,Ao thun,Thoi trang,7,13.0,2024-10-07,Bac
D00666,KH09,Dien thoai,Dien tu,3,835.1,2025-02-21,Bac
D00667,KH02,Sach Python,Sach,11,18.1,2025-01-16,Nam
D00668,KH25,Sach Spark,Sach,8,26.0,2024-11-30,Nam
D00669,KH15,Dien thoai,Dien tu,2,877.1,2024-12-28,Bac
D00670,KH02,Quan jean,Thoi trang,7,33.5,2024-07-02,Bac
D00671,KH14,Dien thoai,Dien tu,2,741.5,2024-04-25,Trung
D00672,KH06,Sach Spark,Sach,6,23.5,2025-02-25,Bac
D00673,KH32,Quan jean,Thoi trang,1,32.0,2024-03-09,Trung
D00674,KH18,Tai nghe,Dien tu,2,49.1,2024-12-04,Bac
D00675,KH20,Sach Spark,Sach,10,25.3,2024-04-21,Nam
D00676,KH27,Sach Spark,Sach,1,23.7,2024-09-28,Trung
D00677,KH02,May xay,Gia dung,5,40.1,2024-03-12,Bac
D00678,KH29,Quan jean,Thoi trang,4,38.1,2024-10-26,Trung
D00679,KH15,Dien thoai,Dien tu,1,878.7,2024-03-13,Trung
D00680,KH23,Dien thoai,Dien tu,1,744.7,2025-01-04,Nam
D00681,KH34,Sach Spark,Sach,7,23.8,2024-09-21,Nam
D00682,KH26,Giay the thao,Thoi trang,9,66.0,2024-06-02,Nam
D00683,KH07,Ao thun,Thoi trang,4,11.9,2025-02-15,Bac
D00684,KH15,Sach Python,Sach,1,21.8,2024-10-31,Nam
D00685,KH22,Sach Python,Sach,8,20.2,2025-01-31,Trung
D00686,KH15,May xay,Gia dung,5,42.5,2024-03-30,Trung
D00687,KH36,Ao thun,Thoi trang,9,13.2,2024-12-16,Bac
D00688,KH12,May xay,Gia dung,1,42.0,2024-05-31,Nam
D00689,KH05,May xay,Gia dung,6,38.1,2024-09-21,Nam
D00690,KH35,Noi com dien,Gia dung,4,54.4,2025-01-07,Bac
D00691,KH32,Ao thun,Thoi trang,9,11.3,2024-05-17,Trung
D00692,KH10,May xay,Gia dung,11,36.6,2025-02-25,Nam
D00693,KH08,Ao thun,Thoi trang,6,12.1,2024-03-25,Bac
D00694,KH17,Tai nghe,Dien tu,1,41.5,2024-10-17,Trung
D00695,KH18,Quan jean,Thoi trang,10,34.6,2024-10-27,Trung
D00696,KH24,Noi com dien,Gia dung,5,53.8,2024-08-20,Trung
D00697,KH15,Tai nghe,Dien tu,3,44.8,2024-03-18,Bac
D00698,KH20,Laptop,Dien tu,2,1625.3,2024-03-29,Nam
D00699,KH29,Sach Python,Sach,6,18.8,2024-06-13,Trung
D00700,KH21,Sach Python,Sach,1,18.8,2025-01-03,Bac
D00701,KH20,Noi com dien,Gia dung,5,56.2,2025-02-24,Nam
D00702,KH22,Sach Python,Sach,5,20.8,2025-02-02,Bac
D00703,KH13,Sach Spark,Sach,1,23.4,2024-11-21,Nam
D00704,KH36,Noi com dien,Gia dung,11,59.5,2024-03-24,Nam
D00705,KH35,Laptop,Dien tu,2,1356.1,2024-11-28,Bac
D00706,KH21,May xay,Gia dung,9,37.0,2024-05-04,Bac
D00707,KH17,May xay,Gia dung,11,40.3,2024-09-18,Nam
D00708,KH14,May xay,Gia dung,5,42.6,2024-04-09,Nam
D00709,KH33,Sach Spark,Sach,9,22.8,2024-07-10,Bac
D00710,KH27,Sach Spark,Sach,2,26.4,2024-08-08,Bac
D00711,KH15,Dien thoai,Dien tu,2,782.7,2024-04-03,Trung
D00712,KH28,Quan jean,Thoi trang,9,35.1,2024-09-30,Nam
D00713,KH22,Sach Python,Sach,8,18.6,2024-11-25,Nam
D00714,KH02,Quan jean,Thoi trang,2,32.3,2024-12-05,Bac
D00715,KH01,Dien thoai,Dien tu,3,781.4,2024-09-18,Nam
D00716,KH39,Noi com dien,Gia dung,11,54.4,2024-08-10,Bac
D00717,KH31,Ao thun,Thoi trang,4,13.2,2024-04-15,Nam
D00718,KH23,Tai nghe,Dien tu,3,46.4,2024-08-17,Trung
D00719,KH12,Ao thun,Thoi trang,9,13.6,2024-07-28,Nam
D00720,KH27,Tai nghe,Dien tu,3,44.9,2025-02-22,Trung
D00721,KH36,Noi com dien,Gia dung,6,54.5,2024-03-28,Nam
D00722,KH25,Quan jean,Thoi trang,6,32.3,2024-12-01,Bac
D00723,KH38,Laptop,Dien tu,3,1394.9,2024-11-06,Nam
D00724,KH13,Laptop,Dien tu,3,1370.0,2024-10-29,Bac
D00725,KH31,Dien thoai,Dien tu,2,875.1,2024-10-29,Bac
D00726,KH34,Laptop,Dien tu,3,1600.0,2024-06-29,Trung
D00727,KH05,Tai nghe,Dien tu,2,44.0,2025-02-07,Trung
D00728,KH14,Sach Python,Sach,6,18.5,2024-03-04,Trung
D00729,KH28,Quan jean,Thoi trang,9,37.1,2025-01-24,Bac
D00730,KH37,Sach Spark,Sach,9,27.4,2024-09-04,Nam
D00731,KH33,Tai nghe,Dien tu,3,41.2,2024-03-02,Trung
D00732,KH24,Tai nghe,Dien tu,3,49.0,2024-04-10,Nam
D00733,KH07,Sach Python,Sach,1,18.5,2024-10-05,Bac
D00734,KH24,Quan jean,Thoi trang,6,35.7,2024-04-14,Nam
D00735,KH27,Ao thun,Thoi trang,1,12.3,2024-08-04,Nam
D00736,KH26,Dien thoai,Dien tu,2,794.7,2024-06-04,Nam
D00737,KH33,Noi com dien,Gia dung,3,49.8,2024-09-25,Trung
D00738,KH15,Tai nghe,Dien tu,2,40.8,2024-10-21,Bac
D00739,KH34,Dien thoai,Dien tu,1,775.9,2024-04-26,Bac
D00740,KH17,May xay,Gia dung,6,42.3,2025-02-18,Trung
D00741,KH08,Tai nghe,Dien tu,1,41.8,2024-07-27,Nam
D00742,KH17,Tai nghe,Dien tu,2,48.0,2024-09-24,Nam
D00743,KH28,Sach Spark,Sach,11,23.7,2024-09-28,Nam
D00744,KH29,Ao thun,Thoi trang,5,11.9,2024-11-11,Nam
D00745,KH25,Laptop,Dien tu,1,1465.0,2025-01-26,Bac
D00746,KH03,Giay the thao,Thoi trang,1,63.2,2025-02-11,Bac
D00747,KH22,Tai nghe,Dien tu,2,42.4,2025-01-20,Trung
D00748,KH27,Dien thoai,Dien tu,1,777.1,2024-08-09,Nam
D00749,KH07,Noi com dien,Gia dung,4,57.8,2024-12-11,Trung
D00750,KH14,Laptop,Dien tu,2,1350.3,2025-01-15,Bac
D00751,KH27,Sach Python,Sach,8,20.9,2024-05-10,Nam
D00752,KH01,Sach Spark,Sach,6,23.3,2024-12-20,Bac
D00753,KH29,May xay,Gia dung,2,41.1,2024-10-09,Bac
D00754,KH31,May xay,Gia dung,4,40.4,2024-07-16,Bac
D00755,KH07,Tai nghe,Dien tu,3,42.1,2024-06-04,Nam
D00756,KH07,Noi com dien,Gia dung,7,51.7,2024-09-24,Bac
D00757,KH09,Noi com dien,Gia dung,5,50.1,2024-06-13,Bac
D00758,KH16,Ao thun,Thoi trang,4,11.4,2024-09-21,Bac
D00759,KH17,Ao thun,Thoi trang,9,13.7,2024-05-16,Nam
D00760,KH19,Giay the thao,Thoi trang,7,63.3,2024-04-09,Trung
D00761,KH09,Dien thoai,Dien tu,3,837.1,2024-09-27,Nam
D00762,KH21,Laptop,Dien tu,2,1600.1,2024-10-26,Trung
D00763,KH32,Tai nghe,Dien tu,3,45.5,2024-12-26,Trung
D00764,KH38,Ao thun,Thoi trang,5,13.1,2024-10-23,Nam
D00765,KH22,Tai nghe,Dien tu,1,47.5,2024-03-25,Bac
D00766,KH07,Ao thun,Thoi trang,4,11.6,2024-05-28,Trung
D00767,KH25,Tai nghe,Dien tu,2,48.6,2024-07-03,Nam
D00768,KH34,Quan jean,Thoi trang,9,36.3,2024-10-09,Nam
D00769,KH18,Sach Spark,Sach,6,26.4,2024-08-05,Bac
D00770,KH03,Tai nghe,Dien tu,1,46.4,2025-01-07,Bac
D00771,KH20,Dien thoai,Dien tu,2,849.4,2024-05-03,Nam
D00772,KH26,Dien thoai,Dien tu,2,825.6,2024-04-08,Nam
D00773,KH16,May xay,Gia dung,1,40.8,2024-04-15,Nam
D00774,KH34,Giay the thao,Thoi trang,6,55.9,2024-10-16,Bac
D00775,KH30,Tai nghe,Dien tu,2,49.3,2024-08-27,Nam
D00776,KH19,Sach Spark,Sach,3,25.9,2024-06-22,Bac
D00777,KH11,Ao thun,Thoi trang,10,12.1,2024-05-26,Trung
D00778,KH15,May xay,Gia dung,1,38.4,2024-07-11,Nam
D00779,KH13,Quan jean,Thoi trang,5,35.2,2025-02-02,Bac
D00780,KH33,May xay,Gia dung,3,36.7,2024-10-28,Bac
D00781,KH08,Sach Python,Sach,2,19.8,2025-01-26,Bac
D00782,KH22,Sach Spark,Sach,9,24.4,2024-06-06,Nam
D00783,KH16,Sach Spark,Sach,8,27.4,2024-10-29,Bac
D00784,KH27,Sach Python,Sach,5,18.6,2024-08-05,Trung
D00785,KH17,Laptop,Dien tu,1,1382.2,2024-07-12,Nam
D00786,KH35,Sach Spark,Sach,4,27.4,2024-05-23,Bac
D00787,KH04,Tai nghe,Dien tu,1,41.2,2024-04-13,Bac
D00788,KH40,Laptop,Dien tu,2,1384.4,2025-02-25,Nam
D00789,KH09,Sach Python,Sach,6,20.9,2024-10-13,Nam
D00790,KH30,Sach Spark,Sach,2,22.9,2024-04-13,Bac
D00791,KH06,Laptop,Dien tu,1,1406.6,2024-10-25,Bac
D00792,KH14,Sach Spark,Sach,7,25.7,2024-08-11,Bac
D00793,KH29,Noi com dien,Gia dung,7,52.0,2024-03-12,Nam
D00794,KH30,Dien thoai,Dien tu,3,774.1,2024-04-15,Nam
D00795,KH03,Ao thun,Thoi trang,9,13.6,2024-09-18,Bac
D00796,KH27,Sach Python,Sach,8,18.6,2024-11-21,Bac
D00797,KH36,Ao thun,Thoi trang,4,13.7,2024-11-11,Nam
D00798,KH07,Laptop,Dien tu,2,1439.7,2024-11-04,Nam
D00799,KH07,Noi com dien,Gia dung,3,54.2,2024-12-26,Trung
D00800,KH09,Sach Spark,Sach,8,25.0,2024-07-14,Nam
D00801,KH36,Tai nghe,Dien tu,2,47.0,2024-08-19,Trung
D00802,KH18,Quan jean,Thoi trang,10,37.1,2024-06-24,Nam
D00803,KH36,Giay the thao,Thoi trang,7,64.5,2025-01-04,Bac
D00804,KH39,Giay the thao,Thoi trang,1,63.6,2024-04-27,Trung
D00805,KH11,Sach Spark,Sach,5,25.8,2024-09-23,Nam
D00806,KH08,Tai nghe,Dien tu,3,41.0,2024-03-23,Nam
D00807,KH35,Quan jean,Thoi trang,11,35.6,2024-07-24,Bac
D00808,KH27,Tai nghe,Dien tu,3,41.1,2024-12-26,Nam
D00809,KH17,Sach Python,Sach,10,21.8,2024-12-08,Bac
D00810,KH26,Laptop,Dien tu,3,1415.7,2024-03-12,Nam
D00811,KH19,Laptop,Dien tu,2,1556.6,2024-11-13,Trung
D00812,KH30,Sach Python,Sach,9,19.6,2024-05-01,Trung
D00813,KH07,May xay,Gia dung,5,36.4,2024-09-23,Trung
D00814,KH29,May xay,Gia dung,2,43.9,2024-09-03,Nam
D00815,KH32,Ao thun,Thoi trang,7,11.5,2024-11-11,Trung
D00816,KH38,Sach Python,Sach,11,18.6,2024-07-27,Nam
D00817,KH27,Quan jean,Thoi trang,11,33.5,2024-07-14,Nam
D00818,KH09,May xay,Gia dung,10,43.1,2024-06-06,Bac
D00819,KH15,Ao thun,Thoi trang,4,13.2,2024-04-25,Bac
D00820,KH02,Sach Python,Sach,9,19.4,2024-10-15,Nam
D00821,KH32,Tai nghe,Dien tu,1,46.6,2024-08-12,Bac
D00822,KH20,Dien thoai,Dien tu,2,727.3,2024-09-15,Trung
D00823,KH36,Sach Spark,Sach,2,23.2,2024-08-24,Nam
D00824,KH24,Tai nghe,Dien tu,2,42.5,2025-01-26,Trung
D00825,KH28,Quan jean,Thoi trang,8,36.5,2024-03-21,Trung
D00826,KH16,Ao thun,Thoi trang,3,12.8,2024-12-03,Nam
D00827,KH29,Quan jean,Thoi trang,8,37.4,2024-05-08,Bac
D00828,KH29,Ao thun,Thoi trang,1,13.3,2024-09-21,Nam
D00829,KH27,Sach Python,Sach,9,18.9,2024-10-12,Nam
D00830,KH12,May xay,Gia dung,6,40.0,2024-07-11,Nam
D00831,KH05,Laptop,Dien tu,1,1516.2,2025-01-08,Bac
D00832,KH34,Quan jean,Thoi trang,5,31.9,2024-04-14,Nam
D00833,KH16,May xay,Gia dung,8,38.1,2024-12-17,Nam
D00834,KH32,Noi com dien,Gia dung,8,57.6,2024-07-22,Trung
D00835,KH36,Giay the thao,Thoi trang,2,63.1,2024-10-21,Nam
D00836,KH34,Quan jean,Thoi trang,11,32.3,2024-04-27,Nam
D00837,KH13,Tai nghe,Dien tu,1,49.0,2024-11-10,Bac
D00838,KH18,Quan jean,Thoi trang,1,34.1,2024-11-17,Bac
D00839,KH22,May xay,Gia dung,3,39.7,2024-10-11,Bac
D00840,KH21,Laptop,Dien tu,3,1577.9,2024-12-30,Trung
D00841,KH36,Laptop,Dien tu,2,1646.6,2024-12-06,Bac
D00842,KH19,Dien thoai,Dien tu,1,874.7,2024-10-25,Bac
D00843,KH36,Dien thoai,Dien tu,1,831.2,2024-11-04,Bac
D00844,KH22,Ao thun,Thoi trang,7,12.5,2024-05-12,Nam
D00845,KH20,Noi com dien,Gia dung,1,53.1,2025-01-28,Nam
D00846,KH17,Sach Python,Sach,8,19.3,2024-07-09,Trung
D00847,KH02,Ao thun,Thoi trang,11,12.6,2024-03-20,Bac
D00848,KH09,Dien thoai,Dien tu,3,779.7,2024-11-04,Bac
D00849,KH08,Sach Spark,Sach,11,26.1,2024-10-14,Nam
D00850,KH19,Ao thun,Thoi trang,2,11.7,2024-09-27,Nam
D00851,KH17,Sach Spark,Sach,11,22.6,2024-07-19,Bac
D00852,KH32,Giay the thao,Thoi trang,9,54.4,2025-01-23,Bac
D00853,KH13,May xay,Gia dung,6,38.7,2024-08-29,Bac
D00854,KH04,Noi com dien,Gia dung,9,58.6,2024-08-07,Nam
D00855,KH34,Dien thoai,Dien tu,2,760.8,2025-01-25,Bac
D00856,KH09,Giay the thao,Thoi trang,7,58.6,2024-08-31,Trung
D00857,KH11,Dien thoai,Dien tu,3,747.5,2025-01-22,Trung
D00858,KH37,Quan jean,Thoi trang,2,32.8,2025-01-18,Bac
D00859,KH25,Quan jean,Thoi trang,8,33.8,2024-05-12,Bac
D00860,KH15,Quan jean,Thoi trang,5,33.2,2024-10-09,Bac
D00861,KH09,Quan jean,Thoi trang,7,35.7,2024-11-12,Trung
D00862,KH23,Sach Python,Sach,9,19.6,2024-09-03,Trung
D00863,KH07,Laptop,Dien tu,1,1502.1,2024-04-10,Nam
D00864,KH13,Sach Python,Sach,1,20.0,2024-04-24,Bac
D00865,KH31,Laptop,Dien tu,3,1373.3,2024-11-05,Bac
D00866,KH21,Dien thoai,Dien tu,2,872.0,2024-05-26,Trung
D00867,KH06,Quan jean,Thoi trang,8,34.4,2024-04-05,Bac
D00868,KH36,Dien thoai,Dien tu,3,780.0,2024-07-02,Nam
D00869,KH22,May xay,Gia dung,7,43.5,2024-05-24,Bac
D00870,KH23,Dien thoai,Dien tu,3,762.5,2024-04-10,Bac
D00871,KH06,Dien thoai,Dien tu,3,851.6,2024-04-19,Nam
D00872,KH07,Giay the thao,Thoi trang,5,65.1,2024-05-14,Bac
D00873,KH30,Giay the thao,Thoi trang,6,62.1,2024-10-23,Bac
D00874,KH29,Dien thoai,Dien tu,2,873.3,2024-09-26,Bac
D00875,KH34,Quan jean,Thoi trang,3,35.7,2024-04-29,Nam
D00876,KH34,Sach Spark,Sach,5,22.6,2024-06-26,Bac
D00877,KH35,Giay the thao,Thoi trang,10,55.5,2025-02-12,Trung
D00878,KH36,Noi com dien,Gia dung,6,56.9,2025-02-11,Nam
D00879,KH24,Noi com dien,Gia dung,1,50.8,2024-05-04,Trung
D00880,KH21,Quan jean,Thoi trang,7,31.6,2024-04-07,Bac
D00881,KH35,Dien thoai,Dien tu,2,841.6,2024-09-21,Nam
D00882,KH14,Ao thun,Thoi trang,6,11.5,2024-05-03,Bac
D00883,KH23,Dien thoai,Dien tu,1,728.8,2024-11-13,Trung
D00884,KH18,Tai nghe,Dien tu,1,45.1,2024-04-29,Bac
D00885,KH26,May xay,Gia dung,4,36.5,2024-10-01,Nam
D00886,KH32,Giay the thao,Thoi trang,10,59.6,2024-11-30,Bac
D00887,KH31,Quan jean,Thoi trang,3,34.4,2024-07-08,Nam
D00888,KH26,Tai nghe,Dien tu,2,46.5,2024-06-07,Nam
D00889,KH25,Dien thoai,Dien tu,1,836.9,2024-12-11,Nam
D00890,KH22,Dien thoai,Dien tu,1,732.2,2024-06-27,Bac
D00891,KH24,Giay the thao,Thoi trang,1,62.3,2024-04-12,Trung
D00892,KH29,Noi com dien,Gia dung,3,59.0,2024-04-27,Nam
D00893,KH05,Dien thoai,Dien tu,2,773.1,2024-05-19,Bac
D00894,KH35,Sach Python,Sach,2,21.2,2024-11-15,Trung
D00895,KH02,Noi com dien,Gia dung,1,50.8,2024-07-10,Nam
D00896,KH29,Dien thoai,Dien tu,3,800.4,2024-08-01,Bac
D00897,KH34,Sach Python,Sach,10,18.7,2024-11-28,Trung
D00898,KH22,Quan jean,Thoi trang,7,33.2,2024-07-01,Nam
D00899,KH02,Giay the thao,Thoi trang,1,54.1,2025-02-04,Bac
D00900,KH37,Sach Spark,Sach,3,25.9,2024-10-31,Bac
D00901,KH20,Noi com dien,Gia dung,10,57.0,2024-03-21,Trung
D00902,KH15,Tai nghe,Dien tu,3,46.5,2025-01-21,Nam
D00903,KH04,Dien thoai,Dien tu,3,766.7,2024-04-11,Nam
D00904,KH02,Laptop,Dien tu,3,1396.7,2025-01-20,Trung
D00905,KH12,Sach Spark,Sach,8,24.1,2024-08-21,Bac
D00906,KH25,Sach Python,Sach,2,20.2,2024-09-15,Nam
D00907,KH21,Dien thoai,Dien tu,3,809.7,2024-11-15,Bac
D00908,KH37,Quan jean,Thoi trang,8,33.4,2024-10-28,Trung
D00909,KH01,Sach Python,Sach,9,20.6,2024-09-19,Nam
D00910,KH39,Dien thoai,Dien tu,2,777.7,2024-11-20,Bac
D00911,KH10,Sach Spark,Sach,6,26.8,2024-11-14,Bac
D00912,KH27,Giay the thao,Thoi trang,10,60.3,2024-04-18,Nam
D00913,KH16,Sach Spark,Sach,2,27.4,2024-12-23,Bac
D00914,KH07,Dien thoai,Dien tu,2,852.1,2024-11-17,Bac
D00915,KH26,Dien thoai,Dien tu,3,752.0,2024-04-10,Bac
D00916,KH09,Giay the thao,Thoi trang,1,54.0,2024-03-14,Trung
D00917,KH18,Sach Spark,Sach,2,23.7,2025-02-28,Bac
D00918,KH09,Noi com dien,Gia dung,8,49.5,2024-10-01,Nam
D00919,KH15,Ao thun,Thoi trang,5,11.7,2024-11-12,Trung
D00920,KH09,Quan jean,Thoi trang,8,35.8,2024-12-27,Bac
D00921,KH12,Sach Python,Sach,4,21.9,2024-03-28,Bac
D00922,KH32,Sach Python,Sach,10,20.2,2024-09-04,Bac
D00923,KH06,May xay,Gia dung,3,43.1,2024-11-26,Trung
D00924,KH15,May xay,Gia dung,6,43.4,2024-04-11,Bac
D00925,KH13,Sach Python,Sach,8,22.0,2024-06-01,Trung
D00926,KH23,Tai nghe,Dien tu,1,49.0,2024-03-06,Bac
D00927,KH34,Sach Spark,Sach,9,23.7,2025-01-21,Trung
D00928,KH09,Laptop,Dien tu,3,1438.5,2024-09-26,Trung
D00929,KH13,Quan jean,Thoi trang,2,37.4,2024-11-27,Bac
D00930,KH12,Sach Spark,Sach,9,27.4,2024-03-05,Nam
D00931,KH33,Sach Spark,Sach,8,25.0,2024-07-11,Trung
D00932,KH13,Giay the thao,Thoi trang,7,57.7,2024-12-27,Trung
D00933,KH22,Quan jean,Thoi trang,10,33.7,2025-01-16,Bac
D00934,KH17,Giay the thao,Thoi trang,10,60.3,2024-09-12,Bac
D00935,KH31,May xay,Gia dung,1,43.5,2024-07-21,Nam
D00936,KH22,May xay,Gia dung,6,38.8,2025-01-18,Nam
D00937,KH12,Noi com dien,Gia dung,6,58.4,2024-12-22,Bac
D00938,KH34,Dien thoai,Dien tu,1,854.2,2024-08-27,Nam
D00939,KH32,Ao thun,Thoi trang,2,13.4,2025-01-01,Nam
D00940,KH03,Ao thun,Thoi trang,8,11.7,2024-05-13,Trung
D00941,KH26,Quan jean,Thoi trang,2,34.9,2024-11-08,Nam
D00942,KH08,Laptop,Dien tu,2,1573.6,2024-05-29,Bac
D00943,KH13,Laptop,Dien tu,1,1381.1,2025-02-15,Nam
D00944,KH22,Noi com dien,Gia dung,3,53.3,2024-08-11,Bac
D00945,KH30,Dien thoai,Dien tu,1,746.1,2024-07-02,Nam
D00946,KH14,Laptop,Dien tu,3,1410.7,2024-04-24,Bac
D00947,KH33,Sach Python,Sach,5,20.8,2024-06-09,Trung
D00948,KH04,May xay,Gia dung,7,43.5,2024-04-22,Bac
D00949,KH18,Giay the thao,Thoi trang,1,61.9,2024-06-01,Bac
D00950,KH02,Giay the thao,Thoi trang,1,56.9,2024-03-15,Nam
D00951,KH14,Noi com dien,Gia dung,1,52.5,2024-07-03,Nam
D00952,KH11,Sach Python,Sach,8,18.6,2024-11-01,Trung
D00953,KH13,Noi com dien,Gia dung,11,51.8,2024-04-05,Nam
D00954,KH08,Laptop,Dien tu,3,1355.2,2024-10-29,Nam
D00955,KH08,Dien thoai,Dien tu,1,811.3,2024-05-14,Nam
D00956,KH16,Ao thun,Thoi trang,1,12.1,2024-03-19,Nam
D00957,KH06,Ao thun,Thoi trang,10,11.3,2024-08-23,Nam
D00958,KH28,Sach Python,Sach,5,21.0,2024-10-21,Bac
D00959,KH32,Tai nghe,Dien tu,3,48.9,2025-01-19,Nam
D00960,KH05,Giay the thao,Thoi trang,7,63.4,2024-04-13,Nam
D00961,KH19,Tai nghe,Dien tu,3,41.0,2024-04-10,Nam
D00962,KH09,Noi com dien,Gia dung,7,57.8,2025-01-07,Bac
D00963,KH29,Laptop,Dien tu,3,1584.2,2024-10-26,Nam
D00964,KH02,Sach Spark,Sach,11,24.0,2024-12-06,Nam
D00965,KH27,Sach Spark,Sach,6,22.5,2024-04-06,Trung
D00966,KH23,Giay the thao,Thoi trang,6,55.6,2025-02-24,Bac
D00967,KH17,May xay,Gia dung,9,37.4,2024-10-22,Bac
D00968,KH24,Noi com dien,Gia dung,5,51.6,2024-12-03,Trung
D00969,KH09,Quan jean,Thoi trang,9,38.0,2024-05-03,Bac
D00970,KH17,Laptop,Dien tu,2,1630.5,2025-02-14,Nam
D00971,KH29,Noi com dien,Gia dung,4,51.1,2024-10-27,Trung
D00972,KH22,Dien thoai,Dien tu,1,753.3,2024-12-06,Trung
D00973,KH37,Sach Python,Sach,7,18.4,2025-02-06,Trung
D00974,KH39,Dien thoai,Dien tu,3,787.0,2024-12-23,Bac
D00975,KH31,Ao thun,Thoi trang,2,13.4,2024-06-14,Bac
D00976,KH37,Ao thun,Thoi trang,9,13.1,2024-07-18,Bac
D00977,KH33,Dien thoai,Dien tu,1,814.1,2024-06-15,Trung
D00978,KH11,Sach Python,Sach,3,19.1,2024-12-22,Nam
D00979,KH27,Tai nghe,Dien tu,1,44.3,2024-11-18,Nam
D00980,KH12,Dien thoai,Dien tu,2,869.2,2024-03-03,Trung
D00981,KH36,Laptop,Dien tu,3,1640.1,2024-06-14,Trung
D00982,KH24,Sach Spark,Sach,9,22.6,2024-03-17,Bac
D00983,KH07,Dien thoai,Dien tu,3,752.0,2024-08-23,Bac
D00984,KH15,Dien thoai,Dien tu,1,840.4,2024-12-24,Nam
D00985,KH13,Giay the thao,Thoi trang,3,61.2,2024-07-20,Nam
D00986,KH21,Ao thun,Thoi trang,7,12.4,2024-06-08,Trung
D00987,KH34,May xay,Gia dung,6,44.0,2025-01-01,Nam
D00988,KH31,May xay,Gia dung,3,37.6,2025-02-25,Nam
D00989,KH14,May xay,Gia dung,7,36.1,2024-07-29,Nam
D00990,KH15,Giay the thao,Thoi trang,4,63.3,2024-06-20,Bac
D00991,KH22,Noi com dien,Gia dung,6,57.9,2024-03-01,Bac
D00992,KH36,Sach Python,Sach,6,21.3,2024-09-27,Bac
D00993,KH17,Ao thun,Thoi trang,4,12.7,2024-03-06,Bac
D00994,KH25,Ao thun,Thoi trang,10,12.6,2024-03-09,Bac
D00995,KH34,Giay the thao,Thoi trang,11,62.3,2024-12-05,Trung
D00996,KH11,Dien thoai,Dien tu,1,795.4,2024-03-13,Nam
D00997,KH25,Sach Spark,Sach,11,26.9,2024-09-29,Nam
D00998,KH17,Giay the thao,Thoi trang,9,64.5,2024-10-09,Trung
D00999,KH36,Sach Spark,Sach,11,26.4,2024-06-19,Bac
D01000,KH07,Quan jean,Thoi trang,11,33.4,2024-06-18,Trung
D01001,KH04,Tai nghe,Dien tu,1,42.2,2024-08-10,Nam
D01002,KH25,Laptop,Dien tu,2,1548.4,2024-07-29,Nam
D01003,KH37,Dien thoai,Dien tu,1,847.3,2024-12-29,Nam
D01004,KH20,Noi com dien,Gia dung,6,53.6,2024-07-28,Nam
D01005,KH09,Laptop,Dien tu,3,1538.1,2024-11-11,Trung
D01006,KH21,Quan jean,Thoi trang,7,31.7,2024-12-18,Trung
D01007,KH20,Dien thoai,Dien tu,2,731.6,2024-04-14,Bac
D01008,KH08,Sach Python,Sach,9,20.7,2024-08-19,Nam
D01009,KH25,Laptop,Dien tu,1,1624.6,2024-11-26,Trung
D01010,KH29,Sach Spark,Sach,11,23.8,2024-10-24,Bac
D01011,KH05,Sach Spark,Sach,10,26.1,2024-08-10,Nam
D01012,KH05,Dien thoai,Dien tu,1,840.6,2024-08-09,Bac
D01013,KH40,Noi com dien,Gia dung,5,54.2,2024-03-13,Bac
D01014,KH19,Giay the thao,Thoi trang,10,65.3,2024-10-22,Nam
D01015,KH30,Dien thoai,Dien tu,2,723.7,2024-10-07,Nam
D01016,KH26,Giay the thao,Thoi trang,4,54.5,2024-05-04,Nam
D01017,KH25,Ao thun,Thoi trang,5,11.4,2024-06-05,Bac
D01018,KH21,Noi com dien,Gia dung,8,53.9,2024-06-27,Nam
D01019,KH19,Sach Spark,Sach,11,26.4,2024-03-16,Bac
D01020,KH04,Quan jean,Thoi trang,2,33.1,2024-03-23,Bac
D01021,KH06,Sach Spark,Sach,11,23.3,2025-02-16,Nam
D01022,KH36,Sach Python,Sach,3,21.8,2024-03-21,Nam
D01023,KH30,Quan jean,Thoi trang,4,38.4,2024-12-11,Nam
D01024,KH07,Sach Spark,Sach,6,22.6,2024-05-27,Bac
D01025,KH11,May xay,Gia dung,7,36.3,2024-10-22,Nam
D01026,KH04,Sach Spark,Sach,2,25.1,2024-12-08,Bac
D01027,KH17,Laptop,Dien tu,3,1412.3,2024-05-06,Bac
D01028,KH39,Tai nghe,Dien tu,1,42.9,2024-12-17,Bac
D01029,KH04,Ao thun,Thoi trang,10,13.5,2025-01-17,Trung
D01030,KH31,Sach Spark,Sach,4,24.4,2024-09-12,Bac
D01031,KH09,Laptop,Dien tu,1,1478.3,2024-06-07,Bac
D01032,KH29,Tai nghe,Dien tu,1,44.2,2025-01-19,Bac
D01033,KH06,Giay the thao,Thoi trang,3,63.0,2024-03-26,Bac
D01034,KH17,Giay the thao,Thoi trang,9,62.6,2025-02-07,Trung
D01035,KH30,Laptop,Dien tu,1,1412.7,2024-05-30,Bac
D01036,KH36,Noi com dien,Gia dung,1,54.7,2024-05-10,Trung
D01037,KH03,Quan jean,Thoi trang,9,34.8,2024-12-27,Trung
D01038,KH28,Quan jean,Thoi trang,6,34.9,2024-04-14,Nam
D01039,KH35,Quan jean,Thoi trang,6,35.0,2024-07-21,Trung
D01040,KH12,Noi com dien,Gia dung,2,60.2,2024-08-07,Nam
D01041,KH06,Tai nghe,Dien tu,2,49.5,2024-10-11,Bac
D01042,KH39,Sach Python,Sach,6,21.3,2024-10-25,Trung
D01043,KH31,May xay,Gia dung,1,38.8,2025-02-20,Bac
D01044,KH32,Noi com dien,Gia dung,10,58.6,2024-07-25,Trung
D01045,KH27,Tai nghe,Dien tu,1,48.3,2024-09-12,Bac
D01046,KH33,Quan jean,Thoi trang,3,36.5,2024-07-12,Nam
D01047,KH12,Ao thun,Thoi trang,8,12.4,2025-02-13,Trung
D01048,KH29,Ao thun,Thoi trang,10,11.4,2024-11-17,Bac
D01049,KH04,Ao thun,Thoi trang,7,11.3,2024-05-22,Nam
D01050,KH36,May xay,Gia dung,9,36.2,2024-06-14,Bac
D01051,KH31,Sach Spark,Sach,10,26.9,2024-08-12,Trung
D01052,KH24,Dien thoai,Dien tu,1,865.4,2024-07-26,Nam
D01053,KH31,Tai nghe,Dien tu,3,43.3,2024-05-31,Trung
D01054,KH21,Sach Python,Sach,10,19.1,2024-06-14,Bac
D01055,KH12,Tai nghe,Dien tu,3,48.1,2024-08-31,Bac
D01056,KH23,Dien thoai,Dien tu,3,863.5,2024-06-04,Nam
D01057,KH14,Quan jean,Thoi trang,3,36.8,2024-11-09,Bac
D01058,KH14,Sach Spark,Sach,2,25.4,2024-05-08,Bac
D01059,KH02,May xay,Gia dung,9,38.0,2024-03-31,Bac
D01060,KH40,Quan jean,Thoi trang,8,38.3,2024-04-30,Nam
D01061,KH24,Tai nghe,Dien tu,2,46.2,2024-03-11,Trung
D01062,KH21,Ao thun,Thoi trang,9,12.3,2024-06-11,Bac
D01063,KH01,Laptop,Dien tu,2,1576.7,2024-09-26,Nam
D01064,KH35,Laptop,Dien tu,2,1409.0,2024-08-06,Nam
D01065,KH33,Tai nghe,Dien tu,3,44.7,2024-08-18,Nam
D01066,KH31,May xay,Gia dung,8,38.8,2024-05-19,Nam
D01067,KH03,Sach Spark,Sach,4,23.6,2024-12-26,Bac
D01068,KH06,May xay,Gia dung,6,37.7,2024-07-24,Bac
D01069,KH27,Giay the thao,Thoi trang,7,64.9,2024-08-23,Nam
D01070,KH12,Ao thun,Thoi trang,11,11.3,2024-05-14,Bac
D01071,KH09,Noi com dien,Gia dung,5,58.6,2025-01-31,Trung
D01072,KH03,Quan jean,Thoi trang,11,34.4,2025-01-29,Bac
D01073,KH23,Sach Spark,Sach,4,27.3,2024-10-29,Trung
D01074,KH14,Sach Spark,Sach,4,24.3,2024-12-11,Nam
D01075,KH18,Giay the thao,Thoi trang,3,59.2,2024-09-15,Nam
D01076,KH35,Ao thun,Thoi trang,7,13.2,2024-06-18,Nam
D01077,KH09,Tai nghe,Dien tu,3,48.1,2024-04-22,Nam
D01078,KH32,Dien thoai,Dien tu,1,866.1,2024-05-01,Nam
D01079,KH32,Quan jean,Thoi trang,6,33.3,2024-09-16,Nam
D01080,KH10,Sach Python,Sach,2,21.3,2024-11-29,Nam
D01081,KH08,Sach Spark,Sach,4,24.0,2024-09-23,Nam
D01082,KH13,Quan jean,Thoi trang,10,34.8,2024-04-05,Trung
D01083,KH07,Quan jean,Thoi trang,4,33.8,2024-05-20,Nam
D01084,KH14,Giay the thao,Thoi trang,1,62.0,2024-12-07,Bac
D01085,KH36,Ao thun,Thoi trang,5,13.3,2024-07-12,Bac
D01086,KH24,Giay the thao,Thoi trang,10,56.8,2024-07-14,Nam
D01087,KH03,Tai nghe,Dien tu,2,48.2,2024-10-27,Trung
D01088,KH36,Tai nghe,Dien tu,1,41.2,2024-11-05,Bac
D01089,KH33,Sach Python,Sach,10,21.4,2025-02-01,Trung
D01090,KH15,Sach Spark,Sach,4,24.6,2025-02-08,Nam
D01091,KH37,Laptop,Dien tu,2,1502.3,2024-04-11,Bac
D01092,KH07,Giay the thao,Thoi trang,1,62.9,2024-04-05,Bac
D01093,KH40,Ao thun,Thoi trang,2,12.0,2024-07-16,Nam
D01094,KH18,Tai nghe,Dien tu,2,45.8,2024-07-11,Bac
D01095,KH17,Ao thun,Thoi trang,3,12.5,2024-08-20,Trung
D01096,KH31,May xay,Gia dung,11,40.7,2024-12-04,Bac
D01097,KH25,Laptop,Dien tu,3,1608.1,2024-08-11,Bac
D01098,KH40,Giay the thao,Thoi trang,1,61.4,2024-06-18,Nam
D01099,KH19,Dien thoai,Dien tu,2,852.3,2024-05-21,Bac
D01100,KH25,May xay,Gia dung,9,43.1,2024-05-05,Bac
D01101,KH40,Quan jean,Thoi trang,2,31.6,2025-01-10,Trung
D01102,KH13,Noi com dien,Gia dung,7,56.5,2024-07-20,Nam
D01103,KH29,Sach Python,Sach,11,20.7,2024-05-21,Nam
D01104,KH06,Tai nghe,Dien tu,1,48.3,2024-12-20,Bac
D01105,KH27,May xay,Gia dung,11,41.1,2024-09-20,Bac
D01106,KH36,Laptop,Dien tu,1,1500.9,2024-09-21,Nam
D01107,KH10,Ao thun,Thoi trang,8,12.5,2024-05-02,Nam
D01108,KH34,Sach Spark,Sach,6,23.8,2024-12-05,Bac
D01109,KH37,Noi com dien,Gia dung,3,54.9,2025-02-12,Bac
D01110,KH26,Giay the thao,Thoi trang,3,57.6,2024-09-15,Nam
D01111,KH37,Laptop,Dien tu,3,1397.9,2024-03-05,Nam
D01112,KH29,May xay,Gia dung,1,40.7,2024-03-15,Nam
D01113,KH10,May xay,Gia dung,9,40.2,2024-10-28,Bac
D01114,KH03,Tai nghe,Dien tu,2,48.5,2024-11-10,Nam
D01115,KH17,Laptop,Dien tu,1,1398.7,2024-10-03,Nam
D01116,KH05,Sach Spark,Sach,11,25.5,2024-05-05,Nam
D01117,KH02,Dien thoai,Dien tu,3,864.9,2024-09-14,Bac
D01118,KH06,Noi com dien,Gia dung,7,60.2,2024-07-31,Nam
D01119,KH14,Sach Spark,Sach,5,27.0,2024-03-22,Bac
D01120,KH14,Quan jean,Thoi trang,2,33.2,2024-11-19,Trung
D01121,KH27,Quan jean,Thoi trang,11,37.3,2025-01-30,Trung
D01122,KH03,Quan jean,Thoi trang,11,35.4,2024-04-25,Nam
D01123,KH28,Ao thun,Thoi trang,6,13.4,2025-02-03,Trung
D01124,KH32,Quan jean,Thoi trang,6,32.0,2025-01-19,Nam
D01125,KH31,Tai nghe,Dien tu,2,46.3,2024-03-04,Nam
D01126,KH11,Laptop,Dien tu,3,1567.0,2025-02-18,Nam
D01127,KH39,Laptop,Dien tu,3,1469.1,2024-10-05,Nam
D01128,KH04,Quan jean,Thoi trang,7,35.8,2024-12-30,Bac
D01129,KH33,May xay,Gia dung,8,36.8,2024-10-18,Trung
D01130,KH03,Tai nghe,Dien tu,3,45.8,2024-07-23,Nam
D01131,KH35,Sach Python,Sach,11,18.3,2024-09-05,Trung
D01132,KH36,Noi com dien,Gia dung,2,51.9,2024-03-29,Bac
D01133,KH02,Quan jean,Thoi trang,1,33.3,2025-02-11,Trung
D01134,KH22,Tai nghe,Dien tu,3,45.8,2025-02-20,Nam
D01135,KH27,Tai nghe,Dien tu,1,43.6,2024-03-26,Nam
D01136,KH18,Sach Spark,Sach,1,27.1,2024-09-12,Trung
D01137,KH39,Giay the thao,Thoi trang,11,55.3,2024-04-28,Bac
D01138,KH09,Tai nghe,Dien tu,1,44.3,2025-01-13,Nam
D01139,KH04,Ao thun,Thoi trang,1,11.3,2024-05-14,Bac
D01140,KH03,Noi com dien,Gia dung,3,59.0,2025-01-20,Trung
D01141,KH30,May xay,Gia dung,1,39.4,2025-02-08,Nam
D01142,KH40,Noi com dien,Gia dung,1,50.0,2025-02-11,Trung
D01143,KH24,Tai nghe,Dien tu,2,48.5,2024-05-17,Trung
D01144,KH17,Laptop,Dien tu,2,1434.7,2025-02-25,Bac
D01145,KH12,Noi com dien,Gia dung,10,55.9,2024-06-03,Nam
D01146,KH38,May xay,Gia dung,6,42.3,2025-02-07,Nam
D01147,KH14,Sach Python,Sach,8,19.4,2024-08-09,Trung
D01148,KH36,Sach Spark,Sach,6,26.1,2025-02-13,Trung
D01149,KH02,Tai nghe,Dien tu,3,41.6,2025-02-11,Bac
D01150,KH38,Ao thun,Thoi trang,4,12.7,2025-02-04,Trung
D01151,KH21,Sach Python,Sach,2,21.5,2024-11-03,Nam
D01152,KH39,Laptop,Dien tu,2,1400.8,2025-01-18,Bac
D01153,KH22,Laptop,Dien tu,3,1455.6,2024-12-11,Bac
D01154,KH17,Quan jean,Thoi trang,1,31.8,2024-09-22,Nam
D01155,KH11,Sach Python,Sach,5,21.5,2025-01-27,Nam
D01156,KH30,Quan jean,Thoi trang,4,34.0,2024-12-16,Bac
D01157,KH21,Dien thoai,Dien tu,2,824.7,2024-05-10,Trung
D01158,KH34,May xay,Gia dung,6,37.8,2024-06-04,Trung
D01159,KH32,Noi com dien,Gia dung,6,54.0,2025-01-05,Nam
D01160,KH12,Sach Spark,Sach,5,27.4,2024-12-30,Bac
D01161,KH26,Giay the thao,Thoi trang,3,58.1,2024-04-02,Trung
D01162,KH40,Ao thun,Thoi trang,4,11.4,2024-11-01,Trung
D01163,KH07,Laptop,Dien tu,2,1436.2,2024-11-29,Nam
D01164,KH10,Dien thoai,Dien tu,2,814.7,2024-03-29,Bac
D01165,KH34,Sach Python,Sach,10,21.7,2024-11-30,Bac
D01166,KH06,Sach Spark,Sach,1,24.7,2024-09-22,Bac
D01167,KH30,Dien thoai,Dien tu,1,765.1,2024-09-20,Bac
D01168,KH30,Giay the thao,Thoi trang,8,63.1,2024-09-13,Bac
D01169,KH15,Tai nghe,Dien tu,2,49.2,2024-12-12,Bac
D01170,KH17,Noi com dien,Gia dung,3,55.5,2024-08-27,Nam
D01171,KH15,Quan jean,Thoi trang,8,33.7,2024-09-30,Nam
D01172,KH20,Quan jean,Thoi trang,10,34.4,2024-12-26,Bac
D01173,KH14,Giay the thao,Thoi trang,6,56.7,2024-06-29,Trung
D01174,KH17,Sach Spark,Sach,4,25.0,2024-09-15,Nam
D01175,KH33,Giay the thao,Thoi trang,2,62.2,2024-07-25,Bac
D01176,KH28,Quan jean,Thoi trang,2,37.9,2024-08-22,Nam
D01177,KH29,Laptop,Dien tu,2,1513.8,2024-08-17,Nam
D01178,KH14,Ao thun,Thoi trang,3,12.1,2024-09-20,Nam
D01179,KH02,Laptop,Dien tu,2,1424.6,2025-01-20,Nam
D01180,KH08,May xay,Gia dung,3,42.1,2024-07-24,Bac
D01181,KH17,Tai nghe,Dien tu,1,41.4,2024-04-05,Bac
D01182,KH13,May xay,Gia dung,11,38.4,2024-09-25,Nam
D01183,KH18,Tai nghe,Dien tu,1,49.3,2024-05-07,Nam
D01184,KH35,Laptop,Dien tu,3,1588.8,2024-12-09,Bac
D01185,KH37,Dien thoai,Dien tu,1,877.9,2024-03-25,Bac
D01186,KH21,Noi com dien,Gia dung,2,53.7,2024-04-15,Trung
D01187,KH24,Ao thun,Thoi trang,11,11.4,2024-05-23,Bac
D01188,KH10,Giay the thao,Thoi trang,4,62.9,2025-01-14,Bac
D01189,KH21,Sach Spark,Sach,1,27.2,2024-11-27,Bac
D01190,KH28,Quan jean,Thoi trang,3,34.9,2025-01-05,Trung
D01191,KH16,Noi com dien,Gia dung,6,60.1,2024-07-16,Nam
D01192,KH37,May xay,Gia dung,1,39.8,2024-08-15,Nam
D01193,KH24,Quan jean,Thoi trang,9,36.9,2024-10-08,Nam
D01194,KH02,Laptop,Dien tu,2,1490.2,2024-09-06,Trung
D01195,KH27,Laptop,Dien tu,1,1513.3,2024-10-12,Trung
D01196,KH02,Laptop,Dien tu,3,1608.3,2024-05-15,Bac
D01197,KH17,Sach Python,Sach,8,18.0,2025-01-21,Nam
D01198,KH08,Tai nghe,Dien tu,2,49.0,2024-10-28,Nam
D01199,KH21,Sach Python,Sach,8,19.2,2024-10-31,Bac
D01200,KH17,Dien thoai,Dien tu,1,847.7,2024-10-30,Nam
D01201,KH13,Ao thun,Thoi trang,7,12.5,2024-05-14,Bac
D01202,KH14,Laptop,Dien tu,1,1455.4,2024-08-25,Trung
D01203,KH18,Sach Spark,Sach,8,27.1,2024-11-29,Nam
D01204,KH27,Tai nghe,Dien tu,2,46.1,2025-02-22,Trung
D01205,KH07,Quan jean,Thoi trang,7,32.0,2024-10-28,Nam
D01206,KH23,Tai nghe,Dien tu,2,47.2,2024-06-25,Nam
D01207,KH28,Laptop,Dien tu,3,1440.9,2024-05-02,Bac
D01208,KH06,Quan jean,Thoi trang,1,37.9,2024-05-22,Bac
D01209,KH40,Noi com dien,Gia dung,9,54.4,2024-07-14,Bac
D01210,KH04,Noi com dien,Gia dung,11,52.1,2024-10-16,Bac
D01211,KH24,Sach Python,Sach,2,20.7,2024-05-14,Bac
D01212,KH08,Sach Spark,Sach,5,27.0,2024-10-14,Trung
D01213,KH38,Sach Python,Sach,2,20.1,2024-05-14,Trung
D01214,KH04,Sach Spark,Sach,9,25.5,2024-12-10,Bac
D01215,KH33,May xay,Gia dung,9,37.1,2024-08-16,Nam
D01216,KH22,Tai nghe,Dien tu,3,40.6,2024-11-04,Nam
D01217,KH30,May xay,Gia dung,7,42.2,2024-04-15,Trung
D01218,KH40,May xay,Gia dung,8,39.9,2024-11-26,Nam
D01219,KH16,May xay,Gia dung,11,38.7,2024-04-05,Nam
D01220,KH09,May xay,Gia dung,9,41.3,2024-06-13,Trung
D01221,KH03,Ao thun,Thoi trang,6,13.0,2024-09-01,Nam
D01222,KH05,Tai nghe,Dien tu,2,41.6,2024-11-06,Nam
D01223,KH10,Noi com dien,Gia dung,6,50.8,2024-09-30,Nam
D01224,KH36,Giay the thao,Thoi trang,8,54.8,2025-02-24,Trung
D01225,KH34,Sach Spark,Sach,2,27.3,2024-04-30,Bac
D01226,KH28,Giay the thao,Thoi trang,3,59.6,2024-08-26,Bac
D01227,KH02,Quan jean,Thoi trang,11,34.6,2024-04-08,Bac
D01228,KH01,Tai nghe,Dien tu,2,42.6,2024-11-05,Bac
D01229,KH31,Dien thoai,Dien tu,1,722.3,2024-07-11,Nam
D01230,KH08,Dien thoai,Dien tu,3,753.5,2024-03-05,Nam
D01231,KH31,Tai nghe,Dien tu,3,48.1,2024-09-20,Nam
D01232,KH22,May xay,Gia dung,7,42.3,2025-01-23,Nam
D01233,KH26,Quan jean,Thoi trang,10,33.8,2024-07-23,Nam
D01234,KH26,Laptop,Dien tu,2,1428.3,2024-09-07,Bac
D01235,KH22,Giay the thao,Thoi trang,7,56.7,2024-09-29,Nam
D01236,KH38,Quan jean,Thoi trang,6,33.2,2024-04-06,Bac
D01237,KH31,Laptop,Dien tu,1,1529.8,2024-10-31,Bac
D01238,KH29,Laptop,Dien tu,3,1508.8,2024-09-09,Trung
D01239,KH21,Giay the thao,Thoi trang,9,56.9,2025-01-01,Bac
D01240,KH29,Dien thoai,Dien tu,1,760.8,2024-07-02,Trung
D01241,KH40,May xay,Gia dung,8,39.9,2024-03-14,Nam
D01242,KH27,Quan jean,Thoi trang,3,35.5,2024-08-16,Bac
D01243,KH07,Sach Python,Sach,5,20.7,2025-01-15,Bac
D01244,KH02,Sach Spark,Sach,1,23.4,2024-06-26,Trung
D01245,KH11,Tai nghe,Dien tu,3,45.5,2025-01-12,Bac
D01246,KH13,Giay the thao,Thoi trang,7,54.2,2024-05-07,Bac
D01247,KH09,Ao thun,Thoi trang,9,12.7,2025-01-28,Bac
D01248,KH37,Sach Python,Sach,6,20.1,2024-07-24,Trung
D01249,KH22,Tai nghe,Dien tu,1,48.0,2024-09-04,Bac
D01250,KH03,Laptop,Dien tu,2,1620.4,2024-06-14,Trung
D01251,KH15,Sach Python,Sach,1,18.9,2024-05-11,Bac
D01252,KH25,Tai nghe,Dien tu,1,46.9,2024-10-27,Nam
D01253,KH31,Quan jean,Thoi trang,11,35.1,2025-01-04,Bac
D01254,KH10,Laptop,Dien tu,2,1576.0,2024-06-12,Nam
D01255,KH15,Tai nghe,Dien tu,1,45.2,2025-01-18,Nam
D01256,KH22,Quan jean,Thoi trang,7,37.5,2024-10-01,Nam
D01257,KH28,Giay the thao,Thoi trang,3,63.2,2024-09-29,Bac
D01258,KH25,Quan jean,Thoi trang,4,32.2,2024-11-09,Trung
D01259,KH07,Laptop,Dien tu,1,1444.1,2024-03-31,Nam
D01260,KH23,Dien thoai,Dien tu,1,730.6,2024-08-05,Bac
D01261,KH22,Ao thun,Thoi trang,11,13.0,2024-06-17,Trung
D01262,KH17,Giay the thao,Thoi trang,3,55.9,2024-10-10,Nam
D01263,KH11,Ao thun,Thoi trang,7,12.8,2024-11-03,Nam
D01264,KH20,Sach Spark,Sach,3,27.5,2024-04-20,Nam
D01265,KH17,Tai nghe,Dien tu,1,41.9,2024-04-19,Bac
D01266,KH09,Tai nghe,Dien tu,2,42.0,2024-11-05,Bac
D01267,KH32,Tai nghe,Dien tu,2,42.0,2024-05-20,Trung
D01268,KH17,Noi com dien,Gia dung,10,56.4,2024-08-10,Trung
D01269,KH09,Dien thoai,Dien tu,1,737.6,2024-12-03,Nam
D01270,KH33,Sach Python,Sach,6,21.7,2024-06-11,Bac
D01271,KH22,Laptop,Dien tu,3,1514.5,2024-11-07,Bac
D01272,KH39,Noi com dien,Gia dung,5,58.3,2024-06-08,Nam
D01273,KH10,Quan jean,Thoi trang,9,36.1,2024-06-06,Nam
D01274,KH40,Noi com dien,Gia dung,11,53.4,2024-07-04,Trung
D01275,KH11,Dien thoai,Dien tu,3,757.8,2024-04-25,Trung
D01276,KH15,May xay,Gia dung,4,38.3,2024-10-09,Bac
D01277,KH30,May xay,Gia dung,9,39.3,2024-03-28,Bac
D01278,KH17,Laptop,Dien tu,3,1424.5,2024-12-16,Nam
D01279,KH33,Ao thun,Thoi trang,5,12.1,2024-09-04,Bac
D01280,KH14,Noi com dien,Gia dung,11,59.3,2025-02-28,Bac
D01281,KH35,May xay,Gia dung,6,39.1,2025-02-28,Trung
D01282,KH12,Giay the thao,Thoi trang,7,60.1,2024-05-15,Trung
D01283,KH36,Sach Spark,Sach,5,22.7,2025-02-22,Bac
D01284,KH11,Tai nghe,Dien tu,2,41.5,2024-08-25,Bac
D01285,KH10,Laptop,Dien tu,3,1428.9,2024-05-30,Bac
D01286,KH31,Dien thoai,Dien tu,1,779.7,2024-10-21,Bac
D01287,KH34,Sach Python,Sach,1,19.0,2024-06-29,Nam
D01288,KH12,Noi com dien,Gia dung,2,56.3,2024-11-17,Trung
D01289,KH34,Sach Spark,Sach,2,26.5,2025-01-09,Nam
D01290,KH18,Ao thun,Thoi trang,6,11.4,2024-03-05,Nam
D01291,KH15,Noi com dien,Gia dung,3,53.4,2025-02-02,Nam
D01292,KH02,Tai nghe,Dien tu,2,43.4,2024-05-21,Nam
D01293,KH11,Ao thun,Thoi trang,5,11.6,2024-04-07,Bac
D01294,KH15,Sach Spark,Sach,6,22.9,2025-01-23,Trung
D01295,KH28,Tai nghe,Dien tu,3,49.4,2025-02-05,Trung
D01296,KH26,Sach Spark,Sach,5,26.4,2025-02-27,Nam
D01297,KH10,Tai nghe,Dien tu,2,41.9,2025-02-03,Nam
D01298,KH25,Sach Spark,Sach,10,23.5,2024-09-18,Trung
D01299,KH30,May xay,Gia dung,1,41.9,2025-02-10,Bac
D01300,KH10,Sach Python,Sach,4,18.5,2024-07-12,Bac
D01301,KH15,Laptop,Dien tu,2,1549.3,2024-07-01,Bac
D01302,KH32,Noi com dien,Gia dung,6,52.5,2024-06-14,Nam
D01303,KH40,Sach Spark,Sach,1,25.3,2024-03-03,Nam
D01304,KH38,Sach Python,Sach,2,21.5,2025-01-30,Bac
D01305,KH03,Giay the thao,Thoi trang,2,62.3,2024-11-17,Bac
D01306,KH10,Laptop,Dien tu,2,1634.6,2024-03-02,Bac
D01307,KH09,Giay the thao,Thoi trang,10,57.5,2025-01-20,Trung
D01308,KH15,Sach Python,Sach,9,20.8,2024-05-01,Nam
D01309,KH22,Giay the thao,Thoi trang,1,64.5,2025-02-04,Nam
D01310,KH22,Quan jean,Thoi trang,8,33.2,2024-08-31,Trung
D01311,KH34,Quan jean,Thoi trang,3,37.2,2024-12-01,Bac
D01312,KH07,Dien thoai,Dien tu,1,762.9,2024-09-30,Nam
D01313,KH38,Tai nghe,Dien tu,1,48.0,2024-06-22,Trung
D01314,KH13,Ao thun,Thoi trang,1,12.0,2024-04-13,Trung
D01315,KH36,Quan jean,Thoi trang,3,34.1,2024-10-10,Bac
D01316,KH01,Giay the thao,Thoi trang,2,63.7,2024-10-26,Nam
D01317,KH27,Giay the thao,Thoi trang,10,64.1,2024-09-30,Trung
D01318,KH05,Sach Spark,Sach,1,24.4,2024-07-21,Nam
D01319,KH09,Ao thun,Thoi trang,7,11.6,2024-06-24,Nam
D01320,KH07,Quan jean,Thoi trang,9,35.7,2024-08-03,Bac
D01321,KH17,Sach Python,Sach,7,19.2,2024-05-16,Trung
D01322,KH39,Dien thoai,Dien tu,1,743.2,2024-12-10,Nam
D01323,KH32,Ao thun,Thoi trang,3,13.5,2024-03-14,Trung
D01324,KH22,Quan jean,Thoi trang,5,33.2,2024-05-21,Nam
D01325,KH19,Dien thoai,Dien tu,3,782.5,2025-02-04,Nam
D01326,KH27,Ao thun,Thoi trang,5,13.7,2024-11-09,Bac
D01327,KH34,Sach Spark,Sach,6,23.3,2024-07-20,Nam
D01328,KH13,Sach Spark,Sach,7,26.5,2024-12-03,Trung
D01329,KH10,Ao thun,Thoi trang,10,12.3,2024-08-10,Nam
D01330,KH39,May xay,Gia dung,10,41.0,2024-10-24,Bac
D01331,KH22,Tai nghe,Dien tu,1,44.4,2024-03-09,Nam
D01332,KH31,Sach Python,Sach,3,19.0,2024-07-03,Bac
D01333,KH40,Sach Spark,Sach,7,26.2,2024-12-17,Bac
D01334,KH17,Sach Python,Sach,7,21.5,2024-11-03,Nam
D01335,KH02,Noi com dien,Gia dung,5,55.6,2024-07-25,Nam
D01336,KH20,Giay the thao,Thoi trang,4,61.4,2024-06-01,Bac
D01337,KH38,Dien thoai,Dien tu,3,749.3,2024-07-31,Trung
D01338,KH05,Laptop,Dien tu,2,1498.5,2024-06-10,Nam
D01339,KH29,Laptop,Dien tu,3,1637.8,2024-09-11,Bac
D01340,KH03,Quan jean,Thoi trang,11,37.7,2024-11-14,Nam
D01341,KH04,Sach Python,Sach,8,20.2,2025-01-12,Nam
D01342,KH01,May xay,Gia dung,9,40.0,2024-05-29,Bac
D01343,KH01,Tai nghe,Dien tu,3,48.3,2024-10-29,Bac
D01344,KH20,Laptop,Dien tu,1,1377.7,2024-08-03,Trung
D01345,KH28,Giay the thao,Thoi trang,3,65.1,2024-08-31,Nam
D01346,KH39,Sach Python,Sach,7,19.8,2024-12-26,Trung
D01347,KH07,May xay,Gia dung,10,40.0,2025-01-03,Trung
D01348,KH02,May xay,Gia dung,9,43.8,2024-04-04,Bac
D01349,KH24,May xay,Gia dung,9,37.8,2025-02-02,Trung
D01350,KH01,Dien thoai,Dien tu,2,782.9,2024-03-27,Nam
D01351,KH19,Sach Python,Sach,1,19.9,2024-03-28,Bac
D01352,KH33,Sach Spark,Sach,9,27.3,2024-10-17,Trung
D01353,KH16,Tai nghe,Dien tu,1,49.2,2024-10-04,Bac
D01354,KH14,Quan jean,Thoi trang,4,32.9,2024-04-29,Nam
D01355,KH35,Dien thoai,Dien tu,3,821.2,2024-09-19,Bac
D01356,KH38,Quan jean,Thoi trang,11,37.8,2024-08-12,Bac
D01357,KH22,Ao thun,Thoi trang,8,11.3,2024-06-11,Nam
D01358,KH06,Noi com dien,Gia dung,7,59.0,2024-12-16,Bac
D01359,KH31,Quan jean,Thoi trang,6,35.4,2025-02-16,Bac
D01360,KH33,Quan jean,Thoi trang,6,32.1,2024-08-17,Trung
D01361,KH13,Quan jean,Thoi trang,9,32.5,2025-02-19,Bac
D01362,KH25,Giay the thao,Thoi trang,8,55.6,2025-01-17,Bac
D01363,KH27,Ao thun,Thoi trang,7,13.7,2024-04-06,Nam
D01364,KH05,Tai nghe,Dien tu,3,43.1,2024-04-14,Nam
D01365,KH18,May xay,Gia dung,11,39.0,2025-02-12,Nam
D01366,KH15,Noi com dien,Gia dung,7,53.6,2024-08-14,Bac
D01367,KH05,Quan jean,Thoi trang,5,33.3,2024-06-02,Bac
D01368,KH14,Dien thoai,Dien tu,1,838.4,2024-11-25,Nam
D01369,KH04,Giay the thao,Thoi trang,6,64.9,2024-11-24,Nam
D01370,KH31,Noi com dien,Gia dung,7,51.8,2024-08-09,Trung
D01371,KH19,Sach Spark,Sach,9,25.8,2024-10-13,Nam
D01372,KH23,Noi com dien,Gia dung,7,53.3,2024-10-01,Bac
D01373,KH32,Laptop,Dien tu,2,1457.6,2024-03-14,Nam
D01374,KH12,Ao thun,Thoi trang,4,13.7,2024-06-25,Trung
D01375,KH14,Quan jean,Thoi trang,4,33.6,2024-10-21,Trung
D01376,KH23,Dien thoai,Dien tu,3,722.1,2024-10-31,Bac
D01377,KH20,Ao thun,Thoi trang,5,13.1,2024-07-30,Bac
D01378,KH24,Quan jean,Thoi trang,10,36.9,2024-10-01,Bac
D01379,KH09,Sach Python,Sach,3,20.5,2024-03-18,Bac
D01380,KH17,Tai nghe,Dien tu,3,46.8,2024-08-16,Trung
D01381,KH36,Ao thun,Thoi trang,4,12.2,2024-07-06,Bac
D01382,KH38,Dien thoai,Dien tu,3,752.4,2024-06-02,Nam
D01383,KH21,Laptop,Dien tu,1,1550.6,2024-09-24,Nam
D01384,KH06,Laptop,Dien tu,2,1449.0,2024-12-10,Bac
D01385,KH40,May xay,Gia dung,4,36.2,2024-10-06,Bac
D01386,KH27,Sach Python,Sach,10,19.3,2025-02-16,Nam
D01387,KH39,Sach Python,Sach,3,18.9,2024-04-10,Nam
D01388,KH06,Dien thoai,Dien tu,3,775.6,2024-03-25,Nam
D01389,KH09,Noi com dien,Gia dung,3,52.7,2024-03-14,Nam
D01390,KH11,Laptop,Dien tu,3,1426.9,2024-10-02,Nam
D01391,KH31,Sach Python,Sach,10,19.6,2024-11-04,Bac
D01392,KH01,Sach Python,Sach,4,21.4,2024-05-21,Bac
D01393,KH16,Laptop,Dien tu,1,1608.9,2024-10-07,Bac
D01394,KH05,Sach Spark,Sach,9,22.9,2024-11-01,Bac
D01395,KH13,Dien thoai,Dien tu,3,795.2,2024-03-24,Trung
D01396,KH30,Noi com dien,Gia dung,9,59.8,2024-11-04,Bac
D01397,KH13,Ao thun,Thoi trang,2,12.3,2024-06-10,Trung
D01398,KH25,May xay,Gia dung,6,40.8,2024-08-14,Bac
D01399,KH32,Giay the thao,Thoi trang,6,65.0,2025-01-16,Nam
D01400,KH15,May xay,Gia dung,5,36.7,2025-02-25,Bac
D01401,KH11,Tai nghe,Dien tu,1,45.0,2024-10-18,Nam
D01402,KH25,Quan jean,Thoi trang,8,36.4,2025-02-09,Trung
D01403,KH07,Ao thun,Thoi trang,9,12.8,2025-01-11,Nam
D01404,KH02,Dien thoai,Dien tu,2,813.8,2024-04-23,Trung
D01405,KH04,Ao thun,Thoi trang,5,11.5,2024-08-29,Nam
D01406,KH25,Sach Spark,Sach,9,23.9,2024-03-25,Nam
D01407,KH37,Laptop,Dien tu,3,1362.3,2024-03-11,Nam
D01408,KH28,Quan jean,Thoi trang,6,34.4,2024-10-22,Trung
D01409,KH04,Sach Python,Sach,4,20.0,2024-04-03,Nam
D01410,KH19,Laptop,Dien tu,2,1467.6,2024-03-25,Bac
D01411,KH08,Noi com dien,Gia dung,7,55.8,2024-05-19,Trung
D01412,KH10,Quan jean,Thoi trang,9,37.2,2024-08-15,Bac
D01413,KH27,Ao thun,Thoi trang,4,13.2,2024-03-26,Trung
D01414,KH13,Noi com dien,Gia dung,1,59.9,2024-11-27,Bac
D01415,KH23,Sach Python,Sach,11,19.0,2024-06-30,Bac
D01416,KH39,Sach Spark,Sach,2,26.2,2024-08-16,Bac
D01417,KH36,Sach Spark,Sach,6,27.3,2024-06-24,Trung
D01418,KH38,May xay,Gia dung,3,42.6,2024-10-24,Trung
D01419,KH40,Sach Python,Sach,2,20.5,2024-05-25,Bac
D01420,KH13,Tai nghe,Dien tu,2,41.9,2025-01-16,Trung
D01421,KH38,Sach Python,Sach,3,20.6,2025-01-19,Nam
D01422,KH35,Noi com dien,Gia dung,1,54.9,2024-12-30,Bac
D01423,KH29,Ao thun,Thoi trang,6,12.8,2024-07-11,Bac
D01424,KH30,Dien thoai,Dien tu,2,741.8,2024-12-23,Bac
D01425,KH05,Laptop,Dien tu,1,1518.2,2024-08-29,Bac
D01426,KH26,Sach Python,Sach,11,19.1,2024-11-11,Bac
D01427,KH27,Ao thun,Thoi trang,5,13.6,2025-01-11,Trung
D01428,KH07,May xay,Gia dung,10,39.4,2024-04-01,Nam
D01429,KH32,Quan jean,Thoi trang,4,32.3,2024-10-29,Bac
D01430,KH31,Dien thoai,Dien tu,1,792.2,2024-11-02,Bac
D01431,KH03,Giay the thao,Thoi trang,1,60.6,2024-03-29,Bac
D01432,KH23,Ao thun,Thoi trang,6,13.6,2024-11-18,Trung
D01433,KH01,Laptop,Dien tu,1,1450.3,2024-07-05,Bac
D01434,KH26,Laptop,Dien tu,1,1471.7,2025-02-09,Nam
D01435,KH21,Ao thun,Thoi trang,4,13.5,2024-05-26,Nam
D01436,KH20,May xay,Gia dung,6,38.1,2024-05-12,Trung
D01437,KH14,Dien thoai,Dien tu,1,811.3,2024-10-09,Bac
D01438,KH14,Giay the thao,Thoi trang,1,58.0,2024-04-30,Bac
D01439,KH25,Noi com dien,Gia dung,2,57.3,2024-10-05,Trung
D01440,KH23,Laptop,Dien tu,1,1625.4,2024-12-01,Nam
D01441,KH31,Dien thoai,Dien tu,2,772.7,2024-10-28,Bac
D01442,KH34,Laptop,Dien tu,1,1378.4,2024-03-12,Bac
D01443,KH03,May xay,Gia dung,5,43.7,2024-04-03,Bac
D01444,KH06,Quan jean,Thoi trang,10,37.2,2024-10-06,Nam
D01445,KH18,Giay the thao,Thoi trang,6,61.4,2024-05-11,Nam
D01446,KH35,Laptop,Dien tu,3,1570.8,2024-03-26,Nam
D01447,KH33,Giay the thao,Thoi trang,8,57.2,2024-05-16,Bac
D01448,KH34,May xay,Gia dung,1,42.7,2024-12-01,Bac
D01449,KH30,Noi com dien,Gia dung,11,59.4,2025-02-14,Trung
D01450,KH36,Dien thoai,Dien tu,1,759.7,2025-01-01,Bac
D01451,KH38,Tai nghe,Dien tu,2,46.4,2024-07-19,Bac
D01452,KH12,May xay,Gia dung,2,41.2,2024-03-16,Bac
D01453,KH17,Sach Spark,Sach,6,23.9,2024-06-18,Nam
D01454,KH28,Laptop,Dien tu,2,1446.5,2025-02-22,Nam
D01455,KH38,Giay the thao,Thoi trang,1,56.1,2024-08-20,Trung
D01456,KH06,May xay,Gia dung,10,43.1,2024-10-24,Nam
D01457,KH01,Dien thoai,Dien tu,1,835.9,2025-02-22,Trung
D01458,KH40,Sach Spark,Sach,11,25.4,2024-09-17,Nam
D01459,KH30,Sach Python,Sach,8,22.0,2024-04-29,Trung
D01460,KH04,Ao thun,Thoi trang,7,13.0,2024-11-21,Bac
D01461,KH23,Dien thoai,Dien tu,3,846.7,2024-06-01,Trung
D01462,KH16,Dien thoai,Dien tu,2,790.2,2025-02-09,Bac
D01463,KH15,Noi com dien,Gia dung,7,58.4,2024-09-18,Bac
D01464,KH22,Noi com dien,Gia dung,7,56.1,2024-06-08,Nam
D01465,KH40,May xay,Gia dung,3,41.1,2024-07-03,Nam
D01466,KH04,Giay the thao,Thoi trang,7,64.5,2024-12-25,Trung
D01467,KH34,Giay the thao,Thoi trang,3,63.5,2024-11-11,Nam
D01468,KH01,Giay the thao,Thoi trang,8,54.4,2024-12-15,Bac
D01469,KH21,May xay,Gia dung,11,41.5,2024-05-30,Trung
D01470,KH09,Tai nghe,Dien tu,3,49.0,2025-01-08,Bac
D01471,KH40,Sach Python,Sach,6,19.9,2024-05-24,Trung
D01472,KH36,Sach Spark,Sach,2,23.0,2024-09-21,Bac
D01473,KH13,Dien thoai,Dien tu,3,756.0,2024-10-30,Nam
D01474,KH12,May xay,Gia dung,11,41.5,2024-04-05,Bac
D01475,KH01,Noi com dien,Gia dung,2,55.2,2024-03-16,Trung
D01476,KH31,Noi com dien,Gia dung,8,58.7,2024-03-08,Trung
D01477,KH01,Sach Python,Sach,3,20.6,2025-02-05,Trung
D01478,KH20,Giay the thao,Thoi trang,7,65.7,2024-04-23,Bac
D01479,KH05,Sach Python,Sach,11,19.7,2024-08-15,Nam
D01480,KH13,Quan jean,Thoi trang,5,31.9,2024-07-24,Bac
D01481,KH26,Laptop,Dien tu,1,1352.6,2024-03-25,Nam
D01482,KH18,Giay the thao,Thoi trang,5,58.9,2024-05-09,Bac
D01483,KH14,Quan jean,Thoi trang,1,36.7,2024-08-15,Nam
D01484,KH12,Ao thun,Thoi trang,2,13.1,2024-09-16,Nam
D01485,KH20,Noi com dien,Gia dung,11,52.2,2024-11-23,Trung
D01486,KH31,Sach Spark,Sach,4,26.0,2024-10-07,Nam
D01487,KH01,Giay the thao,Thoi trang,2,59.9,2024-06-21,Bac
D01488,KH35,Sach Python,Sach,5,21.6,2024-11-16,Bac
D01489,KH31,Noi com dien,Gia dung,3,57.0,2024-04-10,Nam
D01490,KH14,Tai nghe,Dien tu,2,44.7,2024-10-23,Trung
D01491,KH04,Laptop,Dien tu,2,1492.8,2024-10-20,Bac
D01492,KH24,Giay the thao,Thoi trang,9,54.3,2024-07-09,Nam
D01493,KH38,Ao thun,Thoi trang,9,13.1,2024-11-20,Bac
D01494,KH25,Sach Spark,Sach,2,24.3,2024-10-31,Nam
D01495,KH28,Quan jean,Thoi trang,10,35.5,2024-04-24,Bac
D01496,KH10,Dien thoai,Dien tu,2,734.0,2024-04-20,Bac
D01497,KH31,Quan jean,Thoi trang,8,36.0,2024-11-15,Trung
D01498,KH34,Dien thoai,Dien tu,3,723.4,2024-05-15,Nam
D01499,KH11,Quan jean,Thoi trang,8,38.4,2024-03-23,Bac
D01500,KH25,Sach Python,Sach,4,18.1,2024-08-09,Bac
D01501,KH30,Sach Python,Sach,10,20.2,2025-01-28,Nam
D01502,KH35,Quan jean,Thoi trang,11,35.4,2025-01-22,Nam
D01503,KH07,Giay the thao,Thoi trang,5,65.9,2025-01-24,Bac
D01504,KH16,Noi com dien,Gia dung,8,56.4,2024-11-05,Bac
D01505,KH35,Tai nghe,Dien tu,3,41.9,2024-07-24,Nam
D01506,KH35,Giay the thao,Thoi trang,9,55.5,2024-09-10,Nam
D01507,KH38,Sach Spark,Sach,5,22.7,2024-09-05,Trung
D01508,KH08,May xay,Gia dung,7,42.1,2024-04-21,Bac
D01509,KH22,Laptop,Dien tu,1,1626.2,2025-01-11,Bac
D01510,KH12,Quan jean,Thoi trang,9,35.2,2024-11-24,Trung
D01511,KH16,Tai nghe,Dien tu,2,41.5,2024-04-13,Bac
D01512,KH15,Quan jean,Thoi trang,5,35.2,2024-03-12,Bac
D01513,KH40,Laptop,Dien tu,1,1460.9,2024-07-15,Bac
D01514,KH28,May xay,Gia dung,4,36.3,2024-03-08,Bac
D01515,KH31,Quan jean,Thoi trang,9,35.1,2024-03-04,Bac
D01516,KH09,Noi com dien,Gia dung,5,59.2,2024-11-16,Bac
D01517,KH36,May xay,Gia dung,4,42.2,2024-12-01,Nam
D01518,KH40,Quan jean,Thoi trang,10,34.9,2025-02-13,Trung
D01519,KH14,Laptop,Dien tu,2,1486.9,2024-05-29,Nam
D01520,KH22,May xay,Gia dung,8,37.2,2025-01-05,Nam
D01521,KH38,Quan jean,Thoi trang,1,38.1,2024-10-24,Nam
D01522,KH11,Tai nghe,Dien tu,3,48.1,2024-11-03,Bac
D01523,KH19,Giay the thao,Thoi trang,2,63.2,2024-10-26,Bac
D01524,KH34,Ao thun,Thoi trang,1,12.1,2024-06-19,Trung
D01525,KH23,Noi com dien,Gia dung,4,59.9,2024-11-25,Bac
D01526,KH19,Noi com dien,Gia dung,11,55.2,2025-02-01,Trung
D01527,KH37,Quan jean,Thoi trang,10,36.3,2024-12-08,Nam
D01528,KH39,Tai nghe,Dien tu,3,42.7,2024-11-07,Bac
D01529,KH28,Sach Python,Sach,5,21.4,2024-03-09,Nam
D01530,KH03,Sach Spark,Sach,8,23.9,2025-02-25,Bac
D01531,KH30,Quan jean,Thoi trang,4,35.3,2024-11-05,Bac
D01532,KH24,Ao thun,Thoi trang,7,11.9,2024-04-06,Trung
D01533,KH05,Laptop,Dien tu,1,1369.0,2024-07-14,Nam
D01534,KH18,Dien thoai,Dien tu,3,862.0,2024-06-13,Bac
D01535,KH29,Giay the thao,Thoi trang,11,58.3,2024-11-15,Bac
D01536,KH29,Noi com dien,Gia dung,11,55.6,2025-02-09,Bac
D01537,KH28,Quan jean,Thoi trang,1,35.9,2024-07-15,Nam
D01538,KH27,Noi com dien,Gia dung,1,51.9,2024-10-28,Bac
D01539,KH34,Quan jean,Thoi trang,1,31.6,2024-03-19,Trung
D01540,KH19,Laptop,Dien tu,2,1568.8,2024-11-18,Nam
D01541,KH06,Laptop,Dien tu,2,1509.5,2024-03-03,Nam
D01542,KH08,Noi com dien,Gia dung,9,51.8,2024-03-31,Nam
D01543,KH33,Tai nghe,Dien tu,3,41.7,2024-11-08,Bac
D01544,KH29,Noi com dien,Gia dung,4,55.0,2024-11-11,Nam
D01545,KH20,Sach Python,Sach,8,21.9,2024-03-16,Bac
D01546,KH07,Dien thoai,Dien tu,1,810.5,2024-05-28,Nam
D01547,KH10,Dien thoai,Dien tu,2,820.3,2025-02-27,Nam
D01548,KH23,May xay,Gia dung,2,38.9,2024-10-01,Bac
D01549,KH03,Laptop,Dien tu,2,1591.8,2024-12-24,Bac
D01550,KH40,Noi com dien,Gia dung,2,55.8,2024-03-03,Nam
D01551,KH13,Giay the thao,Thoi trang,2,57.6,2024-09-13,Nam
D01552,KH15,Laptop,Dien tu,3,1643.3,2024-06-11,Nam
D01553,KH30,Laptop,Dien tu,3,1526.2,2024-03-30,Trung
D01554,KH40,Tai nghe,Dien tu,3,45.8,2025-02-21,Bac
D01555,KH14,Sach Python,Sach,4,19.4,2025-01-30,Trung
D01556,KH32,May xay,Gia dung,7,43.9,2024-06-17,Bac
D01557,KH17,Tai nghe,Dien tu,1,42.4,2024-12-30,Trung
D01558,KH10,Dien thoai,Dien tu,3,798.0,2024-03-09,Bac
D01559,KH13,Ao thun,Thoi trang,9,13.7,2024-05-17,Trung
D01560,KH15,Ao thun,Thoi trang,2,13.7,2024-04-12,Nam
D01561,KH16,Giay the thao,Thoi trang,8,59.1,2024-09-14,Nam
D01562,KH08,Sach Spark,Sach,7,25.1,2024-06-07,Nam
D01563,KH10,May xay,Gia dung,5,40.3,2024-04-18,Trung
D01564,KH33,Sach Python,Sach,8,18.6,2024-11-01,Bac
D01565,KH21,Tai nghe,Dien tu,2,44.5,2024-04-03,Nam
D01566,KH24,Noi com dien,Gia dung,10,57.8,2024-10-27,Nam
D01567,KH30,May xay,Gia dung,9,43.3,2024-11-14,Bac
D01568,KH38,Giay the thao,Thoi trang,7,54.2,2024-11-07,Bac
D01569,KH23,Ao thun,Thoi trang,6,11.7,2024-09-29,Nam
D01570,KH18,Sach Python,Sach,10,20.2,2024-11-02,Nam
D01571,KH25,May xay,Gia dung,8,43.8,2024-08-24,Nam
D01572,KH33,Quan jean,Thoi trang,7,31.8,2024-07-15,Nam
D01573,KH12,Quan jean,Thoi trang,10,36.0,2025-01-16,Nam
D01574,KH40,Quan jean,Thoi trang,5,32.5,2024-04-14,Trung
D01575,KH33,May xay,Gia dung,2,38.7,2024-08-02,Bac
D01576,KH38,Sach Spark,Sach,3,24.3,2024-12-08,Nam
D01577,KH26,Laptop,Dien tu,2,1454.3,2024-05-29,Nam
D01578,KH12,May xay,Gia dung,10,42.9,2024-08-09,Nam
D01579,KH31,Noi com dien,Gia dung,1,52.6,2025-02-12,Nam
D01580,KH30,Giay the thao,Thoi trang,8,64.3,2024-11-05,Trung
D01581,KH22,Dien thoai,Dien tu,1,823.8,2024-07-28,Trung
D01582,KH11,Ao thun,Thoi trang,3,11.4,2024-07-22,Bac
D01583,KH32,Sach Spark,Sach,8,25.3,2024-06-07,Bac
D01584,KH26,Sach Python,Sach,6,19.8,2024-08-04,Bac
D01585,KH11,Sach Spark,Sach,3,25.0,2024-12-28,Bac
D01586,KH25,Laptop,Dien tu,3,1453.0,2024-09-21,Nam
D01587,KH38,Sach Spark,Sach,7,23.8,2024-03-17,Nam
D01588,KH26,Quan jean,Thoi trang,4,38.4,2025-01-07,Nam
D01589,KH27,Ao thun,Thoi trang,4,11.9,2024-10-10,Bac
D01590,KH19,Noi com dien,Gia dung,1,59.8,2024-04-25,Trung
D01591,KH08,Laptop,Dien tu,3,1578.7,2024-10-17,Nam
D01592,KH04,Dien thoai,Dien tu,1,814.8,2024-10-13,Bac
D01593,KH18,Ao thun,Thoi trang,4,11.7,2025-01-10,Nam
D01594,KH02,May xay,Gia dung,1,44.0,2024-11-28,Nam
D01595,KH35,Sach Spark,Sach,8,24.4,2024-09-07,Nam
D01596,KH38,Ao thun,Thoi trang,8,12.7,2024-10-30,Bac
D01597,KH37,Noi com dien,Gia dung,5,52.0,2025-02-10,Bac
D01598,KH30,Noi com dien,Gia dung,3,59.6,2024-06-07,Bac
D01599,KH22,Tai nghe,Dien tu,3,41.9,2024-12-15,Bac
D01600,KH31,May xay,Gia dung,9,40.5,2025-01-10,Bac
D01601,KH01,Sach Spark,Sach,9,26.2,2024-10-23,Bac
D01602,KH15,Sach Python,Sach,9,20.7,2024-08-18,Nam
D01603,KH38,Dien thoai,Dien tu,2,861.4,2024-09-10,Nam
D01604,KH09,Dien thoai,Dien tu,3,760.4,2025-01-08,Nam
D01605,KH16,Sach Spark,Sach,5,24.9,2024-05-11,Nam
D01606,KH38,Noi com dien,Gia dung,10,55.2,2024-04-05,Nam
D01607,KH14,Sach Python,Sach,1,21.8,2024-11-07,Bac
D01608,KH35,Dien thoai,Dien tu,1,790.9,2024-07-02,Trung
D01609,KH37,Tai nghe,Dien tu,3,41.2,2024-11-25,Nam
D01610,KH01,Quan jean,Thoi trang,4,33.8,2025-02-15,Nam
D01611,KH36,May xay,Gia dung,10,42.4,2024-04-06,Nam
D01612,KH30,Ao thun,Thoi trang,1,12.6,2024-04-11,Bac
D01613,KH40,Tai nghe,Dien tu,3,47.4,2024-07-26,Nam
D01614,KH26,Quan jean,Thoi trang,10,32.3,2024-11-07,Bac
D01615,KH35,Dien thoai,Dien tu,1,831.9,2024-08-30,Bac
D01616,KH05,Giay the thao,Thoi trang,3,60.7,2024-09-28,Bac
D01617,KH30,Giay the thao,Thoi trang,5,61.4,2024-03-07,Nam
D01618,KH29,Sach Python,Sach,5,21.5,2024-07-13,Trung
D01619,KH38,Dien thoai,Dien tu,3,775.6,2024-12-14,Bac
D01620,KH10,Giay the thao,Thoi trang,8,56.9,2024-11-26,Bac
D01621,KH35,Ao thun,Thoi trang,4,11.4,2024-09-06,Trung
D01622,KH03,Laptop,Dien tu,2,1553.8,2024-06-28,Nam
D01623,KH37,Sach Spark,Sach,5,26.1,2024-12-12,Trung
D01624,KH12,Quan jean,Thoi trang,11,35.1,2024-05-27,Trung
D01625,KH35,Sach Spark,Sach,3,26.7,2024-05-29,Nam
D01626,KH22,Ao thun,Thoi trang,8,11.7,2024-10-29,Nam
D01627,KH10,Quan jean,Thoi trang,9,38.2,2024-09-02,Trung
D01628,KH31,May xay,Gia dung,9,38.4,2024-12-22,Bac
D01629,KH26,May xay,Gia dung,11,39.3,2024-12-10,Nam
D01630,KH18,May xay,Gia dung,8,43.6,2024-07-01,Nam
D01631,KH02,Giay the thao,Thoi trang,11,63.4,2024-08-18,Nam
D01632,KH01,Laptop,Dien tu,3,1523.8,2025-02-08,Nam
D01633,KH09,May xay,Gia dung,7,37.2,2024-11-10,Bac
D01634,KH31,Noi com dien,Gia dung,6,53.6,2024-08-16,Nam
D01635,KH03,Tai nghe,Dien tu,3,47.9,2024-12-05,Trung
D01636,KH35,Laptop,Dien tu,3,1422.8,2025-02-09,Bac
D01637,KH17,Tai nghe,Dien tu,2,44.3,2024-09-12,Trung
D01638,KH07,May xay,Gia dung,1,37.8,2024-08-22,Bac
D01639,KH17,Ao thun,Thoi trang,2,12.9,2024-05-28,Nam
D01640,KH17,Quan jean,Thoi trang,6,37.5,2024-11-26,Nam
D01641,KH03,Laptop,Dien tu,2,1514.7,2024-05-23,Bac
D01642,KH15,May xay,Gia dung,9,42.0,2024-03-30,Trung
D01643,KH38,Tai nghe,Dien tu,2,42.7,2024-09-07,Bac
D01644,KH18,Noi com dien,Gia dung,3,60.1,2024-10-20,Trung
D01645,KH07,Giay the thao,Thoi trang,10,59.0,2024-05-15,Bac
D01646,KH39,Quan jean,Thoi trang,10,32.5,2024-07-28,Trung
D01647,KH37,Giay the thao,Thoi trang,3,56.4,2024-11-04,Nam
D01648,KH29,Laptop,Dien tu,1,1621.6,2025-01-07,Bac
D01649,KH32,Ao thun,Thoi trang,4,13.4,2024-04-01,Nam
D01650,KH03,Quan jean,Thoi trang,6,35.4,2024-10-07,Bac
D01651,KH20,Sach Spark,Sach,5,22.7,2024-07-16,Nam
D01652,KH11,Laptop,Dien tu,2,1510.3,2024-11-19,Bac
D01653,KH23,Laptop,Dien tu,2,1398.0,2024-11-16,Bac
D01654,KH28,Sach Python,Sach,4,20.6,2024-06-07,Nam
D01655,KH19,Noi com dien,Gia dung,8,51.0,2024-06-06,Trung
D01656,KH38,Tai nghe,Dien tu,3,47.5,2024-06-17,Nam
D01657,KH23,Tai nghe,Dien tu,2,41.6,2024-05-13,Bac
D01658,KH08,Sach Python,Sach,3,21.1,2025-02-22,Nam
D01659,KH30,Giay the thao,Thoi trang,4,62.9,2024-08-30,Nam
D01660,KH09,Noi com dien,Gia dung,5,56.0,2024-04-14,Trung
D01661,KH32,Tai nghe,Dien tu,2,41.6,2024-09-21,Nam
D01662,KH12,Giay the thao,Thoi trang,6,57.4,2025-02-14,Trung
D01663,KH34,Giay the thao,Thoi trang,8,64.6,2025-02-06,Nam
D01664,KH15,Quan jean,Thoi trang,10,32.6,2025-01-22,Nam
D01665,KH20,Sach Spark,Sach,9,25.5,2025-01-30,Bac
D01666,KH29,Laptop,Dien tu,1,1470.5,2024-06-14,Trung
D01667,KH08,Ao thun,Thoi trang,1,12.7,2024-10-31,Bac
D01668,KH02,Noi com dien,Gia dung,11,50.4,2024-08-17,Trung
D01669,KH24,Quan jean,Thoi trang,6,32.6,2025-02-03,Trung
D01670,KH06,Giay the thao,Thoi trang,6,62.7,2024-04-14,Nam
D01671,KH22,Dien thoai,Dien tu,2,854.1,2024-06-25,Trung
D01672,KH31,May xay,Gia dung,8,42.6,2024-07-06,Bac
D01673,KH36,Giay the thao,Thoi trang,1,55.3,2024-04-17,Bac
D01674,KH37,May xay,Gia dung,11,42.1,2025-02-08,Bac
D01675,KH02,Tai nghe,Dien tu,3,46.0,2024-11-23,Bac
D01676,KH36,Dien thoai,Dien tu,1,738.7,2024-12-28,Nam
D01677,KH13,Dien thoai,Dien tu,2,748.1,2024-03-02,Nam
D01678,KH12,Sach Spark,Sach,3,23.2,2025-02-17,Bac
D01679,KH21,Sach Spark,Sach,4,24.5,2024-08-07,Bac
D01680,KH17,Tai nghe,Dien tu,3,46.4,2025-01-26,Nam
D01681,KH33,Sach Python,Sach,2,19.3,2024-07-16,Nam
D01682,KH01,Sach Python,Sach,10,20.9,2024-06-19,Trung
D01683,KH08,Noi com dien,Gia dung,8,58.9,2024-04-01,Nam
D01684,KH01,Dien thoai,Dien tu,1,801.9,2024-05-21,Nam
D01685,KH06,Tai nghe,Dien tu,2,41.2,2024-05-08,Trung
D01686,KH34,Tai nghe,Dien tu,1,42.2,2024-07-16,Bac
D01687,KH02,May xay,Gia dung,8,42.6,2025-02-06,Bac
D01688,KH24,Dien thoai,Dien tu,3,830.9,2025-02-27,Nam
D01689,KH31,Tai nghe,Dien tu,3,44.1,2024-05-20,Trung
D01690,KH27,May xay,Gia dung,8,39.4,2024-06-09,Nam
D01691,KH32,Giay the thao,Thoi trang,10,63.0,2024-12-01,Nam
D01692,KH11,Ao thun,Thoi trang,5,13.5,2024-03-18,Bac
D01693,KH37,Dien thoai,Dien tu,1,831.9,2024-07-15,Nam
D01694,KH23,Laptop,Dien tu,1,1563.7,2024-10-06,Bac
D01695,KH25,Quan jean,Thoi trang,6,33.7,2024-12-21,Nam
D01696,KH19,Sach Python,Sach,1,19.2,2025-02-16,Bac
D01697,KH02,Ao thun,Thoi trang,8,11.3,2025-01-20,Trung
D01698,KH08,Dien thoai,Dien tu,1,801.2,2024-04-22,Nam
D01699,KH26,Sach Spark,Sach,8,22.7,2025-01-06,Nam
D01700,KH17,Giay the thao,Thoi trang,6,55.8,2024-10-13,Bac
D01701,KH04,Sach Python,Sach,11,20.9,2024-06-21,Nam
D01702,KH25,Sach Python,Sach,7,20.3,2024-04-24,Nam
D01703,KH23,Sach Python,Sach,3,18.6,2025-01-29,Bac
D01704,KH17,Laptop,Dien tu,2,1569.3,2024-06-12,Nam
D01705,KH07,Sach Python,Sach,4,21.4,2024-11-06,Bac
D01706,KH10,Ao thun,Thoi trang,11,12.9,2024-08-12,Trung
D01707,KH29,Quan jean,Thoi trang,10,36.0,2024-08-07,Bac
D01708,KH07,Laptop,Dien tu,1,1414.9,2025-02-19,Bac
D01709,KH37,Laptop,Dien tu,2,1405.0,2024-07-26,Bac
D01710,KH01,Sach Python,Sach,11,21.4,2024-09-30,Nam
D01711,KH08,Giay the thao,Thoi trang,8,65.9,2024-05-10,Bac
D01712,KH25,Ao thun,Thoi trang,6,13.4,2024-03-19,Bac
D01713,KH19,May xay,Gia dung,10,43.4,2024-07-09,Bac
D01714,KH03,Laptop,Dien tu,3,1531.6,2024-03-02,Nam
D01715,KH35,Sach Spark,Sach,4,23.9,2024-11-30,Nam
D01716,KH11,Tai nghe,Dien tu,3,44.0,2025-01-25,Bac
D01717,KH12,Tai nghe,Dien tu,2,42.1,2024-09-16,Bac
D01718,KH31,Sach Spark,Sach,8,26.9,2024-12-30,Bac
D01719,KH11,Noi com dien,Gia dung,11,56.0,2024-09-04,Nam
D01720,KH04,Tai nghe,Dien tu,2,40.5,2024-10-21,Nam
D01721,KH17,Giay the thao,Thoi trang,10,65.4,2024-03-29,Bac
D01722,KH05,Tai nghe,Dien tu,1,44.7,2024-09-24,Trung
D01723,KH07,Noi com dien,Gia dung,11,53.2,2024-08-23,Bac
D01724,KH28,Sach Python,Sach,10,21.3,2024-06-18,Nam
D01725,KH22,Ao thun,Thoi trang,7,13.2,2024-05-11,Bac
D01726,KH21,Quan jean,Thoi trang,11,38.0,2024-12-01,Trung
D01727,KH10,Ao thun,Thoi trang,8,11.8,2024-03-10,Bac
D01728,KH37,Laptop,Dien tu,2,1407.9,2024-06-01,Bac
D01729,KH11,Laptop,Dien tu,3,1378.5,2024-05-29,Nam
D01730,KH21,Giay the thao,Thoi trang,6,65.4,2024-05-28,Bac
D01731,KH26,Dien thoai,Dien tu,2,805.6,2024-10-08,Trung
D01732,KH20,Tai nghe,Dien tu,3,44.8,2024-03-21,Nam
D01733,KH25,Ao thun,Thoi trang,6,12.8,2024-03-04,Nam
D01734,KH30,Sach Python,Sach,3,19.9,2024-06-30,Nam
D01735,KH20,Laptop,Dien tu,1,1407.7,2024-10-29,Bac
D01736,KH35,Laptop,Dien tu,1,1534.6,2025-02-19,Bac
D01737,KH12,Tai nghe,Dien tu,2,47.0,2024-06-16,Trung
D01738,KH35,Noi com dien,Gia dung,2,56.8,2024-05-09,Nam
D01739,KH16,Tai nghe,Dien tu,1,42.9,2024-05-13,Trung
D01740,KH08,Quan jean,Thoi trang,3,33.8,2024-10-06,Nam
D01741,KH25,Ao thun,Thoi trang,5,12.5,2024-07-17,Nam
D01742,KH31,Sach Python,Sach,11,21.9,2024-04-12,Nam
D01743,KH28,Laptop,Dien tu,2,1595.9,2025-01-20,Nam
D01744,KH34,Ao thun,Thoi trang,1,11.3,2025-01-10,Bac
D01745,KH02,Sach Spark,Sach,6,24.4,2024-07-27,Bac
D01746,KH02,Sach Python,Sach,11,19.9,2024-07-27,Bac
D01747,KH02,May xay,Gia dung,4,41.6,2024-06-30,Nam
D01748,KH14,Dien thoai,Dien tu,1,838.6,2025-02-14,Bac
D01749,KH12,Sach Python,Sach,6,19.2,2024-11-05,Bac
D01750,KH28,Tai nghe,Dien tu,3,43.0,2024-05-15,Bac
D01751,KH40,Noi com dien,Gia dung,11,57.8,2024-10-22,Nam
D01752,KH15,May xay,Gia dung,7,39.1,2025-02-02,Trung
D01753,KH21,Dien thoai,Dien tu,1,743.2,2024-07-12,Nam
D01754,KH12,Dien thoai,Dien tu,1,749.4,2024-03-06,Nam
D01755,KH32,May xay,Gia dung,7,39.5,2024-12-02,Bac
D01756,KH34,Giay the thao,Thoi trang,5,57.6,2024-09-06,Nam
D01757,KH03,Quan jean,Thoi trang,9,35.0,2024-10-31,Trung
D01758,KH38,Giay the thao,Thoi trang,9,62.1,2024-10-14,Nam
D01759,KH03,May xay,Gia dung,9,43.6,2025-01-02,Nam
D01760,KH21,Sach Python,Sach,10,19.1,2024-11-21,Nam
D01761,KH07,Quan jean,Thoi trang,8,34.0,2024-03-26,Nam
D01762,KH01,Ao thun,Thoi trang,11,13.0,2024-10-21,Bac
D01763,KH08,Ao thun,Thoi trang,9,13.2,2024-06-24,Bac
D01764,KH36,Sach Spark,Sach,3,22.5,2024-07-29,Nam
D01765,KH24,Tai nghe,Dien tu,3,45.4,2025-02-06,Nam
D01766,KH16,Sach Spark,Sach,5,26.2,2024-08-20,Bac
D01767,KH14,Ao thun,Thoi trang,9,12.5,2024-03-24,Bac
D01768,KH36,Tai nghe,Dien tu,1,41.4,2025-01-29,Nam
D01769,KH15,Laptop,Dien tu,1,1366.2,2024-08-19,Bac
D01770,KH39,May xay,Gia dung,1,36.3,2024-04-17,Trung
D01771,KH12,Tai nghe,Dien tu,2,45.9,2025-02-07,Nam
D01772,KH03,Dien thoai,Dien tu,1,825.2,2025-02-21,Bac
D01773,KH15,Tai nghe,Dien tu,1,47.1,2024-10-26,Nam
D01774,KH24,Quan jean,Thoi trang,7,32.6,2024-04-23,Bac
D01775,KH29,Laptop,Dien tu,1,1376.9,2025-01-30,Trung
D01776,KH23,Sach Python,Sach,4,21.8,2024-07-01,Bac
D01777,KH14,Tai nghe,Dien tu,3,46.7,2024-04-15,Bac
D01778,KH26,Sach Spark,Sach,3,23.5,2024-07-13,Nam
D01779,KH26,May xay,Gia dung,1,37.5,2024-04-09,Nam
D01780,KH22,Giay the thao,Thoi trang,3,56.9,2025-01-29,Bac
D01781,KH05,Dien thoai,Dien tu,1,723.2,2024-06-07,Bac
D01782,KH25,Laptop,Dien tu,1,1640.1,2024-04-23,Nam
D01783,KH37,Laptop,Dien tu,1,1537.1,2024-11-09,Bac
D01784,KH33,Noi com dien,Gia dung,4,49.9,2024-09-12,Bac
D01785,KH04,Dien thoai,Dien tu,1,773.3,2024-08-29,Nam
D01786,KH32,Giay the thao,Thoi trang,9,64.9,2024-11-13,Bac
D01787,KH03,Sach Spark,Sach,11,26.2,2025-01-23,Bac
D01788,KH09,Giay the thao,Thoi trang,8,61.3,2024-08-25,Trung
D01789,KH04,Dien thoai,Dien tu,2,802.9,2024-07-26,Nam
D01790,KH07,Giay the thao,Thoi trang,5,63.2,2025-01-05,Trung
D01791,KH12,Sach Python,Sach,2,20.8,2025-01-10,Bac
D01792,KH07,Giay the thao,Thoi trang,5,59.0,2024-03-09,Bac
D01793,KH05,Noi com dien,Gia dung,3,51.3,2024-08-21,Bac
D01794,KH40,Tai nghe,Dien tu,2,45.5,2024-05-24,Nam
D01795,KH11,Sach Python,Sach,10,21.9,2024-07-20,Bac
D01796,KH30,Giay the thao,Thoi trang,6,57.2,2025-02-17,Nam
D01797,KH37,Giay the thao,Thoi trang,5,59.2,2024-04-07,Bac
D01798,KH37,Laptop,Dien tu,1,1441.1,2024-04-12,Trung
D01799,KH36,Giay the thao,Thoi trang,10,62.7,2024-09-27,Bac
D01800,KH16,Laptop,Dien tu,1,1552.6,2025-01-06,Nam
D01801,KH11,Laptop,Dien tu,1,1542.6,2024-11-13,Bac
D01802,KH14,Dien thoai,Dien tu,2,873.6,2024-08-04,Nam
D01803,KH40,Sach Python,Sach,10,19.1,2024-12-01,Bac
D01804,KH23,Dien thoai,Dien tu,3,775.6,2025-01-08,Nam
D01805,KH30,Tai nghe,Dien tu,3,45.4,2024-04-27,Nam
D01806,KH22,Quan jean,Thoi trang,11,37.3,2024-05-23,Nam
D01807,KH08,Ao thun,Thoi trang,4,12.6,2024-08-14,Bac
D01808,KH39,Quan jean,Thoi trang,5,37.5,2024-05-03,Nam
D01809,KH26,Sach Python,Sach,8,20.5,2024-10-22,Bac
D01810,KH04,Ao thun,Thoi trang,5,13.2,2025-01-31,Bac
D01811,KH09,May xay,Gia dung,10,39.0,2024-10-21,Nam
D01812,KH38,Giay the thao,Thoi trang,5,63.1,2024-06-27,Nam
D01813,KH22,Noi com dien,Gia dung,10,53.4,2024-03-03,Nam
D01814,KH37,Giay the thao,Thoi trang,7,60.7,2024-04-02,Bac
D01815,KH12,May xay,Gia dung,1,36.2,2024-09-08,Nam
D01816,KH33,Sach Python,Sach,9,21.5,2024-06-29,Bac
D01817,KH36,Sach Python,Sach,11,18.7,2024-04-23,Nam
D01818,KH38,Sach Python,Sach,9,18.1,2024-06-26,Nam
D01819,KH11,Sach Python,Sach,7,19.6,2024-08-14,Bac
D01820,KH23,Giay the thao,Thoi trang,11,56.4,2024-09-13,Nam
D01821,KH01,Sach Python,Sach,6,21.8,2024-06-16,Bac
D01822,KH15,May xay,Gia dung,10,39.2,2024-07-23,Bac
D01823,KH02,Tai nghe,Dien tu,2,42.6,2024-06-17,Bac
D01824,KH21,Sach Python,Sach,2,19.1,2024-11-28,Nam
D01825,KH33,Laptop,Dien tu,3,1458.3,2024-10-31,Bac
D01826,KH11,Laptop,Dien tu,2,1481.8,2024-10-18,Bac
D01827,KH17,Quan jean,Thoi trang,2,32.9,2024-08-23,Trung
D01828,KH17,Tai nghe,Dien tu,3,48.3,2024-11-04,Bac
D01829,KH15,Sach Python,Sach,9,21.8,2025-01-11,Nam
D01830,KH31,Noi com dien,Gia dung,1,60.1,2024-08-26,Nam
D01831,KH02,Laptop,Dien tu,3,1421.2,2024-05-01,Nam
D01832,KH09,Giay the thao,Thoi trang,9,64.4,2024-10-28,Trung
D01833,KH22,Sach Spark,Sach,1,25.1,2024-04-22,Bac
D01834,KH36,Tai nghe,Dien tu,1,46.8,2024-10-26,Bac
D01835,KH32,May xay,Gia dung,4,42.5,2024-07-02,Bac
D01836,KH32,Laptop,Dien tu,1,1466.9,2024-12-07,Bac
D01837,KH34,Dien thoai,Dien tu,3,817.0,2024-10-09,Trung
D01838,KH13,Giay the thao,Thoi trang,11,57.4,2024-10-28,Trung
D01839,KH02,Sach Python,Sach,3,20.8,2024-09-12,Nam
D01840,KH40,Tai nghe,Dien tu,2,42.9,2024-07-07,Nam
D01841,KH28,Noi com dien,Gia dung,4,59.9,2024-07-01,Trung
D01842,KH03,Sach Python,Sach,1,21.4,2024-06-26,Bac
D01843,KH25,Laptop,Dien tu,1,1611.2,2024-12-24,Bac
D01844,KH05,Tai nghe,Dien tu,1,46.8,2024-08-01,Nam
D01845,KH20,Tai nghe,Dien tu,3,45.3,2024-07-28,Bac
D01846,KH14,Sach Python,Sach,5,21.4,2024-06-20,Trung
D01847,KH23,Giay the thao,Thoi trang,5,60.2,2024-11-20,Nam
D01848,KH02,Tai nghe,Dien tu,1,45.4,2024-12-02,Trung
D01849,KH31,Tai nghe,Dien tu,1,45.9,2024-11-15,Trung
D01850,KH32,Sach Spark,Sach,9,24.8,2024-06-23,Nam
D01851,KH17,Laptop,Dien tu,1,1468.8,2024-04-02,Nam
D01852,KH39,Dien thoai,Dien tu,1,847.4,2024-07-07,Trung
D01853,KH14,May xay,Gia dung,1,43.1,2024-09-08,Bac
D01854,KH02,Noi com dien,Gia dung,10,56.7,2024-03-23,Bac
D01855,KH28,Tai nghe,Dien tu,1,43.3,2024-08-12,Bac
D01856,KH35,Giay the thao,Thoi trang,1,57.6,2024-07-23,Trung
D01857,KH12,Sach Spark,Sach,11,24.5,2024-07-02,Bac
D01858,KH07,Dien thoai,Dien tu,3,748.7,2024-06-26,Bac
D01859,KH23,May xay,Gia dung,6,38.5,2024-08-24,Nam
D01860,KH37,Quan jean,Thoi trang,4,33.3,2025-01-29,Nam
D01861,KH03,Tai nghe,Dien tu,2,48.1,2025-01-17,Trung
D01862,KH31,Laptop,Dien tu,3,1593.1,2024-05-28,Nam
D01863,KH08,Dien thoai,Dien tu,3,738.4,2024-09-18,Trung
D01864,KH10,May xay,Gia dung,10,42.8,2025-02-23,Nam
D01865,KH20,Sach Python,Sach,6,21.1,2025-01-29,Bac
D01866,KH26,Dien thoai,Dien tu,3,809.7,2024-11-30,Trung
D01867,KH36,May xay,Gia dung,3,40.8,2024-06-16,Nam
D01868,KH33,Giay the thao,Thoi trang,11,56.0,2024-11-25,Nam
D01869,KH06,Dien thoai,Dien tu,2,776.5,2025-01-26,Bac
D01870,KH17,Ao thun,Thoi trang,2,13.2,2025-01-01,Bac
D01871,KH13,Giay the thao,Thoi trang,11,56.9,2024-09-27,Bac
D01872,KH21,Noi com dien,Gia dung,3,52.4,2024-04-03,Trung
D01873,KH33,Quan jean,Thoi trang,6,37.7,2025-01-06,Bac
D01874,KH24,Ao thun,Thoi trang,1,13.7,2024-08-29,Bac
D01875,KH29,Quan jean,Thoi trang,9,31.6,2024-05-03,Nam
D01876,KH28,Sach Python,Sach,2,21.3,2024-03-10,Nam
D01877,KH25,May xay,Gia dung,1,40.0,2024-12-17,Bac
D01878,KH27,Quan jean,Thoi trang,7,37.1,2024-05-11,Nam
D01879,KH07,Ao thun,Thoi trang,1,13.1,2024-09-25,Bac
D01880,KH01,Dien thoai,Dien tu,2,872.6,2024-09-01,Trung
D01881,KH22,Sach Python,Sach,7,19.4,2024-12-22,Bac
D01882,KH33,May xay,Gia dung,2,43.3,2024-03-04,Bac
D01883,KH08,May xay,Gia dung,8,38.6,2024-05-08,Nam
D01884,KH29,Ao thun,Thoi trang,1,12.8,2024-09-30,Nam
D01885,KH01,Laptop,Dien tu,2,1517.9,2024-03-03,Nam
D01886,KH02,Quan jean,Thoi trang,3,35.3,2024-06-26,Nam
D01887,KH02,Sach Python,Sach,2,21.7,2024-11-11,Bac
D01888,KH05,Dien thoai,Dien tu,2,737.6,2024-10-06,Bac
D01889,KH02,Sach Python,Sach,3,20.8,2025-02-15,Bac
D01890,KH32,Laptop,Dien tu,2,1460.4,2024-06-21,Nam
D01891,KH19,Tai nghe,Dien tu,1,41.6,2025-01-02,Bac
D01892,KH07,Tai nghe,Dien tu,1,42.5,2024-05-14,Bac
D01893,KH01,Laptop,Dien tu,2,1497.5,2024-09-02,Nam
D01894,KH19,Sach Python,Sach,5,19.7,2024-12-17,Nam
D01895,KH13,Sach Spark,Sach,8,25.0,2024-12-17,Nam
D01896,KH17,May xay,Gia dung,2,38.6,2024-07-10,Nam
D01897,KH09,Dien thoai,Dien tu,3,781.6,2024-09-05,Nam
D01898,KH18,May xay,Gia dung,6,43.7,2024-03-09,Nam
D01899,KH23,Sach Spark,Sach,11,22.6,2024-07-14,Nam
D01900,KH28,Ao thun,Thoi trang,2,13.2,2024-12-29,Bac
D01901,KH18,Tai nghe,Dien tu,1,47.9,2024-06-17,Nam
D01902,KH06,Laptop,Dien tu,1,1455.7,2024-03-11,Trung
D01903,KH27,Ao thun,Thoi trang,11,13.5,2025-01-03,Bac
D01904,KH23,Tai nghe,Dien tu,3,46.1,2024-08-23,Trung
D01905,KH16,May xay,Gia dung,5,39.7,2024-10-14,Trung
D01906,KH18,Dien thoai,Dien tu,2,801.5,2024-10-22,Nam
D01907,KH25,Laptop,Dien tu,3,1538.0,2024-06-15,Bac
D01908,KH14,Ao thun,Thoi trang,6,12.2,2025-02-19,Bac
D01909,KH02,Ao thun,Thoi trang,6,13.4,2024-03-13,Bac
D01910,KH22,Quan jean,Thoi trang,6,32.6,2024-03-31,Trung
D01911,KH09,Sach Python,Sach,3,21.3,2024-11-02,Bac
D01912,KH21,Sach Python,Sach,3,21.8,2024-08-20,Bac
D01913,KH22,Noi com dien,Gia dung,2,51.7,2024-11-25,Nam
D01914,KH37,Laptop,Dien tu,2,1408.6,2024-12-21,Nam
D01915,KH14,Ao thun,Thoi trang,2,11.5,2024-10-19,Nam
D01916,KH08,Tai nghe,Dien tu,2,43.4,2024-12-26,Bac
D01917,KH14,Tai nghe,Dien tu,2,48.9,2025-01-02,Trung
D01918,KH03,Tai nghe,Dien tu,1,43.8,2024-07-20,Nam
D01919,KH06,Ao thun,Thoi trang,1,12.4,2024-08-22,Bac
D01920,KH08,Ao thun,Thoi trang,7,11.6,2025-02-08,Bac
D01921,KH30,Noi com dien,Gia dung,8,56.2,2024-07-12,Bac
D01922,KH13,Giay the thao,Thoi trang,3,63.6,2024-04-28,Nam
D01923,KH34,Giay the thao,Thoi trang,7,61.4,2024-08-21,Trung
D01924,KH06,Quan jean,Thoi trang,9,34.6,2025-02-12,Bac
D01925,KH20,Sach Python,Sach,10,22.0,2024-10-13,Nam
D01926,KH14,Noi com dien,Gia dung,4,56.7,2025-02-03,Trung
D01927,KH36,Sach Spark,Sach,6,27.2,2024-10-14,Bac
D01928,KH34,May xay,Gia dung,8,41.7,2024-10-08,Bac
D01929,KH27,Tai nghe,Dien tu,2,43.5,2024-03-28,Trung
D01930,KH11,Quan jean,Thoi trang,7,32.6,2024-04-29,Trung
D01931,KH01,Noi com dien,Gia dung,7,59.5,2024-04-08,Nam
D01932,KH21,Tai nghe,Dien tu,2,45.3,2024-07-02,Bac
D01933,KH22,Sach Spark,Sach,3,23.3,2024-07-28,Bac
D01934,KH40,Sach Spark,Sach,7,26.6,2024-08-30,Bac
D01935,KH03,May xay,Gia dung,7,43.1,2024-11-27,Bac
D01936,KH29,Tai nghe,Dien tu,2,41.8,2024-04-21,Bac
D01937,KH34,Giay the thao,Thoi trang,9,62.6,2024-08-10,Nam
D01938,KH06,Sach Spark,Sach,2,24.5,2024-04-24,Nam
D01939,KH27,May xay,Gia dung,10,41.6,2025-01-21,Bac
D01940,KH15,May xay,Gia dung,4,36.2,2024-03-26,Bac
D01941,KH14,Noi com dien,Gia dung,8,50.0,2024-05-04,Nam
D01942,KH28,Quan jean,Thoi trang,3,36.0,2024-05-19,Bac
D01943,KH25,Quan jean,Thoi trang,2,34.6,2024-06-28,Nam
D01944,KH40,Giay the thao,Thoi trang,10,60.7,2024-07-26,Bac
D01945,KH30,Quan jean,Thoi trang,9,35.5,2024-03-18,Bac
D01946,KH02,Sach Spark,Sach,11,24.8,2024-05-28,Nam
D01947,KH23,Tai nghe,Dien tu,1,46.3,2024-03-11,Nam
D01948,KH10,Quan jean,Thoi trang,9,38.3,2024-05-28,Bac
D01949,KH04,Noi com dien,Gia dung,2,52.4,2024-07-25,Bac
D01950,KH30,Tai nghe,Dien tu,3,44.6,2024-06-23,Nam
D01951,KH17,Quan jean,Thoi trang,1,35.0,2024-04-29,Nam
D01952,KH12,Ao thun,Thoi trang,8,11.9,2025-02-03,Bac
D01953,KH06,May xay,Gia dung,11,40.6,2024-11-12,Trung
D01954,KH35,Sach Spark,Sach,1,22.5,2024-05-02,Nam
D01955,KH30,Quan jean,Thoi trang,2,35.2,2024-04-05,Nam
D01956,KH39,Giay the thao,Thoi trang,8,63.1,2024-10-02,Bac
D01957,KH05,Sach Spark,Sach,4,23.4,2024-12-02,Nam
D01958,KH40,Sach Python,Sach,1,20.3,2024-06-21,Nam
D01959,KH15,Giay the thao,Thoi trang,11,59.4,2024-10-03,Nam
D01960,KH16,Laptop,Dien tu,2,1622.7,2024-07-13,Nam
D01961,KH20,Quan jean,Thoi trang,10,31.6,2024-12-30,Bac
D01962,KH09,Noi com dien,Gia dung,3,57.2,2025-01-01,Bac
D01963,KH08,Sach Spark,Sach,3,22.7,2024-07-18,Nam
D01964,KH05,Quan jean,Thoi trang,4,34.1,2025-02-07,Bac
D01965,KH18,May xay,Gia dung,7,41.2,2024-10-08,Nam
D01966,KH20,Dien thoai,Dien tu,3,759.6,2024-07-14,Bac
D01967,KH11,Sach Python,Sach,9,21.6,2024-06-21,Trung
D01968,KH15,May xay,Gia dung,3,36.6,2024-11-15,Nam
D01969,KH11,Quan jean,Thoi trang,10,32.7,2024-07-26,Trung
D01970,KH29,Quan jean,Thoi trang,5,35.2,2025-01-31,Nam
D01971,KH07,Ao thun,Thoi trang,7,12.0,2024-09-09,Nam
D01972,KH25,Sach Spark,Sach,7,24.2,2024-12-17,Trung
D01973,KH27,Sach Spark,Sach,1,25.7,2025-02-19,Trung
D01974,KH04,Dien thoai,Dien tu,2,724.7,2024-10-09,Bac
D01975,KH03,Noi com dien,Gia dung,11,52.3,2024-04-20,Bac
D01976,KH07,Quan jean,Thoi trang,11,37.5,2024-06-29,Nam
D01977,KH19,Sach Spark,Sach,8,27.0,2024-12-23,Nam
D01978,KH08,Sach Spark,Sach,1,26.1,2024-09-15,Nam
D01979,KH29,Dien thoai,Dien tu,2,865.9,2024-12-28,Trung
D01980,KH35,Laptop,Dien tu,2,1622.6,2024-06-04,Nam
D01981,KH24,Tai nghe,Dien tu,3,41.7,2024-08-29,Trung
D01982,KH26,Sach Python,Sach,1,22.0,2024-04-05,Nam
D01983,KH04,Sach Python,Sach,8,18.6,2024-11-15,Bac
D01984,KH33,Quan jean,Thoi trang,10,34.1,2024-10-27,Trung
D01985,KH09,Tai nghe,Dien tu,2,47.6,2025-01-27,Nam
D01986,KH18,Dien thoai,Dien tu,1,779.9,2024-03-14,Bac
D01987,KH04,Noi com dien,Gia dung,1,54.8,2024-05-31,Trung
D01988,KH04,Dien thoai,Dien tu,3,747.4,2025-01-03,Trung
D01989,KH02,Quan jean,Thoi trang,11,37.5,2024-07-10,Nam
D01990,KH12,Sach Spark,Sach,11,23.8,2024-03-25,Bac
D01991,KH15,Noi com dien,Gia dung,4,55.8,2025-02-23,Trung
D01992,KH08,Giay the thao,Thoi trang,2,65.6,2025-01-17,Bac
D01993,KH24,Sach Python,Sach,9,18.2,2024-03-19,Bac
D01994,KH40,Laptop,Dien tu,3,1479.1,2024-05-18,Nam
D01995,KH19,Tai nghe,Dien tu,2,42.6,2024-08-12,Bac
D01996,KH30,Giay the thao,Thoi trang,7,62.6,2024-03-13,Trung
D01997,KH28,Laptop,Dien tu,2,1388.2,2024-04-24,Trung
D01998,KH25,Tai nghe,Dien tu,3,47.1,2024-04-17,Nam
D01999,KH33,Dien thoai,Dien tu,1,861.4,2024-03-01,Nam
D02000,KH39,Laptop,Dien tu,1,1541.8,2024-04-23,Bac
D02001,KH21,Dien thoai,Dien tu,3,729.4,2024-08-29,Nam
D02002,KH30,Dien thoai,Dien tu,2,759.0,2024-07-05,Bac
D02003,KH34,Dien thoai,Dien tu,2,789.3,2024-03-30,Bac
D02004,KH03,Giay the thao,Thoi trang,8,58.7,2024-09-30,Nam
D02005,KH07,Giay the thao,Thoi trang,5,61.3,2025-02-15,Nam
D02006,KH34,Sach Python,Sach,4,20.8,2024-06-10,Trung
D02007,KH27,May xay,Gia dung,8,39.4,2025-02-23,Bac
D02008,KH36,Sach Spark,Sach,9,26.6,2024-11-08,Bac
D02009,KH31,Quan jean,Thoi trang,6,34.8,2024-08-04,Bac
D02010,KH08,Tai nghe,Dien tu,3,43.4,2024-08-02,Trung
D02011,KH12,Sach Spark,Sach,5,25.4,2024-09-23,Nam
D02012,KH08,Sach Spark,Sach,11,27.0,2024-05-06,Nam
D02013,KH40,Dien thoai,Dien tu,2,797.4,2024-07-14,Nam
D02014,KH33,Ao thun,Thoi trang,5,13.0,2024-11-07,Nam
D02015,KH18,Ao thun,Thoi trang,11,11.6,2024-09-28,Bac
D02016,KH37,Giay the thao,Thoi trang,8,54.5,2024-07-09,Nam
D02017,KH36,Laptop,Dien tu,1,1593.7,2024-11-11,Bac
D02018,KH37,Sach Spark,Sach,3,26.9,2024-09-27,Bac
D02019,KH20,Ao thun,Thoi trang,3,13.3,2024-09-18,Bac
D02020,KH17,Tai nghe,Dien tu,3,46.1,2025-02-01,Nam
D02021,KH10,May xay,Gia dung,2,43.9,2024-12-05,Nam
D02022,KH34,Laptop,Dien tu,1,1487.6,2024-12-05,Bac
D02023,KH10,Tai nghe,Dien tu,2,42.0,2024-10-27,Trung
D02024,KH31,Noi com dien,Gia dung,1,53.1,2024-09-08,Nam
D02025,KH22,Dien thoai,Dien tu,1,731.8,2024-03-27,Bac
D02026,KH03,Sach Python,Sach,5,18.1,2025-01-10,Bac
D02027,KH08,Noi com dien,Gia dung,4,56.1,2024-12-11,Bac
D02028,KH08,Laptop,Dien tu,2,1505.3,2024-03-08,Bac
D02029,KH13,Giay the thao,Thoi trang,7,65.8,2024-07-10,Nam
D02030,KH04,Sach Python,Sach,7,21.9,2025-01-11,Trung
D02031,KH38,Laptop,Dien tu,1,1376.9,2024-12-28,Bac
D02032,KH35,Sach Spark,Sach,2,24.1,2024-11-30,Bac
D02033,KH11,Quan jean,Thoi trang,11,37.8,2024-10-05,Nam
D02034,KH12,Sach Spark,Sach,5,26.6,2025-02-21,Nam
D02035,KH33,Quan jean,Thoi trang,11,37.3,2024-09-02,Bac
D02036,KH23,May xay,Gia dung,9,42.8,2024-09-10,Bac
D02037,KH18,Laptop,Dien tu,3,1391.3,2024-03-06,Nam
D02038,KH34,May xay,Gia dung,3,40.5,2024-11-10,Bac
D02039,KH03,Noi com dien,Gia dung,3,57.6,2024-05-16,Nam
D02040,KH04,Giay the thao,Thoi trang,7,58.1,2024-06-17,Nam
D02041,KH33,Dien thoai,Dien tu,1,814.3,2024-12-17,Nam
D02042,KH18,May xay,Gia dung,8,37.7,2024-11-10,Trung
D02043,KH11,Dien thoai,Dien tu,1,843.9,2024-08-30,Trung
D02044,KH11,Ao thun,Thoi trang,8,13.5,2025-02-16,Nam
D02045,KH24,Dien thoai,Dien tu,1,789.0,2025-01-18,Trung
D02046,KH34,Laptop,Dien tu,2,1429.7,2024-05-31,Bac
D02047,KH01,Tai nghe,Dien tu,1,46.7,2024-08-31,Bac
D02048,KH22,Sach Spark,Sach,4,27.1,2024-11-18,Bac
D02049,KH17,Sach Spark,Sach,3,22.7,2024-06-29,Trung
D02050,KH07,May xay,Gia dung,9,38.3,2024-07-18,Bac
D02051,KH21,Quan jean,Thoi trang,3,36.7,2025-01-15,Trung
D02052,KH25,Noi com dien,Gia dung,9,59.8,2024-07-23,Trung
D02053,KH34,May xay,Gia dung,10,42.1,2024-05-20,Nam
D02054,KH13,May xay,Gia dung,5,40.5,2024-09-08,Nam
D02055,KH13,Sach Python,Sach,2,18.7,2025-02-09,Bac
D02056,KH08,Noi com dien,Gia dung,2,59.9,2025-02-22,Nam
D02057,KH04,Laptop,Dien tu,1,1509.1,2025-02-01,Nam
D02058,KH20,Laptop,Dien tu,1,1390.7,2024-12-12,Bac
D02059,KH29,Sach Spark,Sach,11,25.0,2024-03-29,Trung
D02060,KH29,Giay the thao,Thoi trang,9,63.6,2024-06-24,Nam
D02061,KH27,Noi com dien,Gia dung,6,58.9,2024-12-20,Trung
D02062,KH07,Quan jean,Thoi trang,1,34.5,2024-03-01,Bac
D02063,KH23,Giay the thao,Thoi trang,10,62.1,2024-11-27,Trung
D02064,KH31,Giay the thao,Thoi trang,6,58.0,2024-07-09,Bac
D02065,KH05,Giay the thao,Thoi trang,9,65.6,2024-05-20,Nam
D02066,KH08,Ao thun,Thoi trang,11,12.6,2024-11-02,Nam
D02067,KH13,Giay the thao,Thoi trang,4,56.5,2024-06-07,Nam
D02068,KH25,Sach Python,Sach,11,21.1,2024-10-16,Nam
D02069,KH30,Dien thoai,Dien tu,3,727.6,2024-04-27,Bac
D02070,KH15,Laptop,Dien tu,1,1365.8,2024-10-28,Trung
D02071,KH16,May xay,Gia dung,5,37.5,2024-09-28,Nam
D02072,KH32,Sach Python,Sach,1,20.9,2024-09-25,Bac
D02073,KH20,Quan jean,Thoi trang,6,34.3,2024-09-17,Nam
D02074,KH35,Sach Spark,Sach,9,23.0,2024-12-11,Nam
D02075,KH22,Sach Python,Sach,10,20.0,2024-08-06,Nam
D02076,KH29,Quan jean,Thoi trang,3,38.0,2024-04-05,Bac
D02077,KH35,Giay the thao,Thoi trang,6,54.7,2024-11-09,Bac
D02078,KH17,Giay the thao,Thoi trang,10,65.2,2024-11-07,Trung
D02079,KH27,Ao thun,Thoi trang,3,13.0,2024-03-31,Bac
D02080,KH08,Ao thun,Thoi trang,10,13.3,2024-08-19,Bac
D02081,KH34,Noi com dien,Gia dung,2,50.0,2024-05-03,Nam
D02082,KH18,Sach Spark,Sach,4,26.0,2024-12-27,Trung
D02083,KH24,Noi com dien,Gia dung,4,51.1,2025-01-06,Bac
D02084,KH17,Sach Python,Sach,11,22.0,2025-02-28,Bac
D02085,KH08,Laptop,Dien tu,1,1405.3,2024-12-11,Bac
D02086,KH20,Ao thun,Thoi trang,9,13.2,2024-08-24,Bac
D02087,KH21,Quan jean,Thoi trang,1,35.5,2024-03-01,Bac
D02088,KH27,Sach Spark,Sach,11,24.3,2025-02-04,Nam
D02089,KH38,Tai nghe,Dien tu,2,45.7,2024-06-17,Trung
D02090,KH18,Sach Spark,Sach,8,24.5,2024-11-24,Bac
D02091,KH07,Dien thoai,Dien tu,2,739.7,2024-10-01,Bac
D02092,KH25,Dien thoai,Dien tu,3,780.8,2024-07-05,Nam
D02093,KH21,Ao thun,Thoi trang,5,12.8,2024-03-08,Trung
D02094,KH39,Laptop,Dien tu,1,1474.5,2024-11-01,Nam
D02095,KH17,Sach Spark,Sach,11,25.7,2024-07-11,Nam
D02096,KH33,Quan jean,Thoi trang,8,37.9,2025-02-11,Nam
D02097,KH29,Giay the thao,Thoi trang,4,54.8,2024-11-21,Nam
D02098,KH07,Sach Python,Sach,3,19.7,2024-05-10,Nam
D02099,KH01,Ao thun,Thoi trang,7,12.5,2024-03-21,Trung
D02100,KH17,Sach Spark,Sach,8,26.8,2024-05-26,Nam
D02101,KH31,Laptop,Dien tu,1,1614.0,2024-08-21,Bac
D02102,KH34,Sach Spark,Sach,8,27.0,2024-03-05,Nam
D02103,KH18,Sach Python,Sach,6,21.6,2024-06-08,Bac
D02104,KH08,Tai nghe,Dien tu,1,46.2,2024-10-10,Nam
D02105,KH25,Quan jean,Thoi trang,11,34.6,2025-02-25,Nam
D02106,KH33,Dien thoai,Dien tu,1,782.8,2025-01-18,Bac
D02107,KH37,May xay,Gia dung,6,39.9,2024-06-17,Bac
D02108,KH38,Tai nghe,Dien tu,3,48.9,2024-05-04,Bac
D02109,KH30,Dien thoai,Dien tu,2,871.2,2024-07-30,Nam
D02110,KH27,Laptop,Dien tu,1,1508.6,2024-07-22,Trung
D02111,KH29,Giay the thao,Thoi trang,10,63.8,2024-05-22,Bac
D02112,KH16,Sach Spark,Sach,1,27.5,2024-06-26,Trung
D02113,KH35,Quan jean,Thoi trang,11,36.0,2024-05-02,Trung
D02114,KH21,Giay the thao,Thoi trang,11,59.1,2025-01-23,Nam
D02115,KH05,Tai nghe,Dien tu,2,41.5,2024-06-02,Bac
D02116,KH19,Giay the thao,Thoi trang,2,55.3,2024-06-05,Nam
D02117,KH35,May xay,Gia dung,7,42.0,2024-10-02,Bac
D02118,KH31,Ao thun,Thoi trang,8,11.9,2024-06-02,Nam
D02119,KH13,Sach Spark,Sach,10,25.4,2024-10-30,Nam
D02120,KH04,Tai nghe,Dien tu,3,43.6,2024-04-07,Bac
D02121,KH22,Tai nghe,Dien tu,3,42.7,2024-07-03,Bac
D02122,KH08,Quan jean,Thoi trang,6,33.0,2025-02-06,Bac
D02123,KH37,Tai nghe,Dien tu,3,43.3,2024-11-07,Bac
D02124,KH09,Laptop,Dien tu,3,1544.6,2024-07-05,Trung
D02125,KH04,Laptop,Dien tu,1,1456.6,2024-12-23,Trung
D02126,KH09,Sach Python,Sach,11,20.3,2024-03-26,Trung
D02127,KH14,Dien thoai,Dien tu,2,811.3,2024-07-11,Trung
D02128,KH22,Quan jean,Thoi trang,5,37.9,2025-02-21,Trung
D02129,KH13,Tai nghe,Dien tu,1,48.8,2024-11-22,Nam
D02130,KH34,Noi com dien,Gia dung,3,59.3,2024-03-20,Nam
D02131,KH33,Giay the thao,Thoi trang,8,62.6,2024-06-26,Bac
D02132,KH08,Noi com dien,Gia dung,10,59.9,2024-10-11,Nam
D02133,KH21,Dien thoai,Dien tu,1,760.0,2024-06-30,Bac
D02134,KH11,Sach Spark,Sach,3,27.4,2024-10-25,Bac
D02135,KH12,May xay,Gia dung,2,38.7,2024-10-20,Bac
D02136,KH05,Ao thun,Thoi trang,5,13.7,2024-06-26,Trung
D02137,KH32,Ao thun,Thoi trang,10,11.4,2025-01-29,Nam
D02138,KH04,Tai nghe,Dien tu,2,46.9,2024-06-26,Nam
D02139,KH38,Laptop,Dien tu,3,1522.5,2024-11-06,Nam
D02140,KH21,Noi com dien,Gia dung,11,57.1,2024-03-30,Trung
D02141,KH16,Giay the thao,Thoi trang,2,54.3,2025-01-15,Trung
D02142,KH01,Tai nghe,Dien tu,3,41.7,2024-09-13,Nam
D02143,KH14,Giay the thao,Thoi trang,11,61.6,2025-02-04,Bac
D02144,KH22,Laptop,Dien tu,2,1559.0,2025-01-13,Trung
D02145,KH25,Noi com dien,Gia dung,9,58.7,2024-06-01,Bac
D02146,KH34,Tai nghe,Dien tu,1,49.2,2024-09-20,Nam
D02147,KH13,Sach Python,Sach,6,19.5,2024-09-06,Nam
D02148,KH06,Sach Python,Sach,2,18.5,2024-07-25,Bac
D02149,KH13,Quan jean,Thoi trang,2,34.9,2024-04-22,Bac
D02150,KH09,Dien thoai,Dien tu,2,813.8,2024-11-16,Trung
D02151,KH27,Noi com dien,Gia dung,9,59.9,2024-07-21,Bac
D02152,KH33,Sach Spark,Sach,3,23.7,2024-12-18,Trung
D02153,KH33,Laptop,Dien tu,1,1392.7,2024-09-08,Trung
D02154,KH20,Laptop,Dien tu,3,1554.6,2024-08-03,Nam
D02155,KH12,Dien thoai,Dien tu,2,869.3,2024-08-28,Bac
D02156,KH06,Laptop,Dien tu,3,1588.5,2024-09-14,Trung
D02157,KH14,Sach Python,Sach,1,20.4,2025-01-26,Nam
D02158,KH05,Sach Python,Sach,1,21.4,2024-05-03,Trung
D02159,KH36,May xay,Gia dung,2,42.5,2024-11-02,Bac
D02160,KH03,Sach Python,Sach,7,19.5,2024-12-28,Bac
D02161,KH18,Ao thun,Thoi trang,7,13.5,2024-05-25,Bac
D02162,KH10,Quan jean,Thoi trang,11,38.0,2024-11-27,Nam
D02163,KH33,Ao thun,Thoi trang,8,11.9,2024-08-27,Nam
D02164,KH35,Sach Spark,Sach,4,25.3,2024-05-18,Nam
D02165,KH29,Quan jean,Thoi trang,2,32.9,2024-11-02,Trung
D02166,KH20,Noi com dien,Gia dung,6,49.6,2024-05-22,Nam
D02167,KH04,Noi com dien,Gia dung,7,50.1,2024-10-26,Nam
D02168,KH18,Sach Spark,Sach,1,23.9,2024-06-17,Trung
D02169,KH13,May xay,Gia dung,10,38.8,2025-02-24,Nam
D02170,KH06,Giay the thao,Thoi trang,7,59.1,2025-02-17,Bac
D02171,KH03,Tai nghe,Dien tu,1,45.7,2024-09-26,Bac
D02172,KH24,Tai nghe,Dien tu,3,41.7,2024-06-15,Trung
D02173,KH33,May xay,Gia dung,10,41.8,2025-01-18,Bac
D02174,KH36,Laptop,Dien tu,2,1364.8,2024-05-11,Trung
D02175,KH14,Sach Python,Sach,3,20.9,2024-05-25,Bac
D02176,KH22,Quan jean,Thoi trang,4,31.8,2024-08-11,Bac
D02177,KH14,Dien thoai,Dien tu,3,876.4,2025-02-18,Trung
D02178,KH34,Noi com dien,Gia dung,8,55.3,2025-01-03,Bac
D02179,KH10,May xay,Gia dung,9,40.0,2024-05-30,Bac
D02180,KH38,Laptop,Dien tu,1,1601.3,2024-09-14,Nam
D02181,KH37,Giay the thao,Thoi trang,5,64.3,2024-08-31,Bac
D02182,KH11,May xay,Gia dung,6,36.9,2024-08-24,Bac
D02183,KH32,Ao thun,Thoi trang,11,12.0,2024-12-13,Nam
D02184,KH25,Sach Spark,Sach,10,27.3,2025-02-21,Nam
D02185,KH30,Giay the thao,Thoi trang,11,64.1,2024-06-18,Bac
D02186,KH37,May xay,Gia dung,11,36.8,2024-11-28,Bac
D02187,KH06,Dien thoai,Dien tu,2,766.8,2024-08-29,Nam
D02188,KH34,Tai nghe,Dien tu,3,47.5,2024-06-21,Nam
D02189,KH24,Quan jean,Thoi trang,11,34.0,2024-10-08,Trung
D02190,KH15,Giay the thao,Thoi trang,4,59.4,2024-11-14,Bac
D02191,KH31,Dien thoai,Dien tu,1,835.4,2024-11-19,Trung
D02192,KH02,Ao thun,Thoi trang,6,13.4,2024-09-07,Nam
D02193,KH14,May xay,Gia dung,9,38.9,2024-10-03,Nam
D02194,KH25,Sach Spark,Sach,6,23.0,2024-09-12,Bac
D02195,KH22,Tai nghe,Dien tu,3,43.2,2024-12-26,Bac
D02196,KH23,Giay the thao,Thoi trang,1,63.7,2024-03-08,Bac
D02197,KH28,Noi com dien,Gia dung,11,52.8,2024-10-21,Bac
D02198,KH20,Sach Python,Sach,2,20.6,2024-07-17,Trung
D02199,KH32,May xay,Gia dung,4,37.4,2024-04-10,Bac
D02200,KH37,Tai nghe,Dien tu,2,47.0,2024-04-27,Bac
D02201,KH11,Sach Python,Sach,2,22.0,2024-03-26,Bac
D02202,KH01,Tai nghe,Dien tu,3,44.9,2024-08-16,Trung
D02203,KH27,Ao thun,Thoi trang,4,12.8,2024-08-09,Bac
D02204,KH14,Ao thun,Thoi trang,4,11.3,2024-03-27,Bac
D02205,KH31,Sach Python,Sach,6,21.1,2024-06-01,Trung
D02206,KH35,Quan jean,Thoi trang,4,37.7,2025-02-09,Nam
D02207,KH26,Quan jean,Thoi trang,3,37.1,2024-08-13,Bac
D02208,KH13,Laptop,Dien tu,3,1631.3,2024-08-11,Trung
D02209,KH33,Dien thoai,Dien tu,1,775.8,2024-06-02,Bac
D02210,KH08,May xay,Gia dung,9,36.8,2025-02-14,Trung
D02211,KH34,Sach Spark,Sach,8,24.2,2024-09-03,Nam
D02212,KH21,Tai nghe,Dien tu,2,46.8,2025-01-24,Bac
D02213,KH02,Ao thun,Thoi trang,5,11.3,2025-01-22,Bac
D02214,KH36,Giay the thao,Thoi trang,11,63.9,2024-03-22,Nam
D02215,KH34,Ao thun,Thoi trang,9,12.8,2024-05-01,Bac
D02216,KH03,Ao thun,Thoi trang,2,12.3,2024-09-24,Bac
D02217,KH28,Sach Python,Sach,2,21.2,2024-07-24,Nam
D02218,KH39,Quan jean,Thoi trang,1,33.8,2025-02-14,Bac
D02219,KH27,Dien thoai,Dien tu,2,789.8,2024-03-22,Nam
D02220,KH03,Sach Python,Sach,3,20.5,2024-05-21,Nam
D02221,KH11,Sach Python,Sach,4,19.0,2024-05-05,Trung
D02222,KH01,Giay the thao,Thoi trang,9,58.2,2024-08-06,Bac
D02223,KH30,Giay the thao,Thoi trang,1,64.2,2024-11-23,Trung
D02224,KH27,Ao thun,Thoi trang,9,13.6,2024-03-12,Nam
D02225,KH13,Sach Spark,Sach,2,26.9,2024-12-04,Trung
D02226,KH29,May xay,Gia dung,5,36.8,2024-06-07,Bac
D02227,KH01,Ao thun,Thoi trang,8,12.8,2024-09-14,Nam
D02228,KH16,Dien thoai,Dien tu,2,740.1,2024-10-23,Trung
D02229,KH31,Laptop,Dien tu,2,1360.1,2024-12-23,Bac
D02230,KH33,Sach Python,Sach,9,21.1,2024-07-15,Nam
D02231,KH12,Ao thun,Thoi trang,11,13.4,2024-12-09,Bac
D02232,KH25,Quan jean,Thoi trang,3,37.6,2024-12-28,Bac
D02233,KH28,Ao thun,Thoi trang,7,12.3,2024-05-03,Bac
D02234,KH23,Sach Python,Sach,6,20.8,2024-06-09,Trung
D02235,KH07,Ao thun,Thoi trang,6,13.7,2024-06-15,Bac
D02236,KH10,May xay,Gia dung,8,39.4,2024-08-29,Nam
D02237,KH34,Dien thoai,Dien tu,3,817.6,2025-01-28,Nam
D02238,KH34,May xay,Gia dung,1,36.6,2024-07-16,Bac
D02239,KH30,Sach Python,Sach,1,20.0,2024-05-20,Bac
D02240,KH18,Dien thoai,Dien tu,3,768.5,2024-11-22,Nam
D02241,KH11,Sach Spark,Sach,6,24.7,2024-05-05,Nam
D02242,KH11,Tai nghe,Dien tu,2,47.2,2024-05-27,Nam
D02243,KH19,Sach Spark,Sach,6,25.4,2024-03-09,Nam
D02244,KH22,Ao thun,Thoi trang,6,13.0,2024-06-21,Nam
D02245,KH06,Sach Spark,Sach,4,24.6,2024-12-18,Nam
D02246,KH37,May xay,Gia dung,11,37.2,2024-03-26,Bac
D02247,KH16,Noi com dien,Gia dung,6,58.7,2025-02-11,Nam
D02248,KH25,Dien thoai,Dien tu,3,859.0,2024-07-09,Nam
D02249,KH01,Laptop,Dien tu,3,1499.5,2024-05-25,Nam
D02250,KH12,Sach Python,Sach,11,19.5,2024-04-19,Nam
D02251,KH37,Ao thun,Thoi trang,9,12.6,2024-06-27,Nam
D02252,KH33,Ao thun,Thoi trang,4,13.1,2024-06-22,Nam
D02253,KH27,Giay the thao,Thoi trang,5,58.0,2024-10-12,Bac
D02254,KH19,Dien thoai,Dien tu,2,828.7,2024-10-20,Bac
D02255,KH03,Giay the thao,Thoi trang,1,63.8,2024-03-24,Trung
D02256,KH23,Sach Python,Sach,1,21.7,2024-06-02,Nam
D02257,KH31,Sach Spark,Sach,1,26.3,2024-11-19,Trung
D02258,KH37,Sach Python,Sach,11,21.4,2024-06-19,Bac
D02259,KH18,Sach Spark,Sach,10,25.3,2024-08-14,Bac
D02260,KH18,Tai nghe,Dien tu,2,40.9,2025-02-08,Bac
D02261,KH02,Sach Spark,Sach,9,23.9,2024-09-04,Trung
D02262,KH10,Quan jean,Thoi trang,10,32.3,2024-08-09,Bac
D02263,KH23,Tai nghe,Dien tu,1,44.4,2024-07-05,Bac
D02264,KH24,Ao thun,Thoi trang,7,13.0,2024-10-24,Nam
D02265,KH36,Noi com dien,Gia dung,10,53.3,2024-07-22,Nam
D02266,KH29,Dien thoai,Dien tu,2,752.8,2024-07-03,Bac
D02267,KH28,Noi com dien,Gia dung,7,60.3,2025-01-07,Nam
D02268,KH32,May xay,Gia dung,9,40.1,2024-11-30,Trung
D02269,KH17,Laptop,Dien tu,3,1452.7,2024-03-05,Bac
D02270,KH17,Giay the thao,Thoi trang,9,57.9,2024-11-17,Bac
D02271,KH03,Sach Spark,Sach,11,24.8,2024-11-01,Bac
D02272,KH18,Ao thun,Thoi trang,5,12.5,2024-05-02,Nam
D02273,KH13,Sach Python,Sach,9,19.6,2024-09-20,Bac
D02274,KH15,Quan jean,Thoi trang,8,35.2,2024-04-30,Bac
D02275,KH36,Quan jean,Thoi trang,6,32.6,2024-06-30,Trung
D02276,KH13,Laptop,Dien tu,2,1462.2,2025-01-21,Bac
D02277,KH01,Dien thoai,Dien tu,2,748.8,2024-12-11,Bac
D02278,KH31,Tai nghe,Dien tu,2,48.7,2024-12-24,Nam
D02279,KH31,Noi com dien,Gia dung,9,56.0,2024-08-11,Trung
D02280,KH21,Sach Python,Sach,7,19.1,2024-03-16,Trung
D02281,KH21,Quan jean,Thoi trang,9,31.7,2024-08-15,Bac
D02282,KH06,Tai nghe,Dien tu,2,45.8,2025-01-05,Bac
D02283,KH06,Sach Python,Sach,9,18.1,2024-06-20,Bac
D02284,KH21,Dien thoai,Dien tu,3,855.8,2024-04-29,Bac
D02285,KH01,Laptop,Dien tu,3,1540.0,2024-10-18,Nam
D02286,KH12,Laptop,Dien tu,1,1503.1,2024-11-14,Bac
D02287,KH39,Noi com dien,Gia dung,4,55.7,2024-12-11,Nam
D02288,KH38,Noi com dien,Gia dung,9,53.0,2024-03-24,Nam
D02289,KH07,Sach Spark,Sach,1,23.8,2024-05-12,Nam
D02290,KH01,Ao thun,Thoi trang,6,11.6,2024-09-08,Nam
D02291,KH36,May xay,Gia dung,4,40.2,2024-12-25,Trung
D02292,KH03,May xay,Gia dung,1,37.8,2024-04-30,Nam
D02293,KH23,Ao thun,Thoi trang,9,11.3,2024-11-24,Nam
D02294,KH02,Quan jean,Thoi trang,7,38.1,2024-03-02,Nam
D02295,KH08,Laptop,Dien tu,3,1473.1,2025-01-25,Nam
D02296,KH16,Ao thun,Thoi trang,9,12.8,2024-11-13,Bac
D02297,KH01,May xay,Gia dung,11,36.3,2025-01-05,Trung
D02298,KH11,Tai nghe,Dien tu,2,46.6,2024-03-12,Nam
D02299,KH18,Giay the thao,Thoi trang,7,59.7,2024-11-08,Trung
D02300,KH14,May xay,Gia dung,11,44.0,2024-05-11,Nam
D02301,KH05,Quan jean,Thoi trang,9,31.7,2025-01-04,Bac
D02302,KH25,Sach Spark,Sach,5,26.2,2024-10-19,Nam
D02303,KH37,Noi com dien,Gia dung,10,56.2,2024-07-14,Nam
D02304,KH24,Dien thoai,Dien tu,2,835.4,2024-04-08,Trung
D02305,KH39,May xay,Gia dung,7,36.9,2024-04-26,Trung
D02306,KH05,Sach Python,Sach,3,18.3,2024-07-23,Trung
D02307,KH37,Laptop,Dien tu,1,1411.2,2024-06-22,Bac
D02308,KH30,Dien thoai,Dien tu,1,753.6,2024-04-02,Nam
D02309,KH04,May xay,Gia dung,1,38.5,2024-08-25,Nam
D02310,KH13,Ao thun,Thoi trang,5,13.7,2024-10-20,Bac
D02311,KH14,Dien thoai,Dien tu,3,789.1,2025-02-12,Nam
D02312,KH29,Quan jean,Thoi trang,6,32.0,2025-02-21,Trung
D02313,KH11,May xay,Gia dung,3,42.7,2024-11-02,Bac
D02314,KH28,Laptop,Dien tu,3,1406.7,2024-07-12,Nam
D02315,KH12,Dien thoai,Dien tu,1,853.6,2025-02-02,Nam
D02316,KH31,May xay,Gia dung,7,40.5,2024-10-31,Bac
D02317,KH11,Tai nghe,Dien tu,2,43.5,2024-12-28,Nam
D02318,KH07,Quan jean,Thoi trang,6,37.1,2024-04-01,Bac
D02319,KH20,Giay the thao,Thoi trang,8,64.3,2024-11-23,Bac
D02320,KH16,Ao thun,Thoi trang,5,11.7,2024-08-13,Nam
D02321,KH37,Tai nghe,Dien tu,2,47.5,2024-06-08,Nam
D02322,KH06,Quan jean,Thoi trang,10,36.8,2024-06-03,Nam
D02323,KH05,Quan jean,Thoi trang,4,35.8,2024-08-25,Bac
D02324,KH03,Ao thun,Thoi trang,8,13.4,2024-06-24,Bac
D02325,KH01,Tai nghe,Dien tu,3,41.7,2025-02-19,Bac
D02326,KH15,Sach Python,Sach,2,18.0,2024-08-03,Nam
D02327,KH02,Sach Spark,Sach,7,25.5,2024-08-21,Nam
D02328,KH06,Sach Spark,Sach,8,25.5,2024-06-06,Bac
D02329,KH20,May xay,Gia dung,9,39.0,2024-04-01,Bac
D02330,KH24,Dien thoai,Dien tu,3,859.6,2025-01-05,Trung
D02331,KH27,Sach Spark,Sach,8,24.3,2024-07-11,Bac
D02332,KH05,Sach Spark,Sach,11,24.2,2024-09-18,Bac
D02333,KH35,Sach Python,Sach,3,22.0,2024-05-16,Nam
D02334,KH35,Quan jean,Thoi trang,3,31.7,2024-11-02,Trung
D02335,KH16,Quan jean,Thoi trang,2,33.9,2024-07-10,Bac
D02336,KH40,Sach Python,Sach,8,20.2,2024-11-28,Trung
D02337,KH33,Quan jean,Thoi trang,9,35.1,2024-06-09,Nam
D02338,KH04,Tai nghe,Dien tu,3,44.6,2024-12-20,Trung
D02339,KH14,May xay,Gia dung,9,38.2,2024-05-22,Bac
D02340,KH35,Dien thoai,Dien tu,3,773.9,2024-06-05,Bac
D02341,KH05,Noi com dien,Gia dung,11,50.0,2024-07-22,Nam
D02342,KH36,Ao thun,Thoi trang,1,13.0,2024-07-22,Trung
D02343,KH18,Quan jean,Thoi trang,7,35.5,2024-11-14,Trung
D02344,KH33,Sach Python,Sach,6,21.9,2024-04-10,Bac
D02345,KH01,Tai nghe,Dien tu,3,47.6,2024-10-11,Nam
D02346,KH16,Dien thoai,Dien tu,1,877.1,2024-09-14,Bac
D02347,KH22,Noi com dien,Gia dung,4,54.5,2024-09-14,Nam
D02348,KH39,Sach Spark,Sach,3,23.4,2024-08-28,Bac
D02349,KH38,Tai nghe,Dien tu,2,42.8,2024-11-18,Trung
D02350,KH31,Laptop,Dien tu,1,1637.8,2024-05-26,Nam
D02351,KH17,Ao thun,Thoi trang,6,11.5,2024-04-07,Bac
D02352,KH32,May xay,Gia dung,1,40.0,2024-08-22,Nam
D02353,KH27,Tai nghe,Dien tu,3,41.0,2024-05-26,Bac
D02354,KH37,Quan jean,Thoi trang,6,36.1,2024-09-16,Nam
D02355,KH14,May xay,Gia dung,9,44.0,2024-11-22,Bac
D02356,KH07,Sach Spark,Sach,4,25.5,2024-07-25,Trung
D02357,KH05,Tai nghe,Dien tu,1,41.2,2024-09-17,Nam
D02358,KH02,Quan jean,Thoi trang,7,35.3,2024-05-13,Bac
D02359,KH31,Ao thun,Thoi trang,7,13.5,2025-02-07,Nam
D02360,KH31,May xay,Gia dung,1,43.9,2024-04-12,Bac
D02361,KH15,Giay the thao,Thoi trang,6,62.9,2024-03-23,Nam
D02362,KH37,May xay,Gia dung,9,40.4,2024-07-19,Trung
D02363,KH38,Tai nghe,Dien tu,1,44.9,2024-12-24,Bac
D02364,KH16,Dien thoai,Dien tu,3,745.4,2024-04-10,Bac
D02365,KH35,May xay,Gia dung,10,39.7,2025-01-07,Trung
D02366,KH34,Tai nghe,Dien tu,1,42.3,2024-03-29,Nam
D02367,KH14,Sach Spark,Sach,3,26.1,2024-08-26,Trung
D02368,KH37,Sach Spark,Sach,9,26.0,2024-05-11,Bac
D02369,KH05,May xay,Gia dung,6,36.1,2024-10-07,Trung
D02370,KH25,Quan jean,Thoi trang,9,32.2,2024-05-31,Nam
D02371,KH37,Noi com dien,Gia dung,4,50.9,2024-06-03,Nam
D02372,KH25,Quan jean,Thoi trang,10,34.3,2024-08-01,Bac
D02373,KH28,Laptop,Dien tu,3,1413.3,2024-11-17,Bac
D02374,KH30,Tai nghe,Dien tu,1,45.2,2024-07-16,Bac
D02375,KH19,Noi com dien,Gia dung,1,59.6,2024-04-16,Trung
D02376,KH28,May xay,Gia dung,11,38.7,2024-08-03,Nam
D02377,KH25,Quan jean,Thoi trang,2,33.6,2024-06-16,Bac
D02378,KH31,May xay,Gia dung,1,39.8,2024-10-12,Bac
D02379,KH31,Sach Spark,Sach,11,23.6,2024-03-25,Nam
D02380,KH21,Quan jean,Thoi trang,2,36.7,2024-03-10,Bac
D02381,KH02,Tai nghe,Dien tu,1,42.3,2024-03-26,Bac
D02382,KH19,Sach Spark,Sach,2,24.6,2024-10-11,Trung
D02383,KH25,Tai nghe,Dien tu,1,41.4,2025-02-21,Bac
D02384,KH32,Giay the thao,Thoi trang,3,61.2,2024-04-09,Bac
D02385,KH30,Tai nghe,Dien tu,3,45.6,2024-11-15,Bac
D02386,KH36,Sach Spark,Sach,7,24.0,2025-01-02,Trung
D02387,KH18,Dien thoai,Dien tu,3,776.4,2024-03-01,Trung
D02388,KH23,Giay the thao,Thoi trang,5,62.3,2024-12-31,Bac
D02389,KH09,May xay,Gia dung,7,38.9,2024-04-24,Nam
D02390,KH15,Sach Python,Sach,10,20.8,2024-05-30,Nam
D02391,KH20,May xay,Gia dung,11,36.4,2024-03-19,Bac
D02392,KH16,Dien thoai,Dien tu,3,734.9,2025-02-08,Nam
D02393,KH38,Sach Spark,Sach,1,23.1,2025-02-08,Bac
D02394,KH37,Sach Spark,Sach,4,23.0,2024-06-19,Nam
D02395,KH33,Tai nghe,Dien tu,2,46.6,2024-03-16,Bac
D02396,KH07,Sach Spark,Sach,4,27.1,2024-12-25,Bac
D02397,KH18,May xay,Gia dung,8,38.3,2024-09-03,Nam
D02398,KH13,Laptop,Dien tu,3,1564.7,2024-11-12,Trung
D02399,KH33,Noi com dien,Gia dung,5,51.8,2024-09-22,Trung
D02400,KH32,Dien thoai,Dien tu,3,800.6,2024-04-22,Nam
D02401,KH19,Ao thun,Thoi trang,1,12.9,2024-11-02,Nam
D02402,KH30,Sach Python,Sach,4,18.6,2024-12-02,Trung
D02403,KH39,Sach Spark,Sach,5,24.3,2024-03-09,Bac
D02404,KH34,Tai nghe,Dien tu,2,43.0,2025-02-13,Nam
D02405,KH36,Sach Spark,Sach,4,25.9,2024-06-01,Bac
D02406,KH29,Quan jean,Thoi trang,2,37.5,2024-03-02,Trung
D02407,KH03,May xay,Gia dung,9,36.6,2024-08-12,Nam
D02408,KH37,Quan jean,Thoi trang,4,32.4,2024-06-23,Bac
D02409,KH35,Quan jean,Thoi trang,4,38.0,2024-12-28,Nam
D02410,KH11,Tai nghe,Dien tu,3,40.7,2024-11-13,Nam
D02411,KH38,Laptop,Dien tu,2,1484.4,2025-02-05,Nam
D02412,KH36,Dien thoai,Dien tu,1,872.0,2025-01-01,Nam
D02413,KH28,Giay the thao,Thoi trang,4,58.2,2024-10-03,Bac
D02414,KH11,Tai nghe,Dien tu,3,41.3,2024-08-11,Bac
D02415,KH22,Noi com dien,Gia dung,11,53.5,2024-05-25,Trung
D02416,KH03,Tai nghe,Dien tu,3,44.9,2024-07-01,Nam
D02417,KH08,May xay,Gia dung,11,42.6,2025-02-17,Nam
D02418,KH16,Ao thun,Thoi trang,3,11.6,2025-01-15,Nam
D02419,KH12,Giay the thao,Thoi trang,11,54.5,2024-04-11,Nam
D02420,KH04,Giay the thao,Thoi trang,4,55.9,2024-05-31,Bac
D02421,KH16,Quan jean,Thoi trang,8,31.7,2024-06-13,Nam
D02422,KH30,Laptop,Dien tu,1,1552.3,2024-11-14,Nam
D02423,KH07,Quan jean,Thoi trang,5,37.8,2024-09-01,Bac
D02424,KH25,Tai nghe,Dien tu,2,45.7,2025-02-24,Bac
D02425,KH04,Tai nghe,Dien tu,2,47.8,2024-08-01,Nam
D02426,KH39,May xay,Gia dung,8,43.0,2025-01-03,Nam
D02427,KH12,May xay,Gia dung,2,38.7,2024-07-01,Trung
D02428,KH07,Sach Spark,Sach,6,22.5,2024-10-04,Nam
D02429,KH33,Tai nghe,Dien tu,1,48.8,2025-02-01,Nam
D02430,KH32,Tai nghe,Dien tu,1,47.2,2025-01-05,Bac
D02431,KH34,Giay the thao,Thoi trang,1,64.4,2024-10-23,Bac
D02432,KH09,Ao thun,Thoi trang,4,13.1,2025-02-19,Bac
D02433,KH37,Noi com dien,Gia dung,5,56.3,2024-12-31,Nam
D02434,KH19,Noi com dien,Gia dung,3,49.9,2024-04-21,Bac
D02435,KH16,Noi com dien,Gia dung,2,50.6,2024-05-25,Trung
D02436,KH36,Giay the thao,Thoi trang,7,57.8,2024-12-30,Nam
D02437,KH28,Sach Python,Sach,7,20.4,2024-03-26,Nam
D02438,KH13,Noi com dien,Gia dung,8,55.1,2024-12-30,Bac
D02439,KH14,Ao thun,Thoi trang,5,13.3,2024-11-06,Bac
D02440,KH10,May xay,Gia dung,3,37.2,2025-02-26,Nam
D02441,KH23,Ao thun,Thoi trang,8,13.4,2024-08-31,Bac
D02442,KH31,Sach Spark,Sach,10,23.7,2024-06-07,Bac
D02443,KH12,Ao thun,Thoi trang,5,12.8,2024-03-31,Nam
D02444,KH03,Quan jean,Thoi trang,5,36.9,2024-07-17,Bac
D02445,KH01,Dien thoai,Dien tu,2,805.3,2025-01-24,Trung
D02446,KH21,Tai nghe,Dien tu,3,46.0,2024-06-22,Bac
D02447,KH34,Sach Python,Sach,8,20.3,2024-11-18,Nam
D02448,KH27,Quan jean,Thoi trang,7,36.0,2024-10-15,Trung
D02449,KH19,Ao thun,Thoi trang,5,11.8,2025-01-22,Trung
D02450,KH11,Sach Spark,Sach,1,22.6,2024-03-17,Nam
D02451,KH14,Laptop,Dien tu,1,1470.7,2024-07-31,Bac
D02452,KH02,Tai nghe,Dien tu,3,41.3,2024-04-25,Nam
D02453,KH16,Giay the thao,Thoi trang,6,55.8,2024-07-11,Trung
D02454,KH31,Noi com dien,Gia dung,10,58.0,2024-10-20,Bac
D02455,KH17,Quan jean,Thoi trang,5,32.2,2024-04-21,Nam
D02456,KH25,Sach Spark,Sach,10,24.8,2024-05-23,Bac
D02457,KH07,Quan jean,Thoi trang,4,38.0,2024-12-05,Bac
D02458,KH01,Quan jean,Thoi trang,1,38.1,2024-07-19,Bac
D02459,KH07,Giay the thao,Thoi trang,3,57.0,2024-03-29,Trung
D02460,KH22,Sach Python,Sach,11,20.7,2024-09-13,Bac
D02461,KH17,Noi com dien,Gia dung,1,51.2,2024-03-09,Nam
D02462,KH02,May xay,Gia dung,2,38.8,2025-01-22,Bac
D02463,KH36,Laptop,Dien tu,1,1473.1,2024-09-23,Nam
D02464,KH32,Sach Python,Sach,6,20.2,2024-06-11,Nam
D02465,KH30,Noi com dien,Gia dung,6,57.8,2024-11-25,Trung
D02466,KH05,Sach Python,Sach,6,19.7,2024-06-18,Bac
D02467,KH16,Quan jean,Thoi trang,4,38.3,2024-04-22,Bac
D02468,KH28,Quan jean,Thoi trang,10,35.3,2024-03-17,Trung
D02469,KH08,Tai nghe,Dien tu,2,41.4,2024-10-10,Bac
D02470,KH21,Sach Spark,Sach,9,26.4,2025-01-11,Nam
D02471,KH36,Noi com dien,Gia dung,3,52.8,2024-07-17,Nam
D02472,KH25,Tai nghe,Dien tu,2,48.8,2025-02-20,Nam
D02473,KH03,Tai nghe,Dien tu,1,48.3,2024-08-01,Nam
D02474,KH29,Quan jean,Thoi trang,8,36.1,2024-04-13,Bac
D02475,KH39,Giay the thao,Thoi trang,3,60.5,2024-05-10,Trung
D02476,KH28,Quan jean,Thoi trang,7,37.0,2024-06-19,Bac
D02477,KH38,Ao thun,Thoi trang,5,11.3,2024-10-06,Nam
D02478,KH34,Noi com dien,Gia dung,5,51.7,2024-11-06,Nam
D02479,KH33,Dien thoai,Dien tu,2,759.0,2025-02-27,Bac
D02480,KH09,Sach Spark,Sach,10,23.7,2024-11-24,Nam
D02481,KH09,Giay the thao,Thoi trang,4,54.6,2024-06-13,Bac
D02482,KH19,Quan jean,Thoi trang,10,34.9,2025-02-11,Nam
D02483,KH25,Sach Python,Sach,4,20.9,2024-05-26,Nam
D02484,KH03,Ao thun,Thoi trang,11,13.3,2024-08-12,Bac
D02485,KH29,Noi com dien,Gia dung,8,55.0,2024-10-25,Trung
D02486,KH05,Laptop,Dien tu,3,1510.8,2024-04-16,Nam
D02487,KH23,Dien thoai,Dien tu,3,758.8,2024-05-24,Bac
D02488,KH24,Tai nghe,Dien tu,1,40.9,2025-02-03,Bac
D02489,KH10,Tai nghe,Dien tu,3,44.1,2024-08-26,Nam
D02490,KH13,Ao thun,Thoi trang,11,11.7,2024-03-15,Trung
D02491,KH11,Noi com dien,Gia dung,6,58.4,2024-09-26,Trung
D02492,KH12,Giay the thao,Thoi trang,11,59.9,2024-03-28,Nam
D02493,KH40,Quan jean,Thoi trang,7,35.9,2025-01-15,Trung
D02494,KH32,Tai nghe,Dien tu,1,44.0,2024-08-15,Trung
D02495,KH16,Ao thun,Thoi trang,6,11.9,2025-02-03,Nam
D02496,KH03,Sach Python,Sach,2,20.0,2024-11-17,Bac
D02497,KH33,Sach Spark,Sach,8,23.4,2024-08-07,Bac
D02498,KH26,Giay the thao,Thoi trang,4,65.8,2025-02-22,Nam
D02499,KH09,Dien thoai,Dien tu,1,856.4,2024-10-25,Trung
D02500,KH04,Sach Spark,Sach,10,24.9,2024-12-03,Bac
D02501,KH20,Quan jean,Thoi trang,5,38.2,2024-03-13,Trung
D02502,KH40,May xay,Gia dung,10,43.5,2024-10-27,Bac
D02503,KH24,Laptop,Dien tu,1,1596.2,2025-01-20,Nam
D02504,KH03,Ao thun,Thoi trang,7,12.7,2024-11-03,Nam
D02505,KH17,Sach Spark,Sach,3,23.8,2024-04-27,Bac
D02506,KH34,May xay,Gia dung,7,36.8,2025-01-06,Nam
D02507,KH27,Quan jean,Thoi trang,8,37.5,2025-01-04,Nam
D02508,KH06,Laptop,Dien tu,2,1435.9,2024-03-14,Nam
D02509,KH20,Dien thoai,Dien tu,2,851.9,2024-12-26,Bac
D02510,KH33,Laptop,Dien tu,3,1454.7,2024-06-22,Bac
D02511,KH17,Noi com dien,Gia dung,1,52.6,2024-03-08,Nam
D02512,KH29,Dien thoai,Dien tu,2,738.6,2024-11-21,Bac
D02513,KH23,Sach Spark,Sach,2,26.7,2024-11-26,Trung
D02514,KH08,Laptop,Dien tu,1,1434.8,2024-11-14,Bac
D02515,KH36,Laptop,Dien tu,1,1623.7,2024-08-21,Bac
D02516,KH29,Ao thun,Thoi trang,7,13.4,2024-04-29,Nam
D02517,KH22,Dien thoai,Dien tu,2,754.0,2024-03-06,Bac
D02518,KH39,Tai nghe,Dien tu,1,41.2,2025-02-20,Trung
D02519,KH21,Laptop,Dien tu,3,1528.4,2024-12-16,Trung
D02520,KH12,Sach Python,Sach,1,18.6,2024-03-27,Nam
D02521,KH08,Quan jean,Thoi trang,1,33.6,2024-03-08,Nam
D02522,KH23,Dien thoai,Dien tu,1,840.6,2025-01-20,Trung
D02523,KH15,Tai nghe,Dien tu,1,42.6,2024-10-09,Bac
D02524,KH08,Dien thoai,Dien tu,2,857.7,2024-05-02,Bac
D02525,KH04,May xay,Gia dung,5,43.0,2025-01-19,Nam
D02526,KH04,Tai nghe,Dien tu,2,47.3,2025-02-11,Bac
D02527,KH06,May xay,Gia dung,10,42.7,2024-06-28,Trung
D02528,KH07,Giay the thao,Thoi trang,1,56.5,2024-06-06,Bac
D02529,KH40,Giay the thao,Thoi trang,11,64.2,2024-04-20,Bac
D02530,KH19,Sach Spark,Sach,4,23.4,2025-01-12,Bac
D02531,KH25,May xay,Gia dung,1,37.2,2025-02-27,Nam
D02532,KH30,Tai nghe,Dien tu,1,42.3,2024-03-10,Nam
D02533,KH22,Giay the thao,Thoi trang,9,56.6,2024-03-01,Nam
D02534,KH08,Noi com dien,Gia dung,11,54.6,2025-02-12,Nam
D02535,KH28,Giay the thao,Thoi trang,5,64.0,2024-07-02,Bac
D02536,KH07,Sach Spark,Sach,7,23.0,2024-10-09,Nam
D02537,KH24,Sach Python,Sach,7,20.4,2024-07-28,Nam
D02538,KH37,Noi com dien,Gia dung,10,60.1,2024-07-31,Trung
D02539,KH25,Tai nghe,Dien tu,2,43.8,2024-05-08,Nam
D02540,KH29,Dien thoai,Dien tu,3,850.6,2025-02-20,Nam
D02541,KH03,Sach Python,Sach,8,19.8,2024-11-19,Bac
D02542,KH29,Tai nghe,Dien tu,1,46.1,2024-03-23,Nam
D02543,KH37,Sach Python,Sach,11,21.6,2025-01-08,Bac
D02544,KH33,Giay the thao,Thoi trang,1,62.1,2024-04-07,Trung
D02545,KH38,Quan jean,Thoi trang,7,31.7,2024-04-01,Bac
D02546,KH37,Noi com dien,Gia dung,9,58.3,2024-07-28,Bac
D02547,KH02,Dien thoai,Dien tu,1,849.2,2025-02-27,Nam
D02548,KH23,Laptop,Dien tu,3,1405.0,2024-11-02,Nam
D02549,KH14,May xay,Gia dung,9,41.6,2024-08-18,Bac
D02550,KH05,Noi com dien,Gia dung,5,49.9,2025-02-02,Trung
D02551,KH18,Giay the thao,Thoi trang,7,59.4,2024-10-18,Trung
D02552,KH07,Noi com dien,Gia dung,4,59.0,2024-05-27,Nam
D02553,KH13,Sach Spark,Sach,8,25.9,2024-04-17,Trung
D02554,KH19,Sach Python,Sach,11,19.0,2025-02-15,Bac
D02555,KH02,Laptop,Dien tu,1,1600.2,2024-07-20,Nam
D02556,KH28,Ao thun,Thoi trang,2,13.0,2024-11-05,Trung
D02557,KH10,Sach Python,Sach,8,18.1,2024-05-30,Trung
D02558,KH24,Giay the thao,Thoi trang,6,54.6,2025-01-15,Trung
D02559,KH40,Dien thoai,Dien tu,2,784.6,2024-10-16,Nam
D02560,KH24,Noi com dien,Gia dung,3,57.5,2024-12-05,Bac
D02561,KH27,Sach Python,Sach,11,18.8,2024-10-18,Nam
D02562,KH15,Sach Spark,Sach,11,24.6,2024-12-13,Nam
D02563,KH22,Quan jean,Thoi trang,6,31.8,2024-05-24,Bac
D02564,KH35,Quan jean,Thoi trang,1,32.7,2024-09-15,Nam
D02565,KH31,Giay the thao,Thoi trang,3,58.3,2024-11-09,Bac
D02566,KH22,Sach Python,Sach,9,18.8,2025-01-29,Nam
D02567,KH13,May xay,Gia dung,6,42.0,2024-03-31,Nam
D02568,KH10,Ao thun,Thoi trang,3,12.5,2024-08-13,Trung
D02569,KH16,May xay,Gia dung,4,40.9,2024-08-08,Trung
D02570,KH13,Laptop,Dien tu,3,1477.4,2024-06-22,Nam
D02571,KH36,Noi com dien,Gia dung,2,53.3,2025-02-18,Nam
D02572,KH08,Ao thun,Thoi trang,1,12.5,2024-08-26,Nam
D02573,KH03,Tai nghe,Dien tu,1,47.3,2024-04-07,Trung
D02574,KH18,Sach Python,Sach,5,18.7,2024-06-19,Nam
D02575,KH20,Sach Python,Sach,3,20.2,2024-04-29,Bac
D02576,KH05,Ao thun,Thoi trang,3,13.6,2024-07-16,Nam
D02577,KH25,Sach Python,Sach,1,22.0,2024-08-06,Bac
D02578,KH03,Tai nghe,Dien tu,1,46.8,2024-03-31,Nam
D02579,KH21,Noi com dien,Gia dung,8,51.0,2024-08-27,Nam
D02580,KH37,Sach Spark,Sach,8,24.9,2024-05-26,Nam
D02581,KH14,Sach Spark,Sach,6,22.6,2024-10-24,Nam
D02582,KH35,Noi com dien,Gia dung,8,50.2,2024-06-19,Nam
D02583,KH34,Giay the thao,Thoi trang,6,61.3,2024-07-04,Bac
D02584,KH13,Ao thun,Thoi trang,6,12.8,2024-11-18,Trung
D02585,KH30,Ao thun,Thoi trang,8,13.1,2025-02-19,Bac
D02586,KH17,Giay the thao,Thoi trang,2,58.9,2024-12-21,Nam
D02587,KH19,Giay the thao,Thoi trang,11,61.9,2024-12-14,Trung
D02588,KH25,Giay the thao,Thoi trang,1,60.7,2024-10-16,Bac
D02589,KH36,Noi com dien,Gia dung,9,51.0,2024-11-05,Bac
D02590,KH18,Quan jean,Thoi trang,3,33.3,2024-12-28,Trung
D02591,KH05,Dien thoai,Dien tu,1,820.5,2024-08-27,Bac
D02592,KH40,Sach Spark,Sach,6,26.5,2024-05-20,Bac
D02593,KH03,Dien thoai,Dien tu,1,853.5,2024-07-08,Nam
D02594,KH34,Quan jean,Thoi trang,9,37.4,2024-09-11,Trung
D02595,KH31,Ao thun,Thoi trang,11,12.8,2024-05-02,Bac
D02596,KH04,Tai nghe,Dien tu,2,45.0,2024-06-13,Bac
D02597,KH22,Quan jean,Thoi trang,8,36.2,2024-06-03,Trung
D02598,KH21,Laptop,Dien tu,1,1542.4,2025-02-01,Nam
D02599,KH26,Sach Python,Sach,8,20.5,2024-10-25,Nam
D02600,KH27,Dien thoai,Dien tu,1,822.0,2024-09-22,Trung
D02601,KH01,Giay the thao,Thoi trang,10,64.9,2024-09-15,Nam
D02602,KH29,Noi com dien,Gia dung,4,58.4,2024-08-08,Bac
D02603,KH32,May xay,Gia dung,8,41.3,2024-12-03,Trung
D02604,KH18,Noi com dien,Gia dung,4,56.0,2024-11-13,Bac
D02605,KH08,Laptop,Dien tu,2,1569.0,2025-02-20,Trung
D02606,KH24,Giay the thao,Thoi trang,8,61.8,2024-10-17,Bac
D02607,KH04,Sach Python,Sach,9,18.3,2024-03-17,Nam
D02608,KH34,Ao thun,Thoi trang,11,12.0,2025-01-15,Bac
D02609,KH01,Giay the thao,Thoi trang,9,64.9,2024-05-20,Nam
D02610,KH10,Quan jean,Thoi trang,1,34.7,2024-11-23,Trung
D02611,KH31,Laptop,Dien tu,1,1631.2,2025-02-01,Trung
D02612,KH26,Dien thoai,Dien tu,2,841.8,2024-11-10,Trung
D02613,KH05,May xay,Gia dung,7,38.6,2024-12-13,Bac
D02614,KH26,Giay the thao,Thoi trang,9,60.0,2024-09-16,Nam
D02615,KH33,Tai nghe,Dien tu,1,47.0,2024-05-13,Nam
D02616,KH07,Noi com dien,Gia dung,7,59.5,2024-07-06,Bac
D02617,KH22,Sach Spark,Sach,8,24.7,2024-05-01,Bac
D02618,KH26,Tai nghe,Dien tu,1,46.1,2024-07-18,Trung
D02619,KH14,Dien thoai,Dien tu,2,744.2,2024-12-11,Bac
D02620,KH13,Sach Python,Sach,9,21.4,2024-06-29,Bac
D02621,KH24,Quan jean,Thoi trang,1,35.1,2024-12-23,Bac
D02622,KH05,Sach Spark,Sach,1,23.3,2024-08-23,Bac
D02623,KH27,May xay,Gia dung,8,39.8,2024-11-20,Bac
D02624,KH07,Sach Spark,Sach,4,26.5,2024-03-22,Trung
D02625,KH38,Dien thoai,Dien tu,1,809.4,2024-10-11,Bac
D02626,KH37,Dien thoai,Dien tu,2,850.1,2024-09-27,Bac
D02627,KH11,Ao thun,Thoi trang,9,12.1,2025-01-26,Bac
D02628,KH39,Noi com dien,Gia dung,10,55.6,2024-07-01,Bac
D02629,KH32,Laptop,Dien tu,2,1433.2,2024-05-02,Trung
D02630,KH15,Quan jean,Thoi trang,3,33.3,2024-04-11,Trung
D02631,KH01,Noi com dien,Gia dung,3,56.7,2024-03-31,Bac
D02632,KH29,Noi com dien,Gia dung,4,52.0,2024-09-04,Trung
D02633,KH37,Sach Spark,Sach,9,24.7,2024-06-12,Bac
D02634,KH26,Dien thoai,Dien tu,2,743.1,2024-05-24,Nam
D02635,KH07,Quan jean,Thoi trang,9,36.0,2024-10-24,Trung
D02636,KH35,Laptop,Dien tu,2,1575.6,2024-10-16,Bac
D02637,KH17,Tai nghe,Dien tu,2,48.1,2024-11-03,Bac
D02638,KH32,Noi com dien,Gia dung,10,50.0,2024-12-24,Nam
D02639,KH06,Noi com dien,Gia dung,3,60.4,2024-11-13,Trung
D02640,KH17,Quan jean,Thoi trang,11,35.3,2024-10-05,Nam
D02641,KH02,Sach Spark,Sach,11,24.4,2024-04-21,Bac
D02642,KH37,Laptop,Dien tu,1,1376.2,2024-05-05,Bac
D02643,KH09,Sach Spark,Sach,4,27.4,2024-09-26,Trung
D02644,KH12,Giay the thao,Thoi trang,11,65.7,2024-10-17,Nam
D02645,KH12,Noi com dien,Gia dung,1,57.6,2024-04-25,Bac
D02646,KH37,Dien thoai,Dien tu,2,842.1,2024-06-30,Trung
D02647,KH18,Laptop,Dien tu,1,1620.7,2024-11-06,Nam
D02648,KH13,Ao thun,Thoi trang,3,13.6,2025-02-27,Trung
D02649,KH06,Sach Python,Sach,10,20.8,2024-06-18,Bac
D02650,KH15,Sach Python,Sach,5,20.1,2024-06-18,Nam
D02651,KH09,Sach Spark,Sach,10,25.6,2024-10-29,Bac
D02652,KH21,May xay,Gia dung,2,38.6,2024-05-13,Nam
D02653,KH37,Sach Python,Sach,8,18.8,2024-12-18,Trung
D02654,KH11,Dien thoai,Dien tu,3,743.1,2024-11-21,Nam
D02655,KH14,Giay the thao,Thoi trang,11,58.4,2024-12-24,Nam
D02656,KH07,Laptop,Dien tu,2,1563.8,2024-05-07,Bac
D02657,KH05,Dien thoai,Dien tu,1,806.9,2025-02-03,Trung
D02658,KH22,Noi com dien,Gia dung,4,57.3,2024-08-18,Nam
D02659,KH05,Tai nghe,Dien tu,3,44.5,2025-01-28,Bac
D02660,KH03,Sach Spark,Sach,1,24.3,2024-07-30,Bac
D02661,KH13,Dien thoai,Dien tu,3,846.9,2024-09-26,Trung
D02662,KH29,Tai nghe,Dien tu,1,43.7,2024-12-14,Bac
D02663,KH03,Tai nghe,Dien tu,2,46.4,2024-04-25,Nam
D02664,KH24,Giay the thao,Thoi trang,7,56.3,2024-06-07,Trung
D02665,KH38,Sach Python,Sach,4,20.2,2024-05-03,Trung
D02666,KH03,Sach Python,Sach,11,21.7,2024-07-08,Bac
D02667,KH10,Ao thun,Thoi trang,11,13.7,2024-05-17,Bac
D02668,KH25,Ao thun,Thoi trang,5,12.8,2024-08-08,Trung
D02669,KH29,Noi com dien,Gia dung,5,53.9,2024-05-05,Bac
D02670,KH31,Quan jean,Thoi trang,6,37.9,2024-07-18,Nam
D02671,KH32,Sach Spark,Sach,8,26.1,2024-07-29,Nam
D02672,KH35,Giay the thao,Thoi trang,11,54.6,2024-06-17,Nam
D02673,KH27,May xay,Gia dung,6,36.7,2024-10-29,Trung
D02674,KH06,Dien thoai,Dien tu,3,833.0,2024-05-16,Bac
D02675,KH02,Quan jean,Thoi trang,2,35.2,2024-10-05,Bac
D02676,KH27,May xay,Gia dung,8,39.5,2024-08-02,Bac
D02677,KH30,Ao thun,Thoi trang,5,12.6,2024-08-02,Nam
D02678,KH02,Noi com dien,Gia dung,9,56.7,2024-09-06,Bac
D02679,KH35,Sach Spark,Sach,11,25.5,2024-07-24,Nam
D02680,KH33,Ao thun,Thoi trang,11,12.9,2024-12-13,Nam
D02681,KH14,Quan jean,Thoi trang,9,36.4,2025-01-06,Trung
D02682,KH32,Giay the thao,Thoi trang,3,63.5,2024-06-18,Nam
D02683,KH02,Noi com dien,Gia dung,6,57.8,2024-11-13,Trung
D02684,KH13,Dien thoai,Dien tu,3,759.2,2025-01-08,Bac
D02685,KH21,Dien thoai,Dien tu,1,862.5,2024-09-26,Bac
D02686,KH30,May xay,Gia dung,1,38.4,2024-08-14,Nam
D02687,KH03,Quan jean,Thoi trang,9,36.7,2024-04-05,Bac
D02688,KH38,Giay the thao,Thoi trang,5,64.3,2025-01-05,Bac
D02689,KH28,Ao thun,Thoi trang,1,11.4,2025-02-28,Bac
D02690,KH15,Dien thoai,Dien tu,3,784.3,2024-03-08,Trung
D02691,KH31,Sach Spark,Sach,8,26.8,2024-07-20,Bac
D02692,KH05,Sach Python,Sach,8,18.1,2024-10-04,Nam
D02693,KH31,Ao thun,Thoi trang,4,11.7,2024-07-14,Bac
D02694,KH31,Noi com dien,Gia dung,3,52.3,2024-08-01,Nam
D02695,KH33,Sach Python,Sach,10,21.3,2024-06-12,Nam
D02696,KH17,Sach Spark,Sach,2,25.5,2025-02-26,Bac
D02697,KH30,Sach Python,Sach,8,18.8,2025-02-08,Nam
D02698,KH04,Laptop,Dien tu,2,1610.2,2024-10-28,Trung
D02699,KH37,Giay the thao,Thoi trang,5,65.4,2024-10-27,Nam
D02700,KH23,Quan jean,Thoi trang,11,33.1,2025-01-29,Nam
D02701,KH25,May xay,Gia dung,6,37.7,2024-06-26,Nam
D02702,KH08,Quan jean,Thoi trang,11,37.1,2024-03-02,Trung
D02703,KH01,Quan jean,Thoi trang,6,36.8,2025-02-09,Bac
D02704,KH32,Quan jean,Thoi trang,7,37.6,2025-02-10,Nam
D02705,KH27,Sach Python,Sach,10,21.5,2024-11-01,Bac
D02706,KH30,Sach Python,Sach,5,18.7,2024-09-07,Bac
D02707,KH12,Noi com dien,Gia dung,3,53.8,2024-07-17,Nam
D02708,KH38,Sach Python,Sach,8,21.1,2025-02-09,Trung
D02709,KH27,Tai nghe,Dien tu,1,47.8,2025-02-18,Nam
D02710,KH22,Ao thun,Thoi trang,4,12.3,2025-01-11,Bac
D02711,KH33,Ao thun,Thoi trang,1,13.6,2025-02-01,Trung
D02712,KH07,Ao thun,Thoi trang,9,13.1,2024-09-11,Nam
D02713,KH35,Dien thoai,Dien tu,2,766.0,2024-11-20,Nam
D02714,KH12,Ao thun,Thoi trang,5,12.6,2024-12-14,Nam
D02715,KH38,Noi com dien,Gia dung,5,56.9,2024-07-06,Bac
D02716,KH21,Laptop,Dien tu,2,1492.7,2024-06-26,Bac
D02717,KH11,Sach Python,Sach,8,18.2,2024-08-31,Bac
D02718,KH03,Giay the thao,Thoi trang,10,58.2,2024-03-23,Nam
D02719,KH03,Quan jean,Thoi trang,10,35.9,2024-11-29,Nam
D02720,KH08,May xay,Gia dung,4,41.1,2024-06-22,Nam
D02721,KH24,Giay the thao,Thoi trang,4,59.1,2024-09-05,Nam
D02722,KH07,May xay,Gia dung,11,36.3,2024-05-31,Nam
D02723,KH19,May xay,Gia dung,8,42.6,2024-07-27,Nam
D02724,KH21,Sach Python,Sach,3,18.2,2024-07-31,Trung
D02725,KH20,Sach Python,Sach,9,18.5,2024-04-28,Nam
D02726,KH32,Laptop,Dien tu,2,1452.3,2025-01-06,Bac
D02727,KH11,Dien thoai,Dien tu,1,770.0,2024-05-06,Bac
D02728,KH37,Laptop,Dien tu,1,1551.5,2024-12-13,Nam
D02729,KH08,Ao thun,Thoi trang,6,11.5,2024-05-10,Nam
D02730,KH17,Ao thun,Thoi trang,6,13.7,2024-09-08,Bac
D02731,KH16,Quan jean,Thoi trang,3,35.3,2024-07-12,Bac
D02732,KH04,Noi com dien,Gia dung,10,52.4,2025-01-06,Nam
D02733,KH34,Sach Spark,Sach,3,22.9,2024-12-25,Trung
D02734,KH27,Sach Spark,Sach,10,24.4,2024-07-30,Trung
D02735,KH03,Noi com dien,Gia dung,5,56.8,2024-10-17,Nam
D02736,KH36,Laptop,Dien tu,3,1649.8,2025-01-29,Bac
D02737,KH40,Sach Spark,Sach,10,23.2,2024-03-31,Bac
D02738,KH09,Quan jean,Thoi trang,11,33.2,2024-08-02,Nam
D02739,KH40,Noi com dien,Gia dung,2,59.8,2024-10-22,Bac
D02740,KH18,Sach Python,Sach,4,20.9,2025-01-31,Nam
D02741,KH26,Tai nghe,Dien tu,2,41.6,2024-03-06,Bac
D02742,KH35,Sach Python,Sach,9,20.7,2024-04-06,Bac
D02743,KH03,Quan jean,Thoi trang,3,34.7,2024-08-24,Bac
D02744,KH25,Dien thoai,Dien tu,3,759.3,2024-12-26,Trung
D02745,KH10,Noi com dien,Gia dung,7,56.3,2024-04-05,Trung
D02746,KH06,Sach Spark,Sach,8,25.5,2024-10-11,Trung
D02747,KH09,Tai nghe,Dien tu,2,48.0,2024-03-27,Bac
D02748,KH05,Laptop,Dien tu,2,1537.1,2024-07-22,Bac
D02749,KH12,Quan jean,Thoi trang,9,32.5,2024-05-10,Bac
D02750,KH38,Sach Spark,Sach,8,26.3,2024-04-22,Bac
D02751,KH31,Quan jean,Thoi trang,6,33.0,2024-03-31,Nam
D02752,KH02,Ao thun,Thoi trang,3,12.7,2025-01-30,Nam
D02753,KH35,Tai nghe,Dien tu,3,41.5,2025-02-20,Trung
D02754,KH12,Tai nghe,Dien tu,1,41.5,2024-09-04,Bac
D02755,KH12,Sach Spark,Sach,3,26.8,2024-03-13,Bac
D02756,KH38,Giay the thao,Thoi trang,4,54.9,2024-06-30,Nam
D02757,KH11,Noi com dien,Gia dung,8,51.6,2024-10-18,Bac
D02758,KH01,Sach Spark,Sach,3,22.7,2024-11-09,Bac
D02759,KH20,Giay the thao,Thoi trang,6,63.5,2025-02-02,Bac
D02760,KH38,Ao thun,Thoi trang,7,11.7,2024-09-19,Bac
D02761,KH17,Dien thoai,Dien tu,1,862.7,2024-05-01,Nam
D02762,KH31,Ao thun,Thoi trang,4,12.5,2025-02-07,Nam
D02763,KH36,Giay the thao,Thoi trang,5,54.3,2024-09-14,Bac
D02764,KH38,May xay,Gia dung,9,39.5,2024-12-07,Bac
D02765,KH25,Ao thun,Thoi trang,9,13.5,2024-09-29,Bac
D02766,KH17,Sach Spark,Sach,5,27.1,2025-02-01,Nam
D02767,KH16,Sach Python,Sach,8,18.1,2024-05-28,Bac
D02768,KH04,Laptop,Dien tu,2,1536.1,2024-11-10,Nam
D02769,KH07,Tai nghe,Dien tu,3,41.1,2024-03-08,Bac
D02770,KH39,Noi com dien,Gia dung,11,57.0,2025-02-17,Bac
D02771,KH18,Sach Spark,Sach,10,23.6,2024-09-02,Bac
D02772,KH01,Noi com dien,Gia dung,11,59.2,2024-05-17,Nam
D02773,KH15,Quan jean,Thoi trang,10,35.5,2024-03-30,Nam
D02774,KH13,Laptop,Dien tu,1,1564.1,2024-04-21,Nam
D02775,KH17,Quan jean,Thoi trang,3,32.4,2024-06-02,Nam
D02776,KH15,May xay,Gia dung,4,43.4,2024-09-09,Trung
D02777,KH15,Noi com dien,Gia dung,9,52.6,2025-02-01,Nam
D02778,KH30,Giay the thao,Thoi trang,8,60.7,2024-08-16,Trung
D02779,KH05,Laptop,Dien tu,2,1597.9,2024-11-02,Nam
D02780,KH10,Quan jean,Thoi trang,10,31.8,2024-07-03,Nam
D02781,KH04,Sach Spark,Sach,2,22.9,2024-11-03,Nam
D02782,KH35,Giay the thao,Thoi trang,9,65.6,2024-04-24,Bac
D02783,KH06,May xay,Gia dung,1,39.5,2024-08-30,Bac
D02784,KH30,Tai nghe,Dien tu,1,47.0,2024-03-29,Bac
D02785,KH24,Noi com dien,Gia dung,8,52.4,2024-06-17,Bac
D02786,KH30,Quan jean,Thoi trang,10,37.5,2024-04-12,Bac
D02787,KH16,Giay the thao,Thoi trang,8,56.1,2025-01-30,Bac
D02788,KH28,Giay the thao,Thoi trang,7,59.2,2024-07-19,Bac
D02789,KH38,Giay the thao,Thoi trang,2,63.0,2024-05-10,Nam
D02790,KH15,Giay the thao,Thoi trang,3,58.4,2024-09-10,Nam
D02791,KH21,Tai nghe,Dien tu,1,45.3,2024-08-22,Nam
D02792,KH37,Tai nghe,Dien tu,1,44.2,2025-01-23,Bac
D02793,KH03,Giay the thao,Thoi trang,11,63.1,2024-12-10,Nam
D02794,KH31,Dien thoai,Dien tu,1,850.9,2024-08-28,Nam
D02795,KH20,May xay,Gia dung,7,37.3,2024-10-07,Trung
D02796,KH04,Noi com dien,Gia dung,9,52.3,2024-03-28,Trung
D02797,KH37,May xay,Gia dung,7,40.8,2025-02-07,Trung
D02798,KH18,Dien thoai,Dien tu,1,844.3,2025-02-01,Nam
D02799,KH09,Noi com dien,Gia dung,7,60.3,2024-05-24,Nam
D02800,KH05,Noi com dien,Gia dung,2,57.8,2025-02-07,Trung
D02801,KH18,Laptop,Dien tu,1,1467.6,2024-03-30,Trung
D02802,KH34,May xay,Gia dung,6,38.9,2024-06-28,Bac
D02803,KH32,Noi com dien,Gia dung,1,56.9,2025-01-30,Bac
D02804,KH14,Tai nghe,Dien tu,3,40.8,2024-04-18,Bac
D02805,KH33,Noi com dien,Gia dung,6,56.2,2024-05-19,Bac
D02806,KH12,Sach Python,Sach,9,19.2,2024-07-29,Nam
D02807,KH27,Sach Python,Sach,11,19.4,2024-12-28,Bac
D02808,KH16,Ao thun,Thoi trang,2,11.5,2024-09-20,Nam
D02809,KH20,Laptop,Dien tu,3,1448.4,2024-11-20,Bac
D02810,KH04,Tai nghe,Dien tu,3,46.2,2024-07-07,Nam
D02811,KH04,Laptop,Dien tu,3,1513.4,2024-05-26,Trung
D02812,KH29,Sach Python,Sach,3,21.7,2025-01-27,Nam
D02813,KH33,Giay the thao,Thoi trang,9,59.2,2024-07-23,Nam
D02814,KH18,Laptop,Dien tu,2,1521.7,2024-08-15,Bac
D02815,KH19,Tai nghe,Dien tu,3,43.2,2024-04-29,Bac
D02816,KH14,Laptop,Dien tu,3,1388.2,2025-01-03,Bac
D02817,KH17,Dien thoai,Dien tu,2,821.5,2024-12-09,Trung
D02818,KH32,Ao thun,Thoi trang,11,12.5,2024-10-14,Bac
D02819,KH26,Quan jean,Thoi trang,7,33.1,2024-04-02,Bac
D02820,KH01,Ao thun,Thoi trang,10,13.3,2024-07-02,Nam
D02821,KH18,Sach Python,Sach,9,18.4,2024-05-09,Trung
D02822,KH29,Tai nghe,Dien tu,2,47.1,2024-11-14,Bac
D02823,KH14,Sach Python,Sach,6,20.2,2024-03-22,Bac
D02824,KH24,Ao thun,Thoi trang,9,12.8,2024-11-08,Trung
D02825,KH39,Tai nghe,Dien tu,1,41.7,2024-09-09,Bac
D02826,KH38,Dien thoai,Dien tu,2,830.1,2024-04-01,Nam
D02827,KH13,Tai nghe,Dien tu,2,41.0,2024-04-19,Trung
D02828,KH09,Quan jean,Thoi trang,4,34.3,2024-05-26,Bac
D02829,KH25,Dien thoai,Dien tu,3,801.3,2024-07-02,Trung
D02830,KH23,Ao thun,Thoi trang,2,13.7,2024-11-22,Trung
D02831,KH13,Dien thoai,Dien tu,3,738.0,2024-12-04,Bac
D02832,KH02,Tai nghe,Dien tu,3,41.2,2024-06-24,Nam
D02833,KH04,May xay,Gia dung,5,43.3,2024-04-30,Trung
D02834,KH39,Ao thun,Thoi trang,5,11.3,2025-01-18,Bac
D02835,KH11,Laptop,Dien tu,3,1442.4,2024-09-14,Trung
D02836,KH09,Sach Python,Sach,9,18.5,2024-11-11,Bac
D02837,KH17,Noi com dien,Gia dung,3,49.8,2024-08-09,Bac
D02838,KH14,Giay the thao,Thoi trang,7,55.8,2024-06-29,Nam
D02839,KH12,Sach Python,Sach,2,21.8,2024-07-08,Bac
D02840,KH05,Laptop,Dien tu,2,1463.6,2024-11-03,Nam
D02841,KH21,Sach Spark,Sach,4,24.4,2024-08-24,Trung
D02842,KH30,Laptop,Dien tu,2,1506.4,2024-10-19,Trung
D02843,KH11,Ao thun,Thoi trang,4,12.9,2024-06-15,Nam
D02844,KH05,Giay the thao,Thoi trang,8,65.0,2024-08-29,Bac
D02845,KH08,Dien thoai,Dien tu,2,798.4,2025-02-05,Nam
D02846,KH08,Tai nghe,Dien tu,1,43.6,2024-11-03,Trung
D02847,KH39,Quan jean,Thoi trang,8,33.2,2024-05-17,Bac
D02848,KH26,Quan jean,Thoi trang,11,31.9,2024-08-06,Bac
D02849,KH07,Sach Python,Sach,9,21.3,2024-06-13,Bac
D02850,KH07,Tai nghe,Dien tu,2,44.4,2025-02-17,Trung
D02851,KH11,Noi com dien,Gia dung,3,59.4,2024-07-17,Bac
D02852,KH06,Sach Spark,Sach,10,22.9,2024-10-01,Bac
D02853,KH39,Giay the thao,Thoi trang,3,65.5,2024-08-29,Nam
D02854,KH11,Quan jean,Thoi trang,8,34.5,2024-12-23,Bac
D02855,KH31,Sach Spark,Sach,3,23.1,2024-07-25,Nam
D02856,KH35,Sach Python,Sach,9,18.7,2024-10-01,Bac
D02857,KH13,Laptop,Dien tu,1,1501.9,2024-03-09,Trung
D02858,KH22,Laptop,Dien tu,2,1601.7,2024-09-16,Bac
D02859,KH26,Ao thun,Thoi trang,2,11.8,2024-04-07,Bac
D02860,KH09,Laptop,Dien tu,1,1485.2,2025-01-05,Bac
D02861,KH14,Sach Python,Sach,1,18.2,2024-12-20,Bac
D02862,KH13,May xay,Gia dung,1,41.9,2025-01-16,Nam
D02863,KH15,Sach Spark,Sach,5,26.8,2024-07-17,Nam
D02864,KH33,Laptop,Dien tu,1,1569.9,2024-04-12,Trung
D02865,KH06,Dien thoai,Dien tu,3,751.1,2024-08-28,Bac
D02866,KH32,Ao thun,Thoi trang,1,13.3,2025-02-07,Nam
D02867,KH13,Tai nghe,Dien tu,3,43.0,2024-07-27,Bac
D02868,KH16,Sach Python,Sach,10,20.4,2024-09-28,Nam
D02869,KH40,Giay the thao,Thoi trang,8,65.1,2025-02-18,Trung
D02870,KH02,May xay,Gia dung,6,40.1,2024-10-04,Nam
D02871,KH31,May xay,Gia dung,7,40.0,2024-11-13,Trung
D02872,KH19,Laptop,Dien tu,3,1462.9,2024-04-08,Nam
D02873,KH06,Sach Spark,Sach,4,24.8,2025-02-03,Trung
D02874,KH21,Laptop,Dien tu,3,1527.2,2025-01-02,Nam
D02875,KH19,Sach Spark,Sach,10,26.0,2024-05-01,Nam
D02876,KH13,Giay the thao,Thoi trang,10,63.1,2024-10-25,Nam
D02877,KH04,Dien thoai,Dien tu,2,763.0,2025-01-05,Bac
D02878,KH31,Tai nghe,Dien tu,1,47.7,2024-05-31,Bac
D02879,KH04,May xay,Gia dung,4,41.1,2024-07-14,Trung
D02880,KH04,Giay the thao,Thoi trang,11,63.2,2024-04-19,Trung
D02881,KH27,Tai nghe,Dien tu,3,43.9,2025-02-21,Bac
D02882,KH01,Quan jean,Thoi trang,9,32.8,2024-08-17,Nam
D02883,KH29,Noi com dien,Gia dung,10,51.4,2024-10-07,Nam
D02884,KH08,Sach Spark,Sach,10,26.3,2024-06-20,Nam
D02885,KH35,Giay the thao,Thoi trang,3,61.6,2024-10-31,Trung
D02886,KH05,Sach Python,Sach,5,21.0,2024-11-24,Bac
D02887,KH28,Giay the thao,Thoi trang,9,62.1,2024-06-20,Nam
D02888,KH15,Sach Spark,Sach,4,26.6,2025-01-07,Nam
D02889,KH22,Laptop,Dien tu,3,1444.0,2024-05-14,Nam
D02890,KH40,Sach Python,Sach,1,19.4,2025-02-06,Nam
D02891,KH30,Dien thoai,Dien tu,2,787.5,2024-08-23,Bac
D02892,KH20,Sach Spark,Sach,5,25.8,2025-01-27,Nam
D02893,KH32,Dien thoai,Dien tu,3,870.2,2024-12-28,Nam
D02894,KH15,May xay,Gia dung,6,36.8,2024-09-30,Nam
D02895,KH06,Giay the thao,Thoi trang,9,62.4,2024-04-11,Bac
D02896,KH32,Tai nghe,Dien tu,1,45.2,2024-11-17,Bac
D02897,KH12,Quan jean,Thoi trang,6,35.2,2024-11-28,Bac
D02898,KH31,Quan jean,Thoi trang,5,35.2,2024-12-24,Bac
D02899,KH33,Tai nghe,Dien tu,2,40.6,2024-03-24,Nam
D02900,KH12,Laptop,Dien tu,1,1504.0,2024-10-04,Trung
D02901,KH36,Tai nghe,Dien tu,1,40.8,2024-06-18,Nam
D02902,KH01,Sach Spark,Sach,7,25.4,2024-06-23,Trung
D02903,KH21,Sach Python,Sach,8,19.3,2024-08-16,Bac
D02904,KH18,Dien thoai,Dien tu,1,837.5,2024-09-18,Bac
D02905,KH22,Noi com dien,Gia dung,11,51.8,2024-07-07,Nam
D02906,KH20,Laptop,Dien tu,1,1373.4,2025-02-21,Bac
D02907,KH01,Quan jean,Thoi trang,9,34.5,2024-08-02,Bac
D02908,KH15,Sach Spark,Sach,10,26.9,2024-11-10,Bac
D02909,KH32,Giay the thao,Thoi trang,10,57.3,2024-09-07,Nam
D02910,KH26,Dien thoai,Dien tu,2,829.6,2024-06-06,Nam
D02911,KH14,Giay the thao,Thoi trang,6,59.7,2024-08-20,Nam
D02912,KH05,Tai nghe,Dien tu,1,44.1,2024-03-26,Nam
D02913,KH32,Ao thun,Thoi trang,7,13.0,2024-09-19,Bac
D02914,KH16,Dien thoai,Dien tu,3,733.3,2024-10-31,Bac
D02915,KH06,Giay the thao,Thoi trang,1,56.2,2024-10-22,Nam
D02916,KH33,May xay,Gia dung,8,43.6,2024-12-19,Nam
D02917,KH35,Quan jean,Thoi trang,8,31.6,2024-10-21,Nam
D02918,KH01,Tai nghe,Dien tu,1,47.4,2024-11-16,Nam
D02919,KH16,Noi com dien,Gia dung,3,55.6,2024-11-24,Nam
D02920,KH31,Sach Spark,Sach,2,26.5,2024-05-05,Nam
D02921,KH26,Sach Spark,Sach,5,23.1,2024-11-29,Trung
D02922,KH34,May xay,Gia dung,6,43.8,2024-12-21,Nam
D02923,KH29,Sach Python,Sach,2,21.2,2024-09-01,Nam
D02924,KH35,Laptop,Dien tu,2,1406.0,2024-04-04,Trung
D02925,KH35,Tai nghe,Dien tu,1,41.7,2024-09-15,Trung
D02926,KH32,Noi com dien,Gia dung,11,57.5,2025-02-13,Nam
D02927,KH04,May xay,Gia dung,7,40.5,2024-10-20,Bac
D02928,KH15,Laptop,Dien tu,1,1437.8,2024-05-02,Bac
D02929,KH40,Sach Python,Sach,8,18.3,2024-07-08,Bac
D02930,KH05,May xay,Gia dung,6,41.7,2024-11-08,Bac
D02931,KH07,Sach Python,Sach,4,18.5,2025-01-15,Trung
D02932,KH14,Sach Spark,Sach,11,24.1,2024-06-30,Trung
D02933,KH19,Sach Python,Sach,11,19.9,2024-04-07,Trung
D02934,KH40,Tai nghe,Dien tu,1,46.3,2024-07-24,Nam
D02935,KH13,May xay,Gia dung,10,37.2,2024-06-10,Bac
D02936,KH07,Sach Python,Sach,1,19.6,2024-06-04,Bac
D02937,KH25,Giay the thao,Thoi trang,2,57.3,2024-11-24,Bac
D02938,KH18,Quan jean,Thoi trang,11,34.2,2024-03-16,Nam
D02939,KH20,May xay,Gia dung,3,40.4,2024-09-12,Nam
D02940,KH13,Sach Spark,Sach,9,26.4,2024-12-16,Trung
D02941,KH22,Noi com dien,Gia dung,1,57.9,2024-04-19,Bac
D02942,KH02,Giay the thao,Thoi trang,10,60.3,2024-08-14,Bac
D02943,KH33,Noi com dien,Gia dung,7,56.2,2024-03-01,Bac
D02944,KH03,Laptop,Dien tu,2,1353.8,2024-12-06,Bac
D02945,KH26,Ao thun,Thoi trang,11,13.4,2025-02-11,Bac
D02946,KH26,Ao thun,Thoi trang,5,12.4,2024-03-09,Nam
D02947,KH09,Ao thun,Thoi trang,4,13.2,2024-11-10,Bac
D02948,KH32,May xay,Gia dung,10,40.6,2024-05-21,Nam
D02949,KH10,Noi com dien,Gia dung,2,55.9,2024-10-28,Trung
D02950,KH05,Ao thun,Thoi trang,5,12.5,2025-01-02,Trung
D02951,KH10,Noi com dien,Gia dung,10,53.9,2024-11-01,Bac
D02952,KH36,Sach Python,Sach,6,18.4,2024-03-20,Nam
D02953,KH38,Sach Spark,Sach,10,24.1,2024-05-25,Bac
D02954,KH26,Dien thoai,Dien tu,1,781.1,2024-05-26,Trung
D02955,KH01,Ao thun,Thoi trang,8,11.7,2024-09-17,Nam
D02956,KH01,Sach Python,Sach,8,20.8,2024-10-20,Nam
D02957,KH38,Sach Python,Sach,1,19.7,2024-09-14,Nam
D02958,KH29,May xay,Gia dung,7,42.8,2024-04-12,Bac
D02959,KH19,Sach Spark,Sach,4,26.5,2024-09-02,Bac
D02960,KH32,Dien thoai,Dien tu,2,806.9,2024-09-26,Bac
D02961,KH20,Dien thoai,Dien tu,3,785.7,2025-01-04,Trung
D02962,KH28,Tai nghe,Dien tu,2,47.7,2024-10-26,Nam
D02963,KH25,Giay the thao,Thoi trang,9,58.4,2024-11-30,Nam
D02964,KH26,Laptop,Dien tu,2,1540.3,2024-08-01,Bac
D02965,KH16,May xay,Gia dung,2,41.8,2024-11-30,Nam
D02966,KH36,Dien thoai,Dien tu,1,828.3,2025-02-25,Nam
D02967,KH10,Dien thoai,Dien tu,1,791.1,2024-05-02,Nam
D02968,KH20,Quan jean,Thoi trang,9,35.4,2024-07-14,Bac
D02969,KH18,Noi com dien,Gia dung,8,53.2,2024-03-28,Trung
D02970,KH18,Laptop,Dien tu,2,1452.4,2024-05-22,Bac
D02971,KH24,Dien thoai,Dien tu,1,724.3,2024-03-11,Nam
D02972,KH13,Sach Spark,Sach,4,24.2,2024-12-27,Nam
D02973,KH20,Sach Python,Sach,1,21.7,2025-02-19,Trung
D02974,KH22,Sach Spark,Sach,2,23.7,2024-11-21,Bac
D02975,KH08,Tai nghe,Dien tu,3,41.5,2024-10-10,Nam
D02976,KH10,Noi com dien,Gia dung,6,52.7,2024-11-04,Nam
D02977,KH25,May xay,Gia dung,10,40.6,2024-10-19,Trung
D02978,KH32,Sach Spark,Sach,1,25.9,2024-04-21,Bac
D02979,KH24,Sach Python,Sach,8,20.4,2025-02-17,Trung
D02980,KH07,Giay the thao,Thoi trang,2,54.7,2024-05-10,Trung
D02981,KH16,Sach Python,Sach,6,20.1,2024-11-04,Trung
D02982,KH35,Dien thoai,Dien tu,2,853.7,2024-05-16,Trung
D02983,KH36,Laptop,Dien tu,3,1563.8,2024-07-31,Trung
D02984,KH22,Noi com dien,Gia dung,8,50.4,2024-07-10,Bac
D02985,KH28,Sach Python,Sach,8,21.7,2025-02-01,Nam
D02986,KH23,Giay the thao,Thoi trang,11,55.3,2024-07-08,Bac
D02987,KH04,Sach Python,Sach,10,20.4,2024-03-14,Bac
D02988,KH03,May xay,Gia dung,6,39.4,2024-07-22,Bac
D02989,KH01,Sach Python,Sach,7,19.6,2024-03-04,Trung
D02990,KH25,Quan jean,Thoi trang,8,33.7,2024-08-19,Nam
D02991,KH24,Dien thoai,Dien tu,2,747.9,2025-01-09,Nam
D02992,KH39,May xay,Gia dung,5,40.6,2024-08-27,Bac
D02993,KH21,Quan jean,Thoi trang,10,34.4,2024-03-09,Nam
D02994,KH34,May xay,Gia dung,8,39.1,2025-01-24,Bac
D02995,KH07,Tai nghe,Dien tu,3,45.0,2024-06-29,Trung
D02996,KH04,Quan jean,Thoi trang,8,31.6,2025-01-07,Bac
D02997,KH10,Dien thoai,Dien tu,1,798.2,2024-06-25,Nam
D02998,KH15,Sach Spark,Sach,7,23.6,2024-12-25,Nam
D02999,KH11,Laptop,Dien tu,1,1354.6,2024-05-02,Bac
D03000,KH28,Giay the thao,Thoi trang,2,61.2,2024-03-07,Bac
D03001,KH02,Sach Spark,Sach,8,24.8,2025-01-25,Bac
D03002,KH05,Noi com dien,Gia dung,5,59.6,2025-01-30,Nam
D03003,KH06,Ao thun,Thoi trang,4,13.5,2025-01-28,Trung
D03004,KH12,Dien thoai,Dien tu,3,746.2,2024-05-09,Nam
D03005,KH02,May xay,Gia dung,1,41.9,2024-03-21,Nam
D03006,KH21,Noi com dien,Gia dung,2,58.5,2024-12-12,Bac
D03007,KH01,Quan jean,Thoi trang,8,38.2,2024-08-25,Trung
D03008,KH17,Sach Python,Sach,9,20.5,2024-05-02,Bac
D03009,KH21,Ao thun,Thoi trang,9,12.1,2025-01-03,Nam
D03010,KH25,May xay,Gia dung,1,36.9,2024-04-10,Bac
D03011,KH37,Quan jean,Thoi trang,3,33.4,2024-03-28,Bac
D03012,KH01,Noi com dien,Gia dung,1,59.1,2024-07-15,Bac
D03013,KH28,Ao thun,Thoi trang,8,13.3,2024-12-21,Bac
D03014,KH15,Sach Spark,Sach,11,22.9,2025-01-11,Nam
D03015,KH33,Dien thoai,Dien tu,1,744.3,2024-06-02,Bac
D03016,KH24,Ao thun,Thoi trang,6,11.8,2024-04-25,Nam
D03017,KH31,Sach Python,Sach,7,20.9,2025-02-04,Nam
D03018,KH03,Sach Python,Sach,11,19.8,2024-12-15,Nam
D03019,KH08,Noi com dien,Gia dung,5,55.7,2025-02-16,Trung
D03020,KH02,Giay the thao,Thoi trang,8,56.4,2024-10-15,Bac
D03021,KH08,Dien thoai,Dien tu,3,796.4,2024-04-30,Nam
D03022,KH18,Noi com dien,Gia dung,1,52.9,2024-04-08,Bac
D03023,KH10,Quan jean,Thoi trang,3,38.4,2024-10-09,Trung
D03024,KH29,Laptop,Dien tu,2,1496.6,2024-12-21,Nam
D03025,KH39,Sach Spark,Sach,11,25.5,2024-12-19,Nam
D03026,KH24,Noi com dien,Gia dung,4,52.5,2024-08-13,Bac
D03027,KH20,Dien thoai,Dien tu,1,779.0,2025-01-10,Trung
D03028,KH40,Sach Python,Sach,10,21.4,2024-04-14,Bac
D03029,KH39,Ao thun,Thoi trang,4,12.9,2024-12-07,Bac
D03030,KH22,Giay the thao,Thoi trang,5,60.4,2025-01-22,Bac
D03031,KH09,Quan jean,Thoi trang,8,35.4,2024-07-18,Trung
D03032,KH27,Quan jean,Thoi trang,10,32.0,2024-09-19,Bac
D03033,KH22,Noi com dien,Gia dung,7,56.3,2024-12-13,Bac
D03034,KH19,Tai nghe,Dien tu,3,44.9,2024-10-04,Bac
D03035,KH22,Quan jean,Thoi trang,10,37.5,2024-07-15,Bac
D03036,KH12,May xay,Gia dung,2,42.8,2024-07-03,Nam
D03037,KH39,Sach Python,Sach,8,18.1,2024-03-07,Bac
D03038,KH04,Laptop,Dien tu,2,1510.1,2024-12-14,Nam
D03039,KH24,Quan jean,Thoi trang,4,38.1,2024-09-04,Trung
D03040,KH10,Dien thoai,Dien tu,3,846.7,2024-03-24,Nam
D03041,KH10,May xay,Gia dung,3,40.4,2024-05-04,Bac
D03042,KH06,May xay,Gia dung,5,40.8,2024-04-01,Nam
D03043,KH33,Tai nghe,Dien tu,2,48.5,2024-04-03,Bac
D03044,KH07,Ao thun,Thoi trang,4,12.2,2024-09-06,Bac
D03045,KH19,Sach Python,Sach,8,18.3,2024-03-09,Trung
D03046,KH40,Tai nghe,Dien tu,2,45.6,2024-03-05,Nam
D03047,KH06,Sach Spark,Sach,6,26.8,2024-10-16,Bac
D03048,KH04,Quan jean,Thoi trang,1,31.9,2024-08-15,Bac
D03049,KH07,Ao thun,Thoi trang,6,12.6,2024-09-22,Nam
D03050,KH03,Ao thun,Thoi trang,5,13.0,2024-08-13,Bac
D03051,KH21,May xay,Gia dung,6,37.7,2024-08-26,Nam
D03052,KH25,Quan jean,Thoi trang,6,36.3,2024-06-08,Nam
D03053,KH11,Sach Spark,Sach,10,25.5,2025-01-29,Nam
D03054,KH23,Sach Spark,Sach,7,26.0,2024-09-02,Bac
D03055,KH30,May xay,Gia dung,2,38.6,2025-01-07,Nam
D03056,KH08,Laptop,Dien tu,2,1649.5,2024-09-13,Nam
D03057,KH04,Tai nghe,Dien tu,2,44.5,2024-11-11,Bac
D03058,KH36,Laptop,Dien tu,3,1473.2,2024-07-18,Nam
D03059,KH03,Noi com dien,Gia dung,5,59.0,2024-12-23,Trung
D03060,KH04,Quan jean,Thoi trang,1,36.0,2024-12-05,Nam
D03061,KH01,Sach Python,Sach,1,20.9,2024-09-24,Bac
D03062,KH36,Ao thun,Thoi trang,3,13.4,2024-11-11,Trung
D03063,KH11,Quan jean,Thoi trang,11,32.1,2025-02-22,Trung
D03064,KH28,Dien thoai,Dien tu,2,801.9,2024-11-29,Bac
D03065,KH28,Noi com dien,Gia dung,9,55.6,2024-07-27,Nam
D03066,KH24,Dien thoai,Dien tu,3,733.3,2024-08-13,Bac
D03067,KH34,Tai nghe,Dien tu,2,42.1,2024-11-26,Trung
D03068,KH40,Sach Python,Sach,11,20.9,2024-10-05,Bac
D03069,KH29,Giay the thao,Thoi trang,11,57.0,2024-08-24,Bac
D03070,KH05,Noi com dien,Gia dung,4,50.7,2024-04-13,Nam
D03071,KH35,Laptop,Dien tu,1,1429.5,2024-04-27,Trung
D03072,KH35,Ao thun,Thoi trang,11,12.4,2025-02-04,Bac
D03073,KH08,Sach Python,Sach,10,19.6,2024-06-25,Nam
D03074,KH13,Laptop,Dien tu,1,1420.3,2024-11-07,Trung
D03075,KH03,Tai nghe,Dien tu,2,46.3,2024-09-19,Bac
D03076,KH25,Noi com dien,Gia dung,10,56.6,2024-06-10,Bac
D03077,KH24,Sach Spark,Sach,6,22.9,2024-06-21,Bac
D03078,KH17,Laptop,Dien tu,1,1376.5,2024-09-12,Nam
D03079,KH03,Sach Spark,Sach,1,27.5,2025-02-04,Trung
D03080,KH23,Dien thoai,Dien tu,3,747.5,2024-03-02,Bac
D03081,KH19,Quan jean,Thoi trang,10,32.6,2025-01-04,Bac
D03082,KH40,May xay,Gia dung,8,43.5,2024-03-29,Bac
D03083,KH35,Giay the thao,Thoi trang,4,56.5,2024-05-21,Nam
D03084,KH04,May xay,Gia dung,4,41.4,2024-03-08,Bac
D03085,KH03,Sach Python,Sach,10,21.7,2025-01-04,Bac
D03086,KH02,May xay,Gia dung,9,40.0,2024-04-03,Bac
D03087,KH01,Noi com dien,Gia dung,9,52.0,2025-01-10,Nam
D03088,KH13,Sach Python,Sach,5,20.9,2024-05-23,Trung
D03089,KH37,Sach Spark,Sach,8,22.5,2024-08-04,Nam
D03090,KH03,Tai nghe,Dien tu,3,44.6,2024-03-18,Nam
D03091,KH10,Sach Spark,Sach,8,24.3,2024-11-27,Trung
D03092,KH40,Laptop,Dien tu,3,1578.6,2024-08-25,Bac
D03093,KH20,Sach Python,Sach,10,21.4,2024-05-16,Nam
D03094,KH28,Quan jean,Thoi trang,11,36.3,2024-03-25,Bac
D03095,KH17,May xay,Gia dung,2,36.4,2024-09-18,Bac
D03096,KH14,Giay the thao,Thoi trang,6,54.6,2024-08-28,Trung
D03097,KH24,Dien thoai,Dien tu,3,781.2,2024-06-04,Trung
D03098,KH08,Sach Python,Sach,8,20.7,2024-09-15,Nam
D03099,KH02,Ao thun,Thoi trang,7,12.0,2024-12-02,Nam
D03100,KH39,Sach Spark,Sach,4,26.5,2025-02-04,Bac
D03101,KH17,May xay,Gia dung,4,41.0,2024-04-01,Trung
D03102,KH19,Noi com dien,Gia dung,5,52.1,2025-02-18,Bac
D03103,KH09,Sach Spark,Sach,5,26.7,2024-03-02,Nam
D03104,KH20,Noi com dien,Gia dung,11,51.3,2024-05-22,Nam
D03105,KH34,Laptop,Dien tu,2,1411.6,2024-12-09,Bac
D03106,KH22,Giay the thao,Thoi trang,3,55.9,2024-08-14,Nam
D03107,KH26,Sach Spark,Sach,3,27.2,2024-08-11,Nam
D03108,KH24,Noi com dien,Gia dung,3,55.8,2025-02-26,Bac
D03109,KH13,Quan jean,Thoi trang,4,32.1,2024-09-29,Bac
D03110,KH19,Sach Python,Sach,9,20.2,2025-01-02,Nam
D03111,KH33,Giay the thao,Thoi trang,8,58.0,2024-12-11,Bac
D03112,KH15,Quan jean,Thoi trang,9,32.8,2024-03-03,Bac
D03113,KH06,Sach Spark,Sach,4,25.0,2024-08-11,Nam
D03114,KH21,Giay the thao,Thoi trang,11,63.8,2024-05-27,Nam
D03115,KH32,Noi com dien,Gia dung,3,50.2,2024-07-20,Nam
D03116,KH12,Laptop,Dien tu,1,1595.3,2024-10-04,Nam
D03117,KH24,Noi com dien,Gia dung,3,50.3,2024-06-27,Nam
D03118,KH19,Sach Python,Sach,2,20.5,2024-07-24,Nam
D03119,KH14,Giay the thao,Thoi trang,9,58.4,2024-10-13,Nam
D03120,KH06,May xay,Gia dung,6,38.1,2025-02-13,Nam
D03121,KH38,Sach Spark,Sach,5,24.0,2024-11-10,Bac
D03122,KH20,Quan jean,Thoi trang,3,33.9,2024-06-10,Bac
D03123,KH05,Tai nghe,Dien tu,2,45.0,2025-02-12,Nam
D03124,KH40,Quan jean,Thoi trang,9,32.1,2025-01-08,Bac
D03125,KH10,May xay,Gia dung,4,38.0,2025-01-25,Nam
D03126,KH15,Dien thoai,Dien tu,2,763.3,2025-01-23,Trung
D03127,KH10,Dien thoai,Dien tu,1,727.8,2024-05-16,Bac
D03128,KH02,Ao thun,Thoi trang,8,11.7,2025-01-04,Bac
D03129,KH23,Sach Spark,Sach,4,24.1,2024-11-15,Nam
D03130,KH03,Quan jean,Thoi trang,2,36.4,2024-05-25,Bac
D03131,KH02,May xay,Gia dung,9,37.0,2024-07-31,Nam
D03132,KH29,Quan jean,Thoi trang,11,38.0,2024-12-12,Nam
D03133,KH31,Noi com dien,Gia dung,6,50.2,2024-08-18,Trung
D03134,KH35,Ao thun,Thoi trang,9,12.7,2024-09-25,Trung
D03135,KH12,Noi com dien,Gia dung,6,58.7,2024-07-06,Bac
D03136,KH26,Giay the thao,Thoi trang,7,65.4,2025-01-05,Bac
D03137,KH25,Quan jean,Thoi trang,6,33.4,2024-12-05,Nam
D03138,KH22,Laptop,Dien tu,1,1509.1,2025-01-20,Trung
D03139,KH01,Giay the thao,Thoi trang,11,55.3,2025-02-07,Nam
D03140,KH02,Sach Spark,Sach,11,26.3,2024-10-29,Trung
D03141,KH07,Giay the thao,Thoi trang,10,65.9,2024-04-22,Nam
D03142,KH32,Laptop,Dien tu,3,1594.7,2024-07-01,Nam
D03143,KH03,Dien thoai,Dien tu,1,742.6,2025-01-15,Bac
D03144,KH19,Noi com dien,Gia dung,2,60.1,2024-06-20,Nam
D03145,KH15,Dien thoai,Dien tu,1,805.5,2024-12-18,Trung
D03146,KH39,Sach Python,Sach,3,19.4,2025-01-15,Bac
D03147,KH34,May xay,Gia dung,6,39.1,2024-08-31,Nam
D03148,KH07,May xay,Gia dung,1,39.6,2024-04-21,Nam
D03149,KH38,Giay the thao,Thoi trang,10,60.5,2024-03-16,Nam
D03150,KH39,Dien thoai,Dien tu,3,720.0,2024-09-25,Bac
D03151,KH13,Sach Python,Sach,1,19.3,2024-12-13,Bac
D03152,KH26,Tai nghe,Dien tu,2,45.4,2025-02-03,Bac
D03153,KH30,Sach Spark,Sach,10,24.7,2024-09-12,Trung
D03154,KH22,May xay,Gia dung,5,37.0,2024-07-29,Nam
D03155,KH04,Giay the thao,Thoi trang,2,65.6,2024-09-26,Nam
D03156,KH36,Tai nghe,Dien tu,2,42.7,2024-04-17,Bac
D03157,KH26,Sach Spark,Sach,1,27.3,2024-03-10,Bac
D03158,KH11,Noi com dien,Gia dung,1,57.5,2024-08-25,Nam
D03159,KH16,Quan jean,Thoi trang,6,33.4,2024-10-24,Nam
D03160,KH17,Quan jean,Thoi trang,1,37.1,2024-12-07,Bac
D03161,KH31,Sach Spark,Sach,10,23.9,2024-07-15,Bac
D03162,KH34,Tai nghe,Dien tu,2,47.8,2024-09-10,Nam
D03163,KH13,Sach Python,Sach,5,19.7,2025-01-20,Nam
D03164,KH12,Ao thun,Thoi trang,8,11.9,2024-10-18,Bac
D03165,KH19,Ao thun,Thoi trang,6,13.1,2024-11-12,Bac
D03166,KH13,Sach Python,Sach,7,18.4,2024-07-02,Trung
D03167,KH24,May xay,Gia dung,1,42.3,2025-02-10,Bac
D03168,KH09,Laptop,Dien tu,2,1420.2,2024-07-26,Bac
D03169,KH16,Sach Python,Sach,1,19.5,2025-02-06,Bac
D03170,KH22,Dien thoai,Dien tu,3,839.2,2024-04-08,Bac
D03171,KH02,Noi com dien,Gia dung,10,55.4,2025-02-16,Nam
D03172,KH33,Giay the thao,Thoi trang,9,64.4,2024-03-18,Nam
D03173,KH17,Tai nghe,Dien tu,2,42.3,2024-05-10,Bac
D03174,KH21,Sach Spark,Sach,10,26.5,2024-10-14,Trung
D03175,KH17,Giay the thao,Thoi trang,11,60.9,2024-08-13,Trung
D03176,KH11,Noi com dien,Gia dung,6,50.2,2024-05-07,Trung
D03177,KH07,Dien thoai,Dien tu,3,782.6,2025-01-12,Bac
D03178,KH26,Sach Spark,Sach,10,24.3,2024-07-22,Nam
D03179,KH37,Quan jean,Thoi trang,8,35.8,2024-11-16,Trung
D03180,KH34,Giay the thao,Thoi trang,1,58.4,2024-12-29,Bac
D03181,KH16,May xay,Gia dung,5,43.1,2025-02-23,Nam
D03182,KH32,Quan jean,Thoi trang,9,33.4,2024-06-21,Bac
D03183,KH28,Laptop,Dien tu,2,1439.8,2025-02-17,Bac
D03184,KH03,Laptop,Dien tu,3,1489.8,2024-12-22,Trung
D03185,KH13,May xay,Gia dung,11,38.7,2024-09-14,Bac
D03186,KH29,Quan jean,Thoi trang,6,34.4,2024-07-27,Nam
D03187,KH32,Tai nghe,Dien tu,1,47.4,2024-06-21,Bac
D03188,KH40,Sach Spark,Sach,3,26.6,2024-11-27,Trung
D03189,KH34,Sach Python,Sach,11,21.6,2024-05-11,Trung
D03190,KH23,Ao thun,Thoi trang,7,12.2,2024-07-05,Nam
D03191,KH10,May xay,Gia dung,10,43.5,2024-11-05,Bac
D03192,KH39,Sach Spark,Sach,1,26.6,2024-04-09,Bac
D03193,KH25,Ao thun,Thoi trang,10,12.9,2024-06-12,Trung
D03194,KH15,Ao thun,Thoi trang,8,12.9,2024-09-11,Bac
D03195,KH36,Noi com dien,Gia dung,5,59.3,2025-02-04,Bac
D03196,KH21,May xay,Gia dung,5,39.6,2024-04-01,Nam
D03197,KH14,Noi com dien,Gia dung,1,59.6,2024-11-19,Bac
D03198,KH06,Dien thoai,Dien tu,1,861.3,2024-11-21,Nam
D03199,KH13,Giay the thao,Thoi trang,8,55.4,2024-03-31,Trung
D03200,KH18,Tai nghe,Dien tu,2,42.4,2024-05-03,Nam
D03201,KH21,Tai nghe,Dien tu,3,41.5,2024-05-01,Trung
D03202,KH30,Tai nghe,Dien tu,2,43.7,2025-01-07,Bac
D03203,KH34,Laptop,Dien tu,3,1463.3,2024-04-06,Bac
D03204,KH23,Sach Python,Sach,6,21.8,2024-10-22,Nam
D03205,KH27,Tai nghe,Dien tu,3,48.6,2024-05-30,Bac
D03206,KH38,Sach Spark,Sach,2,22.6,2024-08-29,Nam
D03207,KH08,Laptop,Dien tu,1,1457.8,2024-06-25,Bac
D03208,KH11,Quan jean,Thoi trang,5,36.1,2024-11-19,Nam
D03209,KH21,May xay,Gia dung,1,41.4,2024-07-02,Bac
D03210,KH20,Noi com dien,Gia dung,10,51.6,2024-12-01,Bac
D03211,KH13,Quan jean,Thoi trang,5,38.5,2024-10-02,Bac
D03212,KH17,Sach Spark,Sach,7,25.6,2024-03-22,Trung
D03213,KH03,Sach Spark,Sach,3,27.4,2024-05-31,Nam
D03214,KH20,Sach Spark,Sach,7,22.6,2024-08-06,Nam
D03215,KH04,Noi com dien,Gia dung,4,58.7,2024-05-12,Bac
D03216,KH37,Quan jean,Thoi trang,8,37.1,2024-07-30,Bac
D03217,KH40,Giay the thao,Thoi trang,9,56.7,2025-02-02,Nam
D03218,KH36,Sach Python,Sach,8,20.7,2024-10-21,Bac
D03219,KH13,Quan jean,Thoi trang,8,36.2,2025-02-10,Nam
D03220,KH30,Quan jean,Thoi trang,4,35.1,2024-03-17,Bac
D03221,KH13,Giay the thao,Thoi trang,7,62.5,2024-05-04,Nam
D03222,KH15,Ao thun,Thoi trang,8,13.2,2024-04-08,Trung
D03223,KH29,Tai nghe,Dien tu,3,49.3,2024-09-16,Trung
D03224,KH34,Tai nghe,Dien tu,3,48.6,2024-12-05,Trung
D03225,KH18,Dien thoai,Dien tu,2,741.2,2024-10-07,Bac
D03226,KH04,Dien thoai,Dien tu,3,721.1,2025-01-18,Bac
D03227,KH18,May xay,Gia dung,5,42.1,2024-06-09,Bac
D03228,KH28,Ao thun,Thoi trang,7,13.6,2024-05-27,Trung
D03229,KH19,Noi com dien,Gia dung,11,55.0,2024-05-25,Bac
D03230,KH36,Sach Spark,Sach,2,22.7,2024-09-25,Bac
D03231,KH20,Tai nghe,Dien tu,3,42.1,2024-12-26,Bac
D03232,KH28,Sach Python,Sach,9,20.4,2024-06-25,Nam
D03233,KH16,Dien thoai,Dien tu,3,731.5,2024-08-05,Bac
D03234,KH27,Tai nghe,Dien tu,3,43.3,2024-10-30,Nam
D03235,KH36,Dien thoai,Dien tu,3,734.8,2025-02-08,Bac
D03236,KH11,Noi com dien,Gia dung,11,57.1,2024-11-04,Trung
D03237,KH23,Noi com dien,Gia dung,1,50.0,2024-04-19,Bac
D03238,KH06,Laptop,Dien tu,1,1637.7,2024-04-26,Bac
D03239,KH29,Quan jean,Thoi trang,2,33.3,2024-04-16,Bac
D03240,KH07,Giay the thao,Thoi trang,2,66.0,2024-09-27,Nam
D03241,KH16,Noi com dien,Gia dung,10,50.3,2024-11-14,Nam
D03242,KH36,Sach Python,Sach,11,20.6,2024-08-15,Nam
D03243,KH27,Ao thun,Thoi trang,10,11.7,2025-02-14,Bac
D03244,KH17,Ao thun,Thoi trang,2,13.7,2024-08-27,Nam
D03245,KH28,Sach Python,Sach,6,18.6,2025-01-01,Bac
D03246,KH30,May xay,Gia dung,10,42.7,2024-04-25,Bac
D03247,KH31,Noi com dien,Gia dung,6,57.3,2025-02-07,Nam
D03248,KH23,May xay,Gia dung,3,36.1,2024-06-10,Bac
D03249,KH30,Noi com dien,Gia dung,5,60.1,2024-05-13,Bac
D03250,KH21,Giay the thao,Thoi trang,9,61.4,2024-07-25,Nam
D03251,KH21,Sach Python,Sach,10,20.0,2025-01-28,Nam
D03252,KH02,Noi com dien,Gia dung,5,53.8,2024-07-22,Bac
D03253,KH29,Tai nghe,Dien tu,1,41.0,2024-12-11,Bac
D03254,KH37,Tai nghe,Dien tu,2,43.0,2025-01-05,Nam
D03255,KH30,Laptop,Dien tu,1,1462.5,2024-06-27,Nam
D03256,KH26,Ao thun,Thoi trang,3,12.3,2024-09-02,Trung
D03257,KH28,Sach Python,Sach,6,20.6,2024-08-06,Bac
D03258,KH31,Ao thun,Thoi trang,9,13.5,2024-07-30,Bac
D03259,KH19,Dien thoai,Dien tu,2,771.3,2024-10-13,Bac
D03260,KH17,Dien thoai,Dien tu,1,777.8,2024-06-19,Bac
D03261,KH36,May xay,Gia dung,6,37.5,2024-07-07,Bac
D03262,KH09,Laptop,Dien tu,3,1649.2,2024-04-04,Bac
D03263,KH12,Sach Spark,Sach,3,26.6,2024-10-15,Bac
D03264,KH20,May xay,Gia dung,11,40.7,2025-01-02,Bac
D03265,KH38,Quan jean,Thoi trang,5,35.7,2024-10-07,Nam
D03266,KH40,May xay,Gia dung,10,37.4,2024-09-09,Trung
D03267,KH12,Noi com dien,Gia dung,3,54.4,2025-01-24,Bac
D03268,KH31,Noi com dien,Gia dung,3,55.2,2024-03-04,Nam
D03269,KH15,Giay the thao,Thoi trang,5,58.3,2025-01-09,Trung
D03270,KH08,Quan jean,Thoi trang,9,35.0,2024-09-06,Nam
D03271,KH16,Noi com dien,Gia dung,11,59.4,2024-10-03,Bac
D03272,KH31,Giay the thao,Thoi trang,2,56.9,2024-04-19,Nam
D03273,KH05,May xay,Gia dung,8,41.3,2024-08-28,Bac
D03274,KH17,May xay,Gia dung,1,39.8,2024-03-18,Nam
D03275,KH03,Giay the thao,Thoi trang,9,57.7,2024-09-22,Trung
D03276,KH34,Noi com dien,Gia dung,10,55.1,2024-03-05,Nam
D03277,KH01,May xay,Gia dung,5,43.5,2024-06-18,Nam
D03278,KH13,Laptop,Dien tu,3,1607.6,2024-04-15,Bac
D03279,KH14,Quan jean,Thoi trang,7,37.1,2025-02-21,Nam
D03280,KH10,Dien thoai,Dien tu,1,740.8,2024-11-05,Bac
D03281,KH36,Noi com dien,Gia dung,9,49.9,2024-03-25,Bac
D03282,KH03,Sach Python,Sach,7,18.9,2024-11-17,Bac
D03283,KH12,Dien thoai,Dien tu,3,738.4,2025-02-20,Bac
D03284,KH16,Laptop,Dien tu,1,1638.7,2024-04-22,Bac
D03285,KH29,Noi com dien,Gia dung,1,52.7,2024-03-20,Bac
D03286,KH35,Quan jean,Thoi trang,6,34.0,2024-09-18,Nam
D03287,KH14,Dien thoai,Dien tu,2,847.7,2024-03-24,Bac
D03288,KH23,May xay,Gia dung,6,36.4,2024-08-13,Nam
D03289,KH38,Dien thoai,Dien tu,3,863.0,2024-03-10,Bac
D03290,KH32,Sach Python,Sach,3,18.6,2024-09-06,Nam
D03291,KH35,Quan jean,Thoi trang,7,34.7,2024-06-22,Bac
D03292,KH36,May xay,Gia dung,10,40.9,2024-03-08,Bac
D03293,KH25,Sach Python,Sach,1,20.1,2024-03-20,Trung
D03294,KH19,Sach Python,Sach,5,21.9,2024-06-22,Trung
D03295,KH23,Ao thun,Thoi trang,5,12.1,2024-10-13,Trung
D03296,KH21,Quan jean,Thoi trang,4,32.2,2024-09-25,Trung
D03297,KH07,Sach Python,Sach,11,22.0,2024-10-28,Nam
D03298,KH22,Laptop,Dien tu,3,1426.2,2024-11-11,Nam
D03299,KH20,May xay,Gia dung,5,36.6,2025-02-23,Nam
D03300,KH17,Ao thun,Thoi trang,4,13.4,2024-11-18,Bac
D03301,KH27,Ao thun,Thoi trang,2,12.2,2024-11-29,Trung
D03302,KH13,Sach Python,Sach,10,19.1,2024-03-31,Bac
D03303,KH09,Tai nghe,Dien tu,3,41.7,2024-06-23,Trung
D03304,KH18,Giay the thao,Thoi trang,3,60.3,2025-01-23,Nam
D03305,KH10,Laptop,Dien tu,2,1350.5,2024-05-28,Trung
D03306,KH02,Dien thoai,Dien tu,1,756.2,2024-08-24,Bac
D03307,KH16,Quan jean,Thoi trang,2,32.8,2024-08-25,Bac
D03308,KH39,May xay,Gia dung,5,39.7,2024-05-16,Nam
D03309,KH21,May xay,Gia dung,2,43.9,2024-05-21,Bac
D03310,KH08,Ao thun,Thoi trang,6,12.5,2024-06-02,Nam
D03311,KH20,Tai nghe,Dien tu,2,43.3,2024-04-02,Bac
D03312,KH11,Laptop,Dien tu,3,1558.7,2024-05-31,Nam
D03313,KH24,Sach Python,Sach,2,21.4,2024-11-15,Trung
D03314,KH34,Quan jean,Thoi trang,8,35.0,2025-01-30,Nam
D03315,KH10,Sach Python,Sach,3,18.5,2024-08-21,Nam
D03316,KH05,Giay the thao,Thoi trang,6,59.1,2024-08-03,Bac
D03317,KH36,Laptop,Dien tu,3,1610.8,2025-02-04,Nam
D03318,KH06,Quan jean,Thoi trang,10,37.6,2025-02-01,Nam
D03319,KH12,Quan jean,Thoi trang,6,34.7,2024-03-13,Nam
D03320,KH19,Noi com dien,Gia dung,3,59.1,2024-03-16,Nam
D03321,KH18,Noi com dien,Gia dung,6,56.9,2024-11-02,Nam
D03322,KH34,Ao thun,Thoi trang,2,11.4,2024-05-16,Trung
D03323,KH30,Noi com dien,Gia dung,3,53.5,2024-12-25,Nam
D03324,KH33,Dien thoai,Dien tu,3,860.0,2024-09-06,Bac
D03325,KH37,Ao thun,Thoi trang,10,13.4,2025-02-21,Bac
D03326,KH01,Giay the thao,Thoi trang,9,65.4,2024-05-02,Trung
D03327,KH14,Giay the thao,Thoi trang,10,55.8,2024-10-13,Bac
D03328,KH40,Giay the thao,Thoi trang,7,62.0,2024-11-24,Nam
D03329,KH28,Sach Spark,Sach,5,27.5,2024-08-21,Nam
D03330,KH34,Ao thun,Thoi trang,5,13.0,2024-10-04,Bac
D03331,KH08,Ao thun,Thoi trang,2,13.3,2025-01-22,Trung
D03332,KH22,Ao thun,Thoi trang,1,12.6,2024-07-25,Nam
D03333,KH01,Quan jean,Thoi trang,10,33.5,2024-04-11,Nam
D03334,KH29,Sach Python,Sach,4,19.8,2024-08-28,Nam
D03335,KH29,Dien thoai,Dien tu,3,722.6,2024-12-29,Nam
D03336,KH06,Sach Spark,Sach,10,24.5,2024-05-16,Nam
D03337,KH02,Ao thun,Thoi trang,9,12.3,2024-12-09,Nam
D03338,KH14,Sach Spark,Sach,3,24.0,2024-12-19,Nam
D03339,KH17,Tai nghe,Dien tu,2,46.5,2024-11-13,Nam
D03340,KH21,Giay the thao,Thoi trang,2,65.8,2024-05-26,Trung
D03341,KH26,Quan jean,Thoi trang,2,34.8,2024-06-12,Nam
D03342,KH08,Dien thoai,Dien tu,3,776.5,2025-02-06,Bac
D03343,KH36,Ao thun,Thoi trang,10,12.8,2024-10-20,Nam
D03344,KH01,Laptop,Dien tu,2,1643.4,2024-10-17,Bac
D03345,KH07,Tai nghe,Dien tu,2,49.1,2024-11-02,Trung
D03346,KH28,Ao thun,Thoi trang,10,13.5,2024-04-18,Trung
D03347,KH17,Ao thun,Thoi trang,5,12.4,2024-12-30,Trung
D03348,KH14,Tai nghe,Dien tu,2,47.8,2024-09-30,Nam
D03349,KH16,Sach Python,Sach,3,21.7,2024-12-27,Bac
D03350,KH01,Quan jean,Thoi trang,9,32.7,2024-05-15,Nam
D03351,KH01,Laptop,Dien tu,3,1455.2,2024-08-22,Bac
D03352,KH05,Tai nghe,Dien tu,1,42.6,2024-07-27,Nam
D03353,KH29,Laptop,Dien tu,2,1535.5,2024-08-23,Nam
D03354,KH34,May xay,Gia dung,2,43.2,2024-11-18,Trung
D03355,KH12,Dien thoai,Dien tu,2,850.2,2024-06-19,Bac
D03356,KH39,Dien thoai,Dien tu,1,738.8,2024-08-24,Bac
D03357,KH04,Laptop,Dien tu,2,1401.4,2024-06-25,Trung
D03358,KH30,Dien thoai,Dien tu,2,845.8,2024-09-24,Bac
D03359,KH26,May xay,Gia dung,1,40.6,2024-11-13,Bac
D03360,KH10,Tai nghe,Dien tu,2,47.1,2024-10-09,Bac
D03361,KH10,Ao thun,Thoi trang,5,13.5,2024-03-02,Nam
D03362,KH02,Quan jean,Thoi trang,7,31.7,2024-07-05,Nam
D03363,KH07,Laptop,Dien tu,2,1457.9,2024-12-23,Nam
D03364,KH15,Dien thoai,Dien tu,3,766.4,2024-11-11,Bac
D03365,KH38,Giay the thao,Thoi trang,10,58.5,2024-07-08,Bac
D03366,KH12,Sach Spark,Sach,3,23.1,2025-02-20,Nam
D03367,KH19,May xay,Gia dung,2,38.9,2025-01-13,Bac
D03368,KH37,Tai nghe,Dien tu,2,42.5,2024-05-05,Trung
D03369,KH35,Giay the thao,Thoi trang,10,59.2,2024-08-31,Nam
D03370,KH03,May xay,Gia dung,3,40.9,2024-09-05,Nam
D03371,KH08,Noi com dien,Gia dung,8,56.0,2024-08-22,Nam
D03372,KH12,Ao thun,Thoi trang,10,12.2,2024-03-15,Nam
D03373,KH09,Giay the thao,Thoi trang,7,57.3,2024-09-14,Nam
D03374,KH20,Sach Python,Sach,3,18.2,2024-10-02,Bac
D03375,KH22,Ao thun,Thoi trang,9,12.3,2024-05-25,Trung
D03376,KH22,Giay the thao,Thoi trang,9,56.5,2024-06-15,Nam
D03377,KH20,Laptop,Dien tu,2,1613.8,2025-02-12,Nam
D03378,KH24,Noi com dien,Gia dung,7,58.8,2024-06-06,Bac
D03379,KH21,Sach Spark,Sach,3,24.0,2024-05-18,Bac
D03380,KH16,Tai nghe,Dien tu,3,41.0,2024-07-14,Bac
D03381,KH12,Quan jean,Thoi trang,3,37.3,2024-07-31,Bac
D03382,KH24,Ao thun,Thoi trang,3,11.9,2025-01-29,Trung
D03383,KH05,Ao thun,Thoi trang,11,12.5,2025-02-03,Trung
D03384,KH24,Sach Python,Sach,6,21.9,2024-12-17,Trung
D03385,KH05,Sach Python,Sach,2,21.5,2024-04-03,Nam
D03386,KH26,Sach Python,Sach,3,20.8,2024-07-13,Nam
D03387,KH40,Ao thun,Thoi trang,6,13.5,2024-07-21,Bac
D03388,KH09,Laptop,Dien tu,3,1527.4,2025-02-26,Bac
D03389,KH32,Sach Python,Sach,3,19.2,2024-10-04,Trung
D03390,KH09,May xay,Gia dung,2,36.7,2024-11-22,Bac
D03391,KH13,Quan jean,Thoi trang,5,35.0,2024-12-05,Trung
D03392,KH04,Noi com dien,Gia dung,5,52.2,2024-04-07,Bac
D03393,KH20,Noi com dien,Gia dung,11,58.0,2024-08-10,Bac
D03394,KH23,Ao thun,Thoi trang,4,12.0,2024-06-19,Bac
D03395,KH33,Sach Spark,Sach,11,25.1,2024-06-14,Bac
D03396,KH23,Sach Spark,Sach,4,22.5,2024-09-03,Trung
D03397,KH38,Tai nghe,Dien tu,2,44.6,2024-08-15,Nam
D03398,KH33,Quan jean,Thoi trang,11,33.7,2024-04-08,Trung
D03399,KH29,Ao thun,Thoi trang,10,12.6,2024-03-28,Nam
D03400,KH12,Ao thun,Thoi trang,6,11.8,2024-07-20,Bac
D03401,KH25,May xay,Gia dung,10,39.3,2024-11-28,Bac
D03402,KH26,Quan jean,Thoi trang,9,33.3,2024-09-08,Nam
D03403,KH36,Quan jean,Thoi trang,11,33.2,2024-10-05,Nam
D03404,KH35,Giay the thao,Thoi trang,2,59.6,2024-09-25,Nam
D03405,KH37,Noi com dien,Gia dung,5,58.2,2024-10-13,Bac
D03406,KH38,Quan jean,Thoi trang,4,34.3,2024-08-19,Nam
D03407,KH25,Tai nghe,Dien tu,2,41.0,2024-12-16,Nam
D03408,KH35,Tai nghe,Dien tu,2,45.4,2024-07-11,Nam
D03409,KH01,Laptop,Dien tu,2,1628.8,2024-12-11,Nam
D03410,KH04,Quan jean,Thoi trang,2,35.5,2024-05-28,Nam
D03411,KH15,Sach Spark,Sach,11,23.5,2024-09-04,Nam
D03412,KH23,Quan jean,Thoi trang,2,35.2,2024-07-01,Nam
D03413,KH02,Quan jean,Thoi trang,7,34.4,2024-07-14,Bac
D03414,KH08,Sach Python,Sach,2,19.0,2024-11-30,Nam
D03415,KH31,Sach Python,Sach,10,21.0,2024-06-28,Bac
D03416,KH09,May xay,Gia dung,5,42.4,2024-07-31,Trung
D03417,KH23,Giay the thao,Thoi trang,5,64.4,2024-03-22,Nam
D03418,KH02,Sach Python,Sach,11,18.8,2024-04-15,Nam
D03419,KH32,Giay the thao,Thoi trang,8,59.0,2024-07-24,Bac
D03420,KH19,Noi com dien,Gia dung,6,58.8,2024-09-26,Bac
D03421,KH16,Noi com dien,Gia dung,2,58.7,2024-10-06,Nam
D03422,KH05,Ao thun,Thoi trang,10,12.6,2024-06-25,Bac
D03423,KH21,Sach Python,Sach,5,19.3,2024-06-10,Nam
D03424,KH20,Quan jean,Thoi trang,9,33.2,2024-10-02,Nam
D03425,KH23,Sach Python,Sach,11,19.7,2024-12-31,Nam
D03426,KH03,Sach Spark,Sach,10,23.1,2024-07-26,Trung
D03427,KH40,Ao thun,Thoi trang,1,11.6,2024-06-30,Nam
D03428,KH11,Dien thoai,Dien tu,3,805.6,2024-08-15,Bac
D03429,KH31,Laptop,Dien tu,2,1582.4,2024-10-21,Nam
D03430,KH19,Sach Spark,Sach,9,22.7,2025-01-19,Bac
D03431,KH01,Sach Spark,Sach,8,25.7,2024-04-14,Nam
D03432,KH12,Sach Spark,Sach,8,24.0,2024-03-19,Bac
D03433,KH39,Sach Python,Sach,3,19.1,2024-12-11,Bac
D03434,KH31,Ao thun,Thoi trang,9,11.4,2024-10-22,Nam
D03435,KH15,May xay,Gia dung,8,36.2,2024-06-05,Bac
D03436,KH36,Laptop,Dien tu,1,1630.9,2024-10-29,Nam
D03437,KH37,May xay,Gia dung,7,36.9,2024-11-09,Bac
D03438,KH20,Quan jean,Thoi trang,2,32.4,2024-06-09,Nam
D03439,KH03,Tai nghe,Dien tu,3,40.8,2024-06-19,Trung
D03440,KH07,Giay the thao,Thoi trang,1,55.7,2025-02-19,Nam
D03441,KH22,Sach Python,Sach,10,21.4,2024-06-04,Nam
D03442,KH17,Sach Spark,Sach,6,22.8,2024-10-30,Bac
D03443,KH36,Dien thoai,Dien tu,1,809.6,2025-02-20,Trung
D03444,KH34,Giay the thao,Thoi trang,3,57.8,2024-04-23,Bac
D03445,KH12,Dien thoai,Dien tu,2,754.8,2024-08-16,Bac
D03446,KH15,Laptop,Dien tu,2,1614.0,2024-04-11,Trung
D03447,KH19,Dien thoai,Dien tu,1,788.2,2024-12-26,Nam
D03448,KH22,Sach Spark,Sach,1,23.8,2024-08-15,Nam
D03449,KH37,May xay,Gia dung,6,37.5,2024-04-10,Trung
D03450,KH32,Noi com dien,Gia dung,1,51.6,2024-10-10,Bac
D03451,KH33,Ao thun,Thoi trang,1,13.3,2024-05-24,Nam
D03452,KH15,Quan jean,Thoi trang,5,32.1,2024-11-18,Nam
D03453,KH12,Sach Spark,Sach,9,22.8,2024-03-03,Bac
D03454,KH39,Laptop,Dien tu,2,1422.1,2024-05-11,Trung
D03455,KH07,Ao thun,Thoi trang,6,12.9,2024-06-10,Bac
D03456,KH40,Dien thoai,Dien tu,1,742.7,2024-11-18,Nam
D03457,KH34,Quan jean,Thoi trang,6,32.2,2024-07-31,Nam
D03458,KH22,Noi com dien,Gia dung,1,52.8,2024-11-23,Bac
D03459,KH37,Dien thoai,Dien tu,3,827.3,2024-11-15,Nam
D03460,KH21,Sach Spark,Sach,8,25.4,2025-02-24,Bac
D03461,KH33,Giay the thao,Thoi trang,9,60.3,2024-06-06,Bac
D03462,KH31,Dien thoai,Dien tu,1,854.1,2024-10-08,Nam
D03463,KH34,Tai nghe,Dien tu,3,40.6,2024-12-08,Nam
D03464,KH06,Quan jean,Thoi trang,6,38.3,2024-04-16,Trung
D03465,KH07,Laptop,Dien tu,1,1468.3,2024-04-13,Nam
D03466,KH12,May xay,Gia dung,4,38.9,2024-12-09,Bac
D03467,KH27,Sach Python,Sach,2,20.7,2024-11-29,Nam
D03468,KH36,Sach Python,Sach,7,21.2,2024-10-10,Nam
D03469,KH37,Quan jean,Thoi trang,9,31.9,2024-09-24,Nam
D03470,KH09,Tai nghe,Dien tu,1,41.9,2025-01-27,Trung
D03471,KH06,Sach Python,Sach,7,21.0,2024-05-28,Nam
D03472,KH27,Noi com dien,Gia dung,7,50.7,2024-10-26,Trung
D03473,KH36,Giay the thao,Thoi trang,10,56.4,2024-04-03,Trung
D03474,KH16,Giay the thao,Thoi trang,5,58.0,2024-07-31,Bac
D03475,KH08,Dien thoai,Dien tu,1,807.2,2024-04-20,Bac
D03476,KH30,May xay,Gia dung,6,39.6,2024-11-29,Nam
D03477,KH10,Quan jean,Thoi trang,7,33.9,2025-02-05,Trung
D03478,KH38,Giay the thao,Thoi trang,3,55.6,2024-05-27,Trung
D03479,KH16,Dien thoai,Dien tu,2,812.5,2025-02-09,Bac
D03480,KH34,May xay,Gia dung,5,37.2,2024-08-07,Bac
D03481,KH34,Laptop,Dien tu,1,1461.9,2025-02-26,Bac
D03482,KH15,Quan jean,Thoi trang,2,31.9,2024-05-14,Trung
D03483,KH15,Quan jean,Thoi trang,1,36.0,2024-07-18,Nam
D03484,KH16,Noi com dien,Gia dung,1,55.4,2024-06-18,Trung
D03485,KH35,Laptop,Dien tu,2,1556.5,2024-08-11,Bac
D03486,KH15,Sach Spark,Sach,11,25.6,2024-11-11,Trung
D03487,KH04,Noi com dien,Gia dung,3,59.2,2024-12-31,Bac
D03488,KH09,Sach Python,Sach,10,18.6,2025-01-03,Bac
D03489,KH04,Dien thoai,Dien tu,2,720.2,2024-09-06,Bac
D03490,KH17,Giay the thao,Thoi trang,9,63.0,2024-05-23,Bac
D03491,KH25,Ao thun,Thoi trang,7,11.5,2024-03-10,Nam
D03492,KH22,Dien thoai,Dien tu,1,869.0,2024-03-23,Nam
D03493,KH18,Dien thoai,Dien tu,1,769.8,2024-08-15,Bac
D03494,KH13,Ao thun,Thoi trang,7,11.6,2025-02-18,Trung
D03495,KH16,Tai nghe,Dien tu,3,48.9,2024-12-27,Nam
D03496,KH01,Laptop,Dien tu,1,1371.5,2024-10-19,Nam
D03497,KH01,Noi com dien,Gia dung,5,58.1,2024-08-31,Nam
D03498,KH20,Noi com dien,Gia dung,11,59.6,2024-11-24,Bac
D03499,KH19,Sach Spark,Sach,1,22.8,2025-02-24,Trung
D03500,KH07,Sach Python,Sach,9,21.7,2024-03-16,Nam
D03501,KH17,Sach Python,Sach,9,21.1,2024-06-16,Bac
D03502,KH12,Noi com dien,Gia dung,3,51.5,2024-06-09,Trung
D03503,KH22,Tai nghe,Dien tu,1,48.2,2025-01-27,Nam
D03504,KH21,Sach Spark,Sach,8,23.0,2024-05-05,Nam
D03505,KH12,Laptop,Dien tu,1,1462.1,2024-04-11,Trung
D03506,KH13,Sach Python,Sach,9,21.8,2024-05-04,Nam
D03507,KH34,Ao thun,Thoi trang,3,13.2,2024-05-21,Nam
D03508,KH11,Laptop,Dien tu,2,1544.1,2024-09-23,Nam
D03509,KH03,May xay,Gia dung,2,39.2,2024-07-24,Trung
D03510,KH08,Tai nghe,Dien tu,3,47.9,2024-07-23,Trung
D03511,KH11,Laptop,Dien tu,3,1647.5,2024-11-27,Nam
D03512,KH26,Sach Python,Sach,4,19.7,2025-02-15,Nam
D03513,KH20,Laptop,Dien tu,3,1531.2,2024-06-29,Nam
D03514,KH33,Sach Python,Sach,11,18.2,2024-03-06,Trung
D03515,KH37,Tai nghe,Dien tu,1,47.3,2024-11-10,Nam
D03516,KH17,Sach Spark,Sach,1,22.8,2024-06-11,Bac
D03517,KH32,May xay,Gia dung,5,38.5,2024-07-02,Nam
D03518,KH20,Dien thoai,Dien tu,2,857.2,2024-10-30,Trung
D03519,KH39,Laptop,Dien tu,2,1417.0,2024-10-01,Nam
D03520,KH25,Sach Spark,Sach,11,22.7,2024-11-17,Bac
D03521,KH32,Tai nghe,Dien tu,3,41.8,2024-10-14,Trung
D03522,KH36,Sach Spark,Sach,2,24.0,2024-03-21,Nam
D03523,KH02,Dien thoai,Dien tu,2,733.6,2024-12-25,Nam
D03524,KH20,Sach Spark,Sach,2,25.8,2024-07-04,Nam
D03525,KH06,Dien thoai,Dien tu,1,843.5,2024-12-18,Trung
D03526,KH02,Sach Python,Sach,11,20.3,2024-04-30,Nam
D03527,KH32,Laptop,Dien tu,1,1532.7,2024-09-24,Nam
D03528,KH15,Tai nghe,Dien tu,2,42.2,2024-10-02,Nam
D03529,KH09,Ao thun,Thoi trang,7,12.5,2024-10-14,Trung
D03530,KH22,Giay the thao,Thoi trang,8,61.0,2024-09-07,Nam
D03531,KH34,May xay,Gia dung,9,41.5,2024-12-31,Nam
D03532,KH35,Ao thun,Thoi trang,1,12.4,2025-01-05,Bac
D03533,KH08,Giay the thao,Thoi trang,7,65.7,2025-02-10,Trung
D03534,KH06,May xay,Gia dung,7,40.8,2024-04-01,Nam
D03535,KH26,May xay,Gia dung,4,40.7,2024-08-16,Bac
D03536,KH20,Ao thun,Thoi trang,10,13.6,2024-06-23,Trung
D03537,KH04,Quan jean,Thoi trang,2,37.8,2024-05-28,Trung
D03538,KH03,Laptop,Dien tu,2,1626.5,2024-07-11,Trung
D03539,KH14,Tai nghe,Dien tu,1,46.9,2024-08-12,Nam
D03540,KH29,Dien thoai,Dien tu,1,765.6,2024-03-04,Trung
D03541,KH30,Laptop,Dien tu,2,1469.7,2024-11-05,Nam
D03542,KH34,Sach Python,Sach,8,18.4,2024-10-04,Nam
D03543,KH14,Sach Python,Sach,5,18.1,2024-12-14,Trung
D03544,KH23,Ao thun,Thoi trang,5,13.6,2024-05-08,Bac
D03545,KH28,May xay,Gia dung,9,37.6,2024-12-29,Nam
D03546,KH29,Laptop,Dien tu,3,1497.7,2024-06-19,Bac
D03547,KH04,Dien thoai,Dien tu,3,758.5,2025-01-02,Bac
D03548,KH34,Quan jean,Thoi trang,3,33.5,2025-01-02,Nam
D03549,KH02,Dien thoai,Dien tu,3,722.2,2024-10-23,Trung
D03550,KH36,Dien thoai,Dien tu,1,855.7,2024-11-03,Nam
D03551,KH17,Sach Spark,Sach,8,25.0,2025-02-16,Nam
D03552,KH05,Ao thun,Thoi trang,9,13.4,2024-03-01,Nam
D03553,KH25,Sach Spark,Sach,3,22.9,2025-01-03,Bac
D03554,KH31,Laptop,Dien tu,2,1643.4,2024-11-14,Trung
D03555,KH15,Noi com dien,Gia dung,9,59.6,2024-10-12,Bac
D03556,KH22,May xay,Gia dung,5,36.3,2024-10-27,Bac
D03557,KH36,Laptop,Dien tu,2,1473.1,2024-10-08,Bac
D03558,KH02,Ao thun,Thoi trang,6,12.1,2024-04-28,Nam
D03559,KH07,Tai nghe,Dien tu,1,42.6,2024-06-03,Bac
D03560,KH34,Noi com dien,Gia dung,9,57.2,2025-02-25,Nam
D03561,KH13,Sach Spark,Sach,10,25.8,2024-04-03,Nam
D03562,KH40,Noi com dien,Gia dung,11,59.1,2024-07-31,Bac
D03563,KH25,Laptop,Dien tu,1,1648.2,2024-09-05,Trung
D03564,KH08,Noi com dien,Gia dung,9,53.7,2024-09-05,Bac
D03565,KH15,Ao thun,Thoi trang,6,12.2,2024-09-10,Nam
D03566,KH35,May xay,Gia dung,6,36.8,2024-07-04,Trung
D03567,KH25,Noi com dien,Gia dung,6,51.2,2024-05-10,Bac
D03568,KH29,May xay,Gia dung,4,41.4,2025-01-22,Bac
D03569,KH34,Sach Spark,Sach,4,25.5,2024-07-16,Nam
D03570,KH34,Quan jean,Thoi trang,5,34.3,2024-11-26,Nam
D03571,KH40,Laptop,Dien tu,3,1472.2,2025-02-28,Nam
D03572,KH23,Tai nghe,Dien tu,2,49.5,2024-12-03,Bac
D03573,KH13,Laptop,Dien tu,2,1581.8,2024-09-04,Nam
D03574,KH30,Quan jean,Thoi trang,7,38.1,2024-04-10,Bac
D03575,KH09,Ao thun,Thoi trang,3,13.7,2024-08-10,Bac
D03576,KH02,Sach Python,Sach,9,19.2,2024-08-16,Nam
D03577,KH02,Giay the thao,Thoi trang,11,61.0,2024-08-15,Nam
D03578,KH24,Laptop,Dien tu,2,1609.2,2024-06-05,Bac
D03579,KH11,Sach Python,Sach,9,19.0,2024-04-25,Trung
D03580,KH10,Laptop,Dien tu,2,1592.6,2024-12-04,Bac
D03581,KH08,Noi com dien,Gia dung,3,57.7,2024-08-07,Bac
D03582,KH37,Sach Python,Sach,9,21.4,2024-03-29,Nam
D03583,KH03,Sach Python,Sach,7,19.3,2024-12-04,Trung
D03584,KH18,Sach Spark,Sach,11,25.8,2025-01-06,Nam
D03585,KH32,Noi com dien,Gia dung,8,60.1,2025-02-11,Bac
D03586,KH30,Noi com dien,Gia dung,2,56.4,2024-12-14,Trung
D03587,KH14,Quan jean,Thoi trang,5,38.1,2024-09-16,Nam
D03588,KH38,Sach Python,Sach,10,19.9,2024-10-02,Nam
D03589,KH40,Sach Spark,Sach,11,24.3,2024-07-20,Bac
D03590,KH38,Sach Spark,Sach,9,25.8,2024-06-17,Bac
D03591,KH34,Giay the thao,Thoi trang,1,58.3,2024-08-02,Trung
D03592,KH06,Sach Spark,Sach,8,26.5,2024-03-09,Bac
D03593,KH40,Ao thun,Thoi trang,6,12.1,2024-12-11,Trung
D03594,KH31,Giay the thao,Thoi trang,1,65.1,2024-03-04,Nam
D03595,KH15,Sach Python,Sach,9,20.5,2024-05-24,Bac
D03596,KH28,May xay,Gia dung,8,39.2,2024-09-24,Nam
D03597,KH31,Quan jean,Thoi trang,8,33.3,2024-12-05,Nam
D03598,KH17,Giay the thao,Thoi trang,8,60.8,2024-03-25,Bac
D03599,KH40,Giay the thao,Thoi trang,5,54.2,2024-10-18,Nam
D03600,KH08,May xay,Gia dung,10,43.6,2024-05-02,Trung
D03601,KH36,Quan jean,Thoi trang,7,33.9,2024-03-10,Nam
D03602,KH34,Sach Python,Sach,4,21.5,2024-05-02,Trung
D03603,KH37,Ao thun,Thoi trang,3,11.5,2024-12-04,Bac
D03604,KH28,Sach Python,Sach,4,19.0,2024-09-20,Nam
D03605,KH31,Sach Python,Sach,11,21.1,2024-11-29,Bac
D03606,KH09,Sach Python,Sach,8,21.3,2024-08-25,Bac
D03607,KH21,Sach Python,Sach,8,19.7,2024-10-25,Nam
D03608,KH30,Noi com dien,Gia dung,1,51.9,2024-06-12,Nam
D03609,KH04,Dien thoai,Dien tu,2,811.3,2024-07-20,Bac
D03610,KH25,Quan jean,Thoi trang,4,36.0,2024-03-09,Bac
D03611,KH01,Sach Spark,Sach,9,24.0,2024-07-06,Nam
D03612,KH37,Quan jean,Thoi trang,8,34.6,2024-10-04,Bac
D03613,KH31,Ao thun,Thoi trang,4,13.7,2024-09-22,Nam
D03614,KH08,Tai nghe,Dien tu,2,48.4,2024-09-17,Bac
D03615,KH01,Sach Spark,Sach,6,26.3,2024-09-06,Bac
D03616,KH01,Giay the thao,Thoi trang,5,64.8,2024-07-30,Bac
D03617,KH05,Sach Python,Sach,1,21.6,2024-04-25,Bac
D03618,KH14,Sach Python,Sach,5,18.4,2024-04-13,Bac
D03619,KH03,Ao thun,Thoi trang,10,12.2,2025-01-16,Bac
D03620,KH20,Dien thoai,Dien tu,2,824.6,2024-09-16,Trung
D03621,KH34,Noi com dien,Gia dung,11,60.3,2025-01-13,Bac
D03622,KH23,Giay the thao,Thoi trang,2,56.7,2024-07-24,Bac
D03623,KH15,Dien thoai,Dien tu,1,795.9,2024-12-22,Bac
D03624,KH06,May xay,Gia dung,4,43.3,2025-02-08,Bac
D03625,KH40,May xay,Gia dung,1,41.5,2024-07-27,Bac
D03626,KH18,Laptop,Dien tu,3,1370.7,2024-07-08,Trung
D03627,KH33,May xay,Gia dung,8,39.8,2024-10-27,Nam
D03628,KH30,Dien thoai,Dien tu,2,862.2,2025-01-28,Trung
D03629,KH23,Ao thun,Thoi trang,7,13.0,2024-03-01,Bac
D03630,KH15,Giay the thao,Thoi trang,1,60.9,2024-07-31,Nam
D03631,KH32,Sach Python,Sach,10,18.4,2024-08-11,Nam
D03632,KH36,Noi com dien,Gia dung,3,54.0,2024-06-19,Bac
D03633,KH13,Sach Python,Sach,11,20.6,2024-12-08,Nam
D03634,KH13,Laptop,Dien tu,1,1403.1,2024-12-07,Bac
D03635,KH22,Giay the thao,Thoi trang,9,58.8,2024-04-13,Bac
D03636,KH05,May xay,Gia dung,2,39.0,2024-03-04,Trung
D03637,KH15,Giay the thao,Thoi trang,9,57.5,2024-12-31,Bac
D03638,KH25,Quan jean,Thoi trang,1,34.1,2024-12-19,Nam
D03639,KH04,Sach Spark,Sach,10,24.0,2024-04-21,Nam
D03640,KH31,Laptop,Dien tu,2,1371.4,2024-11-07,Nam
D03641,KH37,Laptop,Dien tu,2,1548.8,2025-01-08,Nam
D03642,KH02,Laptop,Dien tu,3,1421.3,2025-02-11,Bac
D03643,KH11,Noi com dien,Gia dung,11,55.9,2024-03-23,Bac
D03644,KH12,Tai nghe,Dien tu,3,41.1,2024-07-12,Trung
D03645,KH36,May xay,Gia dung,10,36.4,2024-06-13,Bac
D03646,KH29,Tai nghe,Dien tu,1,48.5,2024-10-07,Nam
D03647,KH32,Dien thoai,Dien tu,1,869.4,2024-09-28,Nam
D03648,KH28,May xay,Gia dung,5,38.5,2025-01-31,Bac
D03649,KH17,Tai nghe,Dien tu,1,42.6,2024-11-03,Nam
D03650,KH04,Sach Spark,Sach,3,22.8,2025-02-16,Bac
D03651,KH13,Dien thoai,Dien tu,3,784.8,2025-02-18,Trung
D03652,KH07,Giay the thao,Thoi trang,6,58.4,2024-10-31,Bac
D03653,KH03,May xay,Gia dung,8,42.4,2024-09-25,Nam
D03654,KH06,Noi com dien,Gia dung,6,54.9,2024-12-29,Bac
D03655,KH10,Sach Python,Sach,4,18.8,2024-08-21,Nam
D03656,KH03,Tai nghe,Dien tu,3,42.1,2024-07-02,Bac
D03657,KH02,Quan jean,Thoi trang,9,31.8,2024-08-02,Nam
D03658,KH37,Sach Spark,Sach,3,26.1,2024-07-24,Bac
D03659,KH04,Tai nghe,Dien tu,3,41.5,2024-03-24,Trung
D03660,KH05,Sach Python,Sach,6,19.7,2024-12-29,Nam
D03661,KH38,Dien thoai,Dien tu,2,815.1,2024-05-30,Bac
D03662,KH06,Giay the thao,Thoi trang,8,65.3,2024-06-15,Nam
D03663,KH20,Giay the thao,Thoi trang,6,65.3,2025-01-03,Nam
D03664,KH03,Laptop,Dien tu,1,1549.2,2024-03-12,Bac
D03665,KH11,Quan jean,Thoi trang,3,33.3,2024-07-21,Nam
D03666,KH40,Noi com dien,Gia dung,2,51.1,2024-10-01,Bac
D03667,KH23,Sach Spark,Sach,9,26.9,2025-01-06,Bac
D03668,KH17,Noi com dien,Gia dung,3,52.8,2024-04-30,Bac
D03669,KH11,Noi com dien,Gia dung,6,58.5,2024-04-13,Bac
D03670,KH11,Quan jean,Thoi trang,2,36.3,2024-07-29,Bac
D03671,KH05,Laptop,Dien tu,2,1405.5,2024-06-29,Bac
D03672,KH08,May xay,Gia dung,3,36.8,2025-02-19,Nam
D03673,KH39,Giay the thao,Thoi trang,3,65.0,2024-08-18,Nam
D03674,KH25,Dien thoai,Dien tu,1,762.0,2024-07-01,Trung
D03675,KH34,Sach Python,Sach,7,19.0,2025-01-23,Bac
D03676,KH30,Quan jean,Thoi trang,4,34.1,2024-08-09,Nam
D03677,KH14,Sach Spark,Sach,11,23.0,2024-09-29,Trung
D03678,KH24,Giay the thao,Thoi trang,9,63.6,2024-07-04,Nam
D03679,KH31,May xay,Gia dung,8,38.4,2024-11-26,Bac
D03680,KH10,Noi com dien,Gia dung,2,54.9,2024-06-07,Trung
D03681,KH14,Quan jean,Thoi trang,9,35.7,2024-08-08,Trung
D03682,KH10,Noi com dien,Gia dung,6,51.1,2024-04-23,Nam
D03683,KH33,Giay the thao,Thoi trang,11,60.3,2024-08-14,Nam
D03684,KH40,May xay,Gia dung,2,41.0,2025-01-18,Bac
D03685,KH33,Sach Spark,Sach,5,26.6,2025-01-04,Nam
D03686,KH06,Quan jean,Thoi trang,5,36.6,2024-07-28,Trung
D03687,KH21,May xay,Gia dung,1,38.3,2025-01-18,Bac
D03688,KH29,Laptop,Dien tu,2,1595.6,2025-01-27,Nam
D03689,KH09,Sach Spark,Sach,2,27.3,2024-11-28,Nam
D03690,KH23,Tai nghe,Dien tu,3,45.3,2025-01-22,Nam
D03691,KH25,Sach Python,Sach,6,20.5,2024-05-24,Bac
D03692,KH22,Sach Python,Sach,4,18.6,2024-06-09,Trung
D03693,KH11,May xay,Gia dung,2,39.9,2024-04-22,Nam
D03694,KH12,May xay,Gia dung,11,41.7,2025-01-31,Bac
D03695,KH04,Tai nghe,Dien tu,1,47.7,2024-07-20,Bac
D03696,KH10,Quan jean,Thoi trang,9,37.5,2024-07-19,Trung
D03697,KH07,Quan jean,Thoi trang,11,36.9,2024-10-22,Nam
D03698,KH12,Ao thun,Thoi trang,10,11.9,2024-11-14,Bac
D03699,KH08,Sach Python,Sach,5,21.7,2024-10-30,Nam
D03700,KH09,Quan jean,Thoi trang,6,37.1,2024-08-07,Nam
D03701,KH35,Ao thun,Thoi trang,5,11.6,2024-12-09,Bac
D03702,KH10,Ao thun,Thoi trang,1,13.0,2024-08-19,Nam
D03703,KH14,Sach Python,Sach,1,21.0,2024-11-27,Nam
D03704,KH25,Giay the thao,Thoi trang,4,65.6,2025-01-12,Bac
D03705,KH10,Quan jean,Thoi trang,6,38.4,2024-09-21,Bac
D03706,KH09,Sach Spark,Sach,6,26.3,2024-06-20,Trung
D03707,KH18,Ao thun,Thoi trang,11,13.2,2024-05-27,Bac
D03708,KH28,Noi com dien,Gia dung,11,56.6,2024-12-18,Bac
D03709,KH17,Dien thoai,Dien tu,1,772.2,2025-02-15,Nam
D03710,KH28,Noi com dien,Gia dung,7,53.5,2025-02-19,Bac
D03711,KH08,Tai nghe,Dien tu,3,42.7,2025-02-16,Bac
D03712,KH30,Laptop,Dien tu,1,1362.9,2024-08-30,Nam
D03713,KH11,Dien thoai,Dien tu,1,776.6,2024-05-09,Bac
D03714,KH18,Giay the thao,Thoi trang,2,65.8,2024-11-30,Trung
D03715,KH04,Laptop,Dien tu,1,1607.8,2025-02-07,Bac
D03716,KH27,Noi com dien,Gia dung,2,50.2,2024-07-20,Nam
D03717,KH13,May xay,Gia dung,10,37.0,2024-10-15,Bac
D03718,KH31,Giay the thao,Thoi trang,8,55.7,2024-12-02,Trung
D03719,KH08,Sach Python,Sach,9,21.6,2024-11-21,Nam
D03720,KH07,Sach Spark,Sach,10,23.8,2025-02-12,Trung
D03721,KH12,Sach Spark,Sach,9,27.1,2024-12-08,Trung
D03722,KH04,Laptop,Dien tu,3,1582.2,2024-07-24,Nam
D03723,KH27,Sach Spark,Sach,11,25.5,2025-01-07,Nam
D03724,KH39,Sach Python,Sach,10,20.9,2024-03-24,Nam
D03725,KH37,Tai nghe,Dien tu,3,45.7,2024-06-07,Trung
D03726,KH22,Quan jean,Thoi trang,7,37.5,2024-08-27,Nam
D03727,KH18,Giay the thao,Thoi trang,5,60.8,2024-03-05,Bac
D03728,KH24,Giay the thao,Thoi trang,6,56.1,2024-03-13,Bac
D03729,KH40,Noi com dien,Gia dung,10,50.1,2024-11-20,Bac
D03730,KH16,Dien thoai,Dien tu,2,780.5,2024-05-31,Trung
D03731,KH15,Ao thun,Thoi trang,11,13.2,2024-09-07,Nam
D03732,KH39,Ao thun,Thoi trang,11,12.3,2025-02-19,Bac
D03733,KH28,Sach Spark,Sach,7,25.5,2024-05-28,Trung
D03734,KH39,May xay,Gia dung,7,41.7,2025-01-20,Nam
D03735,KH10,Giay the thao,Thoi trang,10,65.2,2024-08-18,Nam
D03736,KH16,Sach Python,Sach,10,18.3,2024-10-05,Trung
D03737,KH34,Giay the thao,Thoi trang,2,60.5,2024-04-01,Bac
D03738,KH02,May xay,Gia dung,10,39.2,2024-04-17,Nam
D03739,KH21,Giay the thao,Thoi trang,11,63.1,2024-08-26,Nam
D03740,KH13,Ao thun,Thoi trang,4,11.9,2025-01-29,Nam
D03741,KH28,Laptop,Dien tu,3,1496.0,2024-11-07,Nam
D03742,KH33,Dien thoai,Dien tu,2,863.7,2024-10-12,Nam
D03743,KH11,Ao thun,Thoi trang,5,11.8,2025-02-19,Bac
D03744,KH32,Dien thoai,Dien tu,2,781.0,2024-03-13,Bac
D03745,KH21,Sach Python,Sach,10,21.5,2024-08-05,Nam
D03746,KH27,Sach Python,Sach,9,21.1,2024-11-22,Trung
D03747,KH33,Ao thun,Thoi trang,3,12.3,2024-08-23,Bac
D03748,KH21,May xay,Gia dung,9,41.2,2024-12-01,Nam
D03749,KH13,May xay,Gia dung,6,38.6,2025-02-24,Bac
D03750,KH12,Sach Spark,Sach,4,22.9,2024-07-09,Bac
D03751,KH39,Tai nghe,Dien tu,3,44.8,2025-02-01,Nam
D03752,KH07,May xay,Gia dung,9,40.5,2024-08-01,Bac
D03753,KH34,Sach Python,Sach,2,20.0,2024-10-04,Trung
D03754,KH30,Dien thoai,Dien tu,3,756.7,2024-09-14,Nam
D03755,KH16,Giay the thao,Thoi trang,9,63.3,2025-01-25,Bac
D03756,KH10,Laptop,Dien tu,2,1520.6,2024-12-12,Nam
D03757,KH27,Quan jean,Thoi trang,11,35.3,2024-03-19,Bac
D03758,KH22,May xay,Gia dung,4,36.4,2025-01-28,Trung
D03759,KH12,Dien thoai,Dien tu,2,871.3,2024-04-25,Nam
D03760,KH37,May xay,Gia dung,1,42.4,2024-09-11,Bac
D03761,KH19,Giay the thao,Thoi trang,10,57.9,2024-05-17,Nam
D03762,KH21,May xay,Gia dung,9,40.2,2024-10-13,Trung
D03763,KH35,Laptop,Dien tu,1,1390.3,2025-02-01,Nam
D03764,KH21,Ao thun,Thoi trang,8,12.6,2024-05-21,Bac
D03765,KH35,Noi com dien,Gia dung,9,58.6,2024-12-28,Nam
D03766,KH19,Quan jean,Thoi trang,10,32.4,2024-10-04,Bac
D03767,KH02,Quan jean,Thoi trang,11,32.0,2025-02-15,Bac
D03768,KH01,May xay,Gia dung,1,42.2,2024-06-10,Nam
D03769,KH22,Laptop,Dien tu,2,1500.4,2025-02-07,Trung
D03770,KH23,Tai nghe,Dien tu,2,47.8,2024-10-02,Nam
D03771,KH37,Sach Spark,Sach,7,26.4,2024-12-01,Trung
D03772,KH04,Giay the thao,Thoi trang,10,60.0,2025-02-27,Nam
D03773,KH35,Laptop,Dien tu,3,1460.9,2024-03-29,Bac
D03774,KH36,Sach Python,Sach,7,19.4,2024-08-19,Nam
D03775,KH30,Tai nghe,Dien tu,1,45.3,2024-04-16,Nam
D03776,KH01,Noi com dien,Gia dung,6,58.6,2024-07-17,Bac
D03777,KH33,Ao thun,Thoi trang,3,11.6,2025-02-12,Trung
D03778,KH08,Dien thoai,Dien tu,2,745.6,2024-05-14,Bac
D03779,KH18,Tai nghe,Dien tu,2,40.9,2024-07-29,Nam
D03780,KH18,Sach Python,Sach,2,19.8,2024-04-26,Bac
D03781,KH05,Tai nghe,Dien tu,1,42.7,2024-10-30,Bac
D03782,KH28,Sach Spark,Sach,3,26.6,2024-06-01,Trung
D03783,KH27,Dien thoai,Dien tu,2,765.4,2024-11-27,Nam
D03784,KH05,May xay,Gia dung,5,42.9,2024-03-01,Nam
D03785,KH19,Ao thun,Thoi trang,6,11.6,2024-11-27,Nam
D03786,KH31,Noi com dien,Gia dung,8,59.5,2024-11-17,Trung
D03787,KH30,Giay the thao,Thoi trang,10,54.9,2024-08-06,Trung
D03788,KH18,Dien thoai,Dien tu,2,843.8,2024-06-21,Bac
D03789,KH07,Tai nghe,Dien tu,3,49.3,2024-08-20,Bac
D03790,KH21,Tai nghe,Dien tu,3,43.4,2024-11-07,Bac
D03791,KH36,Dien thoai,Dien tu,1,730.6,2024-11-13,Nam
D03792,KH03,Tai nghe,Dien tu,1,48.4,2024-10-06,Bac
D03793,KH35,Sach Spark,Sach,9,26.6,2024-09-17,Nam
D03794,KH17,Dien thoai,Dien tu,3,862.2,2025-01-27,Bac
D03795,KH31,Dien thoai,Dien tu,2,802.3,2024-11-18,Trung
D03796,KH10,Sach Python,Sach,4,20.8,2024-05-02,Trung
D03797,KH06,Laptop,Dien tu,3,1578.7,2025-01-20,Nam
D03798,KH35,Noi com dien,Gia dung,11,52.7,2024-11-24,Trung
D03799,KH32,Quan jean,Thoi trang,3,36.1,2024-09-14,Trung
D03800,KH03,Quan jean,Thoi trang,8,32.5,2024-10-06,Nam
D03801,KH02,Laptop,Dien tu,3,1552.3,2024-11-26,Nam
D03802,KH13,Sach Spark,Sach,2,23.0,2024-05-21,Bac
D03803,KH06,Laptop,Dien tu,1,1382.6,2024-05-20,Trung
D03804,KH35,Tai nghe,Dien tu,3,47.9,2024-12-10,Trung
D03805,KH05,Giay the thao,Thoi trang,7,59.2,2024-07-10,Nam
D03806,KH32,Ao thun,Thoi trang,8,13.7,2024-10-06,Nam
D03807,KH02,Sach Python,Sach,10,18.4,2024-09-18,Trung
D03808,KH02,Giay the thao,Thoi trang,2,65.8,2024-03-16,Nam
D03809,KH17,Quan jean,Thoi trang,5,36.2,2024-11-07,Trung
D03810,KH19,Sach Spark,Sach,5,26.9,2024-07-20,Bac
D03811,KH15,Noi com dien,Gia dung,6,54.0,2024-10-10,Bac
D03812,KH33,Quan jean,Thoi trang,3,38.0,2024-06-12,Nam
D03813,KH04,Ao thun,Thoi trang,4,11.6,2025-01-30,Nam
D03814,KH30,Noi com dien,Gia dung,4,49.9,2024-08-17,Nam
D03815,KH05,Dien thoai,Dien tu,3,741.5,2024-08-10,Nam
D03816,KH06,Sach Spark,Sach,11,26.5,2024-12-05,Bac
D03817,KH36,Laptop,Dien tu,2,1459.4,2024-05-09,Nam
D03818,KH25,Dien thoai,Dien tu,1,734.2,2024-03-28,Trung
D03819,KH34,Giay the thao,Thoi trang,8,64.0,2025-01-04,Trung
D03820,KH24,Ao thun,Thoi trang,3,11.4,2024-11-08,Trung
D03821,KH29,Quan jean,Thoi trang,5,34.2,2024-12-30,Bac
D03822,KH36,Giay the thao,Thoi trang,10,62.5,2024-07-26,Trung
D03823,KH07,Noi com dien,Gia dung,8,53.0,2024-03-06,Trung
D03824,KH14,Quan jean,Thoi trang,10,34.9,2024-07-19,Trung
D03825,KH33,Laptop,Dien tu,1,1525.7,2025-02-16,Nam
D03826,KH13,Dien thoai,Dien tu,1,863.8,2024-09-03,Trung
D03827,KH40,Quan jean,Thoi trang,4,34.5,2024-08-17,Nam
D03828,KH01,Tai nghe,Dien tu,3,41.9,2024-08-15,Bac
D03829,KH28,Noi com dien,Gia dung,11,58.0,2025-01-16,Bac
D03830,KH15,May xay,Gia dung,6,42.7,2024-03-14,Nam
D03831,KH13,Tai nghe,Dien tu,3,41.7,2024-11-18,Trung
D03832,KH19,Quan jean,Thoi trang,2,38.4,2024-04-24,Bac
D03833,KH39,Dien thoai,Dien tu,2,754.9,2025-01-08,Bac
D03834,KH04,Ao thun,Thoi trang,2,13.5,2024-10-04,Bac
D03835,KH33,Giay the thao,Thoi trang,7,57.9,2025-01-05,Bac
D03836,KH18,Sach Spark,Sach,8,24.6,2024-12-14,Trung
D03837,KH03,Ao thun,Thoi trang,5,11.7,2024-06-26,Trung
D03838,KH28,Dien thoai,Dien tu,2,786.8,2024-05-11,Trung
D03839,KH39,Giay the thao,Thoi trang,4,60.6,2024-07-11,Nam
D03840,KH26,May xay,Gia dung,3,43.2,2024-08-15,Nam
D03841,KH23,Tai nghe,Dien tu,2,42.3,2024-05-28,Bac
D03842,KH12,Laptop,Dien tu,2,1513.1,2025-01-20,Trung
D03843,KH25,Tai nghe,Dien tu,3,49.5,2024-07-13,Trung
D03844,KH03,Laptop,Dien tu,1,1394.2,2024-04-18,Bac
D03845,KH27,Tai nghe,Dien tu,2,42.6,2024-06-21,Nam
D03846,KH03,Tai nghe,Dien tu,1,41.5,2024-09-26,Bac
D03847,KH38,Noi com dien,Gia dung,1,57.4,2024-06-03,Nam
D03848,KH02,Ao thun,Thoi trang,5,11.7,2024-12-17,Bac
D03849,KH39,Noi com dien,Gia dung,9,50.2,2024-03-10,Bac
D03850,KH22,Noi com dien,Gia dung,11,58.8,2024-06-13,Nam
D03851,KH32,Dien thoai,Dien tu,3,764.1,2025-02-24,Nam
D03852,KH32,Tai nghe,Dien tu,3,45.8,2024-10-10,Bac
D03853,KH36,May xay,Gia dung,2,36.3,2024-12-14,Bac
D03854,KH04,Sach Spark,Sach,10,26.7,2024-04-29,Nam
D03855,KH39,Dien thoai,Dien tu,2,734.3,2025-01-14,Trung
D03856,KH08,Dien thoai,Dien tu,2,824.5,2025-02-22,Nam
D03857,KH17,Quan jean,Thoi trang,1,34.3,2024-06-07,Bac
D03858,KH09,Sach Spark,Sach,2,27.2,2024-10-14,Trung
D03859,KH05,Laptop,Dien tu,1,1445.8,2024-12-12,Nam
D03860,KH25,May xay,Gia dung,7,42.1,2024-07-10,Nam
D03861,KH30,Dien thoai,Dien tu,1,866.4,2024-10-24,Trung
D03862,KH03,Laptop,Dien tu,1,1631.4,2024-06-09,Bac
D03863,KH05,Ao thun,Thoi trang,11,11.9,2025-02-14,Nam
D03864,KH38,Sach Python,Sach,9,21.0,2024-11-23,Bac
D03865,KH12,Dien thoai,Dien tu,3,840.3,2024-03-18,Nam
D03866,KH40,Giay the thao,Thoi trang,6,61.6,2024-03-08,Nam
D03867,KH10,Ao thun,Thoi trang,2,13.2,2025-02-28,Nam
D03868,KH34,Giay the thao,Thoi trang,9,64.9,2025-01-03,Bac
D03869,KH37,Noi com dien,Gia dung,3,51.3,2024-07-17,Bac
D03870,KH09,Dien thoai,Dien tu,1,879.4,2024-05-24,Nam
D03871,KH02,Quan jean,Thoi trang,10,35.4,2024-12-13,Bac
D03872,KH09,Giay the thao,Thoi trang,1,59.4,2024-11-13,Nam
D03873,KH27,Giay the thao,Thoi trang,2,64.4,2024-09-24,Bac
D03874,KH28,Quan jean,Thoi trang,9,37.2,2024-09-20,Trung
D03875,KH14,Sach Spark,Sach,5,27.2,2024-03-07,Bac
D03876,KH19,Giay the thao,Thoi trang,2,61.5,2024-07-01,Bac
D03877,KH01,May xay,Gia dung,4,40.6,2024-11-05,Nam
D03878,KH20,Noi com dien,Gia dung,6,59.5,2024-11-19,Nam
D03879,KH21,Dien thoai,Dien tu,3,849.0,2024-04-17,Trung
D03880,KH38,Giay the thao,Thoi trang,6,64.5,2024-07-04,Bac
D03881,KH06,Ao thun,Thoi trang,8,12.8,2024-10-18,Nam
D03882,KH07,Sach Spark,Sach,3,24.2,2025-02-11,Bac
D03883,KH01,Giay the thao,Thoi trang,3,59.0,2024-07-18,Bac
D03884,KH30,Dien thoai,Dien tu,3,878.9,2024-10-25,Trung
D03885,KH07,Noi com dien,Gia dung,2,59.4,2024-10-22,Nam
D03886,KH01,Quan jean,Thoi trang,7,37.6,2024-10-07,Trung
D03887,KH19,Dien thoai,Dien tu,2,798.7,2024-04-09,Trung
D03888,KH27,Tai nghe,Dien tu,1,49.0,2024-06-02,Nam
D03889,KH09,Dien thoai,Dien tu,3,837.3,2024-05-01,Bac
D03890,KH09,Sach Spark,Sach,3,24.2,2024-10-25,Nam
D03891,KH04,Dien thoai,Dien tu,2,731.8,2024-06-20,Trung
D03892,KH28,Tai nghe,Dien tu,2,46.9,2024-10-22,Bac
D03893,KH26,Giay the thao,Thoi trang,2,54.2,2024-10-08,Bac
D03894,KH12,Tai nghe,Dien tu,2,41.0,2024-03-11,Bac
D03895,KH27,Laptop,Dien tu,3,1437.3,2025-01-26,Nam
D03896,KH39,Sach Spark,Sach,9,27.4,2024-12-13,Bac
D03897,KH16,Sach Python,Sach,4,21.4,2024-05-03,Nam
D03898,KH34,May xay,Gia dung,10,43.8,2024-03-14,Bac
D03899,KH31,Sach Python,Sach,7,20.5,2024-12-09,Nam
D03900,KH06,Laptop,Dien tu,2,1550.5,2025-01-27,Nam
D03901,KH08,Dien thoai,Dien tu,1,802.4,2024-08-01,Nam
D03902,KH06,Tai nghe,Dien tu,1,47.7,2025-01-18,Nam
D03903,KH32,Ao thun,Thoi trang,5,12.5,2024-11-12,Nam
D03904,KH22,Noi com dien,Gia dung,6,58.2,2024-04-14,Trung
D03905,KH33,May xay,Gia dung,2,42.7,2024-08-28,Bac
D03906,KH07,Laptop,Dien tu,2,1424.1,2024-04-04,Trung
D03907,KH23,Giay the thao,Thoi trang,8,65.1,2024-08-25,Bac
D03908,KH28,Dien thoai,Dien tu,3,759.3,2024-07-06,Trung
D03909,KH28,Quan jean,Thoi trang,2,37.1,2025-02-27,Bac
D03910,KH17,Laptop,Dien tu,1,1485.6,2024-06-22,Bac
D03911,KH23,Quan jean,Thoi trang,6,34.6,2024-11-19,Nam
D03912,KH15,Ao thun,Thoi trang,6,13.2,2025-02-02,Trung
D03913,KH06,May xay,Gia dung,7,36.0,2024-06-19,Nam
D03914,KH39,Ao thun,Thoi trang,5,13.4,2024-12-03,Bac
D03915,KH17,Sach Spark,Sach,4,24.4,2024-08-11,Nam
D03916,KH12,Dien thoai,Dien tu,1,735.5,2024-10-26,Trung
D03917,KH20,Giay the thao,Thoi trang,6,64.3,2024-06-18,Nam
D03918,KH30,Ao thun,Thoi trang,10,11.4,2024-12-09,Bac
D03919,KH24,Quan jean,Thoi trang,4,36.1,2025-02-21,Bac
D03920,KH39,Sach Python,Sach,5,20.5,2024-03-10,Trung
D03921,KH14,Dien thoai,Dien tu,1,776.2,2024-08-07,Nam
D03922,KH36,Laptop,Dien tu,2,1408.6,2024-12-18,Bac
D03923,KH31,Laptop,Dien tu,1,1528.7,2024-07-02,Bac
D03924,KH19,Quan jean,Thoi trang,5,38.3,2024-10-15,Trung
D03925,KH38,Laptop,Dien tu,3,1533.8,2024-07-14,Nam
D03926,KH33,Dien thoai,Dien tu,3,864.4,2024-09-06,Bac
D03927,KH14,May xay,Gia dung,4,38.5,2025-01-06,Nam
D03928,KH40,Noi com dien,Gia dung,1,59.3,2024-07-02,Nam
D03929,KH24,Sach Spark,Sach,1,25.4,2024-07-30,Bac
D03930,KH06,Ao thun,Thoi trang,1,11.5,2024-09-13,Bac
D03931,KH07,Dien thoai,Dien tu,3,766.4,2024-08-21,Nam
D03932,KH05,May xay,Gia dung,10,38.2,2024-06-18,Nam
D03933,KH38,Sach Python,Sach,3,20.8,2024-06-15,Nam
D03934,KH23,Quan jean,Thoi trang,10,35.3,2025-02-16,Nam
D03935,KH15,Dien thoai,Dien tu,3,793.7,2024-07-22,Nam
D03936,KH35,Ao thun,Thoi trang,11,13.4,2024-08-23,Nam
D03937,KH18,Ao thun,Thoi trang,11,12.8,2024-11-17,Trung
D03938,KH38,Dien thoai,Dien tu,2,740.1,2024-05-31,Bac
D03939,KH14,Laptop,Dien tu,2,1502.2,2024-06-12,Bac
D03940,KH25,Dien thoai,Dien tu,2,870.5,2024-09-21,Nam
D03941,KH34,Sach Spark,Sach,4,24.5,2024-10-06,Trung
D03942,KH38,Tai nghe,Dien tu,2,45.1,2024-11-15,Nam
D03943,KH26,Tai nghe,Dien tu,2,48.3,2024-11-04,Nam
D03944,KH06,Giay the thao,Thoi trang,3,61.5,2024-10-31,Bac
D03945,KH24,Ao thun,Thoi trang,10,12.7,2024-03-12,Trung
D03946,KH12,Sach Python,Sach,2,21.0,2024-07-17,Bac
D03947,KH38,Sach Python,Sach,1,18.4,2024-10-19,Bac
D03948,KH14,Ao thun,Thoi trang,4,12.5,2024-08-15,Nam
D03949,KH19,Dien thoai,Dien tu,3,792.9,2024-04-14,Bac
D03950,KH10,Sach Python,Sach,11,18.1,2024-03-28,Bac
D03951,KH29,Sach Python,Sach,2,21.0,2025-01-25,Trung
D03952,KH02,Giay the thao,Thoi trang,5,57.9,2025-01-08,Bac
D03953,KH34,Laptop,Dien tu,2,1563.8,2024-07-21,Bac
D03954,KH16,Ao thun,Thoi trang,3,13.0,2024-12-25,Bac
D03955,KH16,May xay,Gia dung,3,42.1,2024-09-28,Bac
D03956,KH16,Sach Python,Sach,11,19.6,2024-08-27,Nam
D03957,KH25,Laptop,Dien tu,2,1403.4,2024-07-07,Bac
D03958,KH11,Giay the thao,Thoi trang,1,61.2,2024-09-22,Trung
D03959,KH15,Ao thun,Thoi trang,9,12.1,2024-06-07,Trung
D03960,KH04,Ao thun,Thoi trang,3,12.3,2024-06-14,Nam
D03961,KH07,Quan jean,Thoi trang,4,32.0,2025-02-22,Bac
D03962,KH19,Sach Spark,Sach,2,25.9,2024-05-07,Bac
D03963,KH40,Ao thun,Thoi trang,8,12.6,2025-01-15,Bac
D03964,KH01,May xay,Gia dung,2,40.1,2024-11-04,Bac
D03965,KH33,Sach Spark,Sach,7,23.1,2024-05-14,Bac
D03966,KH02,Dien thoai,Dien tu,3,720.9,2024-03-14,Bac
D03967,KH17,Laptop,Dien tu,3,1403.6,2024-11-11,Trung
D03968,KH02,Quan jean,Thoi trang,3,36.6,2024-05-30,Trung
D03969,KH05,Dien thoai,Dien tu,3,760.1,2024-08-08,Trung
D03970,KH11,Quan jean,Thoi trang,1,37.7,2025-01-16,Nam
D03971,KH37,Ao thun,Thoi trang,6,11.3,2024-08-11,Bac
D03972,KH21,Laptop,Dien tu,2,1536.4,2025-01-06,Bac
D03973,KH22,Noi com dien,Gia dung,4,54.8,2024-07-29,Nam
D03974,KH10,Tai nghe,Dien tu,1,43.5,2025-02-15,Nam
D03975,KH21,Quan jean,Thoi trang,2,33.9,2024-08-16,Nam
D03976,KH22,Ao thun,Thoi trang,1,11.5,2024-10-06,Nam
D03977,KH39,Laptop,Dien tu,1,1544.7,2024-12-28,Nam
D03978,KH16,Dien thoai,Dien tu,3,828.0,2024-10-19,Bac
D03979,KH19,Ao thun,Thoi trang,1,12.8,2024-06-30,Nam
D03980,KH35,Sach Spark,Sach,3,27.5,2024-08-19,Bac
D03981,KH06,Ao thun,Thoi trang,6,11.6,2025-01-16,Trung
D03982,KH23,Quan jean,Thoi trang,1,37.7,2024-10-31,Nam
D03983,KH22,Tai nghe,Dien tu,1,44.8,2024-10-08,Bac
D03984,KH19,Laptop,Dien tu,2,1479.5,2024-08-21,Nam
D03985,KH13,Tai nghe,Dien tu,1,45.4,2024-07-17,Nam
D03986,KH15,Laptop,Dien tu,1,1383.0,2024-10-07,Bac
D03987,KH17,Tai nghe,Dien tu,1,49.4,2024-08-12,Trung
D03988,KH15,Quan jean,Thoi trang,7,37.9,2024-03-10,Bac
D03989,KH19,Giay the thao,Thoi trang,8,61.0,2024-12-25,Trung
D03990,KH36,Sach Python,Sach,2,19.3,2024-11-04,Trung
D03991,KH29,Sach Spark,Sach,9,23.6,2024-10-16,Trung
D03992,KH08,May xay,Gia dung,4,39.1,2024-05-16,Bac
D03993,KH02,Laptop,Dien tu,3,1479.0,2024-12-29,Trung
D03994,KH39,Giay the thao,Thoi trang,10,57.8,2024-04-17,Bac
D03995,KH36,Noi com dien,Gia dung,4,54.5,2024-12-28,Nam
D03996,KH18,Noi com dien,Gia dung,2,54.5,2024-03-05,Bac
D03997,KH22,Noi com dien,Gia dung,10,51.3,2024-07-21,Nam
D03998,KH14,Sach Spark,Sach,1,25.2,2024-07-08,Bac
D03999,KH19,Noi com dien,Gia dung,7,52.9,2024-06-03,Nam
D04000,KH02,Dien thoai,Dien tu,1,823.7,2024-06-02,Bac
D04001,KH05,Giay the thao,Thoi trang,4,65.9,2024-07-22,Nam
D04002,KH40,Noi com dien,Gia dung,10,57.6,2024-05-06,Nam
D04003,KH09,Ao thun,Thoi trang,5,12.5,2024-11-16,Bac
D04004,KH18,May xay,Gia dung,3,39.7,2024-07-05,Nam
D04005,KH06,Sach Spark,Sach,1,24.0,2025-02-27,Nam
D04006,KH16,May xay,Gia dung,10,40.1,2024-05-25,Nam
D04007,KH23,Tai nghe,Dien tu,3,47.2,2024-08-25,Bac
D04008,KH07,May xay,Gia dung,8,36.5,2024-11-15,Nam
D04009,KH22,May xay,Gia dung,5,39.4,2024-03-31,Bac
D04010,KH10,Sach Python,Sach,9,18.9,2025-01-30,Bac
D04011,KH36,Dien thoai,Dien tu,3,814.2,2024-04-16,Bac
D04012,KH09,Quan jean,Thoi trang,4,35.3,2024-12-15,Nam
D04013,KH27,Sach Python,Sach,8,19.4,2025-02-15,Nam
D04014,KH18,Sach Spark,Sach,4,25.1,2024-08-24,Bac
D04015,KH30,May xay,Gia dung,4,43.7,2024-09-16,Nam
D04016,KH17,Noi com dien,Gia dung,8,50.0,2024-07-08,Bac
D04017,KH07,Dien thoai,Dien tu,3,869.3,2024-07-19,Nam
D04018,KH28,Sach Spark,Sach,10,24.4,2024-03-05,Nam
D04019,KH13,Dien thoai,Dien tu,1,794.0,2024-07-25,Trung
D04020,KH09,Quan jean,Thoi trang,4,33.9,2024-11-18,Bac
D04021,KH11,May xay,Gia dung,9,38.7,2025-02-22,Nam
D04022,KH25,Quan jean,Thoi trang,5,38.3,2024-03-02,Bac
D04023,KH21,May xay,Gia dung,9,43.1,2024-05-27,Bac
D04024,KH13,Noi com dien,Gia dung,8,60.1,2024-06-17,Nam
D04025,KH06,Sach Python,Sach,4,18.5,2024-03-17,Nam
D04026,KH01,Sach Spark,Sach,4,27.0,2024-11-21,Nam
D04027,KH38,Noi com dien,Gia dung,11,54.9,2024-05-28,Trung
D04028,KH10,Quan jean,Thoi trang,4,32.0,2024-12-29,Trung
D04029,KH12,Noi com dien,Gia dung,8,52.5,2024-03-05,Bac
D04030,KH23,Sach Python,Sach,11,21.7,2024-10-20,Nam
D04031,KH01,Tai nghe,Dien tu,3,49.3,2024-06-24,Nam
D04032,KH15,Ao thun,Thoi trang,7,13.3,2024-03-30,Nam
D04033,KH32,Noi com dien,Gia dung,5,53.8,2024-04-19,Nam
D04034,KH02,May xay,Gia dung,3,39.0,2024-11-29,Bac
D04035,KH38,Quan jean,Thoi trang,2,32.2,2024-10-07,Bac
D04036,KH38,Sach Spark,Sach,3,23.9,2024-09-07,Trung
D04037,KH11,Dien thoai,Dien tu,2,838.6,2024-08-09,Trung
D04038,KH15,Laptop,Dien tu,3,1607.5,2025-01-16,Nam
D04039,KH18,Tai nghe,Dien tu,3,42.8,2024-09-27,Bac
D04040,KH33,Quan jean,Thoi trang,1,37.3,2024-12-15,Bac
D04041,KH01,Giay the thao,Thoi trang,11,56.2,2024-09-24,Nam
D04042,KH04,Giay the thao,Thoi trang,8,59.4,2025-02-12,Bac
D04043,KH28,Ao thun,Thoi trang,4,13.1,2024-09-21,Nam
D04044,KH12,Dien thoai,Dien tu,1,742.9,2024-12-28,Bac
D04045,KH35,Quan jean,Thoi trang,4,36.2,2024-11-25,Bac
D04046,KH34,Sach Python,Sach,3,20.6,2024-12-31,Bac
D04047,KH28,Noi com dien,Gia dung,7,55.4,2025-01-28,Nam
D04048,KH07,Laptop,Dien tu,1,1359.1,2024-07-03,Bac
D04049,KH18,Sach Spark,Sach,5,24.6,2024-11-23,Bac
D04050,KH38,Giay the thao,Thoi trang,9,58.4,2024-06-07,Nam
D04051,KH22,Ao thun,Thoi trang,6,13.6,2024-12-04,Nam
D04052,KH29,Noi com dien,Gia dung,2,58.3,2024-12-31,Trung
D04053,KH03,Sach Spark,Sach,9,24.8,2024-11-21,Nam
D04054,KH26,Sach Spark,Sach,6,23.1,2024-10-26,Bac
D04055,KH15,Ao thun,Thoi trang,11,11.8,2025-02-21,Bac
D04056,KH17,Sach Python,Sach,5,21.9,2024-11-28,Trung
D04057,KH28,Sach Python,Sach,9,19.8,2024-11-13,Bac
D04058,KH38,Ao thun,Thoi trang,3,12.1,2024-07-14,Trung
D04059,KH25,Giay the thao,Thoi trang,7,59.2,2024-07-27,Bac
D04060,KH05,Ao thun,Thoi trang,3,12.9,2025-01-02,Nam
D04061,KH09,Laptop,Dien tu,1,1451.8,2024-06-09,Nam
D04062,KH21,Noi com dien,Gia dung,8,51.8,2024-12-05,Trung
D04063,KH27,Giay the thao,Thoi trang,1,64.2,2024-04-11,Bac
D04064,KH29,Sach Python,Sach,4,20.9,2024-04-06,Bac
D04065,KH07,Ao thun,Thoi trang,2,11.8,2024-08-23,Nam
D04066,KH33,Dien thoai,Dien tu,3,873.0,2024-09-05,Trung
D04067,KH11,Sach Spark,Sach,9,23.1,2024-08-23,Bac
D04068,KH39,Laptop,Dien tu,1,1408.3,2024-06-19,Nam
D04069,KH25,Noi com dien,Gia dung,7,56.5,2025-02-16,Nam
D04070,KH05,Noi com dien,Gia dung,2,59.2,2024-10-24,Bac
D04071,KH05,Quan jean,Thoi trang,10,34.7,2024-10-24,Nam
D04072,KH36,Sach Spark,Sach,10,24.5,2024-05-21,Nam
D04073,KH03,Noi com dien,Gia dung,6,59.2,2024-12-16,Bac
D04074,KH18,Tai nghe,Dien tu,2,49.4,2024-06-17,Nam
D04075,KH05,Noi com dien,Gia dung,5,59.5,2025-01-13,Nam
D04076,KH16,Giay the thao,Thoi trang,11,60.0,2024-07-22,Nam
D04077,KH25,Dien thoai,Dien tu,1,723.2,2025-01-08,Bac
D04078,KH29,Laptop,Dien tu,1,1473.7,2024-04-17,Nam
D04079,KH09,Quan jean,Thoi trang,11,34.3,2024-07-15,Nam
D04080,KH21,Noi com dien,Gia dung,9,56.3,2024-12-09,Bac
D04081,KH06,Noi com dien,Gia dung,8,50.1,2024-03-11,Bac
D04082,KH34,Sach Spark,Sach,9,23.2,2024-12-29,Bac
D04083,KH05,Giay the thao,Thoi trang,11,61.0,2025-01-12,Nam
D04084,KH26,Dien thoai,Dien tu,1,817.2,2024-09-05,Bac
D04085,KH26,Laptop,Dien tu,2,1501.2,2024-11-06,Nam
D04086,KH03,Laptop,Dien tu,2,1493.8,2025-01-04,Trung
D04087,KH37,May xay,Gia dung,10,36.9,2024-06-09,Bac
D04088,KH23,Sach Spark,Sach,10,23.8,2024-05-28,Bac
D04089,KH33,Noi com dien,Gia dung,5,56.3,2024-12-25,Nam
D04090,KH36,Giay the thao,Thoi trang,5,58.4,2024-08-08,Trung
D04091,KH16,Noi com dien,Gia dung,4,59.3,2024-06-07,Nam
D04092,KH02,Giay the thao,Thoi trang,8,55.4,2024-08-13,Bac
D04093,KH32,Sach Python,Sach,7,18.4,2025-02-08,Nam
D04094,KH15,Dien thoai,Dien tu,3,730.5,2024-08-31,Nam
D04095,KH35,Tai nghe,Dien tu,2,47.2,2025-02-27,Nam
D04096,KH02,Giay the thao,Thoi trang,3,58.5,2024-03-24,Nam
D04097,KH24,Noi com dien,Gia dung,10,57.7,2024-10-24,Bac
D04098,KH16,Sach Python,Sach,7,19.1,2025-02-23,Nam
D04099,KH38,Laptop,Dien tu,3,1423.9,2025-02-20,Trung
D04100,KH38,Ao thun,Thoi trang,3,11.8,2024-03-26,Bac
D04101,KH12,Sach Python,Sach,1,19.7,2024-04-22,Nam
D04102,KH06,Laptop,Dien tu,2,1604.4,2025-02-01,Nam
D04103,KH16,Giay the thao,Thoi trang,5,60.2,2024-08-16,Nam
D04104,KH16,Giay the thao,Thoi trang,2,59.8,2024-06-12,Nam
D04105,KH39,Noi com dien,Gia dung,1,50.7,2025-01-19,Bac
D04106,KH13,Ao thun,Thoi trang,6,11.9,2024-10-15,Trung
D04107,KH24,May xay,Gia dung,2,40.6,2025-01-13,Bac
D04108,KH27,Sach Spark,Sach,6,26.9,2025-01-14,Nam
D04109,KH14,Tai nghe,Dien tu,3,46.7,2024-10-12,Nam
D04110,KH11,Dien thoai,Dien tu,2,828.1,2024-04-05,Nam
D04111,KH40,Tai nghe,Dien tu,2,43.2,2024-10-29,Bac
D04112,KH30,Laptop,Dien tu,1,1568.1,2024-10-17,Bac
D04113,KH21,Laptop,Dien tu,2,1365.3,2024-09-17,Bac
D04114,KH13,May xay,Gia dung,9,40.2,2024-12-17,Bac
D04115,KH25,Quan jean,Thoi trang,5,33.0,2024-03-15,Trung
D04116,KH19,Sach Spark,Sach,4,22.5,2025-02-11,Trung
D04117,KH30,Giay the thao,Thoi trang,9,58.6,2024-08-14,Trung
D04118,KH29,Sach Python,Sach,3,20.4,2024-06-12,Trung
D04119,KH02,Tai nghe,Dien tu,1,49.1,2024-11-21,Trung
D04120,KH20,Noi com dien,Gia dung,10,55.0,2024-04-28,Bac
D04121,KH30,May xay,Gia dung,2,42.1,2024-10-15,Bac
D04122,KH38,Ao thun,Thoi trang,11,12.5,2024-03-22,Bac
D04123,KH29,Ao thun,Thoi trang,7,11.9,2024-05-08,Bac
D04124,KH05,Quan jean,Thoi trang,11,38.5,2024-10-30,Nam
D04125,KH02,Ao thun,Thoi trang,3,11.4,2024-12-03,Bac
D04126,KH18,Laptop,Dien tu,2,1432.1,2024-12-07,Nam
D04127,KH34,Laptop,Dien tu,3,1630.5,2024-11-30,Nam
D04128,KH05,Sach Spark,Sach,7,25.8,2024-12-12,Nam
D04129,KH27,Quan jean,Thoi trang,10,38.2,2025-01-13,Bac
D04130,KH18,Quan jean,Thoi trang,10,32.3,2024-07-30,Trung
D04131,KH37,Giay the thao,Thoi trang,2,63.7,2024-04-10,Nam
D04132,KH17,Noi com dien,Gia dung,4,58.2,2024-06-16,Nam
D04133,KH30,Quan jean,Thoi trang,6,38.3,2024-03-24,Nam
D04134,KH15,Quan jean,Thoi trang,6,36.1,2025-02-06,Bac
D04135,KH30,Dien thoai,Dien tu,2,815.9,2024-10-30,Bac
D04136,KH28,Quan jean,Thoi trang,4,34.3,2024-12-14,Bac
D04137,KH25,Noi com dien,Gia dung,3,60.4,2024-10-29,Trung
D04138,KH33,Laptop,Dien tu,3,1376.2,2024-12-21,Nam
D04139,KH30,Sach Spark,Sach,9,25.6,2024-12-28,Nam
D04140,KH38,Sach Spark,Sach,7,25.1,2024-06-23,Bac
D04141,KH35,Noi com dien,Gia dung,4,53.9,2024-05-08,Nam
D04142,KH14,Laptop,Dien tu,3,1468.5,2024-07-26,Trung
D04143,KH20,Tai nghe,Dien tu,2,44.9,2025-02-10,Trung
D04144,KH29,Noi com dien,Gia dung,7,50.0,2025-02-26,Nam
D04145,KH01,Sach Spark,Sach,2,27.2,2024-05-31,Bac
D04146,KH33,Tai nghe,Dien tu,2,47.4,2024-03-28,Nam
D04147,KH21,Sach Spark,Sach,1,23.0,2024-07-08,Nam
D04148,KH25,Sach Python,Sach,10,21.8,2025-02-20,Bac
D04149,KH37,Tai nghe,Dien tu,3,45.4,2024-11-18,Nam
D04150,KH09,Dien thoai,Dien tu,1,802.3,2025-02-17,Bac
D04151,KH20,Giay the thao,Thoi trang,11,57.0,2024-09-23,Bac
D04152,KH13,Quan jean,Thoi trang,5,37.0,2024-06-13,Bac
D04153,KH04,May xay,Gia dung,3,36.5,2024-12-17,Bac
D04154,KH40,May xay,Gia dung,7,41.4,2025-01-02,Nam
D04155,KH06,Sach Spark,Sach,4,24.1,2024-07-18,Nam
D04156,KH28,Sach Python,Sach,3,20.6,2024-11-23,Nam
D04157,KH03,May xay,Gia dung,8,40.7,2025-01-09,Bac
D04158,KH20,May xay,Gia dung,9,42.8,2024-07-16,Nam
D04159,KH21,Dien thoai,Dien tu,2,818.0,2024-12-13,Trung
D04160,KH09,Quan jean,Thoi trang,2,32.0,2024-03-12,Trung
D04161,KH09,Noi com dien,Gia dung,3,51.6,2024-10-14,Nam
D04162,KH12,Laptop,Dien tu,3,1412.6,2024-10-30,Bac
D04163,KH32,Ao thun,Thoi trang,11,11.7,2025-02-02,Bac
D04164,KH31,Ao thun,Thoi trang,7,13.7,2024-07-03,Nam
D04165,KH27,Dien thoai,Dien tu,2,769.7,2024-09-07,Trung
D04166,KH24,Tai nghe,Dien tu,1,44.8,2024-12-27,Trung
D04167,KH25,Sach Spark,Sach,9,26.9,2025-01-25,Trung
D04168,KH35,Ao thun,Thoi trang,6,11.6,2024-03-10,Trung
D04169,KH14,Tai nghe,Dien tu,1,42.7,2024-03-26,Trung
D04170,KH01,Giay the thao,Thoi trang,2,55.8,2024-10-19,Bac
D04171,KH23,Noi com dien,Gia dung,2,59.6,2024-08-31,Nam
D04172,KH26,Sach Python,Sach,7,21.1,2024-08-09,Nam
D04173,KH23,May xay,Gia dung,2,41.1,2025-02-14,Bac
D04174,KH35,Sach Spark,Sach,11,22.8,2024-03-10,Bac
D04175,KH27,Sach Python,Sach,10,18.5,2024-05-01,Nam
D04176,KH01,Ao thun,Thoi trang,8,12.2,2024-10-15,Nam
D04177,KH22,Noi com dien,Gia dung,6,60.3,2024-11-17,Trung
D04178,KH40,Ao thun,Thoi trang,10,12.6,2024-04-13,Nam
D04179,KH31,Laptop,Dien tu,1,1520.7,2024-09-03,Trung
D04180,KH09,Sach Python,Sach,1,18.5,2024-04-28,Nam
D04181,KH06,Sach Python,Sach,2,19.9,2024-12-14,Nam
D04182,KH17,May xay,Gia dung,6,37.9,2024-12-30,Nam
D04183,KH30,Noi com dien,Gia dung,6,51.8,2025-02-08,Bac
D04184,KH40,Quan jean,Thoi trang,7,36.7,2024-08-25,Nam
D04185,KH38,Sach Spark,Sach,5,23.9,2024-09-21,Nam
D04186,KH40,Sach Spark,Sach,5,24.4,2024-08-26,Bac
D04187,KH39,Dien thoai,Dien tu,2,828.8,2025-02-27,Bac
D04188,KH18,Laptop,Dien tu,3,1367.0,2024-05-20,Bac
D04189,KH25,Laptop,Dien tu,2,1409.3,2024-09-15,Bac
D04190,KH37,Sach Spark,Sach,7,24.8,2025-02-19,Bac
D04191,KH34,Sach Python,Sach,1,20.5,2024-05-01,Bac
D04192,KH12,Noi com dien,Gia dung,9,56.0,2024-11-14,Nam
D04193,KH36,Dien thoai,Dien tu,3,721.6,2024-10-18,Bac
D04194,KH39,Dien thoai,Dien tu,1,813.7,2024-09-13,Trung
D04195,KH26,Ao thun,Thoi trang,10,13.4,2024-11-20,Nam
D04196,KH37,Dien thoai,Dien tu,2,859.1,2024-12-03,Bac
D04197,KH26,Sach Spark,Sach,11,26.2,2024-05-10,Trung
D04198,KH07,Sach Spark,Sach,2,25.6,2024-03-30,Bac
D04199,KH26,May xay,Gia dung,8,37.9,2024-06-09,Nam
D04200,KH10,Tai nghe,Dien tu,3,45.3,2024-08-12,Bac
D04201,KH26,Ao thun,Thoi trang,8,12.0,2024-05-12,Nam
D04202,KH05,May xay,Gia dung,9,41.6,2024-08-04,Nam
D04203,KH21,Quan jean,Thoi trang,3,32.3,2024-09-15,Nam
D04204,KH19,Sach Spark,Sach,3,23.4,2024-11-01,Nam
D04205,KH27,Sach Python,Sach,7,18.1,2024-12-21,Bac
D04206,KH05,Sach Python,Sach,1,18.3,2025-02-24,Trung
D04207,KH16,Giay the thao,Thoi trang,3,65.9,2024-12-07,Trung
D04208,KH21,Laptop,Dien tu,1,1437.1,2024-03-17,Nam
D04209,KH26,Laptop,Dien tu,2,1357.4,2024-03-18,Bac
D04210,KH04,Laptop,Dien tu,2,1634.5,2024-09-23,Nam
D04211,KH22,Noi com dien,Gia dung,1,60.0,2024-03-11,Bac
D04212,KH06,Sach Spark,Sach,5,23.3,2024-05-21,Nam
D04213,KH33,Noi com dien,Gia dung,6,56.9,2024-06-05,Nam
D04214,KH11,Dien thoai,Dien tu,1,852.5,2024-11-03,Bac
D04215,KH21,Sach Python,Sach,2,19.4,2025-01-23,Bac
D04216,KH31,Sach Python,Sach,8,21.0,2025-01-31,Trung
D04217,KH27,Dien thoai,Dien tu,1,767.1,2024-08-20,Bac
D04218,KH01,Laptop,Dien tu,1,1643.1,2024-11-13,Trung
D04219,KH18,May xay,Gia dung,10,37.0,2024-10-08,Trung
D04220,KH25,Dien thoai,Dien tu,1,741.7,2024-03-27,Nam
D04221,KH06,Ao thun,Thoi trang,7,12.7,2024-04-11,Bac
D04222,KH21,Dien thoai,Dien tu,3,825.9,2024-04-16,Bac
D04223,KH29,Tai nghe,Dien tu,2,41.7,2024-05-10,Trung
D04224,KH17,Dien thoai,Dien tu,1,740.9,2024-10-31,Bac
D04225,KH27,Quan jean,Thoi trang,4,34.6,2024-07-19,Nam
D04226,KH10,Ao thun,Thoi trang,6,12.2,2024-03-12,Trung
D04227,KH07,Dien thoai,Dien tu,1,801.3,2024-06-05,Bac
D04228,KH40,Noi com dien,Gia dung,11,57.1,2024-12-24,Nam
D04229,KH27,Ao thun,Thoi trang,8,13.5,2024-03-27,Trung
D04230,KH15,Laptop,Dien tu,2,1464.9,2024-10-26,Bac
D04231,KH16,Noi com dien,Gia dung,7,55.8,2024-11-25,Bac
D04232,KH08,Tai nghe,Dien tu,1,47.2,2024-08-03,Nam
D04233,KH02,Laptop,Dien tu,1,1364.0,2024-03-13,Nam
D04234,KH17,Noi com dien,Gia dung,11,59.5,2024-04-11,Bac
D04235,KH28,Sach Spark,Sach,10,22.8,2024-07-26,Bac
D04236,KH15,Quan jean,Thoi trang,9,35.5,2024-08-16,Bac
D04237,KH07,May xay,Gia dung,4,41.9,2024-09-28,Nam
D04238,KH11,Laptop,Dien tu,1,1607.4,2024-08-23,Bac
D04239,KH27,Giay the thao,Thoi trang,6,58.7,2024-11-03,Nam
D04240,KH28,Dien thoai,Dien tu,3,768.6,2024-08-30,Bac
D04241,KH11,Noi com dien,Gia dung,8,50.4,2024-12-17,Nam
D04242,KH23,Ao thun,Thoi trang,1,13.3,2024-03-16,Trung
D04243,KH07,Tai nghe,Dien tu,3,44.7,2024-09-29,Nam
D04244,KH03,Noi com dien,Gia dung,3,56.9,2024-03-17,Trung
D04245,KH34,Giay the thao,Thoi trang,8,64.9,2025-02-03,Bac
D04246,KH27,Sach Python,Sach,10,20.2,2024-09-25,Nam
D04247,KH04,Noi com dien,Gia dung,7,59.6,2024-09-19,Bac
D04248,KH23,Giay the thao,Thoi trang,10,57.3,2024-07-13,Nam
D04249,KH11,Quan jean,Thoi trang,1,35.5,2024-04-07,Nam
D04250,KH34,Dien thoai,Dien tu,3,742.2,2024-12-10,Nam
D04251,KH33,Noi com dien,Gia dung,4,54.4,2024-03-22,Nam
D04252,KH13,Quan jean,Thoi trang,10,36.6,2024-03-27,Bac
D04253,KH33,Quan jean,Thoi trang,6,35.2,2024-07-06,Nam
D04254,KH15,Ao thun,Thoi trang,8,12.3,2024-12-13,Bac
D04255,KH13,Dien thoai,Dien tu,1,765.0,2024-04-01,Bac
D04256,KH21,May xay,Gia dung,8,36.1,2024-10-30,Bac
D04257,KH09,Sach Python,Sach,1,18.7,2024-05-29,Nam
D04258,KH31,Dien thoai,Dien tu,3,764.0,2025-01-29,Trung
D04259,KH12,Ao thun,Thoi trang,8,12.4,2024-09-05,Bac
D04260,KH19,Tai nghe,Dien tu,1,46.7,2024-11-09,Bac
D04261,KH02,Dien thoai,Dien tu,3,730.6,2024-05-02,Nam
D04262,KH11,May xay,Gia dung,8,40.9,2024-05-26,Bac
D04263,KH39,Giay the thao,Thoi trang,5,60.8,2024-09-10,Bac
D04264,KH09,Sach Spark,Sach,11,23.1,2025-01-17,Nam
D04265,KH19,Sach Python,Sach,4,21.8,2024-03-13,Nam
D04266,KH01,Sach Python,Sach,6,18.7,2025-02-25,Nam
D04267,KH40,Tai nghe,Dien tu,3,48.9,2024-05-17,Bac
D04268,KH32,May xay,Gia dung,7,38.1,2024-04-11,Bac
D04269,KH13,Dien thoai,Dien tu,3,756.5,2024-07-27,Nam
D04270,KH14,Sach Python,Sach,8,21.2,2024-08-20,Bac
D04271,KH01,Noi com dien,Gia dung,6,58.9,2024-06-14,Trung
D04272,KH22,Noi com dien,Gia dung,10,52.8,2024-04-09,Bac
D04273,KH16,Dien thoai,Dien tu,3,860.9,2024-03-24,Nam
D04274,KH40,Sach Spark,Sach,1,26.4,2024-12-20,Bac
D04275,KH15,Tai nghe,Dien tu,2,42.0,2024-12-25,Nam
D04276,KH13,Laptop,Dien tu,3,1495.8,2025-01-24,Nam
D04277,KH13,Laptop,Dien tu,1,1614.8,2025-01-09,Bac
D04278,KH19,Noi com dien,Gia dung,5,54.4,2024-11-04,Bac
D04279,KH40,Quan jean,Thoi trang,4,37.7,2025-02-25,Bac
D04280,KH37,Dien thoai,Dien tu,3,822.7,2024-03-10,Trung
D04281,KH15,Dien thoai,Dien tu,3,878.2,2025-01-28,Nam
D04282,KH39,Ao thun,Thoi trang,3,13.7,2024-09-25,Bac
D04283,KH04,Sach Python,Sach,4,19.3,2024-10-17,Trung
D04284,KH19,Quan jean,Thoi trang,6,36.1,2024-09-10,Nam
D04285,KH09,May xay,Gia dung,6,41.9,2024-12-20,Nam
D04286,KH17,Sach Spark,Sach,2,27.0,2024-07-20,Bac
D04287,KH18,Laptop,Dien tu,2,1599.7,2024-04-17,Nam
D04288,KH21,Ao thun,Thoi trang,7,13.1,2024-11-26,Trung
D04289,KH20,Tai nghe,Dien tu,3,46.5,2024-12-28,Bac
D04290,KH06,Tai nghe,Dien tu,2,42.1,2024-05-30,Bac
D04291,KH20,Sach Spark,Sach,1,26.9,2024-10-08,Bac
D04292,KH30,May xay,Gia dung,3,43.8,2024-08-27,Bac
D04293,KH29,Tai nghe,Dien tu,1,41.2,2024-05-20,Trung
D04294,KH09,May xay,Gia dung,5,43.8,2025-02-16,Nam
D04295,KH33,Ao thun,Thoi trang,2,11.9,2024-04-30,Nam
D04296,KH25,Tai nghe,Dien tu,3,42.5,2024-08-20,Trung
D04297,KH26,Noi com dien,Gia dung,7,49.9,2024-05-09,Bac
D04298,KH38,Sach Spark,Sach,9,24.3,2024-05-27,Nam
D04299,KH29,Ao thun,Thoi trang,2,12.2,2024-09-15,Nam
D04300,KH15,Quan jean,Thoi trang,8,35.4,2024-08-21,Bac
D04301,KH18,Sach Python,Sach,10,20.7,2024-11-28,Bac
D04302,KH13,Sach Spark,Sach,4,22.6,2024-05-26,Nam
D04303,KH01,Tai nghe,Dien tu,2,49.4,2024-05-31,Nam
D04304,KH14,Quan jean,Thoi trang,11,33.2,2024-05-17,Bac
D04305,KH06,Giay the thao,Thoi trang,7,55.1,2025-01-15,Bac
D04306,KH29,Sach Python,Sach,1,18.4,2024-04-25,Bac
D04307,KH17,Sach Python,Sach,5,19.2,2024-06-27,Bac
D04308,KH29,Sach Python,Sach,3,20.0,2024-11-03,Nam
D04309,KH27,Giay the thao,Thoi trang,8,63.4,2024-10-18,Bac
D04310,KH23,Quan jean,Thoi trang,4,36.1,2024-12-31,Bac
D04311,KH33,Sach Python,Sach,7,21.1,2024-12-01,Nam
D04312,KH34,Sach Python,Sach,7,21.9,2025-02-04,Bac
D04313,KH15,Giay the thao,Thoi trang,4,62.6,2024-10-03,Nam
D04314,KH18,Tai nghe,Dien tu,2,43.7,2024-06-07,Trung
D04315,KH01,Tai nghe,Dien tu,3,45.7,2024-12-20,Trung
D04316,KH26,May xay,Gia dung,8,37.7,2024-03-27,Nam
D04317,KH04,Giay the thao,Thoi trang,10,63.5,2024-03-06,Nam
D04318,KH26,Giay the thao,Thoi trang,9,65.1,2024-05-31,Trung
D04319,KH23,Quan jean,Thoi trang,9,35.2,2025-01-29,Trung
D04320,KH08,Ao thun,Thoi trang,8,12.5,2024-09-01,Trung
D04321,KH26,Tai nghe,Dien tu,2,44.9,2024-08-15,Nam
D04322,KH31,Giay the thao,Thoi trang,9,65.6,2025-02-22,Nam
D04323,KH37,Sach Spark,Sach,9,26.1,2024-10-08,Bac
D04324,KH14,Dien thoai,Dien tu,3,873.5,2024-04-03,Trung
D04325,KH26,May xay,Gia dung,8,41.2,2024-12-22,Trung
D04326,KH20,Tai nghe,Dien tu,2,49.3,2024-07-01,Nam
D04327,KH28,Dien thoai,Dien tu,3,854.5,2024-12-27,Nam
D04328,KH39,Ao thun,Thoi trang,7,12.6,2024-10-29,Nam
D04329,KH24,May xay,Gia dung,1,38.3,2024-06-26,Bac
D04330,KH40,Sach Python,Sach,6,21.3,2024-06-10,Trung
D04331,KH09,Ao thun,Thoi trang,4,11.9,2024-06-03,Nam
D04332,KH12,May xay,Gia dung,10,43.5,2024-09-06,Nam
D04333,KH35,Sach Spark,Sach,8,27.0,2024-06-28,Nam
D04334,KH14,Noi com dien,Gia dung,3,52.3,2024-11-22,Trung
D04335,KH31,Ao thun,Thoi trang,1,11.9,2024-04-08,Nam
D04336,KH04,Quan jean,Thoi trang,11,32.5,2024-09-20,Bac
D04337,KH19,May xay,Gia dung,2,39.0,2024-03-30,Bac
D04338,KH01,Noi com dien,Gia dung,2,51.1,2024-08-18,Nam
D04339,KH21,May xay,Gia dung,9,43.6,2024-09-27,Nam
D04340,KH05,Laptop,Dien tu,2,1454.2,2024-04-14,Trung
D04341,KH01,Quan jean,Thoi trang,8,35.6,2025-01-01,Bac
D04342,KH07,Noi com dien,Gia dung,4,59.0,2024-12-22,Trung
D04343,KH34,Quan jean,Thoi trang,10,38.2,2024-05-11,Nam
D04344,KH31,Sach Python,Sach,5,20.7,2024-10-05,Trung
D04345,KH14,Quan jean,Thoi trang,5,34.5,2024-04-22,Bac
D04346,KH38,May xay,Gia dung,6,43.9,2024-09-08,Bac
D04347,KH09,Laptop,Dien tu,1,1400.1,2024-04-23,Bac
D04348,KH22,Dien thoai,Dien tu,2,774.2,2025-02-19,Trung
D04349,KH24,Noi com dien,Gia dung,7,49.9,2025-01-25,Nam
D04350,KH10,Laptop,Dien tu,3,1630.7,2024-06-13,Bac
D04351,KH16,Noi com dien,Gia dung,2,52.3,2024-08-09,Trung
D04352,KH17,Ao thun,Thoi trang,10,12.3,2024-05-16,Bac
D04353,KH15,Sach Python,Sach,11,18.9,2024-09-26,Nam
D04354,KH24,Quan jean,Thoi trang,11,31.8,2024-04-01,Nam
D04355,KH11,May xay,Gia dung,5,43.2,2024-04-11,Trung
D04356,KH15,Giay the thao,Thoi trang,8,57.8,2025-01-27,Trung
D04357,KH25,Noi com dien,Gia dung,4,56.4,2024-05-18,Nam
D04358,KH39,Dien thoai,Dien tu,1,786.0,2024-05-21,Bac
D04359,KH04,Sach Spark,Sach,4,26.3,2024-09-22,Nam
D04360,KH13,Tai nghe,Dien tu,2,44.3,2024-03-21,Nam
D04361,KH05,Dien thoai,Dien tu,3,731.1,2024-11-30,Bac
D04362,KH22,Laptop,Dien tu,3,1453.6,2024-08-21,Trung
D04363,KH21,Noi com dien,Gia dung,9,57.7,2024-05-04,Nam
D04364,KH01,May xay,Gia dung,6,44.0,2024-09-04,Bac
D04365,KH07,Sach Python,Sach,10,19.0,2024-07-03,Bac
D04366,KH07,Dien thoai,Dien tu,2,785.8,2024-12-20,Bac
D04367,KH14,Giay the thao,Thoi trang,11,60.8,2024-12-12,Nam
D04368,KH05,Tai nghe,Dien tu,3,48.9,2024-08-29,Nam
D04369,KH06,Ao thun,Thoi trang,8,13.6,2024-09-19,Trung
D04370,KH27,Quan jean,Thoi trang,3,37.2,2025-01-21,Bac
D04371,KH10,Giay the thao,Thoi trang,2,54.1,2024-11-20,Bac
D04372,KH36,Ao thun,Thoi trang,8,13.4,2024-11-14,Bac
D04373,KH27,Tai nghe,Dien tu,2,48.9,2024-08-29,Nam
D04374,KH09,Noi com dien,Gia dung,7,53.2,2024-06-24,Trung
D04375,KH18,Giay the thao,Thoi trang,11,60.0,2024-07-18,Nam
D04376,KH09,Dien thoai,Dien tu,3,850.3,2024-10-12,Trung
D04377,KH36,Dien thoai,Dien tu,3,834.3,2024-07-10,Trung
D04378,KH14,Ao thun,Thoi trang,11,13.3,2024-10-11,Nam
D04379,KH15,Sach Python,Sach,10,19.1,2024-04-03,Trung
D04380,KH12,Noi com dien,Gia dung,6,59.1,2024-04-30,Bac
D04381,KH20,May xay,Gia dung,9,37.0,2024-04-03,Trung
D04382,KH35,Sach Python,Sach,7,18.7,2024-08-15,Nam
D04383,KH17,Sach Spark,Sach,5,23.8,2024-03-07,Nam
D04384,KH36,Laptop,Dien tu,2,1492.8,2024-09-10,Bac
D04385,KH24,Tai nghe,Dien tu,1,46.5,2025-02-01,Nam
D04386,KH35,May xay,Gia dung,1,38.3,2024-12-08,Bac
D04387,KH06,Giay the thao,Thoi trang,2,64.3,2025-01-01,Trung
D04388,KH36,Sach Python,Sach,4,19.2,2025-02-20,Trung
D04389,KH14,Sach Spark,Sach,9,24.5,2024-04-02,Nam
D04390,KH10,Ao thun,Thoi trang,1,13.7,2024-10-28,Nam
D04391,KH16,Noi com dien,Gia dung,3,51.4,2024-04-04,Bac
D04392,KH23,Sach Spark,Sach,5,27.2,2024-12-01,Trung
D04393,KH27,Dien thoai,Dien tu,2,740.1,2024-06-30,Bac
D04394,KH30,Ao thun,Thoi trang,2,12.1,2024-11-14,Trung
D04395,KH26,Tai nghe,Dien tu,1,48.1,2024-09-04,Trung
D04396,KH05,Laptop,Dien tu,1,1451.3,2024-08-23,Bac
D04397,KH20,Laptop,Dien tu,3,1521.6,2024-10-13,Trung
D04398,KH01,May xay,Gia dung,5,41.6,2024-11-28,Bac
D04399,KH08,Sach Python,Sach,6,21.4,2024-12-28,Nam
D04400,KH28,Ao thun,Thoi trang,10,13.2,2024-11-11,Nam
D04401,KH10,Sach Spark,Sach,2,23.8,2024-09-01,Nam
D04402,KH13,Quan jean,Thoi trang,8,38.0,2024-07-18,Trung
D04403,KH08,May xay,Gia dung,7,39.0,2024-10-14,Bac
D04404,KH07,Giay the thao,Thoi trang,4,57.3,2025-02-24,Nam
D04405,KH31,Tai nghe,Dien tu,1,49.5,2024-03-03,Bac
D04406,KH11,Laptop,Dien tu,2,1494.1,2024-07-28,Trung
D04407,KH02,Sach Python,Sach,9,20.7,2024-04-03,Nam
D04408,KH12,Ao thun,Thoi trang,3,12.2,2024-07-13,Trung
D04409,KH30,Laptop,Dien tu,1,1393.9,2025-02-22,Bac
D04410,KH10,May xay,Gia dung,6,40.5,2024-08-18,Nam
D04411,KH34,Quan jean,Thoi trang,3,36.9,2024-03-14,Bac
D04412,KH18,Giay the thao,Thoi trang,6,62.1,2024-11-29,Bac
D04413,KH20,Tai nghe,Dien tu,2,46.3,2025-01-05,Nam
D04414,KH29,Sach Python,Sach,1,21.9,2025-02-01,Bac
D04415,KH12,Dien thoai,Dien tu,2,738.3,2024-04-03,Nam
D04416,KH36,Noi com dien,Gia dung,2,59.8,2024-10-13,Bac
D04417,KH02,Laptop,Dien tu,1,1584.2,2024-03-02,Trung
D04418,KH33,Giay the thao,Thoi trang,4,61.8,2025-02-01,Nam
D04419,KH18,May xay,Gia dung,7,40.0,2024-10-08,Nam
D04420,KH06,Laptop,Dien tu,2,1366.4,2024-08-14,Bac
D04421,KH21,Quan jean,Thoi trang,10,38.4,2024-09-09,Trung
D04422,KH17,Giay the thao,Thoi trang,10,64.6,2024-07-11,Trung
D04423,KH21,Giay the thao,Thoi trang,11,58.5,2024-12-10,Nam
D04424,KH18,Noi com dien,Gia dung,2,54.7,2024-04-02,Nam
D04425,KH35,Quan jean,Thoi trang,3,33.4,2024-10-08,Bac
D04426,KH06,Noi com dien,Gia dung,4,55.8,2024-05-13,Trung
D04427,KH34,Ao thun,Thoi trang,9,11.3,2024-04-11,Bac
D04428,KH31,Sach Python,Sach,6,18.1,2024-10-02,Trung
D04429,KH31,Tai nghe,Dien tu,2,45.4,2025-01-14,Trung
D04430,KH40,Sach Python,Sach,5,18.5,2024-12-02,Nam
D04431,KH20,May xay,Gia dung,1,41.0,2024-06-06,Nam
D04432,KH29,May xay,Gia dung,1,36.1,2024-12-11,Bac
D04433,KH39,Ao thun,Thoi trang,3,11.8,2025-01-28,Nam
D04434,KH29,Quan jean,Thoi trang,1,33.1,2024-08-18,Nam
D04435,KH14,Noi com dien,Gia dung,9,52.3,2025-02-02,Trung
D04436,KH15,Laptop,Dien tu,2,1606.9,2024-04-09,Bac
D04437,KH21,Quan jean,Thoi trang,6,32.2,2025-02-15,Bac
D04438,KH27,May xay,Gia dung,8,40.8,2024-08-17,Nam
D04439,KH10,Sach Spark,Sach,9,23.6,2024-10-21,Nam
D04440,KH08,Laptop,Dien tu,1,1383.6,2024-09-14,Bac
D04441,KH20,Sach Python,Sach,10,19.8,2024-04-17,Bac
D04442,KH05,Sach Python,Sach,9,18.3,2024-09-21,Trung
D04443,KH17,Tai nghe,Dien tu,1,43.8,2025-02-01,Bac
D04444,KH26,May xay,Gia dung,4,39.7,2024-09-06,Trung
D04445,KH06,Ao thun,Thoi trang,5,12.5,2024-05-17,Bac
D04446,KH13,Giay the thao,Thoi trang,2,63.2,2024-03-01,Trung
D04447,KH34,Laptop,Dien tu,2,1575.2,2024-11-05,Nam
D04448,KH30,Dien thoai,Dien tu,1,757.8,2024-04-11,Nam
D04449,KH32,Noi com dien,Gia dung,6,51.7,2024-07-22,Bac
D04450,KH34,Sach Python,Sach,2,18.9,2024-09-24,Bac
D04451,KH29,Noi com dien,Gia dung,4,57.4,2025-01-19,Bac
D04452,KH40,Ao thun,Thoi trang,4,12.1,2024-12-20,Bac
D04453,KH23,Sach Spark,Sach,11,26.2,2024-12-31,Trung
D04454,KH35,Noi com dien,Gia dung,11,55.9,2024-08-08,Trung
D04455,KH24,Dien thoai,Dien tu,2,781.3,2024-05-15,Trung
D04456,KH24,Sach Spark,Sach,8,23.9,2024-03-01,Bac
D04457,KH26,Giay the thao,Thoi trang,10,56.1,2025-01-26,Nam
D04458,KH31,Dien thoai,Dien tu,3,761.6,2024-06-07,Nam
D04459,KH15,Laptop,Dien tu,3,1488.3,2024-04-26,Nam
D04460,KH36,Quan jean,Thoi trang,11,37.9,2024-08-29,Trung
D04461,KH30,May xay,Gia dung,7,42.8,2025-02-13,Bac
D04462,KH33,Giay the thao,Thoi trang,6,65.3,2024-12-04,Bac
D04463,KH21,Noi com dien,Gia dung,5,57.9,2024-08-18,Nam
D04464,KH02,Dien thoai,Dien tu,1,874.4,2024-08-29,Bac
D04465,KH08,Noi com dien,Gia dung,2,51.0,2025-02-08,Nam
D04466,KH20,Sach Python,Sach,3,18.6,2024-07-01,Nam
D04467,KH10,Dien thoai,Dien tu,1,727.8,2024-03-13,Nam
D04468,KH30,Quan jean,Thoi trang,1,36.5,2024-11-15,Trung
D04469,KH27,Ao thun,Thoi trang,1,13.3,2024-12-13,Trung
D04470,KH05,Noi com dien,Gia dung,9,60.0,2025-01-27,Bac
D04471,KH29,Quan jean,Thoi trang,9,37.6,2024-07-09,Nam
D04472,KH38,Sach Python,Sach,8,19.4,2024-09-19,Nam
D04473,KH26,Sach Spark,Sach,8,26.2,2025-02-04,Nam
D04474,KH13,Tai nghe,Dien tu,1,41.0,2024-06-20,Bac
D04475,KH16,Noi com dien,Gia dung,6,50.7,2024-12-21,Bac
D04476,KH33,Giay the thao,Thoi trang,5,65.1,2025-02-18,Nam
D04477,KH01,Dien thoai,Dien tu,3,829.3,2024-11-20,Bac
D04478,KH36,Quan jean,Thoi trang,3,34.4,2024-12-12,Bac
D04479,KH23,Tai nghe,Dien tu,2,44.1,2024-05-01,Bac
D04480,KH14,Laptop,Dien tu,3,1456.9,2024-06-19,Nam
D04481,KH22,Tai nghe,Dien tu,2,43.7,2024-03-16,Bac
D04482,KH32,Tai nghe,Dien tu,3,47.6,2024-09-08,Bac
D04483,KH16,Laptop,Dien tu,2,1570.1,2024-09-28,Bac
D04484,KH25,Noi com dien,Gia dung,1,57.8,2024-04-12,Nam
D04485,KH21,Ao thun,Thoi trang,5,12.5,2024-05-12,Bac
D04486,KH29,Noi com dien,Gia dung,6,54.5,2024-08-10,Nam
D04487,KH20,Dien thoai,Dien tu,3,764.7,2024-04-25,Bac
D04488,KH08,Dien thoai,Dien tu,2,780.9,2024-06-12,Trung
D04489,KH12,Tai nghe,Dien tu,3,47.9,2024-07-03,Trung
D04490,KH05,Sach Python,Sach,5,19.8,2025-01-02,Trung
D04491,KH03,Noi com dien,Gia dung,4,59.8,2024-06-18,Nam
D04492,KH34,Sach Spark,Sach,9,24.6,2024-04-22,Bac
D04493,KH34,Sach Spark,Sach,5,26.9,2024-08-24,Trung
D04494,KH11,Sach Python,Sach,1,18.7,2024-09-04,Trung
D04495,KH29,Quan jean,Thoi trang,7,31.7,2024-09-26,Bac
D04496,KH13,May xay,Gia dung,6,43.6,2024-12-22,Nam
D04497,KH22,Quan jean,Thoi trang,4,36.8,2024-08-26,Nam
D04498,KH22,Laptop,Dien tu,3,1613.9,2025-02-02,Trung
D04499,KH32,Tai nghe,Dien tu,1,40.7,2024-09-18,Trung
D04500,KH18,Sach Python,Sach,8,20.8,2024-07-15,Trung
D04501,KH10,Giay the thao,Thoi trang,1,56.5,2024-03-15,Trung
D04502,KH06,Ao thun,Thoi trang,10,12.4,2024-09-16,Nam
D04503,KH29,Noi com dien,Gia dung,2,59.0,2024-11-22,Nam
D04504,KH30,Quan jean,Thoi trang,3,34.3,2024-11-10,Nam
D04505,KH32,Sach Python,Sach,2,21.4,2025-02-17,Nam
D04506,KH22,Dien thoai,Dien tu,1,760.4,2024-04-06,Nam
D04507,KH39,Sach Python,Sach,2,19.1,2024-06-24,Nam
D04508,KH29,Quan jean,Thoi trang,6,33.0,2024-04-14,Trung
D04509,KH25,Sach Python,Sach,3,20.3,2024-10-20,Trung
D04510,KH20,May xay,Gia dung,11,41.8,2024-09-17,Nam
D04511,KH02,Laptop,Dien tu,1,1548.6,2024-08-10,Bac
D04512,KH14,Noi com dien,Gia dung,2,53.2,2024-12-25,Trung
D04513,KH16,Sach Python,Sach,7,21.2,2024-06-21,Nam
D04514,KH35,Ao thun,Thoi trang,3,12.9,2024-04-07,Bac
D04515,KH07,Dien thoai,Dien tu,3,853.1,2025-02-18,Trung
D04516,KH11,Sach Python,Sach,7,21.5,2024-09-09,Trung
D04517,KH07,Dien thoai,Dien tu,1,855.3,2024-06-05,Nam
D04518,KH32,Dien thoai,Dien tu,2,774.5,2024-09-01,Nam
D04519,KH35,Tai nghe,Dien tu,3,43.6,2024-05-06,Bac
D04520,KH26,Dien thoai,Dien tu,1,859.0,2025-02-20,Bac
D04521,KH33,May xay,Gia dung,4,41.4,2025-02-08,Nam
D04522,KH18,Laptop,Dien tu,2,1592.1,2024-03-12,Trung
D04523,KH22,Dien thoai,Dien tu,3,739.4,2024-12-14,Nam
D04524,KH26,Dien thoai,Dien tu,2,736.8,2024-11-09,Bac
D04525,KH38,Quan jean,Thoi trang,4,33.5,2024-12-01,Trung
D04526,KH33,Giay the thao,Thoi trang,7,55.2,2024-11-06,Trung
D04527,KH12,Tai nghe,Dien tu,2,41.5,2024-09-05,Bac
D04528,KH02,Noi com dien,Gia dung,10,49.9,2024-04-19,Bac
D04529,KH15,Giay the thao,Thoi trang,3,61.3,2024-03-10,Bac
D04530,KH10,May xay,Gia dung,9,41.1,2024-06-03,Bac
D04531,KH17,Noi com dien,Gia dung,1,55.6,2024-09-10,Bac
D04532,KH25,Sach Spark,Sach,5,25.3,2024-12-02,Bac
D04533,KH38,Sach Spark,Sach,8,22.6,2024-09-14,Bac
D04534,KH28,May xay,Gia dung,8,43.4,2024-05-25,Bac
D04535,KH13,Quan jean,Thoi trang,4,37.2,2024-10-08,Nam
D04536,KH21,Sach Python,Sach,6,19.8,2024-04-29,Nam
D04537,KH24,Ao thun,Thoi trang,5,13.5,2024-03-05,Nam
D04538,KH17,May xay,Gia dung,1,43.3,2024-05-30,Trung
D04539,KH22,Sach Spark,Sach,2,24.2,2024-10-04,Trung
D04540,KH16,Giay the thao,Thoi trang,4,57.4,2024-04-30,Nam
D04541,KH08,Sach Spark,Sach,6,23.9,2024-11-19,Nam
D04542,KH36,Noi com dien,Gia dung,11,50.8,2024-10-08,Bac
D04543,KH27,Laptop,Dien tu,3,1456.9,2024-11-03,Bac
D04544,KH30,May xay,Gia dung,5,40.6,2024-05-13,Nam
D04545,KH16,Sach Spark,Sach,1,22.5,2024-10-27,Nam
D04546,KH01,Quan jean,Thoi trang,10,36.7,2024-11-20,Nam
D04547,KH03,Laptop,Dien tu,2,1549.2,2024-07-16,Nam
D04548,KH02,Noi com dien,Gia dung,10,54.8,2024-09-22,Bac
D04549,KH12,Dien thoai,Dien tu,2,744.4,2024-10-03,Nam
D04550,KH32,Noi com dien,Gia dung,1,55.3,2024-10-09,Bac
D04551,KH20,Noi com dien,Gia dung,7,54.6,2024-06-23,Bac
D04552,KH16,Dien thoai,Dien tu,1,855.8,2024-10-30,Trung
D04553,KH34,Laptop,Dien tu,3,1596.9,2024-09-20,Bac
D04554,KH26,Noi com dien,Gia dung,11,51.8,2025-02-21,Nam
D04555,KH09,Dien thoai,Dien tu,1,869.2,2024-07-08,Nam
D04556,KH31,Noi com dien,Gia dung,2,51.2,2024-08-07,Trung
D04557,KH13,Ao thun,Thoi trang,9,12.0,2024-04-08,Nam
D04558,KH19,Dien thoai,Dien tu,1,871.9,2024-06-23,Nam
D04559,KH19,Noi com dien,Gia dung,6,58.4,2024-12-26,Nam
D04560,KH19,Sach Spark,Sach,9,25.0,2024-04-16,Bac
D04561,KH26,Tai nghe,Dien tu,2,48.2,2025-02-16,Bac
D04562,KH30,Sach Spark,Sach,5,25.9,2024-08-16,Nam
D04563,KH23,Tai nghe,Dien tu,2,45.8,2024-04-16,Nam
D04564,KH14,Noi com dien,Gia dung,10,53.1,2024-10-16,Bac
D04565,KH34,Laptop,Dien tu,2,1583.0,2024-09-24,Bac
D04566,KH21,Laptop,Dien tu,2,1525.5,2024-04-22,Nam
D04567,KH09,Giay the thao,Thoi trang,6,64.3,2024-07-11,Bac
D04568,KH09,Tai nghe,Dien tu,3,42.9,2024-06-02,Bac
D04569,KH19,Sach Spark,Sach,6,25.0,2024-11-30,Nam
D04570,KH04,Dien thoai,Dien tu,3,750.7,2025-02-11,Bac
D04571,KH16,Laptop,Dien tu,2,1631.5,2025-02-12,Bac
D04572,KH35,Giay the thao,Thoi trang,6,57.9,2024-04-14,Nam
D04573,KH03,Dien thoai,Dien tu,1,843.3,2024-04-02,Nam
D04574,KH08,Dien thoai,Dien tu,1,805.7,2024-12-10,Trung
D04575,KH09,Sach Python,Sach,4,20.0,2024-05-23,Bac
D04576,KH38,Sach Python,Sach,10,21.6,2024-05-15,Nam
D04577,KH35,Dien thoai,Dien tu,2,770.1,2024-05-03,Trung
D04578,KH23,Sach Spark,Sach,2,25.1,2024-11-04,Nam
D04579,KH38,Giay the thao,Thoi trang,3,57.6,2024-09-14,Bac
D04580,KH33,Ao thun,Thoi trang,11,12.7,2025-01-07,Nam
D04581,KH30,Tai nghe,Dien tu,3,42.2,2024-04-05,Nam
D04582,KH22,Sach Python,Sach,11,21.5,2024-12-31,Bac
D04583,KH02,Tai nghe,Dien tu,2,48.4,2024-08-29,Nam
D04584,KH15,Laptop,Dien tu,1,1628.6,2024-10-20,Trung
D04585,KH07,Laptop,Dien tu,3,1635.8,2024-03-15,Nam
D04586,KH30,Sach Spark,Sach,10,26.0,2025-01-11,Nam
D04587,KH37,Noi com dien,Gia dung,5,49.9,2024-10-17,Trung
D04588,KH17,Giay the thao,Thoi trang,1,60.9,2024-11-18,Nam
D04589,KH07,Quan jean,Thoi trang,6,36.0,2024-09-22,Bac
D04590,KH18,Ao thun,Thoi trang,4,11.9,2024-05-25,Nam
D04591,KH11,Dien thoai,Dien tu,2,727.0,2024-05-17,Bac
D04592,KH19,May xay,Gia dung,10,42.2,2025-02-28,Nam
D04593,KH18,Quan jean,Thoi trang,10,35.3,2024-04-19,Nam
D04594,KH34,Noi com dien,Gia dung,9,57.7,2024-05-18,Bac
D04595,KH17,Laptop,Dien tu,1,1605.1,2025-01-15,Nam
D04596,KH40,Giay the thao,Thoi trang,6,59.9,2024-09-28,Trung
D04597,KH02,Laptop,Dien tu,1,1550.5,2024-03-06,Nam
D04598,KH14,Tai nghe,Dien tu,3,48.7,2024-04-30,Bac
D04599,KH38,Noi com dien,Gia dung,1,56.4,2024-12-20,Bac
D04600,KH07,Tai nghe,Dien tu,2,42.9,2024-11-13,Nam
D04601,KH16,Sach Python,Sach,8,18.9,2025-01-03,Trung
D04602,KH36,Laptop,Dien tu,3,1554.4,2024-03-13,Nam
D04603,KH21,Ao thun,Thoi trang,3,13.3,2024-10-11,Nam
D04604,KH07,Dien thoai,Dien tu,1,731.2,2025-02-26,Trung
D04605,KH23,Giay the thao,Thoi trang,8,64.0,2024-06-10,Nam
D04606,KH08,Quan jean,Thoi trang,9,35.1,2024-03-15,Nam
D04607,KH35,Ao thun,Thoi trang,4,12.1,2024-10-12,Bac
D04608,KH40,Quan jean,Thoi trang,3,38.0,2024-11-23,Bac
D04609,KH09,Dien thoai,Dien tu,1,768.5,2024-08-22,Nam
D04610,KH16,Quan jean,Thoi trang,9,33.9,2024-08-21,Bac
D04611,KH15,Sach Python,Sach,3,18.9,2024-09-13,Nam
D04612,KH02,Giay the thao,Thoi trang,3,62.9,2024-07-26,Bac
D04613,KH20,Sach Spark,Sach,3,26.0,2024-06-07,Trung
D04614,KH14,Ao thun,Thoi trang,9,12.3,2024-07-15,Nam
D04615,KH05,Ao thun,Thoi trang,3,13.3,2024-03-22,Nam
D04616,KH08,Ao thun,Thoi trang,9,11.7,2024-12-27,Bac
D04617,KH28,May xay,Gia dung,3,37.3,2024-05-22,Bac
D04618,KH07,Sach Spark,Sach,9,26.8,2025-01-22,Nam
D04619,KH40,Noi com dien,Gia dung,1,51.5,2024-03-21,Bac
D04620,KH12,Noi com dien,Gia dung,2,55.8,2024-03-06,Bac
D04621,KH35,May xay,Gia dung,9,38.1,2024-11-12,Bac
D04622,KH22,Laptop,Dien tu,2,1408.8,2024-12-16,Nam
D04623,KH27,Tai nghe,Dien tu,2,45.4,2024-03-09,Trung
D04624,KH38,Sach Python,Sach,3,21.1,2024-10-31,Bac
D04625,KH38,Quan jean,Thoi trang,3,37.1,2024-10-11,Trung
D04626,KH32,Ao thun,Thoi trang,6,11.9,2025-01-19,Bac
D04627,KH02,Quan jean,Thoi trang,11,36.9,2025-01-29,Nam
D04628,KH25,Laptop,Dien tu,1,1568.4,2025-02-26,Bac
D04629,KH30,Giay the thao,Thoi trang,10,58.4,2024-12-26,Bac
D04630,KH02,Sach Spark,Sach,9,24.4,2025-01-26,Trung
D04631,KH23,Giay the thao,Thoi trang,5,57.8,2024-08-03,Nam
D04632,KH20,Tai nghe,Dien tu,3,48.0,2024-10-05,Nam
D04633,KH18,Giay the thao,Thoi trang,2,55.1,2025-02-22,Bac
D04634,KH04,Noi com dien,Gia dung,9,53.1,2024-06-22,Bac
D04635,KH39,Ao thun,Thoi trang,4,13.0,2024-10-08,Nam
D04636,KH05,May xay,Gia dung,7,36.3,2024-03-04,Nam
D04637,KH21,Laptop,Dien tu,2,1558.4,2024-11-20,Bac
D04638,KH40,Laptop,Dien tu,1,1544.0,2025-02-25,Nam
D04639,KH11,Noi com dien,Gia dung,4,51.3,2024-11-12,Bac
D04640,KH17,Laptop,Dien tu,2,1568.2,2024-09-12,Trung
D04641,KH33,Tai nghe,Dien tu,1,44.2,2024-03-03,Nam
D04642,KH28,Noi com dien,Gia dung,1,51.2,2024-05-04,Bac
D04643,KH30,Sach Spark,Sach,11,25.5,2024-07-06,Nam
D04644,KH11,Sach Spark,Sach,4,22.9,2024-11-22,Bac
D04645,KH14,Quan jean,Thoi trang,7,34.6,2024-12-03,Nam
D04646,KH05,Sach Spark,Sach,5,23.2,2024-11-13,Nam
D04647,KH04,Quan jean,Thoi trang,8,37.4,2024-04-21,Bac
D04648,KH09,Quan jean,Thoi trang,11,33.4,2024-10-30,Bac
D04649,KH15,Laptop,Dien tu,1,1465.5,2024-09-29,Bac
D04650,KH33,Ao thun,Thoi trang,10,12.8,2024-05-06,Trung
D04651,KH06,Giay the thao,Thoi trang,10,55.9,2025-01-28,Bac
D04652,KH24,Giay the thao,Thoi trang,3,62.8,2024-12-03,Nam
D04653,KH27,Ao thun,Thoi trang,1,12.3,2024-09-28,Nam
D04654,KH28,Sach Spark,Sach,6,26.2,2024-08-31,Bac
D04655,KH12,Dien thoai,Dien tu,3,745.4,2025-01-09,Nam
D04656,KH13,May xay,Gia dung,5,40.1,2024-09-02,Trung
D04657,KH36,Sach Spark,Sach,10,25.5,2025-02-09,Nam
D04658,KH10,Dien thoai,Dien tu,1,795.2,2024-07-03,Bac
D04659,KH06,Ao thun,Thoi trang,7,13.2,2024-06-23,Bac
D04660,KH21,Noi com dien,Gia dung,3,52.9,2024-03-29,Nam
D04661,KH28,Sach Spark,Sach,5,27.4,2024-05-13,Nam
D04662,KH33,Ao thun,Thoi trang,11,13.4,2024-10-16,Nam
D04663,KH08,May xay,Gia dung,5,41.0,2024-03-05,Nam
D04664,KH05,Sach Python,Sach,7,18.3,2024-07-13,Bac
D04665,KH10,Laptop,Dien tu,2,1471.1,2024-10-06,Nam
D04666,KH33,Quan jean,Thoi trang,10,32.0,2024-08-08,Nam
D04667,KH37,Noi com dien,Gia dung,8,49.9,2024-11-02,Bac
D04668,KH13,Tai nghe,Dien tu,3,45.0,2024-04-20,Nam
D04669,KH39,Quan jean,Thoi trang,4,36.7,2024-11-28,Bac
D04670,KH12,Dien thoai,Dien tu,2,856.9,2024-08-25,Trung
D04671,KH19,Dien thoai,Dien tu,3,832.7,2025-02-25,Nam
D04672,KH15,Sach Spark,Sach,2,24.3,2024-08-08,Nam
D04673,KH33,Ao thun,Thoi trang,2,11.7,2024-11-30,Bac
D04674,KH36,Sach Python,Sach,9,20.9,2024-03-31,Trung
D04675,KH05,Ao thun,Thoi trang,11,12.2,2024-03-17,Bac
D04676,KH29,Dien thoai,Dien tu,3,835.4,2024-03-16,Nam
D04677,KH23,Quan jean,Thoi trang,7,35.0,2024-03-24,Trung
D04678,KH38,Laptop,Dien tu,2,1644.1,2024-05-12,Bac
D04679,KH39,Ao thun,Thoi trang,3,11.3,2024-07-16,Trung
D04680,KH04,Dien thoai,Dien tu,1,765.0,2024-08-23,Trung
D04681,KH28,Giay the thao,Thoi trang,5,65.8,2025-01-27,Nam
D04682,KH06,Quan jean,Thoi trang,9,36.7,2024-12-07,Nam
D04683,KH10,Sach Python,Sach,5,18.9,2024-10-02,Trung
D04684,KH11,Laptop,Dien tu,1,1431.2,2024-10-20,Nam
D04685,KH32,Laptop,Dien tu,1,1480.2,2024-09-18,Bac
D04686,KH17,Giay the thao,Thoi trang,4,60.2,2024-12-12,Nam
D04687,KH29,Dien thoai,Dien tu,2,875.2,2024-08-19,Bac
D04688,KH38,May xay,Gia dung,4,38.1,2024-10-13,Nam
D04689,KH03,Sach Python,Sach,4,19.1,2024-05-31,Trung
D04690,KH13,May xay,Gia dung,7,40.4,2024-12-21,Bac
D04691,KH07,Quan jean,Thoi trang,1,34.9,2024-10-23,Nam
D04692,KH22,Tai nghe,Dien tu,2,45.4,2025-01-15,Trung
D04693,KH13,May xay,Gia dung,7,42.3,2024-10-30,Bac
D04694,KH01,Laptop,Dien tu,3,1425.4,2024-12-14,Bac
D04695,KH03,Sach Spark,Sach,1,25.1,2025-02-20,Bac
D04696,KH14,Dien thoai,Dien tu,2,735.7,2024-04-04,Bac
D04697,KH36,Laptop,Dien tu,3,1432.3,2024-07-09,Trung
D04698,KH18,Giay the thao,Thoi trang,11,62.2,2024-03-18,Bac
D04699,KH26,Ao thun,Thoi trang,5,12.7,2024-06-03,Bac
D04700,KH27,Giay the thao,Thoi trang,1,60.0,2025-01-01,Bac
D04701,KH23,Quan jean,Thoi trang,1,38.4,2024-07-31,Trung
D04702,KH37,Dien thoai,Dien tu,3,877.1,2024-09-17,Trung
D04703,KH20,Dien thoai,Dien tu,2,808.3,2024-04-07,Trung
D04704,KH19,Quan jean,Thoi trang,3,35.6,2025-01-09,Bac
D04705,KH36,Quan jean,Thoi trang,9,37.0,2024-11-11,Nam
D04706,KH37,Noi com dien,Gia dung,9,55.0,2024-04-11,Trung
D04707,KH31,Quan jean,Thoi trang,1,35.4,2024-07-21,Bac
D04708,KH02,Giay the thao,Thoi trang,4,60.6,2024-04-19,Nam
D04709,KH12,Dien thoai,Dien tu,2,722.1,2024-11-17,Trung
D04710,KH04,Ao thun,Thoi trang,10,11.6,2024-04-05,Nam
D04711,KH13,Quan jean,Thoi trang,4,32.9,2024-08-16,Nam
D04712,KH36,Tai nghe,Dien tu,3,42.7,2024-07-25,Bac
D04713,KH28,May xay,Gia dung,4,38.6,2025-01-31,Trung
D04714,KH32,Quan jean,Thoi trang,3,36.8,2025-02-22,Nam
D04715,KH22,Sach Spark,Sach,7,25.6,2024-08-30,Nam
D04716,KH15,Giay the thao,Thoi trang,3,58.7,2024-07-27,Bac
D04717,KH25,Quan jean,Thoi trang,7,36.9,2025-02-28,Trung
D04718,KH22,Tai nghe,Dien tu,3,45.9,2024-09-25,Nam
D04719,KH23,May xay,Gia dung,6,40.2,2024-10-24,Bac
D04720,KH07,Noi com dien,Gia dung,6,55.8,2024-03-17,Nam
D04721,KH06,Quan jean,Thoi trang,8,34.6,2024-09-01,Bac
D04722,KH04,Laptop,Dien tu,3,1363.2,2025-01-11,Nam
D04723,KH23,May xay,Gia dung,10,36.3,2025-02-07,Nam
D04724,KH26,Quan jean,Thoi trang,5,32.4,2024-11-02,Trung
D04725,KH06,Dien thoai,Dien tu,2,823.3,2024-09-20,Bac
D04726,KH30,Ao thun,Thoi trang,7,13.0,2025-02-03,Nam
D04727,KH16,Ao thun,Thoi trang,7,11.7,2024-09-18,Bac
D04728,KH37,Laptop,Dien tu,3,1398.7,2025-01-06,Bac
D04729,KH09,Dien thoai,Dien tu,1,790.4,2024-12-04,Nam
D04730,KH14,Giay the thao,Thoi trang,2,55.4,2024-07-28,Nam
D04731,KH20,Sach Python,Sach,9,21.5,2024-11-10,Trung
D04732,KH02,Tai nghe,Dien tu,2,41.5,2025-01-30,Bac
D04733,KH01,Giay the thao,Thoi trang,5,61.4,2024-08-02,Nam
D04734,KH03,Dien thoai,Dien tu,2,723.3,2025-01-24,Bac
D04735,KH21,Giay the thao,Thoi trang,2,55.6,2024-07-21,Bac
D04736,KH34,Quan jean,Thoi trang,6,38.2,2024-09-14,Bac
D04737,KH03,Dien thoai,Dien tu,2,866.9,2024-05-24,Nam
D04738,KH18,Ao thun,Thoi trang,1,13.0,2024-10-16,Bac
D04739,KH19,Tai nghe,Dien tu,1,42.9,2024-10-25,Trung
D04740,KH20,Ao thun,Thoi trang,6,13.1,2024-08-24,Bac
D04741,KH19,Quan jean,Thoi trang,2,35.4,2024-09-28,Nam
D04742,KH21,Sach Spark,Sach,7,22.7,2025-02-01,Nam
D04743,KH33,Noi com dien,Gia dung,7,54.3,2024-09-03,Bac
D04744,KH12,May xay,Gia dung,4,42.4,2024-11-12,Bac
D04745,KH18,Dien thoai,Dien tu,3,723.7,2024-08-12,Bac
D04746,KH27,Noi com dien,Gia dung,1,59.2,2024-04-18,Bac
D04747,KH37,Sach Python,Sach,5,21.9,2024-03-22,Bac
D04748,KH29,May xay,Gia dung,11,39.5,2025-01-15,Nam
D04749,KH39,Giay the thao,Thoi trang,2,59.4,2024-10-11,Nam
D04750,KH03,Tai nghe,Dien tu,3,48.6,2024-03-17,Bac
D04751,KH12,Noi com dien,Gia dung,11,49.9,2024-10-12,Nam
D04752,KH28,Ao thun,Thoi trang,11,11.9,2024-06-22,Trung
D04753,KH30,May xay,Gia dung,9,41.9,2024-08-27,Bac
D04754,KH16,Tai nghe,Dien tu,1,42.1,2024-05-29,Nam
D04755,KH03,Sach Python,Sach,4,20.4,2024-08-16,Bac
D04756,KH16,Noi com dien,Gia dung,6,53.4,2025-02-26,Bac
D04757,KH13,Laptop,Dien tu,2,1466.4,2024-06-22,Bac
D04758,KH15,May xay,Gia dung,10,37.1,2024-04-23,Bac
D04759,KH04,Sach Spark,Sach,1,24.9,2024-06-11,Bac
D04760,KH15,Laptop,Dien tu,2,1546.3,2024-04-24,Trung
D04761,KH14,Sach Spark,Sach,3,24.6,2024-08-17,Nam
D04762,KH26,Sach Python,Sach,4,20.5,2024-06-09,Nam
D04763,KH27,Laptop,Dien tu,1,1364.8,2024-05-12,Bac
D04764,KH28,Ao thun,Thoi trang,6,13.0,2025-01-08,Nam
D04765,KH11,Noi com dien,Gia dung,6,55.0,2025-01-30,Bac
D04766,KH38,Ao thun,Thoi trang,8,13.1,2024-08-23,Bac
D04767,KH20,Tai nghe,Dien tu,3,47.4,2024-05-18,Nam
D04768,KH12,Quan jean,Thoi trang,11,34.1,2024-10-01,Nam
D04769,KH37,Sach Spark,Sach,9,23.4,2025-02-04,Trung
D04770,KH13,Sach Spark,Sach,7,24.3,2024-07-06,Bac
D04771,KH09,Tai nghe,Dien tu,2,46.9,2024-07-02,Nam
D04772,KH35,Quan jean,Thoi trang,2,38.2,2024-12-26,Bac
D04773,KH36,Tai nghe,Dien tu,3,47.2,2025-02-04,Trung
D04774,KH07,Ao thun,Thoi trang,3,12.7,2024-03-03,Nam
D04775,KH11,Quan jean,Thoi trang,10,36.8,2024-09-10,Nam
D04776,KH08,Giay the thao,Thoi trang,4,59.2,2024-06-26,Trung
D04777,KH02,Tai nghe,Dien tu,1,45.0,2024-03-22,Trung
D04778,KH06,Laptop,Dien tu,3,1546.3,2024-03-31,Nam
D04779,KH01,Sach Spark,Sach,2,23.7,2024-05-16,Bac
D04780,KH06,Sach Python,Sach,8,20.5,2024-08-14,Bac
D04781,KH08,Noi com dien,Gia dung,3,57.8,2024-04-20,Nam
D04782,KH22,Tai nghe,Dien tu,1,44.1,2024-04-22,Trung
D04783,KH17,Sach Spark,Sach,9,24.1,2024-06-07,Nam
D04784,KH11,Sach Spark,Sach,4,27.4,2024-06-07,Bac
D04785,KH06,Ao thun,Thoi trang,8,13.7,2025-02-14,Bac
D04786,KH07,Ao thun,Thoi trang,10,11.8,2024-12-28,Trung
D04787,KH24,Quan jean,Thoi trang,3,37.9,2025-01-18,Bac
D04788,KH16,May xay,Gia dung,4,37.2,2025-02-05,Bac
D04789,KH11,Dien thoai,Dien tu,3,810.3,2024-10-26,Nam
D04790,KH20,Laptop,Dien tu,1,1424.1,2024-12-30,Trung
D04791,KH01,Quan jean,Thoi trang,3,35.7,2025-01-05,Nam
D04792,KH10,Dien thoai,Dien tu,2,827.3,2024-08-30,Nam
D04793,KH40,Quan jean,Thoi trang,4,37.3,2024-04-17,Nam
D04794,KH25,Sach Spark,Sach,2,24.4,2024-04-13,Nam
D04795,KH03,May xay,Gia dung,1,36.9,2024-07-07,Bac
D04796,KH22,Laptop,Dien tu,1,1622.1,2024-12-20,Bac
D04797,KH05,Noi com dien,Gia dung,9,58.3,2024-06-15,Nam
D04798,KH29,Giay the thao,Thoi trang,6,54.9,2024-08-09,Nam
D04799,KH03,May xay,Gia dung,2,42.0,2025-02-01,Bac
D04800,KH09,Tai nghe,Dien tu,1,47.1,2024-07-01,Trung
D04801,KH39,May xay,Gia dung,7,44.0,2024-10-23,Nam
D04802,KH11,May xay,Gia dung,4,40.9,2024-10-18,Nam
D04803,KH27,Sach Python,Sach,5,20.3,2024-12-07,Trung
D04804,KH19,Sach Spark,Sach,3,24.3,2024-07-27,Bac
D04805,KH06,Giay the thao,Thoi trang,4,61.9,2024-06-01,Bac
D04806,KH25,Ao thun,Thoi trang,8,13.1,2024-04-08,Nam
D04807,KH37,May xay,Gia dung,10,42.6,2024-07-29,Nam
D04808,KH17,Laptop,Dien tu,3,1384.1,2024-09-09,Nam
D04809,KH34,Laptop,Dien tu,2,1447.8,2024-06-27,Bac
D04810,KH27,Noi com dien,Gia dung,9,54.0,2024-12-19,Trung
D04811,KH37,Sach Python,Sach,11,18.3,2024-07-15,Bac
D04812,KH28,Noi com dien,Gia dung,7,59.5,2024-11-04,Bac
D04813,KH32,Sach Python,Sach,10,18.6,2025-01-09,Nam
D04814,KH15,Ao thun,Thoi trang,7,11.3,2024-05-21,Nam
D04815,KH34,Sach Spark,Sach,11,24.0,2024-09-12,Bac
D04816,KH35,Ao thun,Thoi trang,4,13.7,2025-01-26,Nam
D04817,KH36,Sach Spark,Sach,6,25.4,2024-04-11,Nam
D04818,KH07,Tai nghe,Dien tu,2,42.8,2024-08-19,Bac
D04819,KH26,Ao thun,Thoi trang,7,11.9,2024-10-11,Nam
D04820,KH17,May xay,Gia dung,3,38.5,2024-07-14,Nam
D04821,KH33,Laptop,Dien tu,2,1529.5,2024-07-20,Bac
D04822,KH19,Tai nghe,Dien tu,1,48.6,2024-12-08,Bac
D04823,KH30,Noi com dien,Gia dung,8,59.8,2025-01-26,Bac
D04824,KH30,Sach Spark,Sach,8,23.1,2024-12-16,Trung
D04825,KH12,Quan jean,Thoi trang,3,35.7,2024-07-31,Nam
D04826,KH21,Sach Python,Sach,7,21.2,2024-10-21,Nam
D04827,KH26,May xay,Gia dung,2,38.7,2024-04-09,Bac
D04828,KH21,Noi com dien,Gia dung,1,50.4,2024-03-12,Nam
D04829,KH27,May xay,Gia dung,2,40.2,2024-09-23,Trung
D04830,KH22,Laptop,Dien tu,1,1404.3,2024-05-17,Trung
D04831,KH24,Sach Spark,Sach,3,23.6,2024-12-18,Nam
D04832,KH18,Giay the thao,Thoi trang,7,63.7,2024-03-17,Nam
D04833,KH17,May xay,Gia dung,2,37.5,2025-02-12,Bac
D04834,KH16,Quan jean,Thoi trang,7,33.0,2024-11-20,Nam
D04835,KH20,Ao thun,Thoi trang,2,12.9,2024-03-02,Bac
D04836,KH04,Tai nghe,Dien tu,3,44.0,2024-05-13,Bac
D04837,KH25,Laptop,Dien tu,2,1360.4,2024-04-14,Bac
D04838,KH09,Giay the thao,Thoi trang,10,59.9,2025-02-20,Bac
D04839,KH20,Tai nghe,Dien tu,3,45.8,2024-08-18,Bac
D04840,KH27,Quan jean,Thoi trang,11,38.4,2024-10-15,Trung
D04841,KH02,May xay,Gia dung,9,38.4,2025-01-20,Nam
D04842,KH36,May xay,Gia dung,3,41.7,2024-11-28,Nam
D04843,KH07,Laptop,Dien tu,3,1620.7,2024-12-19,Nam
D04844,KH03,Tai nghe,Dien tu,2,45.3,2024-07-12,Bac
D04845,KH28,Giay the thao,Thoi trang,6,65.2,2024-05-04,Bac
D04846,KH10,Tai nghe,Dien tu,2,45.1,2024-12-30,Bac
D04847,KH23,Quan jean,Thoi trang,9,35.6,2025-02-16,Nam
D04848,KH24,Tai nghe,Dien tu,3,41.8,2024-06-05,Bac
D04849,KH33,Quan jean,Thoi trang,1,38.2,2024-09-15,Nam
D04850,KH26,Laptop,Dien tu,3,1410.2,2024-06-28,Trung
D04851,KH04,Giay the thao,Thoi trang,8,63.7,2024-06-22,Nam
D04852,KH40,Ao thun,Thoi trang,8,13.3,2025-01-26,Nam
D04853,KH33,Noi com dien,Gia dung,4,58.5,2024-10-14,Trung
D04854,KH05,Sach Python,Sach,9,18.9,2024-08-07,Bac
D04855,KH15,Dien thoai,Dien tu,2,865.1,2024-05-22,Bac
D04856,KH40,Sach Spark,Sach,4,22.9,2024-07-10,Bac
D04857,KH16,Giay the thao,Thoi trang,4,59.4,2024-03-15,Nam
D04858,KH04,Dien thoai,Dien tu,1,728.6,2024-10-19,Bac
D04859,KH15,Noi com dien,Gia dung,2,56.6,2024-09-06,Bac
D04860,KH12,Ao thun,Thoi trang,2,12.8,2025-02-01,Bac
D04861,KH22,Quan jean,Thoi trang,1,36.2,2024-06-09,Nam
D04862,KH27,Quan jean,Thoi trang,5,34.5,2025-02-17,Bac
D04863,KH29,May xay,Gia dung,8,39.6,2024-05-20,Nam
D04864,KH30,Tai nghe,Dien tu,2,47.2,2024-10-16,Nam
D04865,KH05,Sach Python,Sach,4,20.7,2024-09-16,Bac
D04866,KH14,May xay,Gia dung,1,41.5,2024-04-15,Trung
D04867,KH30,Sach Spark,Sach,5,22.6,2024-12-10,Trung
D04868,KH06,Quan jean,Thoi trang,7,31.6,2024-04-16,Bac
D04869,KH36,Ao thun,Thoi trang,1,13.7,2024-06-25,Trung
D04870,KH34,Laptop,Dien tu,1,1437.2,2025-02-03,Bac
D04871,KH32,Laptop,Dien tu,2,1581.9,2024-07-06,Nam
D04872,KH27,Quan jean,Thoi trang,11,36.6,2024-08-23,Nam
D04873,KH14,Quan jean,Thoi trang,3,36.0,2024-05-19,Bac
D04874,KH39,Laptop,Dien tu,3,1443.5,2024-10-27,Bac
D04875,KH24,Sach Python,Sach,9,21.8,2024-06-25,Nam
D04876,KH36,Tai nghe,Dien tu,2,42.4,2025-01-09,Trung
D04877,KH33,Dien thoai,Dien tu,3,812.1,2025-01-27,Nam
D04878,KH23,Giay the thao,Thoi trang,3,54.3,2024-06-03,Bac
D04879,KH38,Tai nghe,Dien tu,3,41.3,2024-04-28,Trung
D04880,KH38,Dien thoai,Dien tu,3,806.1,2024-10-18,Trung
D04881,KH18,May xay,Gia dung,1,39.3,2024-05-12,Trung
D04882,KH31,May xay,Gia dung,9,41.7,2025-02-01,Nam
D04883,KH03,May xay,Gia dung,5,40.8,2025-01-24,Bac
D04884,KH31,Noi com dien,Gia dung,1,51.0,2024-08-30,Nam
D04885,KH33,Ao thun,Thoi trang,9,13.7,2024-08-25,Nam
D04886,KH30,Sach Python,Sach,6,19.4,2024-07-11,Bac
D04887,KH26,Ao thun,Thoi trang,7,12.3,2024-10-16,Trung
D04888,KH33,May xay,Gia dung,7,40.9,2024-11-17,Trung
D04889,KH14,Sach Spark,Sach,3,26.3,2024-05-11,Nam
D04890,KH14,May xay,Gia dung,6,41.8,2024-06-30,Bac
D04891,KH15,Quan jean,Thoi trang,2,35.1,2024-09-16,Bac
D04892,KH30,Sach Spark,Sach,1,23.9,2024-09-13,Nam
D04893,KH40,Dien thoai,Dien tu,3,738.2,2024-08-18,Bac
D04894,KH26,Laptop,Dien tu,3,1463.3,2025-01-06,Bac
D04895,KH02,Laptop,Dien tu,3,1463.4,2024-03-30,Bac
D04896,KH36,Giay the thao,Thoi trang,11,65.8,2024-10-05,Bac
D04897,KH31,Sach Spark,Sach,10,24.0,2024-04-10,Nam
D04898,KH26,Laptop,Dien tu,3,1646.3,2024-12-19,Bac
D04899,KH21,Sach Spark,Sach,11,25.6,2024-06-28,Bac
D04900,KH22,Ao thun,Thoi trang,5,13.2,2024-10-01,Nam
D04901,KH28,May xay,Gia dung,7,42.7,2024-04-14,Trung
D04902,KH27,Noi com dien,Gia dung,10,54.1,2024-11-26,Nam
D04903,KH25,Sach Spark,Sach,5,25.8,2024-10-08,Nam
D04904,KH12,Tai nghe,Dien tu,1,49.2,2024-06-24,Bac
D04905,KH37,Ao thun,Thoi trang,1,12.2,2024-04-02,Bac
D04906,KH18,Quan jean,Thoi trang,10,38.3,2024-05-06,Nam
D04907,KH05,Dien thoai,Dien tu,1,816.5,2024-05-26,Bac
D04908,KH05,Quan jean,Thoi trang,4,38.1,2024-04-09,Trung
D04909,KH11,Noi com dien,Gia dung,5,49.5,2024-04-27,Nam
D04910,KH30,Dien thoai,Dien tu,3,733.6,2024-04-08,Nam
D04911,KH07,Giay the thao,Thoi trang,2,65.1,2024-07-12,Bac
D04912,KH14,Sach Spark,Sach,3,23.0,2024-11-28,Bac
D04913,KH35,Sach Spark,Sach,9,25.1,2024-03-23,Nam
D04914,KH05,Laptop,Dien tu,3,1592.0,2024-12-11,Bac
D04915,KH05,May xay,Gia dung,4,39.9,2024-04-05,Nam
D04916,KH01,Quan jean,Thoi trang,3,33.1,2024-08-14,Trung
D04917,KH08,Giay the thao,Thoi trang,6,60.3,2024-04-16,Bac
D04918,KH24,Dien thoai,Dien tu,1,730.4,2024-10-13,Nam
D04919,KH25,Dien thoai,Dien tu,1,878.6,2024-06-29,Bac
D04920,KH10,Noi com dien,Gia dung,11,56.6,2024-06-19,Nam
D04921,KH31,Laptop,Dien tu,1,1420.4,2025-02-03,Bac
D04922,KH08,Laptop,Dien tu,1,1462.8,2024-04-30,Nam
D04923,KH12,Quan jean,Thoi trang,5,38.1,2024-12-11,Bac
D04924,KH26,Dien thoai,Dien tu,2,738.6,2024-11-16,Trung
D04925,KH35,Noi com dien,Gia dung,3,51.1,2024-11-15,Trung
D04926,KH33,Tai nghe,Dien tu,1,41.3,2024-11-26,Nam
D04927,KH21,Sach Spark,Sach,8,27.2,2024-11-15,Bac
D04928,KH25,Sach Spark,Sach,6,24.7,2024-03-07,Nam
D04929,KH07,Tai nghe,Dien tu,3,48.4,2024-11-13,Bac
D04930,KH38,Laptop,Dien tu,1,1384.9,2024-06-19,Bac
D04931,KH36,Sach Spark,Sach,3,25.7,2024-10-30,Nam
D04932,KH16,May xay,Gia dung,2,39.6,2024-05-19,Bac
D04933,KH20,May xay,Gia dung,2,36.6,2025-01-27,Trung
D04934,KH07,Tai nghe,Dien tu,1,42.4,2024-12-31,Bac
D04935,KH07,Laptop,Dien tu,1,1351.9,2024-09-19,Nam
D04936,KH36,Laptop,Dien tu,1,1377.1,2024-12-31,Trung
D04937,KH23,Laptop,Dien tu,3,1443.9,2024-04-03,Bac
D04938,KH26,Dien thoai,Dien tu,1,815.2,2025-01-27,Bac
D04939,KH03,Quan jean,Thoi trang,2,35.4,2025-02-08,Trung
D04940,KH20,Laptop,Dien tu,1,1485.3,2024-11-04,Nam
D04941,KH21,Noi com dien,Gia dung,7,50.6,2024-07-15,Bac
D04942,KH01,May xay,Gia dung,11,38.1,2024-11-19,Trung
D04943,KH01,Tai nghe,Dien tu,3,48.3,2024-04-28,Trung
D04944,KH31,May xay,Gia dung,4,40.6,2025-01-14,Nam
D04945,KH09,May xay,Gia dung,1,42.1,2024-05-14,Trung
D04946,KH37,Laptop,Dien tu,3,1534.4,2024-11-21,Bac
D04947,KH33,Quan jean,Thoi trang,8,35.9,2024-07-02,Nam
D04948,KH24,Dien thoai,Dien tu,1,780.5,2024-10-31,Trung
D04949,KH23,Sach Python,Sach,8,18.8,2024-08-24,Nam
D04950,KH21,Sach Spark,Sach,3,24.3,2024-09-16,Bac
D04951,KH07,Laptop,Dien tu,2,1387.1,2024-04-03,Nam
D04952,KH05,Laptop,Dien tu,2,1502.9,2024-03-10,Bac
D04953,KH22,Sach Spark,Sach,4,24.7,2024-05-19,Trung
D04954,KH28,Tai nghe,Dien tu,3,44.6,2024-06-07,Trung
D04955,KH03,Dien thoai,Dien tu,2,794.1,2025-01-09,Nam
D04956,KH02,Sach Python,Sach,6,21.7,2024-04-12,Bac
D04957,KH21,Ao thun,Thoi trang,10,13.7,2024-08-26,Trung
D04958,KH09,Laptop,Dien tu,2,1519.9,2024-11-10,Bac
D04959,KH04,Laptop,Dien tu,1,1584.6,2024-10-29,Nam
D04960,KH05,Laptop,Dien tu,2,1502.2,2024-05-04,Nam
D04961,KH39,Giay the thao,Thoi trang,11,64.7,2024-08-15,Nam
D04962,KH11,Quan jean,Thoi trang,2,37.4,2024-05-14,Bac
D04963,KH21,Dien thoai,Dien tu,3,729.4,2024-04-06,Bac
D04964,KH36,Sach Python,Sach,7,18.6,2024-03-16,Nam
D04965,KH31,Noi com dien,Gia dung,8,56.2,2024-12-14,Bac
D04966,KH31,Sach Spark,Sach,5,26.8,2024-10-23,Bac
D04967,KH05,Giay the thao,Thoi trang,1,54.1,2024-05-04,Bac
D04968,KH31,Sach Spark,Sach,1,23.4,2024-08-28,Trung
D04969,KH13,Giay the thao,Thoi trang,10,58.7,2024-03-21,Bac
D04970,KH05,May xay,Gia dung,4,36.3,2024-06-24,Bac
D04971,KH07,Laptop,Dien tu,3,1548.1,2024-12-06,Bac
D04972,KH15,May xay,Gia dung,8,41.4,2024-12-26,Bac
D04973,KH38,Sach Python,Sach,10,21.0,2024-07-30,Nam
D04974,KH26,May xay,Gia dung,8,37.1,2024-11-07,Nam
D04975,KH04,Ao thun,Thoi trang,11,13.6,2024-05-04,Bac
D04976,KH27,Sach Python,Sach,6,20.3,2024-09-19,Nam
D04977,KH22,Dien thoai,Dien tu,2,723.7,2024-11-20,Bac
D04978,KH05,Sach Python,Sach,4,21.3,2024-12-14,Bac
D04979,KH31,Noi com dien,Gia dung,3,59.4,2025-01-27,Nam
D04980,KH36,Noi com dien,Gia dung,7,55.7,2024-04-13,Bac
D04981,KH30,Sach Python,Sach,8,19.6,2024-11-28,Bac
D04982,KH32,Sach Python,Sach,9,21.4,2024-09-12,Nam
D04983,KH38,Sach Python,Sach,6,20.7,2024-04-01,Nam
D04984,KH30,Dien thoai,Dien tu,2,765.5,2025-02-05,Trung
D04985,KH39,Dien thoai,Dien tu,1,855.7,2024-05-02,Bac
D04986,KH37,Ao thun,Thoi trang,4,12.5,2024-03-22,Nam
D04987,KH22,Ao thun,Thoi trang,7,12.5,2025-01-20,Nam
D04988,KH20,Sach Python,Sach,1,19.9,2024-03-06,Nam
D04989,KH08,Ao thun,Thoi trang,3,12.9,2024-03-05,Bac
D04990,KH11,Sach Python,Sach,7,21.0,2024-06-05,Nam
D04991,KH31,Quan jean,Thoi trang,8,35.0,2024-04-05,Nam
D04992,KH11,Laptop,Dien tu,1,1378.7,2024-04-05,Trung
D04993,KH33,Tai nghe,Dien tu,1,45.2,2024-07-28,Bac
D04994,KH34,Noi com dien,Gia dung,11,58.0,2024-06-02,Bac
D04995,KH36,Tai nghe,Dien tu,3,47.2,2024-05-20,Bac
D04996,KH10,Sach Spark,Sach,6,25.2,2024-08-06,Bac
D04997,KH02,Sach Python,Sach,3,18.7,2024-03-26,Nam
D04998,KH05,Sach Python,Sach,5,21.5,2024-10-05,Nam
D04999,KH31,Noi com dien,Gia dung,3,51.4,2024-11-24,Bac
D05000,KH34,Giay the thao,Thoi trang,1,55.4,2024-11-24,Bac
