ma_kh,tuoi,thu_nhap,chi_tieu,nghe_nghiep,thanh_pho,so_don_hang,diem_chi_tieu
KH00001,36.0,10.2,8.4,ky_su,Ha Noi,5,88.0
KH00002,31.0,46.2,37.9,kinh_doanh,TP HCM,10,83.0
KH00003,28.0,9.6,7.1,giao_vien,TP HCM,2,78.0
KH00004,26.0,4.4,0.5,sinh_vien,Ha Noi,0,10.0
KH00005,24.0,11.5,2.8,giao_vien,Ha Noi,0,25.0
KH00006,34.0,14.8,11.2,nhan_vien,TP HCM,3,65.0
KH00007,50.0,28.8,15.0,ky_su,Ha Noi,5,62.0
KH00008,29.0,17.6,9.9,bac_si,Da Nang,3,46.0
KH00009,47.0,15.3,13.1,nhan_vien,Ha Noi,2,98.0
KH00010,34.0,17.0,8.3,nhan_vien,Da Nang,0,51.0
KH00011,56.0,20.5,10.3,ky_su,TP HCM,4,44.0
KH00012,37.0,4.5,2.2,giao_vien,Ha Noi,0,45.0
KH00013,45.0,10.9,7.9,nhan_vien,Ha Noi,0,86.0
KH00014,28.0,8.6,9.6,nhan_vien,Hai Phong,5,100.0
KH00015,39.0,10.8,10.0,kinh_doanh,Hai Phong,3,100.0
KH00016,24.0,31.6,20.7,nhan_vien,Can Tho,3,69.0
KH00017,38.0,12.1,8.5,ky_su,Ha Noi,0,83.0
KH00018,39.0,87.0,36.8,bac_si,Ha Noi,10,43.0
KH00019,32.0,21.0,12.1,nhan_vien,Da Nang,4,48.0
KH00020,35.0,9.1,7.0,nhan_vien,Ha Noi,1,86.0
KH00021,33.0,18.8,13.6,nhan_vien,Da Nang,3,83.0
KH00022,38.0,35.5,17.2,kinh_doanh,Ha Noi,2,51.0
KH00023,39.0,11.6,6.1,nhan_vien,TP HCM,1,45.0
KH00024,33.0,15.7,13.1,ky_su,Can Tho,2,78.0
KH00025,45.0,16.2,9.5,nhan_vien,Ha Noi,3,61.0
KH00026,26.0,15.7,11.3,kinh_doanh,TP HCM,1,85.0
KH00027,55.0,8.4,4.3,giao_vien,Ha Noi,1,54.0
KH00028,23.0,18.4,7.3,ky_su,Ha Noi,3,47.0
KH00029,35.0,10.3,10.5,ky_su,TP HCM,3,83.0
KH00030,29.0,41.8,36.3,ky_su,Ha Noi,7,89.0
KH00031,18.0,18.6,7.5,nhan_vien,Hai Phong,4,40.0
KH00032,34.0,18.2,10.9,nhan_vien,TP HCM,2,56.0
KH00033,45.0,31.5,21.5,ky_su,Hai Phong,5,79.0
KH00034,28.0,31.2,21.9,kinh_doanh,Ha Noi,7,60.0
KH00035,33.0,19.6,17.0,nhan_vien,Can Tho,2,76.0
KH00036,58.0,5.6,4.8,sinh_vien,Da Nang,3,74.0
KH00037,18.0,9.5,7.6,giao_vien,Hai Phong,4,79.0
KH00038,37.0,4.8,3.4,sinh_vien,Ha Noi,1,67.0
KH00039,48.0,6.2,4.6,sinh_vien,Can Tho,1,80.0
KH00040,38.0,41.1,24.5,ky_su,Da Nang,6,58.0
KH00041,38.0,14.5,8.7,nhan_vien,Ha Noi,2,70.0
KH00042,40.0,43.2,36.3,nhan_vien,TP HCM,10,78.0
KH00043,27.0,27.5,9.3,kinh_doanh,TP HCM,4,38.0
KH00044,30.0,14.5,5.1,giao_vien,Hai Phong,0,30.0
KH00045,32.0,50.4,41.3,bac_si,Ha Noi,16,81.0
KH00046,39.0,8.7,3.7,nhan_vien,Ha Noi,0,43.0
KH00047,38.0,6.2,5.0,giao_vien,Can Tho,2,89.0
KH00048,39.0,17.9,9.6,giao_vien,Da Nang,1,62.0
KH00049,37.0,8.0,3.6,sinh_vien,TP HCM,0,36.0
KH00050,34.0,9.8,4.9,nhan_vien,TP HCM,0,42.0
KH00051,37.0,28.0,15.0,kinh_doanh,Can Tho,5,45.0
KH00052,37.0,14.4,7.1,ky_su,Hai Phong,4,44.0
KH00053,31.0,12.8,5.1,giao_vien,Ha Noi,3,36.0
KH00054,50.0,14.4,5.0,nhan_vien,TP HCM,3,39.0
KH00055,37.0,11.3,5.4,ky_su,Ha Noi,1,49.0
KH00056,32.0,27.8,12.9,kinh_doanh,Hai Phong,4,42.0
KH00057,39.0,14.9,7.7,nhan_vien,TP HCM,3,56.0
KH00058,51.0,20.5,8.5,kinh_doanh,TP HCM,2,38.0
KH00059,52.0,11.0,8.3,nhan_vien,TP HCM,2,68.0
KH00060,55.0,10.4,6.9,nhan_vien,Da Nang,3,60.0
KH00061,50.0,62.4,46.2,ky_su,TP HCM,12,60.0
KH00062,32.0,5.5,5.7,sinh_vien,Hai Phong,2,91.0
KH00063,30.0,8.1,6.4,nhan_vien,TP HCM,1,76.0
KH00064,46.0,21.8,10.6,bac_si,TP HCM,3,49.0
KH00065,33.0,38.1,19.7,ky_su,TP HCM,5,45.0
KH00066,26.0,22.8,6.6,kinh_doanh,TP HCM,2,24.0
KH00067,42.0,9.4,6.7,giao_vien,TP HCM,3,65.0
KH00068,18.0,32.9,16.5,ky_su,Ha Noi,1,49.0
KH00069,25.0,49.2,39.7,bac_si,Can Tho,6,93.0
KH00070,35.0,17.7,17.9,nhan_vien,Ha Noi,3,100.0
KH00071,32.0,12.1,7.0,kinh_doanh,Ha Noi,2,60.0
KH00072,25.0,11.8,8.8,nhan_vien,Ha Noi,1,78.0
KH00073,37.0,6.7,4.3,sinh_vien,Ha Noi,0,66.0
KH00074,39.0,2.9,0.5,sinh_vien,Can Tho,0,18.0
KH00075,28.0,23.1,13.0,ky_su,TP HCM,4,58.0
KH00076,36.0,19.6,18.7,nhan_vien,Ha Noi,5,90.0
KH00077,23.0,22.8,18.9,ky_su,Ha Noi,3,90.0
KH00078,18.0,12.0,4.9,giao_vien,Ha Noi,1,38.0
KH00079,25.0,8.2,6.0,nhan_vien,TP HCM,3,65.0
KH00080,36.0,16.2,12.7,giao_vien,Ha Noi,1,79.0
KH00081,34.0,16.9,5.0,ky_su,TP HCM,2,33.0
KH00082,26.0,32.0,25.9,bac_si,Ha Noi,7,69.0
KH00083,41.0,72.3,28.7,bac_si,Hai Phong,7,41.0
KH00084,20.0,14.7,12.5,bac_si,Ha Noi,5,93.0
KH00085,48.0,16.7,9.0,nhan_vien,Can Tho,5,50.0
KH00086,36.0,23.3,17.3,nhan_vien,Ha Noi,8,82.0
KH00087,49.0,30.8,20.7,ky_su,Da Nang,8,71.0
KH00088,30.0,3.5,2.1,sinh_vien,Da Nang,2,71.0
KH00089,40.0,16.9,6.5,kinh_doanh,TP HCM,2,44.0
KH00090,18.0,30.8,16.8,kinh_doanh,TP HCM,4,50.0
KH00091,63.0,5.4,0.5,sinh_vien,Da Nang,0,8.0
KH00092,34.0,9.1,6.5,nhan_vien,Da Nang,2,78.0
KH00093,51.0,69.1,32.9,kinh_doanh,Da Nang,6,47.0
KH00094,45.0,11.1,4.9,nhan_vien,Ha Noi,1,49.0
KH00095,31.0,14.1,12.9,ky_su,TP HCM,4,100.0
KH00096,33.0,21.0,16.9,kinh_doanh,Ha Noi,6,80.0
KH00097,48.0,18.9,9.3,nhan_vien,Da Nang,5,40.0
KH00098,35.0,25.3,12.4,nhan_vien,TP HCM,6,42.0
KH00099,37.0,17.5,10.2,nhan_vien,TP HCM,3,65.0
KH00100,27.0,12.5,9.8,nhan_vien,Ha Noi,2,64.0
KH00101,18.0,16.0,14.8,nhan_vien,Da Nang,5,100.0
KH00102,40.0,19.5,8.4,bac_si,Ha Noi,3,39.0
KH00103,53.0,35.7,21.6,nhan_vien,Da Nang,7,60.0
KH00104,18.0,11.3,3.7,giao_vien,TP HCM,1,38.0
KH00105,52.0,18.9,8.2,nhan_vien,Da Nang,2,48.0
KH00106,49.0,6.8,5.3,nhan_vien,TP HCM,3,92.0
KH00107,26.0,13.8,7.5,nhan_vien,Ha Noi,2,53.0
KH00108,31.0,59.2,29.5,ky_su,TP HCM,7,43.0
KH00109,28.0,12.5,7.6,kinh_doanh,Ha Noi,2,51.0
KH00110,18.0,18.6,10.0,ky_su,Da Nang,1,52.0
KH00111,45.0,18.1,14.0,bac_si,Ha Noi,1,87.0
KH00112,50.0,7.7,0.5,nhan_vien,Hai Phong,1,6.0
KH00113,38.0,19.8,15.4,nhan_vien,TP HCM,0,79.0
KH00114,48.0,6.7,4.9,bac_si,TP HCM,1,83.0
KH00115,20.0,42.1,28.5,ky_su,TP HCM,12,76.0
KH00116,40.0,23.0,19.0,kinh_doanh,TP HCM,6,74.0
KH00117,54.0,15.7,10.4,giao_vien,Ha Noi,1,63.0
KH00118,35.0,10.7,9.8,giao_vien,Ha Noi,2,98.0
KH00119,43.0,18.9,10.3,ky_su,Ha Noi,1,53.0
KH00120,34.0,22.1,9.7,nhan_vien,Ha Noi,3,52.0
KH00121,22.0,10.1,7.2,giao_vien,TP HCM,1,78.0
KH00122,37.0,27.4,13.9,nhan_vien,TP HCM,7,41.0
KH00123,38.0,26.5,14.6,nhan_vien,Can Tho,4,55.0
KH00124,33.0,18.9,12.5,nhan_vien,TP HCM,3,56.0
KH00125,25.0,10.0,5.6,nhan_vien,TP HCM,2,60.0
KH00126,33.0,17.0,9.7,sinh_vien,Ha Noi,2,64.0
KH00127,34.0,16.1,8.4,ky_su,Da Nang,3,46.0
KH00128,51.0,7.7,3.9,nhan_vien,Ha Noi,2,60.0
KH00129,46.0,11.4,5.4,nhan_vien,TP HCM,1,53.0
KH00130,36.0,12.8,9.1,kinh_doanh,TP HCM,6,82.0
KH00131,20.0,14.6,11.4,bac_si,Can Tho,0,87.0
KH00132,42.0,19.7,12.0,nhan_vien,TP HCM,3,57.0
KH00133,22.0,45.3,36.5,kinh_doanh,Ha Noi,10,69.0
KH00134,35.0,12.9,9.0,ky_su,Ha Noi,8,68.0
KH00135,60.0,4.4,4.8,sinh_vien,Ha Noi,1,92.0
KH00136,33.0,13.3,10.0,ky_su,Hai Phong,1,66.0
KH00137,56.0,12.2,4.2,ky_su,Ha Noi,2,34.0
KH00138,35.0,16.2,12.7,giao_vien,Can Tho,2,73.0
KH00139,47.0,34.8,19.5,bac_si,Ha Noi,4,49.0
KH00140,28.0,36.3,13.3,kinh_doanh,Hai Phong,4,35.0
KH00141,32.0,4.8,3.9,sinh_vien,Ha Noi,0,68.0
KH00142,26.0,16.9,10.9,bac_si,TP HCM,3,77.0
KH00143,47.0,15.2,5.8,kinh_doanh,TP HCM,1,45.0
KH00144,49.0,23.1,20.4,ky_su,TP HCM,3,91.0
KH00145,61.0,60.6,25.6,ky_su,Hai Phong,4,41.0
KH00146,22.0,13.5,12.9,ky_su,TP HCM,1,87.0
KH00147,31.0,4.3,1.0,sinh_vien,TP HCM,0,24.0
KH00148,38.0,14.0,9.6,nhan_vien,TP HCM,0,80.0
KH00149,24.0,8.0,2.9,giao_vien,TP HCM,0,30.0
KH00150,43.0,19.9,13.5,bac_si,Da Nang,1,58.0
KH00151,29.0,25.7,14.3,ky_su,Ha Noi,4,61.0
KH00152,28.0,22.8,18.3,giao_vien,TP HCM,7,78.0
KH00153,38.0,31.7,21.5,giao_vien,TP HCM,0,63.0
KH00154,31.0,18.4,7.6,nhan_vien,Ha Noi,4,40.0
KH00155,35.0,22.6,11.0,kinh_doanh,Ha Noi,1,44.0
KH00156,25.0,12.7,7.7,nhan_vien,Ha Noi,4,65.0
KH00157,30.0,13.3,6.7,giao_vien,Ha Noi,1,53.0
KH00158,32.0,11.8,4.2,nhan_vien,Ha Noi,1,30.0
KH00159,38.0,9.4,1.0,ky_su,Ha Noi,0,10.0
KH00160,48.0,29.4,16.2,bac_si,Hai Phong,2,54.0
KH00161,37.0,19.2,6.5,nhan_vien,Ha Noi,0,40.0
KH00162,54.0,15.7,11.2,giao_vien,TP HCM,3,71.0
KH00163,46.0,32.5,16.0,bac_si,TP HCM,5,50.0
KH00164,43.0,21.7,13.1,kinh_doanh,Ha Noi,5,64.0
KH00165,39.0,30.7,13.6,kinh_doanh,Hai Phong,3,46.0
KH00166,24.0,35.8,30.3,kinh_doanh,TP HCM,11,86.0
KH00167,46.0,22.6,12.8,kinh_doanh,Hai Phong,2,60.0
KH00168,23.0,23.9,13.8,ky_su,TP HCM,3,64.0
KH00169,39.0,8.9,5.6,nhan_vien,Ha Noi,1,70.0
KH00170,23.0,11.8,4.9,ky_su,TP HCM,0,46.0
KH00171,25.0,21.3,16.0,nhan_vien,Da Nang,0,68.0
KH00172,46.0,28.0,20.1,giao_vien,Ha Noi,2,83.0
KH00173,32.0,14.2,6.3,nhan_vien,Ha Noi,3,48.0
KH00174,39.0,20.0,9.8,giao_vien,TP HCM,3,48.0
KH00175,29.0,2.6,0.5,sinh_vien,TP HCM,0,23.0
KH00176,31.0,32.0,22.6,bac_si,TP HCM,6,84.0
KH00177,34.0,18.5,8.8,bac_si,Can Tho,4,47.0
KH00178,46.0,5.5,0.6,sinh_vien,Ha Noi,0,10.0
KH00179,24.0,14.3,11.4,nhan_vien,Ha Noi,1,67.0
KH00180,52.0,71.5,55.3,kinh_doanh,Da Nang,11,84.0
KH00181,41.0,19.0,13.7,giao_vien,TP HCM,1,79.0
KH00182,58.0,15.8,7.9,kinh_doanh,TP HCM,1,51.0
KH00183,30.0,35.0,27.7,bac_si,Ha Noi,11,82.0
KH00184,32.0,31.9,10.8,bac_si,TP HCM,4,34.0
KH00185,41.0,22.1,13.8,ky_su,TP HCM,6,71.0
KH00186,45.0,152.2,108.9,kinh_doanh,TP HCM,32,66.0
KH00187,34.0,6.6,2.8,sinh_vien,TP HCM,1,44.0
KH00188,42.0,11.9,10.4,giao_vien,Can Tho,3,87.0
KH00189,31.0,33.7,28.0,kinh_doanh,Hai Phong,8,91.0
KH00190,56.0,15.5,9.4,giao_vien,TP HCM,3,68.0
KH00191,39.0,24.7,18.4,kinh_doanh,TP HCM,7,88.0
KH00192,54.0,11.5,7.9,kinh_doanh,TP HCM,4,82.0
KH00193,48.0,1.7,2.7,sinh_vien,TP HCM,0,100.0
KH00194,32.0,19.0,10.8,ky_su,Can Tho,4,55.0
KH00195,35.0,33.9,15.0,giao_vien,Ha Noi,5,45.0
KH00196,47.0,6.4,3.7,nhan_vien,TP HCM,0,63.0
KH00197,48.0,14.2,7.5,kinh_doanh,TP HCM,1,56.0
KH00198,35.0,18.1,11.7,nhan_vien,Can Tho,4,77.0
KH00199,54.0,5.4,1.0,sinh_vien,Da Nang,0,22.0
KH00200,23.0,12.6,7.8,kinh_doanh,TP HCM,3,69.0
KH00201,18.0,1.9,0.5,sinh_vien,TP HCM,0,29.0
KH00202,37.0,32.6,26.1,ky_su,TP HCM,5,77.0
KH00203,31.0,23.1,14.0,nhan_vien,Can Tho,6,67.0
KH00204,27.0,37.5,14.8,ky_su,Da Nang,4,44.0
KH00205,40.0,11.4,7.2,nhan_vien,Da Nang,0,55.0
KH00206,55.0,7.9,2.1,sinh_vien,Hai Phong,0,31.0
KH00207,48.0,25.5,14.9,kinh_doanh,Ha Noi,6,51.0
KH00208,30.0,11.3,4.9,nhan_vien,Can Tho,0,39.0
KH00209,27.0,35.7,19.8,giao_vien,TP HCM,4,60.0
KH00210,44.0,21.0,9.8,nhan_vien,TP HCM,1,47.0
KH00211,30.0,9.1,8.2,ky_su,Ha Noi,2,100.0
KH00212,43.0,49.9,43.3,bac_si,Da Nang,11,72.0
KH00213,49.0,11.6,8.9,ky_su,Can Tho,4,62.0
KH00214,31.0,15.5,7.6,nhan_vien,TP HCM,1,41.0
KH00215,56.0,23.7,21.2,giao_vien,TP HCM,4,74.0
KH00216,48.0,9.4,7.5,nhan_vien,Ha Noi,1,81.0
KH00217,39.0,23.7,7.5,bac_si,TP HCM,3,28.0
KH00218,41.0,39.0,23.0,ky_su,Da Nang,8,62.0
KH00219,39.0,20.0,15.4,ky_su,TP HCM,7,70.0
KH00220,45.0,12.0,9.2,ky_su,TP HCM,2,80.0
KH00221,31.0,8.8,5.2,giao_vien,Ha Noi,1,66.0
KH00222,38.0,36.0,17.5,ky_su,TP HCM,5,39.0
KH00223,39.0,9.5,2.4,nhan_vien,TP HCM,1,26.0
KH00224,35.0,8.3,4.8,ky_su,Da Nang,1,61.0
KH00225,40.0,5.7,2.7,giao_vien,TP HCM,1,55.0
KH00226,33.0,16.5,7.4,nhan_vien,Can Tho,1,40.0
KH00227,42.0,7.8,1.4,ky_su,TP HCM,0,17.0
KH00228,50.0,22.2,7.9,bac_si,Hai Phong,2,34.0
KH00229,49.0,8.3,5.6,nhan_vien,Ha Noi,0,72.0
KH00230,39.0,10.8,2.6,giao_vien,TP HCM,0,19.0
KH00231,43.0,12.8,7.5,ky_su,TP HCM,4,57.0
KH00232,30.0,9.6,5.0,sinh_vien,Ha Noi,2,54.0
KH00233,36.0,44.4,18.1,kinh_doanh,TP HCM,4,39.0
KH00234,29.0,3.5,3.0,sinh_vien,Can Tho,0,75.0
KH00235,51.0,7.4,4.9,nhan_vien,Ha Noi,1,64.0
KH00236,24.0,30.1,17.8,kinh_doanh,Can Tho,11,50.0
KH00237,29.0,46.4,20.1,kinh_doanh,Ha Noi,2,44.0
KH00238,48.0,37.9,21.4,nhan_vien,Da Nang,4,66.0
KH00239,38.0,40.3,20.2,kinh_doanh,TP HCM,7,50.0
KH00240,33.0,24.8,12.1,bac_si,Can Tho,1,45.0
KH00241,35.0,20.7,11.7,kinh_doanh,TP HCM,5,48.0
KH00242,29.0,10.6,9.1,nhan_vien,Hai Phong,3,100.0
KH00243,45.0,16.7,7.8,giao_vien,TP HCM,2,53.0
KH00244,53.0,12.4,11.2,giao_vien,Ha Noi,1,100.0
KH00245,40.0,10.0,5.7,giao_vien,Ha Noi,1,63.0
KH00246,27.0,47.2,41.5,kinh_doanh,Hai Phong,10,81.0
KH00247,20.0,7.1,4.0,sinh_vien,TP HCM,3,56.0
KH00248,30.0,18.5,16.1,nhan_vien,TP HCM,3,71.0
KH00249,51.0,22.2,14.7,giao_vien,Da Nang,4,71.0
KH00250,19.0,37.5,13.2,kinh_doanh,TP HCM,3,42.0
KH00251,34.0,15.0,4.3,nhan_vien,Hai Phong,0,34.0
KH00252,36.0,18.2,6.5,nhan_vien,Da Nang,3,30.0
KH00253,37.0,8.1,7.3,nhan_vien,TP HCM,2,74.0
KH00254,40.0,9.6,6.8,nhan_vien,Hai Phong,3,61.0
KH00255,34.0,31.2,17.1,bac_si,Ha Noi,6,61.0
KH00256,31.0,7.5,4.4,sinh_vien,TP HCM,1,66.0
KH00257,36.0,57.7,42.4,ky_su,Ha Noi,6,64.0
KH00258,41.0,12.3,6.9,nhan_vien,TP HCM,2,66.0
KH00259,30.0,29.8,12.1,nhan_vien,Ha Noi,1,40.0
KH00260,37.0,17.5,12.8,giao_vien,Ha Noi,2,86.0
KH00261,22.0,8.3,6.9,kinh_doanh,TP HCM,1,92.0
KH00262,42.0,20.6,15.6,kinh_doanh,Da Nang,3,64.0
KH00263,27.0,20.0,15.6,nhan_vien,Ha Noi,4,87.0
KH00264,34.0,4.2,3.9,nhan_vien,Ha Noi,0,79.0
KH00265,43.0,13.1,7.6,nhan_vien,Can Tho,3,55.0
KH00266,44.0,15.0,7.2,nhan_vien,Ha Noi,1,45.0
KH00267,20.0,20.8,20.8,giao_vien,Ha Noi,4,100.0
KH00268,38.0,34.8,15.2,kinh_doanh,Hai Phong,6,41.0
KH00269,44.0,11.1,7.5,kinh_doanh,TP HCM,1,76.0
KH00270,28.0,5.5,2.3,nhan_vien,TP HCM,0,46.0
KH00271,53.0,4.1,2.5,sinh_vien,Ha Noi,1,70.0
KH00272,41.0,10.3,7.8,nhan_vien,Can Tho,1,75.0
KH00273,28.0,34.2,16.7,ky_su,Ha Noi,7,41.0
KH00274,32.0,12.6,7.9,giao_vien,TP HCM,0,72.0
KH00275,36.0,6.0,0.5,sinh_vien,Da Nang,1,10.0
KH00276,38.0,13.9,10.4,giao_vien,Ha Noi,2,70.0
KH00277,33.0,11.3,7.8,nhan_vien,TP HCM,3,79.0
KH00278,18.0,27.2,19.7,ky_su,Ha Noi,5,63.0
KH00279,34.0,55.3,39.8,kinh_doanh,TP HCM,14,86.0
KH00280,55.0,8.8,2.2,giao_vien,Ha Noi,1,29.0
KH00281,26.0,31.8,16.3,kinh_doanh,Ha Noi,4,48.0
KH00282,28.0,17.2,12.5,nhan_vien,Da Nang,4,81.0
KH00283,32.0,13.8,11.7,kinh_doanh,TP HCM,1,85.0
KH00284,48.0,23.3,15.4,giao_vien,TP HCM,6,72.0
KH00285,34.0,29.3,19.3,kinh_doanh,TP HCM,4,72.0
KH00286,39.0,34.1,21.7,giao_vien,Ha Noi,7,52.0
KH00287,39.0,19.8,7.7,nhan_vien,Da Nang,1,36.0
KH00288,50.0,13.2,10.9,nhan_vien,TP HCM,2,72.0
KH00289,34.0,99.5,49.6,ky_su,Can Tho,15,42.0
KH00290,37.0,7.8,5.0,giao_vien,Can Tho,1,61.0
KH00291,32.0,21.7,16.2,kinh_doanh,Ha Noi,5,76.0
KH00292,18.0,34.1,23.5,ky_su,TP HCM,7,68.0
KH00293,31.0,30.5,20.4,ky_su,TP HCM,3,67.0
KH00294,37.0,8.6,2.9,nhan_vien,Hai Phong,3,33.0
KH00295,31.0,23.0,15.6,ky_su,TP HCM,4,78.0
KH00296,40.0,13.0,11.2,nhan_vien,TP HCM,1,81.0
KH00297,18.0,32.6,27.0,ky_su,TP HCM,5,71.0
KH00298,41.0,20.1,10.5,nhan_vien,TP HCM,2,62.0
KH00299,40.0,22.9,7.7,giao_vien,Can Tho,2,28.0
KH00300,34.0,8.0,7.8,sinh_vien,Ha Noi,0,92.0
KH00301,33.0,21.6,13.4,nhan_vien,TP HCM,1,74.0
KH00302,30.0,31.5,18.1,bac_si,TP HCM,0,61.0
KH00303,24.0,13.7,4.2,ky_su,Ha Noi,1,32.0
KH00304,45.0,25.0,19.8,ky_su,Ha Noi,8,85.0
KH00305,46.0,22.8,15.8,ky_su,TP HCM,7,58.0
KH00306,41.0,36.2,13.7,ky_su,Hai Phong,0,37.0
KH00307,27.0,13.1,6.4,giao_vien,Ha Noi,1,53.0
KH00308,52.0,24.2,14.9,kinh_doanh,TP HCM,5,70.0
KH00309,61.0,15.2,9.4,ky_su,Ha Noi,1,56.0
KH00310,42.0,12.5,5.7,ky_su,TP HCM,1,49.0
KH00311,35.0,29.0,17.4,nhan_vien,TP HCM,6,48.0
KH00312,40.0,32.1,20.6,kinh_doanh,TP HCM,5,72.0
KH00313,41.0,4.8,0.7,sinh_vien,Ha Noi,0,15.0
KH00314,23.0,20.2,15.0,giao_vien,Hai Phong,4,64.0
KH00315,47.0,22.4,20.0,nhan_vien,Ha Noi,2,94.0
KH00316,18.0,11.9,9.8,nhan_vien,TP HCM,5,73.0
KH00317,45.0,11.4,4.3,kinh_doanh,TP HCM,1,44.0
KH00318,32.0,20.7,15.2,kinh_doanh,Ha Noi,4,85.0
KH00319,38.0,17.5,8.3,kinh_doanh,Ha Noi,1,46.0
KH00320,53.0,49.7,28.7,nhan_vien,TP HCM,8,68.0
KH00321,70.0,33.9,15.6,bac_si,TP HCM,5,52.0
KH00322,39.0,5.8,5.2,sinh_vien,Hai Phong,0,100.0
KH00323,28.0,36.7,27.4,nhan_vien,Hai Phong,7,87.0
KH00324,30.0,30.2,18.4,ky_su,Ha Noi,6,56.0
KH00325,36.0,12.8,8.5,nhan_vien,TP HCM,1,64.0
KH00326,34.0,19.7,10.1,ky_su,Ha Noi,5,59.0
KH00327,38.0,18.0,14.3,giao_vien,TP HCM,5,66.0
KH00328,33.0,10.9,4.1,nhan_vien,Da Nang,3,43.0
KH00329,36.0,8.4,4.0,giao_vien,TP HCM,1,38.0
KH00330,43.0,11.1,4.4,nhan_vien,Hai Phong,0,41.0
KH00331,30.0,41.6,16.3,kinh_doanh,TP HCM,4,33.0
KH00332,23.0,12.7,7.8,nhan_vien,TP HCM,0,51.0
KH00333,33.0,18.1,10.7,kinh_doanh,Hai Phong,4,53.0
KH00334,18.0,27.9,21.4,ky_su,Ha Noi,4,69.0
KH00335,18.0,13.6,9.1,nhan_vien,TP HCM,1,55.0
KH00336,33.0,54.1,29.7,kinh_doanh,TP HCM,9,65.0
KH00337,18.0,11.7,9.2,giao_vien,Can Tho,4,67.0
KH00338,55.0,50.4,24.3,bac_si,TP HCM,10,54.0
KH00339,26.0,18.0,12.9,ky_su,Da Nang,3,85.0
KH00340,43.0,7.9,3.5,nhan_vien,Hai Phong,0,52.0
KH00341,31.0,11.3,7.0,nhan_vien,TP HCM,1,63.0
KH00342,31.0,14.5,10.7,nhan_vien,TP HCM,2,87.0
KH00343,26.0,41.7,29.0,kinh_doanh,TP HCM,6,68.0
KH00344,45.0,25.3,12.7,kinh_doanh,Ha Noi,2,42.0
KH00345,57.0,26.5,17.0,kinh_doanh,Da Nang,3,73.0
KH00346,28.0,29.2,16.2,nhan_vien,Ha Noi,2,60.0
KH00347,18.0,31.0,18.2,kinh_doanh,TP HCM,7,67.0
KH00348,37.0,14.5,10.3,nhan_vien,Ha Noi,2,72.0
KH00349,43.0,32.7,23.5,nhan_vien,Ha Noi,3,84.0
KH00350,49.0,17.3,17.0,kinh_doanh,Can Tho,1,100.0
KH00351,35.0,28.4,19.4,ky_su,Hai Phong,3,60.0
KH00352,42.0,19.3,14.5,kinh_doanh,TP HCM,3,68.0
KH00353,18.0,5.0,2.8,nhan_vien,TP HCM,0,52.0
KH00354,53.0,15.1,11.2,nhan_vien,TP HCM,3,88.0
KH00355,36.0,15.9,7.0,nhan_vien,TP HCM,3,46.0
KH00356,62.0,1.9,0.5,sinh_vien,Ha Noi,0,21.0
KH00357,58.0,11.9,8.5,nhan_vien,Ha Noi,3,77.0
KH00358,42.0,8.6,7.2,nhan_vien,Ha Noi,3,95.0
KH00359,54.0,16.8,6.8,nhan_vien,TP HCM,4,42.0
KH00360,31.0,20.1,12.5,nhan_vien,Da Nang,1,74.0
KH00361,35.0,12.5,8.8,nhan_vien,TP HCM,1,81.0
KH00362,35.0,15.5,7.8,giao_vien,TP HCM,1,54.0
KH00363,47.0,23.1,16.1,ky_su,TP HCM,1,70.0
KH00364,19.0,4.0,0.6,sinh_vien,Ha Noi,1,12.0
KH00365,41.0,22.4,16.7,nhan_vien,TP HCM,5,62.0
KH00366,65.0,26.5,11.4,giao_vien,TP HCM,3,36.0
KH00367,59.0,39.0,31.3,ky_su,TP HCM,6,77.0
KH00368,32.0,13.3,8.6,ky_su,Ha Noi,1,64.0
KH00369,44.0,17.8,11.4,ky_su,Ha Noi,1,60.0
KH00370,20.0,13.2,7.3,giao_vien,Ha Noi,4,50.0
KH00371,33.0,26.1,22.9,giao_vien,Ha Noi,7,100.0
KH00372,35.0,3.3,1.0,sinh_vien,Hai Phong,0,33.0
KH00373,40.0,5.2,2.8,sinh_vien,TP HCM,0,50.0
KH00374,34.0,21.9,13.0,nhan_vien,Ha Noi,2,67.0
KH00375,36.0,31.2,29.4,bac_si,Hai Phong,7,95.0
KH00376,40.0,5.8,2.6,sinh_vien,TP HCM,2,41.0
KH00377,54.0,24.3,16.4,ky_su,TP HCM,9,81.0
KH00378,21.0,5.6,3.3,sinh_vien,Ha Noi,3,63.0
KH00379,36.0,10.2,4.2,giao_vien,Ha Noi,2,38.0
KH00380,47.0,11.5,3.7,giao_vien,TP HCM,1,38.0
KH00381,39.0,10.1,5.0,ky_su,Ha Noi,2,45.0
KH00382,29.0,18.7,13.2,giao_vien,TP HCM,5,79.0
KH00383,56.0,19.1,14.5,kinh_doanh,Can Tho,6,90.0
KH00384,20.0,25.1,20.8,giao_vien,Ha Noi,2,89.0
KH00385,44.0,3.4,4.2,sinh_vien,TP HCM,3,100.0
KH00386,37.0,3.2,4.0,sinh_vien,Ha Noi,1,100.0
KH00387,43.0,16.5,11.1,kinh_doanh,Can Tho,3,65.0
KH00388,54.0,35.0,26.4,bac_si,TP HCM,5,82.0
KH00389,63.0,13.9,9.8,kinh_doanh,Ha Noi,3,67.0
KH00390,33.0,11.5,7.0,nhan_vien,Can Tho,1,70.0
KH00391,18.0,24.3,20.0,kinh_doanh,TP HCM,2,90.0
KH00392,40.0,7.8,6.5,giao_vien,Ha Noi,1,89.0
KH00393,41.0,17.1,8.7,nhan_vien,Ha Noi,1,44.0
KH00394,21.0,10.1,7.2,nhan_vien,TP HCM,1,79.0
KH00395,36.0,29.7,15.9,ky_su,TP HCM,2,44.0
KH00396,59.0,64.6,35.5,bac_si,Da Nang,8,59.0
KH00397,18.0,33.1,26.4,kinh_doanh,Hai Phong,5,95.0
KH00398,40.0,8.4,6.3,nhan_vien,TP HCM,2,73.0
KH00399,20.0,25.4,13.6,giao_vien,Ha Noi,3,60.0
KH00400,37.0,53.6,45.2,ky_su,TP HCM,5,96.0
KH00401,37.0,12.7,10.4,giao_vien,TP HCM,4,82.0
KH00402,36.0,4.7,1.6,giao_vien,Hai Phong,0,40.0
KH00403,65.0,5.4,2.9,nhan_vien,Ha Noi,2,52.0
KH00404,27.0,41.3,27.4,ky_su,TP HCM,4,61.0
KH00405,38.0,15.4,9.2,nhan_vien,Ha Noi,1,66.0
KH00406,40.0,5.5,1.1,sinh_vien,Ha Noi,0,20.0
KH00407,37.0,54.5,27.3,bac_si,Da Nang,7,56.0
KH00408,39.0,11.6,9.5,ky_su,Ha Noi,1,74.0
KH00409,29.0,12.8,5.4,nhan_vien,TP HCM,0,42.0
KH00410,29.0,30.1,16.0,kinh_doanh,Ha Noi,2,53.0
KH00411,26.0,31.4,18.1,ky_su,Can Tho,4,57.0
KH00412,50.0,59.5,50.1,ky_su,Ha Noi,12,73.0
KH00413,33.0,17.8,8.6,giao_vien,Ha Noi,0,47.0
KH00414,34.0,26.9,23.4,kinh_doanh,Hai Phong,3,72.0
KH00415,29.0,3.7,1.0,sinh_vien,TP HCM,0,25.0
KH00416,35.0,8.5,7.6,nhan_vien,TP HCM,1,87.0
KH00417,40.0,7.8,5.3,nhan_vien,Hai Phong,1,72.0
KH00418,54.0,12.1,6.8,sinh_vien,Da Nang,2,65.0
KH00419,40.0,36.2,33.5,kinh_doanh,Ha Noi,9,100.0
KH00420,45.0,36.2,28.3,ky_su,TP HCM,8,86.0
KH00421,34.0,19.7,8.2,nhan_vien,TP HCM,2,46.0
KH00422,47.0,15.5,10.0,nhan_vien,Ha Noi,3,71.0
KH00423,47.0,34.0,28.9,kinh_doanh,TP HCM,9,100.0
KH00424,37.0,28.8,10.9,ky_su,Da Nang,4,40.0
KH00425,31.0,9.6,1.7,giao_vien,TP HCM,0,18.0
KH00426,32.0,26.1,12.7,bac_si,Ha Noi,6,54.0
KH00427,37.0,8.9,4.2,nhan_vien,Ha Noi,0,42.0
KH00428,34.0,13.8,8.0,giao_vien,TP HCM,0,50.0
KH00429,40.0,14.8,11.9,giao_vien,TP HCM,2,83.0
KH00430,31.0,12.7,5.0,giao_vien,TP HCM,3,38.0
KH00431,33.0,15.2,7.1,ky_su,TP HCM,2,44.0
KH00432,32.0,9.4,4.1,nhan_vien,Can Tho,2,40.0
KH00433,40.0,6.3,3.7,nhan_vien,TP HCM,2,49.0
KH00434,27.0,16.3,8.3,kinh_doanh,Ha Noi,2,41.0
KH00435,50.0,15.3,8.0,ky_su,Ha Noi,1,43.0
KH00436,32.0,26.4,15.6,nhan_vien,TP HCM,3,66.0
KH00437,58.0,17.4,15.4,nhan_vien,Can Tho,2,77.0
KH00438,29.0,16.8,15.1,nhan_vien,TP HCM,6,100.0
KH00439,39.0,14.8,9.1,ky_su,Ha Noi,1,66.0
KH00440,27.0,15.9,7.6,ky_su,TP HCM,1,49.0
KH00441,18.0,20.8,12.4,ky_su,TP HCM,4,48.0
KH00442,49.0,12.3,7.0,giao_vien,TP HCM,2,46.0
KH00443,33.0,20.0,15.3,ky_su,TP HCM,4,69.0
KH00444,34.0,7.1,0.5,nhan_vien,Ha Noi,2,6.0
KH00445,69.0,22.6,13.4,nhan_vien,TP HCM,3,52.0
KH00446,45.0,15.3,12.7,nhan_vien,Ha Noi,6,91.0
KH00447,49.0,4.9,2.7,nhan_vien,Ha Noi,0,64.0
KH00448,23.0,16.5,14.3,ky_su,Ha Noi,0,89.0
KH00449,44.0,23.8,9.9,kinh_doanh,Ha Noi,3,46.0
KH00450,49.0,14.6,7.2,giao_vien,Da Nang,0,51.0
KH00451,52.0,8.0,2.4,nhan_vien,Hai Phong,0,29.0
KH00452,27.0,8.8,4.2,giao_vien,Hai Phong,0,41.0
KH00453,27.0,27.0,13.3,bac_si,Hai Phong,4,49.0
KH00454,44.0,17.8,11.4,giao_vien,TP HCM,3,62.0
KH00455,20.0,22.3,12.0,bac_si,Ha Noi,2,55.0
KH00456,23.0,24.6,7.2,ky_su,Ha Noi,3,31.0
KH00457,55.0,24.9,13.1,ky_su,TP HCM,3,48.0
KH00458,29.0,8.8,8.2,nhan_vien,Ha Noi,5,80.0
KH00459,46.0,19.5,15.3,nhan_vien,TP HCM,5,76.0
KH00460,34.0,10.9,2.9,giao_vien,Hai Phong,0,28.0
KH00461,42.0,7.5,4.8,nhan_vien,Ha Noi,0,76.0
KH00462,28.0,18.8,9.8,ky_su,Hai Phong,2,57.0
KH00463,43.0,18.8,7.3,nhan_vien,Can Tho,3,43.0
KH00464,43.0,30.1,23.1,ky_su,TP HCM,10,69.0
KH00465,39.0,15.3,14.0,giao_vien,Ha Noi,5,78.0
KH00466,48.0,38.7,16.5,bac_si,TP HCM,5,49.0
KH00467,18.0,22.5,16.7,ky_su,Ha Noi,2,67.0
KH00468,23.0,16.6,8.3,nhan_vien,TP HCM,3,48.0
KH00469,35.0,10.5,2.9,sinh_vien,Ha Noi,1,31.0
KH00470,33.0,22.5,15.8,kinh_doanh,TP HCM,3,67.0
KH00471,32.0,19.2,9.5,kinh_doanh,TP HCM,2,47.0
KH00472,39.0,10.9,6.3,nhan_vien,Ha Noi,2,51.0
KH00473,60.0,22.0,16.3,kinh_doanh,Hai Phong,4,64.0
KH00474,21.0,12.0,6.8,nhan_vien,Hai Phong,3,45.0
KH00475,24.0,37.3,29.5,ky_su,Ha Noi,11,78.0
KH00476,37.0,20.2,10.6,ky_su,TP HCM,0,54.0
KH00477,38.0,14.4,6.5,giao_vien,Ha Noi,0,51.0
KH00478,34.0,22.3,14.1,bac_si,Can Tho,4,66.0
KH00479,56.0,7.0,4.4,sinh_vien,Hai Phong,2,53.0
KH00480,26.0,10.8,4.8,giao_vien,Hai Phong,2,43.0
KH00481,48.0,11.6,9.5,nhan_vien,Ha Noi,7,78.0
KH00482,20.0,11.7,6.9,nhan_vien,Can Tho,0,61.0
KH00483,18.0,19.7,15.6,kinh_doanh,Ha Noi,4,93.0
KH00484,27.0,16.4,5.4,kinh_doanh,Ha Noi,0,38.0
KH00485,32.0,9.5,3.3,nhan_vien,TP HCM,1,36.0
KH00486,63.0,23.1,14.9,nhan_vien,TP HCM,5,71.0
KH00487,47.0,15.2,7.4,ky_su,Ha Noi,0,41.0
KH00488,18.0,16.1,10.5,ky_su,Can Tho,2,55.0
KH00489,41.0,14.0,9.4,nhan_vien,Ha Noi,1,65.0
KH00490,52.0,3.0,1.3,sinh_vien,Da Nang,0,37.0
KH00491,19.0,24.8,11.7,ky_su,Ha Noi,3,42.0
KH00492,23.0,24.5,15.9,kinh_doanh,TP HCM,3,71.0
KH00493,63.0,12.8,8.5,nhan_vien,TP HCM,2,56.0
KH00494,31.0,15.8,8.0,nhan_vien,TP HCM,2,44.0
KH00495,45.0,26.7,12.8,giao_vien,TP HCM,3,45.0
KH00496,21.0,5.8,0.7,nhan_vien,TP HCM,0,13.0
KH00497,31.0,8.5,7.1,giao_vien,Ha Noi,2,79.0
KH00498,42.0,13.7,8.4,giao_vien,Can Tho,2,73.0
KH00499,46.0,26.1,20.3,nhan_vien,TP HCM,2,80.0
KH00500,29.0,21.2,10.2,nhan_vien,Hai Phong,1,48.0
KH00501,49.0,30.4,15.9,kinh_doanh,TP HCM,4,59.0
KH00502,23.0,11.5,8.4,bac_si,Hai Phong,2,61.0
KH00503,26.0,34.1,17.4,kinh_doanh,TP HCM,5,54.0
KH00504,19.0,30.8,23.0,kinh_doanh,Hai Phong,4,61.0
KH00505,43.0,22.9,14.4,nhan_vien,Ha Noi,2,51.0
KH00506,42.0,8.4,3.3,giao_vien,Ha Noi,1,32.0
KH00507,41.0,39.2,33.6,nhan_vien,Can Tho,6,77.0
KH00508,36.0,8.3,5.9,sinh_vien,TP HCM,1,77.0
KH00509,44.0,36.6,14.2,nhan_vien,Ha Noi,3,37.0
KH00510,21.0,4.7,3.5,nhan_vien,Can Tho,1,69.0
KH00511,41.0,33.2,25.1,kinh_doanh,Can Tho,8,69.0
KH00512,29.0,44.9,17.1,bac_si,TP HCM,4,43.0
KH00513,46.0,6.7,6.3,giao_vien,Hai Phong,2,79.0
KH00514,28.0,18.7,13.3,nhan_vien,TP HCM,2,65.0
KH00515,29.0,20.2,16.8,ky_su,Da Nang,5,94.0
KH00516,32.0,30.4,18.2,ky_su,Da Nang,2,57.0
KH00517,36.0,35.1,31.3,bac_si,TP HCM,5,74.0
KH00518,25.0,15.8,11.1,nhan_vien,Hai Phong,3,63.0
KH00519,29.0,25.8,14.8,kinh_doanh,Can Tho,3,50.0
KH00520,25.0,13.9,11.3,ky_su,Ha Noi,3,81.0
KH00521,18.0,16.1,12.6,kinh_doanh,Da Nang,4,80.0
KH00522,31.0,28.7,19.8,kinh_doanh,TP HCM,9,66.0
KH00523,40.0,18.2,11.6,giao_vien,TP HCM,1,51.0
KH00524,33.0,11.2,6.6,nhan_vien,Hai Phong,2,69.0
KH00525,36.0,20.1,8.5,nhan_vien,Can Tho,4,46.0
KH00526,46.0,17.8,16.1,nhan_vien,Ha Noi,4,99.0
KH00527,38.0,10.0,4.6,nhan_vien,Da Nang,0,47.0
KH00528,31.0,14.0,9.2,ky_su,TP HCM,3,69.0
KH00529,22.0,16.8,8.5,ky_su,Can Tho,2,55.0
KH00530,51.0,39.0,33.1,bac_si,TP HCM,5,82.0
KH00531,36.0,10.8,7.4,giao_vien,Hai Phong,1,72.0
KH00532,45.0,4.0,2.4,sinh_vien,Ha Noi,0,53.0
KH00533,61.0,29.5,21.0,bac_si,Hai Phong,2,82.0
KH00534,18.0,24.4,21.0,giao_vien,TP HCM,8,80.0
KH00535,36.0,16.9,12.8,bac_si,TP HCM,1,84.0
KH00536,24.0,17.8,12.1,giao_vien,Ha Noi,3,57.0
KH00537,37.0,25.9,9.1,nhan_vien,Ha Noi,3,34.0
KH00538,34.0,12.5,7.0,giao_vien,Ha Noi,3,45.0
KH00539,36.0,12.6,7.9,bac_si,Can Tho,3,66.0
KH00540,20.0,39.5,23.8,nhan_vien,TP HCM,5,71.0
KH00541,47.0,12.0,7.6,nhan_vien,TP HCM,1,65.0
KH00542,20.0,24.1,21.3,ky_su,TP HCM,2,96.0
KH00543,28.0,50.7,23.2,ky_su,Hai Phong,7,41.0
KH00544,20.0,22.9,14.4,kinh_doanh,Da Nang,2,63.0
KH00545,27.0,12.3,6.8,nhan_vien,Ha Noi,1,62.0
KH00546,28.0,10.2,7.4,sinh_vien,Da Nang,3,64.0
KH00547,44.0,21.0,10.5,nhan_vien,Ha Noi,2,60.0
KH00548,39.0,18.9,11.5,kinh_doanh,TP HCM,1,68.0
KH00549,58.0,16.1,9.1,kinh_doanh,TP HCM,1,56.0
KH00550,47.0,18.7,5.1,nhan_vien,Can Tho,1,26.0
KH00551,26.0,30.7,14.3,kinh_doanh,Hai Phong,2,51.0
KH00552,43.0,13.3,8.2,ky_su,TP HCM,4,69.0
KH00553,34.0,4.8,2.7,sinh_vien,Ha Noi,1,65.0
KH00554,26.0,12.0,6.5,nhan_vien,Ha Noi,1,57.0
KH00555,63.0,29.5,26.0,nhan_vien,TP HCM,8,83.0
KH00556,24.0,11.4,6.0,giao_vien,TP HCM,2,45.0
KH00557,34.0,12.8,7.8,giao_vien,Da Nang,1,71.0
KH00558,56.0,15.3,5.8,nhan_vien,Ha Noi,1,33.0
KH00559,46.0,21.8,18.6,kinh_doanh,Ha Noi,6,75.0
KH00560,46.0,44.7,30.3,nhan_vien,Ha Noi,6,72.0
KH00561,37.0,13.7,7.1,giao_vien,TP HCM,1,47.0
KH00562,55.0,25.0,16.2,nhan_vien,Ha Noi,3,64.0
KH00563,31.0,8.6,6.2,nhan_vien,Ha Noi,1,76.0
KH00564,18.0,47.2,32.2,ky_su,TP HCM,6,70.0
KH00565,31.0,24.5,12.5,nhan_vien,Can Tho,3,49.0
KH00566,35.0,6.9,4.1,sinh_vien,Ha Noi,2,48.0
KH00567,18.0,4.4,1.9,sinh_vien,TP HCM,2,38.0
KH00568,21.0,19.2,12.0,nhan_vien,Ha Noi,2,53.0
KH00569,45.0,5.6,2.2,sinh_vien,Ha Noi,0,32.0
KH00570,23.0,20.6,16.5,nhan_vien,Ha Noi,3,76.0
KH00571,35.0,5.3,3.9,sinh_vien,Can Tho,0,70.0
KH00572,27.0,29.0,19.4,bac_si,Can Tho,7,67.0
KH00573,40.0,23.1,9.3,kinh_doanh,TP HCM,5,41.0
KH00574,38.0,18.3,11.3,ky_su,Ha Noi,3,73.0
KH00575,31.0,10.5,9.7,giao_vien,Hai Phong,2,94.0
KH00576,33.0,15.8,8.5,nhan_vien,Ha Noi,3,45.0
KH00577,40.0,20.8,19.2,ky_su,Ha Noi,3,85.0
KH00578,34.0,16.4,11.3,bac_si,Ha Noi,4,59.0
KH00579,25.0,8.6,4.9,nhan_vien,Ha Noi,1,61.0
KH00580,50.0,35.0,24.5,kinh_doanh,Can Tho,7,79.0
KH00581,37.0,15.7,13.3,nhan_vien,TP HCM,1,88.0
KH00582,39.0,15.4,6.6,ky_su,TP HCM,4,51.0
KH00583,31.0,10.8,4.3,giao_vien,Da Nang,2,43.0
KH00584,27.0,15.2,5.3,kinh_doanh,Ha Noi,4,41.0
KH00585,49.0,17.9,8.4,nhan_vien,TP HCM,2,39.0
KH00586,41.0,3.8,0.5,sinh_vien,TP HCM,0,15.0
KH00587,39.0,12.4,6.7,ky_su,Can Tho,1,61.0
KH00588,19.0,8.6,4.0,nhan_vien,TP HCM,1,43.0
KH00589,45.0,19.1,12.8,kinh_doanh,TP HCM,1,69.0
KH00590,31.0,6.2,4.6,nhan_vien,Da Nang,1,78.0
KH00591,38.0,14.2,6.1,ky_su,TP HCM,1,44.0
KH00592,49.0,12.9,12.1,ky_su,Hai Phong,3,99.0
KH00593,50.0,5.0,0.9,sinh_vien,TP HCM,0,17.0
KH00594,40.0,26.6,16.4,kinh_doanh,Da Nang,3,65.0
KH00595,37.0,17.3,15.4,giao_vien,Ha Noi,6,98.0
KH00596,40.0,31.2,15.8,ky_su,Hai Phong,5,44.0
KH00597,42.0,19.5,11.6,kinh_doanh,Ha Noi,2,64.0
KH00598,33.0,32.2,23.1,bac_si,Ha Noi,7,72.0
KH00599,20.0,22.6,8.3,nhan_vien,Can Tho,4,34.0
KH00600,35.0,10.9,2.4,giao_vien,TP HCM,1,24.0
KH00601,29.0,15.0,5.9,giao_vien,Ha Noi,2,41.0
KH00602,31.0,15.5,6.7,nhan_vien,TP HCM,5,38.0
KH00603,55.0,31.7,21.2,ky_su,Can Tho,3,77.0
KH00604,44.0,38.5,18.5,ky_su,Hai Phong,5,40.0
KH00605,24.0,9.3,1.6,nhan_vien,TP HCM,0,19.0
KH00606,35.0,14.1,10.7,kinh_doanh,Ha Noi,5,80.0
KH00607,18.0,11.0,4.5,giao_vien,TP HCM,1,49.0
KH00608,64.0,25.9,10.5,giao_vien,TP HCM,1,48.0
KH00609,38.0,36.3,16.3,ky_su,Ha Noi,3,48.0
KH00610,40.0,22.3,17.0,kinh_doanh,TP HCM,6,73.0
KH00611,37.0,30.1,18.9,bac_si,Ha Noi,4,66.0
KH00612,46.0,10.5,8.3,giao_vien,TP HCM,2,75.0
KH00613,18.0,23.1,18.6,bac_si,Ha Noi,1,85.0
KH00614,49.0,15.1,12.6,nhan_vien,Da Nang,3,88.0
KH00615,30.0,20.7,5.5,bac_si,Ha Noi,2,31.0
KH00616,52.0,41.2,30.3,bac_si,Ha Noi,6,79.0
KH00617,40.0,12.2,4.9,giao_vien,Ha Noi,0,47.0
KH00618,38.0,11.0,7.1,ky_su,Can Tho,5,70.0
KH00619,36.0,25.4,17.3,kinh_doanh,TP HCM,5,73.0
KH00620,18.0,9.3,5.9,nhan_vien,TP HCM,0,62.0
KH00621,42.0,16.2,13.3,nhan_vien,TP HCM,2,71.0
KH00622,48.0,21.9,12.9,nhan_vien,Hai Phong,4,67.0
KH00623,47.0,61.3,47.8,kinh_doanh,Hai Phong,12,83.0
KH00624,28.0,12.1,4.9,ky_su,Ha Noi,2,43.0
KH00625,18.0,21.1,7.7,nhan_vien,TP HCM,0,38.0
KH00626,33.0,23.1,15.3,kinh_doanh,TP HCM,1,79.0
KH00627,42.0,23.4,14.2,kinh_doanh,Ha Noi,1,56.0
KH00628,36.0,9.0,6.8,giao_vien,Da Nang,3,84.0
KH00629,55.0,24.3,15.3,kinh_doanh,TP HCM,3,59.0
KH00630,43.0,16.1,8.0,ky_su,TP HCM,2,47.0
KH00631,51.0,9.1,3.7,nhan_vien,Da Nang,2,47.0
KH00632,18.0,13.2,7.6,nhan_vien,Ha Noi,0,57.0
KH00633,37.0,7.1,4.8,nhan_vien,Hai Phong,4,69.0
KH00634,26.0,16.2,5.6,bac_si,Ha Noi,3,37.0
KH00635,49.0,15.9,3.2,giao_vien,TP HCM,1,22.0
KH00636,33.0,14.6,10.6,giao_vien,TP HCM,2,64.0
KH00637,32.0,17.4,11.8,kinh_doanh,Ha Noi,5,75.0
KH00638,35.0,11.3,6.4,nhan_vien,Ha Noi,5,63.0
KH00639,31.0,7.9,3.5,sinh_vien,TP HCM,0,51.0
KH00640,31.0,10.4,3.5,nhan_vien,Ha Noi,4,35.0
KH00641,32.0,10.3,4.1,nhan_vien,TP HCM,1,37.0
KH00642,31.0,18.9,7.8,nhan_vien,Hai Phong,2,46.0
KH00643,24.0,7.8,8.1,nhan_vien,TP HCM,3,100.0
KH00644,48.0,21.3,11.2,nhan_vien,Hai Phong,3,48.0
KH00645,44.0,6.6,3.5,nhan_vien,Can Tho,3,62.0
KH00646,25.0,11.9,9.3,kinh_doanh,TP HCM,2,87.0
KH00647,27.0,18.6,11.0,kinh_doanh,TP HCM,2,51.0
KH00648,45.0,11.6,8.3,ky_su,Ha Noi,4,57.0
KH00649,18.0,13.3,4.9,kinh_doanh,Da Nang,3,44.0
KH00650,42.0,22.5,10.1,kinh_doanh,Hai Phong,1,43.0
KH00651,57.0,11.2,3.2,nhan_vien,Ha Noi,1,33.0
KH00652,31.0,22.8,10.3,kinh_doanh,Ha Noi,0,47.0
KH00653,18.0,16.6,13.3,nhan_vien,TP HCM,0,68.0
KH00654,26.0,12.8,11.0,nhan_vien,Can Tho,1,92.0
KH00655,30.0,8.3,9.3,nhan_vien,Can Tho,0,100.0
KH00656,51.0,16.8,9.2,nhan_vien,Ha Noi,3,56.0
KH00657,32.0,9.1,5.6,nhan_vien,Da Nang,1,51.0
KH00658,19.0,8.7,0.5,giao_vien,TP HCM,1,6.0
KH00659,47.0,35.2,28.0,nhan_vien,Hai Phong,6,74.0
KH00660,20.0,6.5,2.4,sinh_vien,Can Tho,0,41.0
KH00661,48.0,11.2,7.4,bac_si,Ha Noi,3,77.0
KH00662,41.0,7.5,3.5,sinh_vien,Da Nang,1,47.0
KH00663,39.0,2.2,2.6,sinh_vien,Ha Noi,1,100.0
KH00664,24.0,49.8,26.2,nhan_vien,TP HCM,8,47.0
KH00665,40.0,25.7,10.6,giao_vien,Ha Noi,3,40.0
KH00666,60.0,13.8,10.1,sinh_vien,TP HCM,3,86.0
KH00667,30.0,14.4,10.0,ky_su,Ha Noi,5,72.0
KH00668,37.0,20.0,14.3,bac_si,TP HCM,4,61.0
KH00669,29.0,8.8,7.0,nhan_vien,TP HCM,1,77.0
KH00670,45.0,16.8,10.5,giao_vien,Ha Noi,2,57.0
KH00671,43.0,8.7,3.1,nhan_vien,Hai Phong,2,39.0
KH00672,32.0,28.6,24.2,ky_su,TP HCM,4,72.0
KH00673,39.0,34.1,27.6,ky_su,TP HCM,11,95.0
KH00674,49.0,9.1,4.0,nhan_vien,TP HCM,2,43.0
KH00675,34.0,4.8,3.2,giao_vien,TP HCM,2,75.0
KH00676,27.0,25.3,14.8,kinh_doanh,Can Tho,1,48.0
KH00677,26.0,22.1,13.9,giao_vien,Hai Phong,7,69.0
KH00678,41.0,18.8,15.1,kinh_doanh,TP HCM,3,76.0
KH00679,18.0,28.7,15.9,bac_si,Can Tho,3,53.0
KH00680,36.0,13.5,7.6,nhan_vien,Da Nang,3,57.0
KH00681,47.0,26.6,16.8,nhan_vien,Can Tho,3,54.0
KH00682,41.0,25.2,17.1,ky_su,TP HCM,3,71.0
KH00683,27.0,5.5,3.4,giao_vien,Ha Noi,1,64.0
KH00684,35.0,5.8,2.2,sinh_vien,Ha Noi,0,36.0
KH00685,38.0,26.5,15.0,kinh_doanh,Da Nang,6,53.0
KH00686,33.0,31.2,14.3,nhan_vien,Ha Noi,1,46.0
KH00687,32.0,38.7,29.6,ky_su,TP HCM,11,85.0
KH00688,21.0,23.7,12.2,kinh_doanh,TP HCM,4,55.0
KH00689,38.0,26.4,13.8,kinh_doanh,Da Nang,6,54.0
KH00690,18.0,24.5,19.6,giao_vien,Da Nang,11,69.0
KH00691,42.0,10.1,4.3,ky_su,Hai Phong,1,35.0
KH00692,28.0,18.5,7.4,kinh_doanh,Ha Noi,1,34.0
KH00693,28.0,17.1,11.8,ky_su,TP HCM,0,76.0
KH00694,27.0,16.0,8.6,ky_su,TP HCM,5,53.0
KH00695,37.0,14.4,10.6,kinh_doanh,Ha Noi,1,85.0
KH00696,45.0,15.7,5.4,nhan_vien,Ha Noi,2,34.0
KH00697,24.0,39.0,15.4,ky_su,TP HCM,1,38.0
KH00698,33.0,19.9,13.9,ky_su,Ha Noi,3,65.0
KH00699,44.0,11.2,6.8,giao_vien,Ha Noi,0,59.0
KH00700,33.0,44.2,31.0,kinh_doanh,TP HCM,5,70.0
KH00701,29.0,9.4,6.4,kinh_doanh,Hai Phong,2,80.0
KH00702,38.0,27.4,10.1,ky_su,TP HCM,3,32.0
KH00703,35.0,13.0,8.4,nhan_vien,Hai Phong,4,53.0
KH00704,33.0,21.7,8.4,nhan_vien,TP HCM,3,43.0
KH00705,37.0,12.0,5.8,nhan_vien,Ha Noi,1,52.0
KH00706,40.0,32.8,16.5,kinh_doanh,Ha Noi,2,49.0
KH00707,57.0,25.9,22.0,giao_vien,Hai Phong,2,83.0
KH00708,30.0,8.0,6.6,nhan_vien,TP HCM,1,74.0
KH00709,37.0,20.0,10.8,giao_vien,TP HCM,3,44.0
KH00710,50.0,7.6,4.7,giao_vien,TP HCM,1,56.0
KH00711,42.0,25.5,10.4,nhan_vien,Ha Noi,2,45.0
KH00712,27.0,28.9,7.7,kinh_doanh,Ha Noi,3,28.0
KH00713,36.0,13.8,10.0,ky_su,Da Nang,1,70.0
KH00714,47.0,6.5,2.9,giao_vien,TP HCM,2,49.0
KH00715,26.0,16.7,14.6,giao_vien,TP HCM,3,91.0
KH00716,34.0,19.5,8.8,nhan_vien,Ha Noi,1,52.0
KH00717,36.0,14.2,10.2,nhan_vien,TP HCM,2,71.0
KH00718,48.0,17.7,6.7,giao_vien,Da Nang,0,35.0
KH00719,18.0,53.0,26.3,ky_su,Ha Noi,4,53.0
KH00720,18.0,18.6,6.6,giao_vien,Ha Noi,1,36.0
KH00721,47.0,13.4,7.8,nhan_vien,TP HCM,2,65.0
KH00722,40.0,25.1,17.4,ky_su,Can Tho,6,68.0
KH00723,27.0,16.7,12.4,ky_su,Da Nang,3,83.0
KH00724,31.0,20.0,12.0,ky_su,Ha Noi,4,50.0
KH00725,39.0,25.7,19.8,nhan_vien,Da Nang,8,69.0
KH00726,30.0,25.6,11.0,nhan_vien,Ha Noi,3,36.0
KH00727,25.0,12.8,7.9,nhan_vien,TP HCM,3,57.0
KH00728,68.0,10.6,7.7,giao_vien,Ha Noi,1,80.0
KH00729,46.0,17.8,9.4,giao_vien,Can Tho,5,57.0
KH00730,45.0,10.4,5.7,nhan_vien,Can Tho,2,65.0
KH00731,37.0,10.4,5.9,ky_su,TP HCM,3,67.0
KH00732,36.0,4.8,6.6,sinh_vien,TP HCM,3,100.0
KH00733,19.0,22.0,7.6,ky_su,Hai Phong,3,37.0
KH00734,31.0,3.0,2.3,sinh_vien,TP HCM,1,73.0
KH00735,18.0,22.0,10.0,kinh_doanh,TP HCM,2,54.0
KH00736,36.0,19.7,14.8,ky_su,Ha Noi,4,66.0
KH00737,33.0,6.7,4.7,sinh_vien,Ha Noi,2,81.0
KH00738,18.0,8.1,1.9,giao_vien,Can Tho,0,23.0
KH00739,32.0,14.9,7.6,nhan_vien,Da Nang,2,48.0
KH00740,66.0,19.1,10.8,nhan_vien,Can Tho,5,48.0
KH00741,30.0,7.7,4.4,nhan_vien,Ha Noi,2,53.0
KH00742,37.0,23.2,12.0,nhan_vien,Can Tho,2,52.0
KH00743,45.0,16.8,13.5,giao_vien,Ha Noi,0,69.0
KH00744,28.0,25.9,15.7,bac_si,Da Nang,1,49.0
KH00745,43.0,5.7,4.1,sinh_vien,TP HCM,0,65.0
KH00746,33.0,12.9,4.8,ky_su,Ha Noi,1,38.0
KH00747,39.0,6.8,3.4,sinh_vien,TP HCM,0,42.0
KH00748,25.0,8.8,9.2,giao_vien,TP HCM,4,85.0
KH00749,18.0,10.3,9.2,nhan_vien,Da Nang,0,100.0
KH00750,18.0,17.2,11.2,ky_su,Da Nang,2,65.0
KH00751,35.0,15.6,6.0,giao_vien,TP HCM,1,42.0
KH00752,20.0,14.9,13.9,ky_su,TP HCM,4,100.0
KH00753,19.0,13.0,9.9,ky_su,Ha Noi,0,77.0
KH00754,34.0,8.0,3.7,sinh_vien,Ha Noi,3,45.0
KH00755,28.0,20.1,8.8,bac_si,TP HCM,1,45.0
KH00756,23.0,18.7,15.5,nhan_vien,Ha Noi,5,94.0
KH00757,53.0,18.2,7.4,ky_su,Ha Noi,2,46.0
KH00758,56.0,14.1,4.9,nhan_vien,TP HCM,4,32.0
KH00759,34.0,5.9,3.1,sinh_vien,TP HCM,1,58.0
KH00760,39.0,28.3,16.9,ky_su,TP HCM,4,55.0
KH00761,42.0,26.1,15.4,bac_si,Ha Noi,5,67.0
KH00762,25.0,10.1,7.7,nhan_vien,Can Tho,4,63.0
KH00763,40.0,8.0,0.9,ky_su,Ha Noi,0,10.0
KH00764,38.0,13.9,7.7,nhan_vien,Ha Noi,2,52.0
KH00765,50.0,23.7,18.9,ky_su,TP HCM,4,66.0
KH00766,18.0,14.0,10.5,ky_su,Ha Noi,8,69.0
KH00767,36.0,28.7,22.2,nhan_vien,Da Nang,9,74.0
KH00768,32.0,35.7,23.5,kinh_doanh,Can Tho,5,56.0
KH00769,32.0,22.2,17.6,ky_su,Ha Noi,5,66.0
KH00770,36.0,26.6,16.7,kinh_doanh,Da Nang,3,68.0
KH00771,24.0,14.4,11.0,nhan_vien,Can Tho,5,88.0
KH00772,33.0,27.8,14.7,ky_su,TP HCM,4,59.0
KH00773,41.0,16.1,13.4,nhan_vien,Ha Noi,6,85.0
KH00774,41.0,5.0,4.3,giao_vien,TP HCM,2,74.0
KH00775,36.0,12.6,7.1,kinh_doanh,Ha Noi,1,51.0
KH00776,46.0,28.4,22.6,kinh_doanh,Ha Noi,2,94.0
KH00777,30.0,9.5,5.2,sinh_vien,TP HCM,1,57.0
KH00778,29.0,36.0,25.6,ky_su,Ha Noi,8,72.0
KH00779,41.0,19.9,12.8,kinh_doanh,TP HCM,3,61.0
KH00780,50.0,29.0,22.0,ky_su,Ha Noi,6,73.0
KH00781,32.0,13.8,3.1,ky_su,Ha Noi,0,24.0
KH00782,25.0,46.9,23.2,bac_si,Can Tho,10,59.0
KH00783,53.0,5.0,4.9,sinh_vien,TP HCM,1,86.0
KH00784,48.0,9.7,1.9,nhan_vien,TP HCM,1,21.0
KH00785,41.0,44.6,33.5,ky_su,Ha Noi,12,67.0
KH00786,18.0,14.9,11.0,nhan_vien,TP HCM,1,74.0
KH00787,40.0,22.5,11.2,bac_si,TP HCM,4,46.0
KH00788,41.0,2.5,1.6,sinh_vien,Da Nang,1,55.0
KH00789,22.0,6.6,6.3,sinh_vien,TP HCM,1,98.0
KH00790,18.0,27.7,11.9,nhan_vien,TP HCM,4,36.0
KH00791,21.0,8.5,2.6,nhan_vien,TP HCM,0,31.0
KH00792,32.0,13.4,10.2,kinh_doanh,TP HCM,1,63.0
KH00793,39.0,40.7,27.4,ky_su,Can Tho,6,78.0
KH00794,56.0,19.3,13.5,kinh_doanh,TP HCM,1,63.0
KH00795,28.0,34.2,14.1,ky_su,TP HCM,3,46.0
KH00796,24.0,10.4,9.3,nhan_vien,Ha Noi,6,85.0
KH00797,46.0,22.5,14.3,nhan_vien,TP HCM,2,55.0
KH00798,45.0,4.6,2.7,sinh_vien,TP HCM,1,64.0
KH00799,24.0,22.5,14.1,nhan_vien,Ha Noi,2,68.0
KH00800,38.0,4.2,1.3,sinh_vien,Ha Noi,0,29.0
KH00801,34.0,15.5,5.8,nhan_vien,TP HCM,0,33.0
KH00802,41.0,13.9,8.3,sinh_vien,TP HCM,1,58.0
KH00803,26.0,11.4,9.4,sinh_vien,TP HCM,5,68.0
KH00804,49.0,19.9,11.7,giao_vien,TP HCM,2,53.0
KH00805,21.0,17.7,9.2,kinh_doanh,TP HCM,0,46.0
KH00806,41.0,6.2,6.2,sinh_vien,Ha Noi,3,98.0
KH00807,31.0,9.3,9.4,kinh_doanh,Da Nang,3,100.0
KH00808,27.0,2.9,0.9,sinh_vien,Da Nang,1,34.0
KH00809,42.0,24.4,11.9,ky_su,Can Tho,3,45.0
KH00810,25.0,13.2,7.7,nhan_vien,Can Tho,1,61.0
KH00811,46.0,17.7,13.5,nhan_vien,TP HCM,2,72.0
KH00812,34.0,8.1,1.7,nhan_vien,TP HCM,0,18.0
KH00813,33.0,36.0,16.1,ky_su,TP HCM,8,41.0
KH00814,48.0,21.5,9.6,kinh_doanh,Ha Noi,1,40.0
KH00815,52.0,6.0,6.6,sinh_vien,Ha Noi,3,100.0
KH00816,40.0,25.9,11.5,nhan_vien,Ha Noi,5,41.0
KH00817,42.0,17.1,4.3,kinh_doanh,TP HCM,1,21.0
KH00818,37.0,17.0,12.3,nhan_vien,Can Tho,6,83.0
KH00819,29.0,14.9,9.2,ky_su,TP HCM,3,51.0
KH00820,32.0,13.5,8.8,nhan_vien,Hai Phong,2,67.0
KH00821,42.0,5.7,1.6,sinh_vien,Da Nang,0,28.0
KH00822,26.0,23.6,15.0,ky_su,TP HCM,3,71.0
KH00823,39.0,9.0,5.9,nhan_vien,Ha Noi,2,67.0
KH00824,33.0,63.9,50.4,nhan_vien,TP HCM,14,76.0
KH00825,40.0,9.6,6.5,nhan_vien,Ha Noi,3,65.0
KH00826,30.0,14.6,7.3,kinh_doanh,Ha Noi,3,49.0
KH00827,27.0,17.7,11.1,nhan_vien,Hai Phong,4,56.0
KH00828,30.0,3.1,1.6,sinh_vien,TP HCM,1,59.0
KH00829,25.0,18.0,12.0,kinh_doanh,Ha Noi,2,56.0
KH00830,18.0,20.3,10.6,ky_su,Hai Phong,3,43.0
KH00831,30.0,13.9,6.6,nhan_vien,Hai Phong,2,52.0
KH00832,46.0,19.3,4.6,nhan_vien,TP HCM,2,27.0
KH00833,37.0,13.0,8.5,ky_su,TP HCM,0,59.0
KH00834,31.0,19.5,9.6,ky_su,Ha Noi,1,42.0
KH00835,29.0,14.2,7.2,kinh_doanh,Ha Noi,1,45.0
KH00836,30.0,23.8,20.9,ky_su,TP HCM,12,74.0
KH00837,36.0,7.6,5.1,ky_su,Ha Noi,2,76.0
KH00838,39.0,29.6,11.0,ky_su,Da Nang,7,33.0
KH00839,47.0,29.0,15.3,bac_si,TP HCM,7,55.0
KH00840,40.0,6.9,5.1,giao_vien,TP HCM,2,59.0
KH00841,30.0,20.5,7.0,ky_su,Da Nang,6,35.0
KH00842,18.0,14.7,5.4,nhan_vien,Ha Noi,1,36.0
KH00843,37.0,18.7,13.5,kinh_doanh,Ha Noi,1,79.0
KH00844,24.0,17.2,13.2,ky_su,Hai Phong,5,65.0
KH00845,54.0,30.3,21.5,bac_si,TP HCM,3,77.0
KH00846,35.0,25.2,15.9,kinh_doanh,Ha Noi,5,53.0
KH00847,31.0,52.5,28.5,nhan_vien,Ha Noi,6,57.0
KH00848,28.0,24.3,7.4,kinh_doanh,Ha Noi,1,27.0
KH00849,43.0,26.0,9.1,ky_su,Ha Noi,4,35.0
KH00850,28.0,33.5,14.6,ky_su,Hai Phong,4,44.0
KH00851,35.0,21.6,16.1,ky_su,TP HCM,2,78.0
KH00852,18.0,14.5,9.7,nhan_vien,Ha Noi,4,67.0
KH00853,38.0,9.3,6.5,nhan_vien,Hai Phong,2,62.0
KH00854,36.0,10.8,8.7,kinh_doanh,Ha Noi,2,89.0
KH00855,33.0,19.3,11.2,giao_vien,TP HCM,1,60.0
KH00856,43.0,11.5,4.3,nhan_vien,TP HCM,0,35.0
KH00857,34.0,5.2,2.5,sinh_vien,Ha Noi,0,49.0
KH00858,51.0,8.1,0.5,nhan_vien,TP HCM,0,5.0
KH00859,22.0,18.0,8.6,ky_su,TP HCM,2,54.0
KH00860,39.0,17.6,16.5,nhan_vien,TP HCM,2,100.0
KH00861,55.0,9.0,7.7,nhan_vien,Can Tho,5,92.0
KH00862,27.0,19.0,14.8,nhan_vien,TP HCM,4,90.0
KH00863,47.0,12.3,7.9,nhan_vien,TP HCM,2,58.0
KH00864,43.0,25.9,20.3,nhan_vien,Da Nang,8,84.0
KH00865,39.0,6.0,4.4,sinh_vien,Can Tho,0,75.0
KH00866,28.0,22.6,9.7,ky_su,Da Nang,5,45.0
KH00867,41.0,3.4,5.1,sinh_vien,Da Nang,2,100.0
KH00868,44.0,9.4,8.5,nhan_vien,TP HCM,1,92.0
KH00869,31.0,25.3,12.5,ky_su,Ha Noi,1,55.0
KH00870,29.0,32.0,14.3,ky_su,Can Tho,2,52.0
KH00871,32.0,32.7,22.6,bac_si,Ha Noi,7,78.0
KH00872,57.0,35.5,29.1,ky_su,TP HCM,5,68.0
KH00873,51.0,19.3,9.1,nhan_vien,Ha Noi,3,55.0
KH00874,18.0,37.0,18.4,kinh_doanh,Ha Noi,3,42.0
KH00875,22.0,34.8,23.1,kinh_doanh,TP HCM,8,78.0
KH00876,40.0,32.7,24.8,giao_vien,Can Tho,7,81.0
KH00877,37.0,16.3,8.2,nhan_vien,Da Nang,2,58.0
KH00878,65.0,38.1,21.1,kinh_doanh,Can Tho,5,49.0
KH00879,44.0,18.4,9.4,nhan_vien,TP HCM,1,53.0
KH00880,32.0,28.5,13.8,giao_vien,Da Nang,6,40.0
KH00881,55.0,15.9,7.9,nhan_vien,Can Tho,3,40.0
KH00882,25.0,14.0,10.9,sinh_vien,TP HCM,2,86.0
KH00883,37.0,10.8,7.9,ky_su,TP HCM,6,80.0
KH00884,41.0,3.3,2.4,sinh_vien,TP HCM,0,84.0
KH00885,39.0,24.2,17.6,ky_su,TP HCM,4,76.0
KH00886,23.0,22.3,20.0,nhan_vien,TP HCM,6,82.0
KH00887,29.0,12.4,9.3,kinh_doanh,Ha Noi,2,80.0
KH00888,68.0,18.6,12.6,kinh_doanh,Ha Noi,7,73.0
KH00889,46.0,13.8,5.4,giao_vien,Can Tho,1,38.0
KH00890,39.0,7.2,3.4,nhan_vien,TP HCM,2,55.0
KH00891,42.0,14.4,10.0,nhan_vien,Da Nang,2,72.0
KH00892,45.0,12.4,5.9,nhan_vien,Da Nang,1,44.0
KH00893,36.0,46.4,29.7,kinh_doanh,Ha Noi,4,58.0
KH00894,35.0,11.4,3.9,sinh_vien,TP HCM,1,31.0
KH00895,29.0,34.1,20.0,kinh_doanh,Ha Noi,7,51.0
KH00896,49.0,21.9,13.5,kinh_doanh,TP HCM,1,50.0
KH00897,36.0,13.8,9.0,nhan_vien,Da Nang,4,62.0
KH00898,22.0,12.2,10.9,kinh_doanh,Ha Noi,4,100.0
KH00899,58.0,12.9,10.4,giao_vien,TP HCM,3,89.0
KH00900,45.0,40.7,16.5,ky_su,Da Nang,6,46.0
KH00901,32.0,10.4,8.9,ky_su,Ha Noi,2,87.0
KH00902,35.0,11.5,10.0,nhan_vien,TP HCM,7,79.0
KH00903,37.0,6.0,3.7,giao_vien,Ha Noi,1,69.0
KH00904,29.0,42.9,21.2,kinh_doanh,Da Nang,3,53.0
KH00905,49.0,10.6,7.1,nhan_vien,Ha Noi,0,66.0
KH00906,45.0,21.0,15.7,nhan_vien,TP HCM,2,68.0
KH00907,32.0,35.1,29.7,kinh_doanh,Hai Phong,8,85.0
KH00908,48.0,24.9,14.5,ky_su,Ha Noi,2,67.0
KH00909,34.0,6.8,6.3,kinh_doanh,Ha Noi,3,100.0
KH00910,32.0,21.0,15.2,kinh_doanh,TP HCM,2,58.0
KH00911,18.0,19.6,15.6,kinh_doanh,TP HCM,3,67.0
KH00912,23.0,18.2,12.7,nhan_vien,TP HCM,8,62.0
KH00913,40.0,10.1,5.0,giao_vien,Da Nang,0,52.0
KH00914,27.0,30.5,13.6,giao_vien,Da Nang,2,51.0
KH00915,34.0,14.5,11.1,nhan_vien,TP HCM,1,86.0
KH00916,57.0,55.1,29.8,ky_su,TP HCM,9,45.0
KH00917,42.0,29.2,10.0,ky_su,Ha Noi,6,28.0
KH00918,18.0,13.5,11.1,giao_vien,Ha Noi,3,74.0
KH00919,24.0,16.3,11.7,bac_si,Ha Noi,3,64.0
KH00920,35.0,5.3,1.1,nhan_vien,Ha Noi,2,18.0
KH00921,44.0,18.3,4.9,kinh_doanh,TP HCM,1,27.0
KH00922,48.0,22.8,13.9,giao_vien,Ha Noi,1,61.0
KH00923,33.0,28.5,10.3,kinh_doanh,TP HCM,2,42.0
KH00924,33.0,18.1,12.8,nhan_vien,TP HCM,1,68.0
KH00925,48.0,2.9,0.5,sinh_vien,Hai Phong,0,18.0
KH00926,21.0,8.6,4.7,giao_vien,TP HCM,0,57.0
KH00927,40.0,29.1,12.1,bac_si,Da Nang,3,39.0
KH00928,26.0,24.8,15.7,kinh_doanh,TP HCM,5,59.0
KH00929,41.0,2.6,2.1,sinh_vien,Ha Noi,0,66.0
KH00930,38.0,19.5,12.7,bac_si,TP HCM,1,57.0
KH00931,35.0,7.0,5.4,nhan_vien,Ha Noi,2,80.0
KH00932,34.0,14.5,10.9,kinh_doanh,Da Nang,5,61.0
KH00933,40.0,35.0,25.9,ky_su,TP HCM,6,73.0
KH00934,31.0,18.6,8.6,nhan_vien,Can Tho,2,48.0
KH00935,29.0,17.9,11.2,giao_vien,Hai Phong,4,66.0
KH00936,45.0,15.3,7.7,nhan_vien,Can Tho,2,47.0
KH00937,35.0,25.5,9.7,kinh_doanh,TP HCM,6,40.0
KH00938,30.0,43.2,28.2,kinh_doanh,TP HCM,8,70.0
KH00939,38.0,24.6,20.1,bac_si,Ha Noi,6,86.0
KH00940,33.0,7.8,1.8,nhan_vien,Ha Noi,2,23.0
KH00941,36.0,18.0,7.3,nhan_vien,TP HCM,1,48.0
KH00942,38.0,50.7,40.7,bac_si,Ha Noi,14,88.0
KH00943,47.0,26.1,9.1,kinh_doanh,Ha Noi,2,40.0
KH00944,49.0,10.3,8.0,nhan_vien,TP HCM,3,66.0
KH00945,33.0,25.3,14.5,giao_vien,TP HCM,3,62.0
KH00946,39.0,7.5,5.5,nhan_vien,Hai Phong,0,83.0
KH00947,18.0,3.7,5.3,sinh_vien,Ha Noi,1,100.0
KH00948,22.0,68.2,43.8,ky_su,TP HCM,7,53.0
KH00949,22.0,34.5,24.7,ky_su,Da Nang,4,82.0
KH00950,28.0,5.5,7.5,sinh_vien,TP HCM,1,100.0
KH00951,42.0,16.2,9.7,nhan_vien,Ha Noi,0,61.0
KH00952,35.0,14.9,4.3,nhan_vien,TP HCM,2,31.0
KH00953,35.0,8.3,1.4,nhan_vien,TP HCM,0,16.0
KH00954,35.0,56.7,22.8,kinh_doanh,TP HCM,6,37.0
KH00955,39.0,30.3,12.1,kinh_doanh,Ha Noi,0,39.0
KH00956,42.0,23.7,18.8,kinh_doanh,Hai Phong,2,69.0
KH00957,22.0,8.0,6.0,nhan_vien,Da Nang,2,77.0
KH00958,34.0,25.5,20.2,kinh_doanh,Ha Noi,4,92.0
KH00959,35.0,12.0,9.4,nhan_vien,Hai Phong,3,91.0
KH00960,45.0,26.0,21.3,kinh_doanh,TP HCM,6,73.0
KH00961,41.0,26.4,17.3,nhan_vien,Ha Noi,4,68.0
KH00962,39.0,7.2,3.9,nhan_vien,Hai Phong,0,49.0
KH00963,31.0,34.6,18.5,ky_su,Ha Noi,9,48.0
KH00964,60.0,21.0,15.8,nhan_vien,TP HCM,4,81.0
KH00965,48.0,36.8,28.9,ky_su,Ha Noi,7,82.0
KH00966,35.0,30.2,16.6,bac_si,Da Nang,4,55.0
KH00967,45.0,33.0,17.8,ky_su,Da Nang,5,55.0
KH00968,52.0,21.9,18.1,nhan_vien,Ha Noi,6,69.0
KH00969,25.0,12.5,10.3,giao_vien,TP HCM,0,95.0
KH00970,45.0,17.3,10.7,bac_si,TP HCM,5,53.0
KH00971,42.0,30.6,22.8,bac_si,Hai Phong,6,71.0
KH00972,38.0,14.6,7.6,kinh_doanh,Da Nang,6,43.0
KH00973,34.0,14.1,8.3,giao_vien,TP HCM,3,54.0
KH00974,51.0,20.5,8.1,bac_si,Hai Phong,3,42.0
KH00975,36.0,35.8,21.0,ky_su,Hai Phong,4,55.0
KH00976,26.0,17.6,8.5,nhan_vien,Hai Phong,2,49.0
KH00977,33.0,17.9,11.3,nhan_vien,TP HCM,4,51.0
KH00978,41.0,21.5,9.7,bac_si,TP HCM,1,47.0
KH00979,28.0,20.7,11.9,bac_si,Hai Phong,2,58.0
KH00980,50.0,15.7,14.6,nhan_vien,Ha Noi,6,100.0
KH00981,31.0,17.0,6.3,kinh_doanh,TP HCM,2,31.0
KH00982,32.0,14.3,9.1,kinh_doanh,TP HCM,4,64.0
KH00983,44.0,29.0,21.6,nhan_vien,Hai Phong,6,68.0
KH00984,18.0,15.0,6.4,giao_vien,TP HCM,1,36.0
KH00985,59.0,23.0,18.5,kinh_doanh,Ha Noi,3,78.0
KH00986,36.0,28.2,19.5,nhan_vien,Ha Noi,7,60.0
KH00987,23.0,14.8,8.0,nhan_vien,Can Tho,2,64.0
KH00988,35.0,26.8,22.0,bac_si,TP HCM,5,86.0
KH00989,50.0,7.9,2.6,sinh_vien,Hai Phong,0,36.0
KH00990,28.0,12.5,5.4,nhan_vien,Da Nang,2,39.0
KH00991,39.0,15.8,9.6,nhan_vien,Ha Noi,2,68.0
KH00992,26.0,27.8,19.3,nhan_vien,Ha Noi,5,82.0
KH00993,38.0,10.5,7.2,nhan_vien,TP HCM,4,65.0
KH00994,29.0,6.9,4.7,giao_vien,TP HCM,1,59.0
KH00995,20.0,11.5,9.7,ky_su,TP HCM,3,81.0
KH00996,33.0,10.6,6.1,nhan_vien,Da Nang,0,58.0
KH00997,32.0,17.9,8.9,giao_vien,Ha Noi,1,48.0
KH00998,51.0,16.8,8.2,nhan_vien,Can Tho,0,51.0
KH00999,55.0,9.1,4.8,giao_vien,TP HCM,2,62.0
KH01000,43.0,15.3,11.3,kinh_doanh,TP HCM,3,77.0
KH01001,40.0,21.1,12.8,ky_su,Da Nang,7,61.0
KH01002,42.0,19.0,10.0,nhan_vien,Ha Noi,3,49.0
KH01003,52.0,42.1,31.1,ky_su,Ha Noi,5,86.0
KH01004,34.0,11.3,7.4,giao_vien,TP HCM,2,61.0
KH01005,29.0,25.5,14.0,nhan_vien,TP HCM,3,44.0
KH01006,26.0,41.4,13.6,bac_si,TP HCM,1,29.0
KH01007,57.0,4.9,7.4,sinh_vien,Ha Noi,2,100.0
KH01008,49.0,24.2,12.3,ky_su,Ha Noi,3,47.0
KH01009,36.0,31.4,21.1,ky_su,Ha Noi,3,60.0
KH01010,42.0,17.2,12.0,nhan_vien,Hai Phong,2,57.0
KH01011,28.0,17.2,7.9,ky_su,TP HCM,2,44.0
KH01012,50.0,5.1,3.1,sinh_vien,Ha Noi,1,70.0
KH01013,44.0,4.8,2.3,sinh_vien,TP HCM,0,42.0
KH01014,40.0,2.3,2.0,sinh_vien,Ha Noi,0,77.0
KH01015,42.0,28.7,21.9,nhan_vien,TP HCM,6,63.0
KH01016,29.0,24.5,11.0,ky_su,TP HCM,1,46.0
KH01017,50.0,10.1,8.6,nhan_vien,TP HCM,2,100.0
KH01018,33.0,10.3,6.6,nhan_vien,Can Tho,0,56.0
KH01019,29.0,28.3,11.6,nhan_vien,Ha Noi,2,47.0
KH01020,34.0,12.1,5.6,giao_vien,Ha Noi,0,42.0
KH01021,30.0,27.0,16.2,kinh_doanh,TP HCM,5,53.0
KH01022,57.0,18.8,6.2,nhan_vien,TP HCM,2,29.0
KH01023,55.0,26.9,20.2,nhan_vien,TP HCM,9,64.0
KH01024,19.0,7.9,3.0,giao_vien,Hai Phong,1,43.0
KH01025,28.0,14.7,9.3,nhan_vien,Ha Noi,1,62.0
KH01026,47.0,5.8,3.9,nhan_vien,Can Tho,3,58.0
KH01027,35.0,37.8,18.6,ky_su,Ha Noi,9,47.0
KH01028,43.0,16.1,10.6,giao_vien,Ha Noi,2,62.0
KH01029,36.0,49.1,40.2,ky_su,Da Nang,12,86.0
KH01030,31.0,13.7,3.3,nhan_vien,TP HCM,1,22.0
KH01031,42.0,6.4,6.2,sinh_vien,Ha Noi,2,93.0
KH01032,37.0,14.5,10.0,kinh_doanh,TP HCM,3,81.0
KH01033,32.0,19.0,10.4,giao_vien,Ha Noi,1,52.0
KH01034,39.0,18.6,10.8,nhan_vien,TP HCM,3,70.0
KH01035,33.0,12.4,7.8,giao_vien,Hai Phong,1,51.0
KH01036,40.0,15.2,5.8,nhan_vien,Hai Phong,0,32.0
KH01037,36.0,7.1,2.7,giao_vien,Da Nang,0,46.0
KH01038,45.0,20.3,9.3,ky_su,TP HCM,3,50.0
KH01039,47.0,21.1,11.5,kinh_doanh,Da Nang,1,64.0
KH01040,44.0,35.0,17.9,kinh_doanh,Ha Noi,5,51.0
KH01041,43.0,16.9,15.5,nhan_vien,Da Nang,4,95.0
KH01042,30.0,35.4,19.4,kinh_doanh,TP HCM,3,49.0
KH01043,35.0,6.6,3.2,nhan_vien,Ha Noi,2,55.0
KH01044,46.0,46.9,25.8,ky_su,Da Nang,6,54.0
KH01045,37.0,29.2,23.5,ky_su,TP HCM,3,84.0
KH01046,34.0,12.9,5.5,nhan_vien,TP HCM,3,46.0
KH01047,18.0,20.2,11.0,kinh_doanh,TP HCM,3,47.0
KH01048,37.0,20.7,13.2,ky_su,Ha Noi,3,58.0
KH01049,53.0,18.1,11.2,nhan_vien,Hai Phong,5,57.0
KH01050,31.0,36.7,20.6,kinh_doanh,Ha Noi,6,56.0
KH01051,23.0,11.7,6.7,nhan_vien,Da Nang,2,68.0
KH01052,46.0,19.8,14.6,ky_su,Ha Noi,8,79.0
KH01053,35.0,40.9,30.2,nhan_vien,Can Tho,7,78.0
KH01054,28.0,19.2,11.2,giao_vien,Can Tho,5,59.0
KH01055,26.0,9.2,7.9,giao_vien,Hai Phong,4,84.0
KH01056,37.0,20.9,18.7,kinh_doanh,Da Nang,4,91.0
KH01057,52.0,19.7,12.9,ky_su,Da Nang,2,54.0
KH01058,49.0,15.3,7.8,giao_vien,Can Tho,3,47.0
KH01059,37.0,15.5,13.2,nhan_vien,Ha Noi,7,75.0
KH01060,43.0,6.6,1.7,nhan_vien,Ha Noi,1,26.0
KH01061,33.0,34.4,21.9,nhan_vien,TP HCM,2,70.0
KH01062,26.0,5.9,5.3,giao_vien,TP HCM,1,81.0
KH01063,36.0,25.9,20.6,nhan_vien,TP HCM,5,68.0
KH01064,48.0,28.2,9.6,nhan_vien,TP HCM,4,41.0
KH01065,32.0,9.6,4.5,giao_vien,TP HCM,0,46.0
KH01066,18.0,13.0,12.0,ky_su,Ha Noi,3,100.0
KH01067,52.0,28.1,10.2,giao_vien,Da Nang,5,40.0
KH01068,32.0,11.3,3.0,nhan_vien,Can Tho,0,27.0
KH01069,18.0,15.0,12.1,nhan_vien,Ha Noi,2,72.0
KH01070,47.0,13.5,6.6,giao_vien,TP HCM,3,46.0
KH01071,52.0,43.0,26.2,kinh_doanh,Ha Noi,8,70.0
KH01072,37.0,18.3,14.3,kinh_doanh,Da Nang,4,93.0
KH01073,45.0,16.0,7.9,nhan_vien,TP HCM,0,40.0
KH01074,34.0,13.5,8.7,giao_vien,Ha Noi,3,56.0
KH01075,18.0,33.0,16.4,kinh_doanh,TP HCM,4,42.0
KH01076,32.0,11.9,12.5,giao_vien,TP HCM,1,93.0
KH01077,44.0,24.0,20.4,nhan_vien,TP HCM,8,79.0
KH01078,23.0,31.8,17.4,bac_si,Hai Phong,1,65.0
KH01079,48.0,44.1,19.5,ky_su,Hai Phong,5,38.0
KH01080,40.0,16.9,4.2,nhan_vien,TP HCM,0,20.0
KH01081,32.0,12.5,5.6,ky_su,Da Nang,2,49.0
KH01082,48.0,10.7,6.8,ky_su,Ha Noi,2,75.0
KH01083,29.0,22.9,11.4,kinh_doanh,TP HCM,3,47.0
KH01084,18.0,13.5,8.5,kinh_doanh,TP HCM,2,71.0
KH01085,34.0,28.2,14.8,bac_si,TP HCM,3,48.0
KH01086,42.0,16.4,12.3,ky_su,Da Nang,2,63.0
KH01087,37.0,20.7,15.4,nhan_vien,Ha Noi,1,73.0
KH01088,36.0,6.3,6.1,giao_vien,Da Nang,3,87.0
KH01089,49.0,43.6,28.6,bac_si,TP HCM,6,76.0
KH01090,21.0,43.9,16.2,kinh_doanh,TP HCM,1,31.0
KH01091,27.0,15.1,7.2,kinh_doanh,TP HCM,2,51.0
KH01092,36.0,6.7,7.3,nhan_vien,TP HCM,2,100.0
KH01093,29.0,12.3,8.7,nhan_vien,TP HCM,1,61.0
KH01094,20.0,31.4,14.5,ky_su,TP HCM,2,38.0
KH01095,43.0,10.7,7.6,giao_vien,Ha Noi,1,67.0
KH01096,30.0,70.4,38.5,kinh_doanh,Ha Noi,10,49.0
KH01097,27.0,23.1,14.0,ky_su,TP HCM,2,72.0
KH01098,45.0,11.7,4.0,nhan_vien,TP HCM,5,32.0
KH01099,57.0,19.0,7.2,giao_vien,TP HCM,3,33.0
KH01100,47.0,34.3,20.7,kinh_doanh,Hai Phong,3,65.0
KH01101,49.0,3.8,4.0,sinh_vien,TP HCM,1,100.0
KH01102,28.0,14.1,7.1,bac_si,Hai Phong,2,56.0
KH01103,59.0,16.3,7.2,giao_vien,Can Tho,2,52.0
KH01104,40.0,13.6,9.4,ky_su,TP HCM,2,80.0
KH01105,50.0,17.2,10.0,nhan_vien,Da Nang,2,67.0
KH01106,39.0,26.0,13.0,ky_su,TP HCM,2,52.0
KH01107,30.0,8.7,7.7,ky_su,Hai Phong,1,87.0
KH01108,49.0,11.1,5.8,ky_su,TP HCM,1,52.0
KH01109,21.0,17.0,13.9,ky_su,Ha Noi,3,97.0
KH01110,43.0,24.3,11.5,kinh_doanh,Ha Noi,1,51.0
KH01111,40.0,16.5,14.6,ky_su,Ha Noi,6,98.0
KH01112,45.0,23.5,16.3,kinh_doanh,TP HCM,3,79.0
KH01113,48.0,11.4,2.8,kinh_doanh,TP HCM,1,26.0
KH01114,34.0,13.9,10.4,ky_su,Can Tho,3,67.0
KH01115,39.0,30.7,18.2,kinh_doanh,Da Nang,1,62.0
KH01116,40.0,12.7,5.9,nhan_vien,TP HCM,1,46.0
KH01117,36.0,32.8,11.7,nhan_vien,Ha Noi,3,29.0
KH01118,50.0,13.4,9.1,giao_vien,Ha Noi,4,66.0
KH01119,35.0,5.4,3.6,sinh_vien,Ha Noi,2,71.0
KH01120,37.0,41.6,19.1,ky_su,TP HCM,6,50.0
KH01121,27.0,14.7,10.2,ky_su,Hai Phong,2,64.0
KH01122,41.0,57.5,39.3,bac_si,Ha Noi,10,68.0
KH01123,33.0,4.1,3.0,sinh_vien,TP HCM,0,65.0
KH01124,36.0,30.1,17.4,ky_su,Can Tho,0,67.0
KH01125,51.0,11.0,10.7,nhan_vien,TP HCM,3,100.0
KH01126,24.0,12.9,6.8,ky_su,Ha Noi,1,58.0
KH01127,32.0,8.9,3.8,nhan_vien,Hai Phong,0,36.0
KH01128,40.0,15.7,8.8,ky_su,Can Tho,0,48.0
KH01129,44.0,32.5,14.9,nhan_vien,Ha Noi,3,51.0
KH01130,30.0,25.3,13.5,ky_su,Hai Phong,3,60.0
KH01131,18.0,3.7,0.5,sinh_vien,TP HCM,0,12.0
KH01132,43.0,10.0,6.7,giao_vien,TP HCM,3,73.0
KH01133,35.0,27.7,19.8,nhan_vien,Can Tho,4,83.0
KH01134,40.0,17.8,11.9,nhan_vien,Hai Phong,0,54.0
KH01135,37.0,27.4,14.0,nhan_vien,Da Nang,2,45.0
KH01136,35.0,24.0,11.5,ky_su,TP HCM,4,42.0
KH01137,48.0,8.5,2.8,nhan_vien,TP HCM,1,30.0
KH01138,38.0,12.4,6.7,nhan_vien,TP HCM,2,57.0
KH01139,43.0,16.4,8.4,giao_vien,TP HCM,1,46.0
KH01140,42.0,10.1,0.5,giao_vien,Can Tho,0,6.0
KH01141,41.0,10.7,6.4,ky_su,TP HCM,1,50.0
KH01142,36.0,21.8,11.8,kinh_doanh,TP HCM,2,48.0
KH01143,35.0,10.8,7.4,giao_vien,Ha Noi,0,63.0
KH01144,50.0,23.9,18.1,kinh_doanh,Hai Phong,7,61.0
KH01145,48.0,21.1,9.7,kinh_doanh,Ha Noi,1,54.0
KH01146,43.0,19.7,13.8,giao_vien,Ha Noi,5,77.0
KH01147,44.0,13.9,10.3,nhan_vien,TP HCM,3,85.0
KH01148,34.0,12.0,3.0,nhan_vien,TP HCM,2,22.0
KH01149,51.0,10.6,8.6,nhan_vien,TP HCM,5,86.0
KH01150,37.0,29.3,21.2,ky_su,Ha Noi,3,78.0
KH01151,44.0,3.9,2.5,giao_vien,TP HCM,1,62.0
KH01152,27.0,30.7,15.4,bac_si,Ha Noi,3,55.0
KH01153,42.0,9.6,8.2,giao_vien,TP HCM,6,92.0
KH01154,30.0,9.4,7.2,ky_su,Ha Noi,1,92.0
KH01155,36.0,3.6,2.1,sinh_vien,Ha Noi,0,67.0
KH01156,37.0,27.2,13.3,ky_su,TP HCM,6,56.0
KH01157,46.0,23.8,9.0,giao_vien,TP HCM,0,40.0
KH01158,31.0,9.5,3.4,nhan_vien,TP HCM,1,31.0
KH01159,44.0,17.6,7.7,nhan_vien,Ha Noi,2,44.0
KH01160,34.0,21.7,8.7,kinh_doanh,TP HCM,1,46.0
KH01161,29.0,4.3,4.1,sinh_vien,TP HCM,0,90.0
KH01162,44.0,14.4,11.7,nhan_vien,Ha Noi,1,92.0
KH01163,35.0,24.1,13.5,nhan_vien,Ha Noi,6,45.0
KH01164,53.0,47.6,24.1,ky_su,Ha Noi,7,56.0
KH01165,35.0,11.9,9.4,kinh_doanh,Ha Noi,1,86.0
KH01166,18.0,23.0,11.6,kinh_doanh,TP HCM,4,45.0
KH01167,32.0,11.8,5.2,ky_su,Ha Noi,3,44.0
KH01168,48.0,12.4,6.6,nhan_vien,Can Tho,4,63.0
KH01169,30.0,11.7,3.8,nhan_vien,Ha Noi,0,35.0
KH01170,61.0,22.5,15.8,nhan_vien,TP HCM,6,82.0
KH01171,43.0,7.7,4.7,giao_vien,TP HCM,0,52.0
KH01172,31.0,9.3,0.5,nhan_vien,Da Nang,1,5.0
KH01173,31.0,13.0,11.3,nhan_vien,Da Nang,3,91.0
KH01174,23.0,13.1,7.9,nhan_vien,Hai Phong,1,71.0
KH01175,29.0,19.0,8.7,kinh_doanh,TP HCM,1,39.0
KH01176,42.0,12.5,10.4,nhan_vien,TP HCM,2,68.0
KH01177,39.0,28.3,11.9,ky_su,Ha Noi,2,44.0
KH01178,46.0,27.5,11.8,giao_vien,Hai Phong,1,40.0
KH01179,31.0,15.4,8.6,nhan_vien,Can Tho,1,58.0
KH01180,34.0,29.1,13.3,giao_vien,Da Nang,3,47.0
KH01181,44.0,7.7,5.8,giao_vien,Ha Noi,1,81.0
KH01182,30.0,59.0,33.3,kinh_doanh,Da Nang,5,53.0
KH01183,56.0,8.2,3.6,nhan_vien,TP HCM,0,36.0
KH01184,38.0,53.0,19.4,ky_su,TP HCM,5,37.0
KH01185,18.0,51.9,21.4,kinh_doanh,Da Nang,4,44.0
KH01186,26.0,11.0,5.1,nhan_vien,TP HCM,0,43.0
KH01187,24.0,11.4,8.5,ky_su,Hai Phong,4,89.0
KH01188,50.0,36.4,22.3,ky_su,TP HCM,6,66.0
KH01189,46.0,7.5,5.6,giao_vien,TP HCM,0,88.0
KH01190,31.0,9.9,6.7,nhan_vien,Ha Noi,1,79.0
KH01191,62.0,37.2,28.8,kinh_doanh,Ha Noi,7,65.0
KH01192,25.0,5.1,2.8,sinh_vien,Ha Noi,1,49.0
KH01193,40.0,40.0,22.7,nhan_vien,Hai Phong,3,66.0
KH01194,56.0,20.9,10.0,ky_su,TP HCM,2,39.0
KH01195,53.0,29.7,19.2,ky_su,Ha Noi,1,70.0
KH01196,53.0,12.6,4.8,nhan_vien,TP HCM,2,35.0
KH01197,28.0,7.9,7.5,nhan_vien,Da Nang,4,88.0
KH01198,33.0,41.7,27.2,bac_si,Hai Phong,9,58.0
KH01199,35.0,21.5,16.2,kinh_doanh,TP HCM,6,79.0
KH01200,29.0,12.9,9.6,nhan_vien,Ha Noi,2,81.0
KH01201,34.0,45.7,25.3,ky_su,Can Tho,5,60.0
KH01202,30.0,29.4,24.1,kinh_doanh,TP HCM,10,67.0
KH01203,19.0,13.2,5.7,nhan_vien,Ha Noi,2,44.0
KH01204,33.0,50.8,22.5,nhan_vien,TP HCM,5,51.0
KH01205,30.0,29.0,17.7,ky_su,Can Tho,4,68.0
KH01206,26.0,17.3,11.5,giao_vien,Ha Noi,1,54.0
KH01207,40.0,6.0,0.5,giao_vien,TP HCM,1,9.0
KH01208,30.0,13.6,5.2,nhan_vien,TP HCM,1,36.0
KH01209,32.0,6.6,5.4,nhan_vien,Can Tho,1,73.0
KH01210,28.0,18.1,7.5,bac_si,TP HCM,1,46.0
KH01211,19.0,15.5,9.7,nhan_vien,TP HCM,3,51.0
KH01212,43.0,5.3,1.9,sinh_vien,Ha Noi,0,37.0
KH01213,39.0,19.2,16.6,nhan_vien,Ha Noi,3,100.0
KH01214,38.0,13.4,11.0,giao_vien,TP HCM,2,95.0
KH01215,34.0,14.4,10.7,giao_vien,Ha Noi,1,85.0
KH01216,24.0,19.2,8.2,nhan_vien,Hai Phong,2,39.0
KH01217,35.0,12.3,4.4,nhan_vien,TP HCM,1,42.0
KH01218,22.0,26.6,10.6,ky_su,Can Tho,4,39.0
KH01219,31.0,33.4,21.4,kinh_doanh,TP HCM,6,60.0
KH01220,36.0,37.7,23.4,bac_si,TP HCM,7,51.0
KH01221,52.0,18.9,11.0,nhan_vien,Ha Noi,1,56.0
KH01222,22.0,20.1,14.2,nhan_vien,TP HCM,8,58.0
KH01223,25.0,12.3,9.6,nhan_vien,Ha Noi,4,72.0
KH01224,43.0,18.1,16.9,kinh_doanh,Ha Noi,2,100.0
KH01225,51.0,13.2,11.4,kinh_doanh,Ha Noi,4,99.0
KH01226,44.0,12.8,5.5,nhan_vien,Ha Noi,1,49.0
KH01227,46.0,29.3,24.6,bac_si,Ha Noi,7,74.0
KH01228,47.0,12.7,6.4,giao_vien,Da Nang,0,58.0
KH01229,54.0,8.6,3.1,nhan_vien,TP HCM,0,43.0
KH01230,39.0,13.0,10.7,ky_su,Da Nang,4,85.0
KH01231,41.0,11.1,10.8,giao_vien,TP HCM,2,100.0
KH01232,39.0,13.3,7.5,giao_vien,Ha Noi,0,57.0
KH01233,59.0,49.5,19.7,bac_si,Hai Phong,5,33.0
KH01234,39.0,39.4,20.0,kinh_doanh,TP HCM,2,53.0
KH01235,48.0,14.2,6.7,nhan_vien,Hai Phong,2,41.0
KH01236,28.0,24.6,12.9,giao_vien,TP HCM,2,59.0
KH01237,37.0,17.1,13.6,nhan_vien,Ha Noi,4,71.0
KH01238,37.0,37.4,18.6,nhan_vien,TP HCM,6,58.0
KH01239,53.0,12.6,7.1,giao_vien,Ha Noi,3,62.0
KH01240,28.0,11.9,6.5,nhan_vien,TP HCM,2,56.0
KH01241,22.0,18.5,17.8,nhan_vien,Can Tho,11,100.0
KH01242,42.0,15.6,9.8,nhan_vien,Da Nang,3,65.0
KH01243,23.0,17.5,9.8,kinh_doanh,Hai Phong,0,61.0
KH01244,43.0,6.6,7.1,giao_vien,TP HCM,3,100.0
KH01245,40.0,4.7,3.0,sinh_vien,Ha Noi,0,52.0
KH01246,31.0,12.2,9.1,ky_su,TP HCM,4,88.0
KH01247,18.0,22.5,19.3,giao_vien,Ha Noi,2,86.0
KH01248,33.0,12.4,3.8,giao_vien,Ha Noi,2,26.0
KH01249,41.0,19.2,7.8,kinh_doanh,Ha Noi,2,35.0
KH01250,30.0,45.1,31.3,giao_vien,TP HCM,10,77.0
KH01251,48.0,30.5,25.4,kinh_doanh,Da Nang,14,84.0
KH01252,47.0,6.2,4.6,sinh_vien,TP HCM,0,64.0
KH01253,29.0,11.4,10.2,nhan_vien,Ha Noi,4,82.0
KH01254,47.0,19.2,7.3,kinh_doanh,Ha Noi,2,34.0
KH01255,44.0,16.4,7.1,nhan_vien,TP HCM,3,49.0
KH01256,28.0,24.0,8.5,kinh_doanh,TP HCM,2,29.0
KH01257,36.0,31.7,24.0,ky_su,TP HCM,7,91.0
KH01258,44.0,20.8,9.8,nhan_vien,Ha Noi,2,44.0
KH01259,39.0,11.2,5.2,kinh_doanh,Ha Noi,5,46.0
KH01260,48.0,4.7,4.3,nhan_vien,Ha Noi,0,98.0
KH01261,29.0,47.8,40.0,ky_su,Ha Noi,7,100.0
KH01262,41.0,21.7,15.5,kinh_doanh,Ha Noi,4,61.0
KH01263,41.0,11.9,4.5,ky_su,Ha Noi,0,37.0
KH01264,43.0,21.1,12.9,ky_su,Ha Noi,5,49.0
KH01265,42.0,8.6,7.8,giao_vien,TP HCM,8,84.0
KH01266,36.0,26.3,18.5,kinh_doanh,TP HCM,3,61.0
KH01267,51.0,14.3,6.6,nhan_vien,Ha Noi,0,43.0
KH01268,70.0,21.0,11.6,ky_su,Da Nang,2,59.0
KH01269,35.0,24.3,11.5,bac_si,TP HCM,4,47.0
KH01270,20.0,3.1,2.5,sinh_vien,TP HCM,0,71.0
KH01271,42.0,17.2,8.2,ky_su,Ha Noi,1,56.0
KH01272,37.0,22.6,7.4,ky_su,Da Nang,2,38.0
KH01273,38.0,7.0,4.1,sinh_vien,Ha Noi,2,55.0
KH01274,44.0,29.5,23.7,bac_si,Da Nang,3,65.0
KH01275,42.0,6.6,1.7,sinh_vien,Ha Noi,0,27.0
KH01276,30.0,9.2,8.0,nhan_vien,Can Tho,1,93.0
KH01277,41.0,33.9,15.9,kinh_doanh,Da Nang,8,53.0
KH01278,40.0,7.8,7.6,sinh_vien,Can Tho,1,93.0
KH01279,35.0,34.7,14.8,ky_su,TP HCM,3,41.0
KH01280,34.0,25.6,13.1,nhan_vien,Da Nang,2,47.0
KH01281,42.0,18.4,14.3,nhan_vien,TP HCM,5,89.0
KH01282,37.0,19.9,10.1,ky_su,TP HCM,3,41.0
KH01283,40.0,46.9,37.6,bac_si,Da Nang,17,78.0
KH01284,20.0,10.1,5.5,nhan_vien,Hai Phong,2,62.0
KH01285,28.0,11.0,6.4,nhan_vien,TP HCM,2,49.0
KH01286,39.0,22.2,15.8,ky_su,Da Nang,3,68.0
KH01287,40.0,21.2,10.7,ky_su,TP HCM,4,47.0
KH01288,18.0,15.8,5.9,giao_vien,TP HCM,2,35.0
KH01289,44.0,20.2,11.7,nhan_vien,Ha Noi,6,61.0
KH01290,58.0,15.4,4.6,ky_su,Ha Noi,0,26.0
KH01291,25.0,20.2,16.8,kinh_doanh,TP HCM,0,77.0
KH01292,43.0,6.3,2.7,nhan_vien,TP HCM,2,40.0
KH01293,34.0,36.2,26.7,bac_si,Da Nang,7,76.0
KH01294,41.0,7.6,3.6,nhan_vien,TP HCM,1,53.0
KH01295,28.0,16.9,8.4,kinh_doanh,TP HCM,2,55.0
KH01296,33.0,33.7,24.4,kinh_doanh,TP HCM,8,63.0
KH01297,47.0,7.5,4.9,nhan_vien,TP HCM,2,72.0
KH01298,18.0,13.5,10.3,nhan_vien,Hai Phong,5,80.0
KH01299,18.0,29.2,21.0,ky_su,Da Nang,0,58.0
KH01300,51.0,17.4,13.2,kinh_doanh,Da Nang,4,65.0
KH01301,33.0,27.7,17.1,ky_su,Da Nang,5,61.0
KH01302,41.0,12.7,8.8,nhan_vien,TP HCM,1,67.0
KH01303,43.0,12.3,3.2,nhan_vien,Da Nang,1,28.0
KH01304,36.0,19.0,13.0,nhan_vien,Can Tho,4,60.0
KH01305,31.0,22.3,15.9,kinh_doanh,Ha Noi,2,65.0
KH01306,24.0,9.7,8.6,nhan_vien,TP HCM,0,98.0
KH01307,39.0,13.9,12.5,bac_si,TP HCM,1,100.0
KH01308,42.0,6.0,1.7,sinh_vien,Ha Noi,0,23.0
KH01309,34.0,43.6,20.0,bac_si,Hai Phong,0,52.0
KH01310,32.0,17.8,8.0,bac_si,TP HCM,1,46.0
KH01311,54.0,16.3,12.2,nhan_vien,Can Tho,4,60.0
KH01312,37.0,18.8,14.1,nhan_vien,TP HCM,4,79.0
KH01313,36.0,21.1,8.4,nhan_vien,Ha Noi,0,38.0
KH01314,18.0,5.6,1.0,sinh_vien,Ha Noi,0,21.0
KH01315,18.0,24.3,7.4,nhan_vien,Can Tho,1,27.0
KH01316,43.0,34.5,24.0,giao_vien,Can Tho,6,70.0
KH01317,38.0,18.6,14.9,nhan_vien,Da Nang,5,92.0
KH01318,48.0,15.6,9.6,ky_su,TP HCM,2,57.0
KH01319,37.0,43.5,19.3,kinh_doanh,TP HCM,3,49.0
KH01320,31.0,9.9,7.3,nhan_vien,TP HCM,1,71.0
KH01321,36.0,29.8,15.2,ky_su,TP HCM,1,42.0
KH01322,55.0,9.8,4.3,giao_vien,TP HCM,0,42.0
KH01323,43.0,10.9,2.8,nhan_vien,Ha Noi,1,25.0
KH01324,36.0,8.3,0.8,sinh_vien,Ha Noi,1,10.0
KH01325,20.0,25.3,13.4,nhan_vien,Da Nang,2,53.0
KH01326,36.0,20.2,12.8,nhan_vien,TP HCM,1,59.0
KH01327,35.0,10.3,5.7,nhan_vien,Hai Phong,1,56.0
KH01328,34.0,16.0,13.3,nhan_vien,Can Tho,0,69.0
KH01329,41.0,56.9,32.4,ky_su,Da Nang,13,68.0
KH01330,24.0,13.1,7.1,giao_vien,TP HCM,3,54.0
KH01331,37.0,53.1,28.3,kinh_doanh,Ha Noi,9,45.0
KH01332,20.0,14.6,12.5,nhan_vien,Ha Noi,3,88.0
KH01333,37.0,2.8,0.5,sinh_vien,TP HCM,0,15.0
KH01334,39.0,12.0,5.4,kinh_doanh,Ha Noi,2,38.0
KH01335,39.0,3.8,2.6,sinh_vien,Ha Noi,0,78.0
KH01336,57.0,11.1,6.9,kinh_doanh,Hai Phong,5,50.0
KH01337,38.0,39.3,24.2,kinh_doanh,TP HCM,7,71.0
KH01338,47.0,11.3,8.5,nhan_vien,Can Tho,1,73.0
KH01339,32.0,18.2,15.7,ky_su,TP HCM,3,92.0
KH01340,18.0,83.1,43.4,kinh_doanh,TP HCM,10,60.0
KH01341,39.0,23.1,13.1,nhan_vien,Ha Noi,3,52.0
KH01342,40.0,12.2,5.3,nhan_vien,TP HCM,1,43.0
KH01343,55.0,14.3,6.4,nhan_vien,TP HCM,1,42.0
KH01344,40.0,22.2,12.8,ky_su,Hai Phong,5,68.0
KH01345,48.0,19.3,12.7,ky_su,TP HCM,2,57.0
KH01346,41.0,25.1,19.0,kinh_doanh,Hai Phong,5,90.0
KH01347,38.0,58.4,41.8,nhan_vien,Ha Noi,10,78.0
KH01348,47.0,34.5,17.6,bac_si,Ha Noi,6,54.0
KH01349,46.0,42.3,25.3,kinh_doanh,Ha Noi,5,67.0
KH01350,35.0,8.4,6.9,ky_su,Can Tho,2,94.0
KH01351,31.0,16.4,14.3,giao_vien,TP HCM,1,100.0
KH01352,32.0,3.2,0.5,sinh_vien,Hai Phong,0,18.0
KH01353,28.0,35.7,18.9,kinh_doanh,TP HCM,3,48.0
KH01354,50.0,33.1,23.4,ky_su,Da Nang,5,71.0
KH01355,18.0,15.9,7.6,kinh_doanh,Ha Noi,2,48.0
KH01356,29.0,11.3,5.8,kinh_doanh,Hai Phong,2,45.0
KH01357,20.0,46.1,34.7,bac_si,Da Nang,12,62.0
KH01358,57.0,35.7,30.2,nhan_vien,TP HCM,6,90.0
KH01359,42.0,5.7,2.9,giao_vien,TP HCM,0,51.0
KH01360,39.0,8.1,2.7,giao_vien,Hai Phong,1,35.0
KH01361,39.0,33.6,14.9,kinh_doanh,Hai Phong,4,50.0
KH01362,45.0,17.0,7.9,ky_su,Hai Phong,2,48.0
KH01363,37.0,33.1,15.9,kinh_doanh,TP HCM,3,43.0
KH01364,49.0,21.0,11.3,nhan_vien,TP HCM,3,52.0
KH01365,47.0,10.2,2.2,nhan_vien,Ha Noi,0,23.0
KH01366,23.0,22.5,15.2,nhan_vien,Can Tho,3,69.0
KH01367,48.0,25.0,20.5,kinh_doanh,Ha Noi,10,95.0
KH01368,46.0,28.1,9.1,ky_su,Hai Phong,5,36.0
KH01369,18.0,20.2,8.9,ky_su,TP HCM,2,42.0
KH01370,35.0,9.0,5.4,sinh_vien,Can Tho,3,64.0
KH01371,31.0,59.5,45.2,bac_si,Ha Noi,12,65.0
KH01372,39.0,11.8,8.6,nhan_vien,TP HCM,0,71.0
KH01373,34.0,7.7,5.9,nhan_vien,TP HCM,2,64.0
KH01374,29.0,6.7,5.0,giao_vien,Ha Noi,1,68.0
KH01375,33.0,10.7,4.9,giao_vien,TP HCM,2,47.0
KH01376,34.0,17.8,15.7,kinh_doanh,Hai Phong,1,87.0
KH01377,39.0,18.0,7.1,nhan_vien,TP HCM,2,46.0
KH01378,22.0,25.6,16.3,ky_su,Da Nang,5,58.0
KH01379,27.0,25.9,7.6,bac_si,Ha Noi,0,27.0
KH01380,50.0,24.6,11.2,kinh_doanh,Can Tho,3,50.0
KH01381,26.0,32.3,19.2,ky_su,TP HCM,5,57.0
KH01382,26.0,24.0,9.0,ky_su,Ha Noi,5,36.0
KH01383,41.0,19.8,10.5,ky_su,TP HCM,2,53.0
KH01384,22.0,42.1,26.6,kinh_doanh,Ha Noi,6,71.0
KH01385,26.0,18.9,12.7,nhan_vien,Ha Noi,5,77.0
KH01386,49.0,4.6,5.1,nhan_vien,TP HCM,2,100.0
KH01387,41.0,45.8,17.7,kinh_doanh,TP HCM,6,43.0
KH01388,23.0,2.7,2.4,sinh_vien,Ha Noi,1,73.0
KH01389,43.0,19.9,14.6,kinh_doanh,TP HCM,4,70.0
KH01390,33.0,17.0,14.2,nhan_vien,TP HCM,5,77.0
KH01391,18.0,12.5,11.2,giao_vien,TP HCM,1,86.0
KH01392,35.0,13.8,5.4,nhan_vien,Da Nang,0,44.0
KH01393,29.0,14.4,7.0,giao_vien,TP HCM,0,50.0
KH01394,32.0,20.4,14.4,ky_su,Can Tho,3,65.0
KH01395,20.0,37.3,32.0,kinh_doanh,Can Tho,12,91.0
KH01396,23.0,17.0,9.3,giao_vien,Ha Noi,3,45.0
KH01397,35.0,18.3,9.0,kinh_doanh,TP HCM,3,43.0
KH01398,53.0,9.7,3.1,giao_vien,Ha Noi,0,34.0
KH01399,34.0,11.3,5.0,giao_vien,Ha Noi,4,40.0
KH01400,58.0,10.3,6.0,nhan_vien,TP HCM,3,65.0
KH01401,24.0,36.1,20.9,kinh_doanh,TP HCM,4,66.0
KH01402,31.0,21.6,17.6,ky_su,Ha Noi,3,65.0
KH01403,23.0,14.6,7.2,nhan_vien,Da Nang,2,56.0
KH01404,23.0,35.3,16.9,kinh_doanh,Ha Noi,5,49.0
KH01405,34.0,21.4,10.6,ky_su,TP HCM,0,55.0
KH01406,18.0,16.2,9.5,kinh_doanh,TP HCM,1,58.0
KH01407,41.0,2.6,2.6,sinh_vien,TP HCM,0,90.0
KH01408,33.0,13.6,10.9,kinh_doanh,TP HCM,4,75.0
KH01409,32.0,58.9,38.1,kinh_doanh,Ha Noi,7,61.0
KH01410,41.0,16.3,10.7,giao_vien,Ha Noi,1,63.0
KH01411,51.0,21.7,16.8,ky_su,TP HCM,3,70.0
KH01412,33.0,19.4,11.3,nhan_vien,Ha Noi,2,56.0
KH01413,26.0,13.4,10.9,ky_su,Ha Noi,1,74.0
KH01414,32.0,31.0,9.9,kinh_doanh,TP HCM,2,30.0
KH01415,39.0,30.5,22.8,bac_si,Da Nang,8,66.0
KH01416,30.0,20.3,10.3,bac_si,Ha Noi,2,44.0
KH01417,27.0,16.5,8.7,ky_su,TP HCM,3,46.0
KH01418,57.0,3.2,1.4,sinh_vien,TP HCM,1,48.0
KH01419,19.0,7.7,4.1,giao_vien,Ha Noi,2,54.0
KH01420,53.0,15.6,10.1,nhan_vien,TP HCM,2,60.0
KH01421,40.0,13.4,3.5,nhan_vien,Ha Noi,0,21.0
KH01422,33.0,4.8,1.3,sinh_vien,TP HCM,0,27.0
KH01423,28.0,36.0,29.5,ky_su,Can Tho,5,95.0
KH01424,60.0,30.1,9.1,bac_si,TP HCM,1,33.0
KH01425,31.0,24.9,21.4,bac_si,Can Tho,12,87.0
KH01426,51.0,20.6,10.3,ky_su,Ha Noi,2,55.0
KH01427,38.0,4.8,1.5,giao_vien,TP HCM,0,37.0
KH01428,18.0,11.9,5.9,giao_vien,Can Tho,1,55.0
KH01429,27.0,26.0,9.5,ky_su,Ha Noi,0,41.0
KH01430,45.0,3.7,3.2,sinh_vien,Ha Noi,1,88.0
KH01431,40.0,17.2,14.6,giao_vien,TP HCM,3,97.0
KH01432,22.0,8.9,3.9,nhan_vien,Da Nang,0,40.0
KH01433,24.0,11.1,4.7,nhan_vien,TP HCM,1,38.0
KH01434,23.0,13.0,7.3,giao_vien,TP HCM,1,63.0
KH01435,26.0,16.9,12.8,kinh_doanh,TP HCM,3,86.0
KH01436,18.0,23.7,13.8,ky_su,Ha Noi,1,65.0
KH01437,37.0,6.9,3.4,sinh_vien,Ha Noi,3,51.0
KH01438,26.0,45.6,19.6,bac_si,Ha Noi,3,45.0
KH01439,33.0,16.1,9.8,ky_su,Can Tho,0,57.0
KH01440,28.0,15.0,11.9,nhan_vien,Da Nang,3,83.0
KH01441,29.0,14.6,12.7,ky_su,TP HCM,3,78.0
KH01442,31.0,23.3,21.4,ky_su,Da Nang,1,100.0
KH01443,22.0,2.2,3.0,sinh_vien,Can Tho,1,100.0
KH01444,32.0,14.8,5.9,giao_vien,Can Tho,1,45.0
KH01445,31.0,21.1,11.0,kinh_doanh,Can Tho,3,62.0
KH01446,38.0,11.2,2.0,ky_su,TP HCM,2,17.0
KH01447,26.0,10.1,4.5,nhan_vien,TP HCM,1,50.0
KH01448,30.0,24.8,11.8,nhan_vien,Can Tho,2,54.0
KH01449,38.0,19.8,9.1,giao_vien,Ha Noi,1,53.0
KH01450,56.0,13.3,0.8,kinh_doanh,Hai Phong,0,6.0
KH01451,24.0,9.7,8.1,ky_su,TP HCM,1,93.0
KH01452,30.0,13.9,7.9,ky_su,Hai Phong,3,67.0
KH01453,18.0,6.5,1.4,sinh_vien,TP HCM,0,20.0
KH01454,26.0,32.8,11.7,ky_su,Ha Noi,1,32.0
KH01455,24.0,5.5,3.8,sinh_vien,Hai Phong,0,71.0
KH01456,27.0,15.8,13.0,nhan_vien,Ha Noi,1,82.0
KH01457,39.0,16.7,8.1,kinh_doanh,TP HCM,3,55.0
KH01458,34.0,12.8,10.0,giao_vien,TP HCM,4,65.0
KH01459,44.0,8.7,3.9,nhan_vien,TP HCM,0,46.0
KH01460,30.0,9.3,5.8,sinh_vien,Ha Noi,1,73.0
KH01461,45.0,2.3,1.7,sinh_vien,Hai Phong,0,64.0
KH01462,38.0,21.8,19.8,giao_vien,TP HCM,5,100.0
KH01463,51.0,31.0,21.5,kinh_doanh,Ha Noi,0,77.0
KH01464,51.0,6.0,4.0,sinh_vien,Ha Noi,4,57.0
KH01465,18.0,22.9,8.8,bac_si,TP HCM,1,43.0
KH01466,52.0,40.6,18.5,ky_su,Hai Phong,7,54.0
KH01467,50.0,32.6,26.7,bac_si,TP HCM,6,81.0
KH01468,37.0,15.9,5.8,nhan_vien,Ha Noi,1,36.0
KH01469,31.0,9.9,6.8,giao_vien,TP HCM,4,64.0
KH01470,30.0,24.6,12.0,nhan_vien,Da Nang,1,40.0
KH01471,39.0,7.4,6.0,sinh_vien,Da Nang,1,81.0
KH01472,37.0,11.1,3.4,nhan_vien,Can Tho,0,31.0
KH01473,29.0,23.2,16.2,giao_vien,Ha Noi,3,74.0
KH01474,18.0,21.3,12.5,ky_su,TP HCM,2,52.0
KH01475,34.0,27.2,17.5,bac_si,Ha Noi,9,72.0
KH01476,59.0,51.2,23.1,ky_su,TP HCM,11,52.0
KH01477,38.0,22.9,12.2,giao_vien,TP HCM,6,51.0
KH01478,32.0,10.6,4.2,nhan_vien,TP HCM,3,36.0
KH01479,41.0,32.5,23.4,bac_si,TP HCM,7,75.0
KH01480,38.0,22.9,18.3,giao_vien,Da Nang,3,74.0
KH01481,47.0,23.5,14.1,nhan_vien,TP HCM,1,61.0
KH01482,28.0,18.4,16.2,giao_vien,TP HCM,4,78.0
KH01483,50.0,29.0,22.9,ky_su,Da Nang,6,95.0
KH01484,32.0,2.9,3.7,sinh_vien,Ha Noi,1,100.0
KH01485,38.0,9.9,6.6,nhan_vien,TP HCM,3,64.0
KH01486,29.0,10.2,5.1,giao_vien,Ha Noi,0,53.0
KH01487,31.0,23.4,18.1,bac_si,TP HCM,6,80.0
KH01488,37.0,16.8,11.0,nhan_vien,Can Tho,2,53.0
KH01489,40.0,10.1,2.4,giao_vien,TP HCM,0,27.0
KH01490,34.0,22.3,14.3,nhan_vien,Ha Noi,3,73.0
KH01491,49.0,14.1,14.0,kinh_doanh,TP HCM,4,84.0
KH01492,43.0,2.5,0.5,sinh_vien,TP HCM,0,23.0
KH01493,43.0,10.2,3.6,nhan_vien,Ha Noi,1,33.0
KH01494,34.0,44.6,27.8,kinh_doanh,TP HCM,9,61.0
KH01495,27.0,11.2,4.1,nhan_vien,Ha Noi,1,30.0
KH01496,54.0,18.1,3.9,kinh_doanh,Can Tho,1,21.0
KH01497,22.0,5.8,2.8,sinh_vien,TP HCM,1,39.0
KH01498,23.0,5.8,3.8,sinh_vien,Can Tho,0,71.0
KH01499,20.0,10.3,5.0,nhan_vien,Ha Noi,0,49.0
KH01500,36.0,16.5,13.2,nhan_vien,Ha Noi,4,78.0
KH01501,34.0,2.3,0.5,sinh_vien,Ha Noi,1,21.0
KH01502,28.0,16.8,11.5,kinh_doanh,Ha Noi,6,62.0
KH01503,41.0,11.8,5.4,nhan_vien,TP HCM,3,50.0
KH01504,22.0,54.1,34.4,kinh_doanh,Can Tho,6,72.0
KH01505,23.0,29.9,22.2,nhan_vien,Can Tho,4,81.0
KH01506,33.0,10.1,7.1,giao_vien,Ha Noi,3,76.0
KH01507,28.0,10.5,4.0,kinh_doanh,Hai Phong,0,44.0
KH01508,45.0,27.5,16.7,ky_su,Ha Noi,6,65.0
KH01509,20.0,9.2,4.9,giao_vien,TP HCM,1,63.0
KH01510,45.0,15.8,9.5,nhan_vien,TP HCM,1,69.0
KH01511,37.0,4.2,1.2,nhan_vien,TP HCM,0,24.0
KH01512,48.0,18.2,9.9,ky_su,Da Nang,1,45.0
KH01513,55.0,30.1,20.6,bac_si,TP HCM,4,65.0
KH01514,37.0,10.8,6.5,giao_vien,Da Nang,3,53.0
KH01515,68.0,19.8,7.7,bac_si,TP HCM,0,39.0
KH01516,34.0,25.3,20.3,giao_vien,Ha Noi,2,82.0
KH01517,30.0,41.0,25.8,kinh_doanh,TP HCM,6,70.0
KH01518,29.0,39.4,35.7,kinh_doanh,TP HCM,12,83.0
KH01519,33.0,20.6,18.4,nhan_vien,Hai Phong,0,100.0
KH01520,28.0,43.8,21.2,ky_su,TP HCM,6,51.0
KH01521,33.0,7.2,2.6,kinh_doanh,Ha Noi,1,39.0
KH01522,21.0,31.2,15.1,nhan_vien,Da Nang,4,54.0
KH01523,40.0,18.3,8.9,nhan_vien,TP HCM,2,54.0
KH01524,31.0,22.9,11.1,kinh_doanh,Can Tho,1,41.0
KH01525,37.0,22.5,15.6,giao_vien,TP HCM,6,56.0
KH01526,33.0,36.9,29.2,nhan_vien,Ha Noi,6,66.0
KH01527,23.0,49.0,40.2,kinh_doanh,Ha Noi,12,97.0
KH01528,44.0,17.4,13.5,nhan_vien,TP HCM,2,64.0
KH01529,38.0,15.6,13.0,ky_su,TP HCM,2,70.0
KH01530,22.0,8.8,3.1,kinh_doanh,Da Nang,2,34.0
KH01531,40.0,5.2,4.2,giao_vien,Da Nang,1,89.0
KH01532,60.0,4.0,2.6,sinh_vien,TP HCM,2,68.0
KH01533,48.0,9.7,2.2,giao_vien,Hai Phong,0,26.0
KH01534,38.0,14.6,6.4,nhan_vien,Can Tho,2,41.0
KH01535,47.0,12.5,7.9,kinh_doanh,TP HCM,2,75.0
KH01536,36.0,18.8,9.6,giao_vien,Ha Noi,2,48.0
KH01537,27.0,14.3,6.5,nhan_vien,TP HCM,1,47.0
KH01538,56.0,6.0,0.5,sinh_vien,Ha Noi,0,9.0
KH01539,26.0,10.2,5.3,nhan_vien,Da Nang,3,61.0
KH01540,40.0,29.2,19.0,nhan_vien,Ha Noi,2,63.0
KH01541,33.0,21.3,15.5,kinh_doanh,Can Tho,5,79.0
KH01542,47.0,34.0,27.3,ky_su,Ha Noi,6,71.0
KH01543,30.0,7.3,0.8,nhan_vien,Ha Noi,0,9.0
KH01544,23.0,23.6,16.1,nhan_vien,TP HCM,7,56.0
KH01545,56.0,5.9,1.8,sinh_vien,Ha Noi,1,31.0
KH01546,54.0,31.4,18.3,ky_su,TP HCM,4,63.0
KH01547,37.0,31.4,18.2,ky_su,TP HCM,3,63.0
KH01548,46.0,9.6,6.3,giao_vien,TP HCM,0,63.0
KH01549,26.0,7.4,6.4,giao_vien,Ha Noi,2,95.0
KH01550,40.0,13.6,11.2,nhan_vien,Can Tho,3,76.0
KH01551,34.0,22.2,9.3,kinh_doanh,Da Nang,4,42.0
KH01552,47.0,61.5,21.3,kinh_doanh,TP HCM,6,35.0
KH01553,21.0,23.8,20.8,nhan_vien,Da Nang,13,70.0
KH01554,41.0,37.5,31.3,nhan_vien,TP HCM,1,96.0
KH01555,18.0,27.0,13.5,nhan_vien,TP HCM,1,58.0
KH01556,25.0,19.2,12.3,nhan_vien,Da Nang,2,57.0
KH01557,31.0,29.7,10.4,kinh_doanh,TP HCM,0,37.0
KH01558,23.0,29.9,23.8,bac_si,TP HCM,4,92.0
KH01559,38.0,4.1,3.2,sinh_vien,TP HCM,0,64.0
KH01560,37.0,13.8,6.0,giao_vien,TP HCM,0,50.0
KH01561,49.0,23.1,15.4,ky_su,Can Tho,4,62.0
KH01562,26.0,19.6,16.1,kinh_doanh,TP HCM,7,70.0
KH01563,26.0,11.1,6.5,nhan_vien,Ha Noi,0,55.0
KH01564,52.0,10.1,5.8,nhan_vien,Hai Phong,1,57.0
KH01565,33.0,7.7,5.5,sinh_vien,TP HCM,2,70.0
KH01566,42.0,6.1,6.2,ky_su,Hai Phong,1,92.0
KH01567,49.0,19.9,8.1,nhan_vien,Da Nang,2,47.0
KH01568,50.0,18.0,9.5,nhan_vien,Ha Noi,1,44.0
KH01569,47.0,18.9,13.0,giao_vien,Ha Noi,0,66.0
KH01570,28.0,30.0,18.5,bac_si,Can Tho,6,66.0
KH01571,60.0,4.7,3.9,giao_vien,TP HCM,2,90.0
KH01572,38.0,7.9,8.1,sinh_vien,Can Tho,3,100.0
KH01573,39.0,20.7,13.4,ky_su,TP HCM,2,62.0
KH01574,33.0,12.4,6.5,giao_vien,TP HCM,1,51.0
KH01575,48.0,18.9,11.1,nhan_vien,TP HCM,2,57.0
KH01576,57.0,8.1,7.3,nhan_vien,Hai Phong,1,85.0
KH01577,38.0,17.2,12.2,ky_su,TP HCM,5,58.0
KH01578,24.0,21.3,13.1,kinh_doanh,TP HCM,3,51.0
KH01579,30.0,33.0,23.2,ky_su,TP HCM,9,70.0
KH01580,21.0,13.3,11.3,nhan_vien,Ha Noi,3,73.0
KH01581,35.0,13.3,13.4,bac_si,Ha Noi,4,86.0
KH01582,39.0,23.1,15.4,bac_si,TP HCM,5,80.0
KH01583,40.0,19.8,7.6,nhan_vien,Da Nang,3,36.0
KH01584,46.0,8.4,8.7,nhan_vien,Hai Phong,3,100.0
KH01585,49.0,52.9,31.3,kinh_doanh,Da Nang,10,60.0
KH01586,41.0,3.4,1.7,sinh_vien,Ha Noi,0,56.0
KH01587,18.0,23.9,11.8,nhan_vien,Ha Noi,2,49.0
KH01588,18.0,25.7,17.7,bac_si,Ha Noi,2,79.0
KH01589,18.0,19.9,12.2,kinh_doanh,Can Tho,1,64.0
KH01590,27.0,60.4,37.7,ky_su,TP HCM,9,55.0
KH01591,43.0,92.5,60.4,bac_si,TP HCM,13,66.0
KH01592,38.0,2.4,3.8,sinh_vien,Can Tho,0,100.0
KH01593,38.0,26.5,14.2,kinh_doanh,Ha Noi,10,62.0
KH01594,31.0,17.0,11.7,kinh_doanh,Da Nang,0,63.0
KH01595,32.0,37.6,16.1,bac_si,Hai Phong,4,35.0
KH01596,38.0,21.3,17.5,ky_su,Ha Noi,7,89.0
KH01597,39.0,31.8,16.4,kinh_doanh,Da Nang,5,47.0
KH01598,30.0,24.8,20.6,bac_si,TP HCM,7,92.0
KH01599,28.0,6.6,4.5,nhan_vien,TP HCM,0,64.0
KH01600,45.0,17.7,13.7,kinh_doanh,TP HCM,2,80.0
KH01601,59.0,30.5,7.4,ky_su,Hai Phong,3,21.0
KH01602,41.0,12.0,8.3,nhan_vien,TP HCM,1,59.0
KH01603,29.0,19.4,11.6,giao_vien,Hai Phong,2,63.0
KH01604,52.0,11.9,6.6,nhan_vien,TP HCM,3,55.0
KH01605,40.0,20.4,11.8,giao_vien,Da Nang,0,47.0
KH01606,24.0,14.1,4.4,nhan_vien,Da Nang,2,34.0
KH01607,35.0,18.3,10.0,bac_si,Da Nang,2,61.0
KH01608,46.0,7.0,3.1,sinh_vien,TP HCM,1,50.0
KH01609,22.0,44.7,28.1,bac_si,Can Tho,9,69.0
KH01610,44.0,16.6,12.7,kinh_doanh,Da Nang,2,88.0
KH01611,49.0,10.9,8.2,nhan_vien,TP HCM,1,73.0
KH01612,45.0,33.6,21.9,nhan_vien,TP HCM,3,55.0
KH01613,42.0,44.1,32.1,ky_su,Can Tho,6,73.0
KH01614,50.0,16.9,11.5,ky_su,Ha Noi,2,62.0
KH01615,43.0,29.3,10.8,nhan_vien,Da Nang,4,39.0
KH01616,30.0,13.9,4.9,ky_su,Can Tho,1,36.0
KH01617,47.0,11.8,9.1,nhan_vien,Hai Phong,3,77.0
KH01618,38.0,14.7,3.2,giao_vien,Ha Noi,0,20.0
KH01619,34.0,35.7,26.7,kinh_doanh,Ha Noi,4,88.0
KH01620,37.0,33.6,18.8,kinh_doanh,Hai Phong,4,57.0
KH01621,21.0,12.3,11.0,giao_vien,TP HCM,3,89.0
KH01622,27.0,32.3,17.7,giao_vien,TP HCM,2,52.0
KH01623,29.0,20.0,8.0,kinh_doanh,Da Nang,2,45.0
KH01624,33.0,6.0,2.1,nhan_vien,TP HCM,0,40.0
KH01625,36.0,12.6,7.3,nhan_vien,Ha Noi,1,60.0
KH01626,19.0,5.0,2.2,sinh_vien,TP HCM,1,37.0
KH01627,36.0,13.8,9.9,nhan_vien,Ha Noi,6,58.0
KH01628,31.0,19.8,11.3,nhan_vien,TP HCM,2,65.0
KH01629,34.0,21.2,8.8,nhan_vien,Ha Noi,3,39.0
KH01630,23.0,16.4,7.6,nhan_vien,Ha Noi,1,38.0
KH01631,48.0,11.0,7.7,ky_su,Ha Noi,1,60.0
KH01632,21.0,23.0,16.1,kinh_doanh,Can Tho,1,62.0
KH01633,43.0,18.6,9.2,ky_su,TP HCM,1,46.0
KH01634,27.0,9.1,8.4,nhan_vien,TP HCM,1,100.0
KH01635,60.0,56.0,46.7,kinh_doanh,TP HCM,12,94.0
KH01636,42.0,15.9,8.5,ky_su,Da Nang,2,51.0
KH01637,40.0,25.8,15.6,ky_su,TP HCM,3,56.0
KH01638,39.0,45.5,19.5,bac_si,TP HCM,4,40.0
KH01639,29.0,15.5,7.1,giao_vien,TP HCM,4,46.0
KH01640,53.0,6.7,1.5,sinh_vien,Ha Noi,1,26.0
KH01641,27.0,15.8,9.3,nhan_vien,Ha Noi,2,56.0
KH01642,32.0,9.6,8.5,giao_vien,TP HCM,2,81.0
KH01643,22.0,30.7,19.6,giao_vien,TP HCM,4,65.0
KH01644,43.0,10.5,6.5,sinh_vien,Hai Phong,1,50.0
KH01645,27.0,34.4,14.2,bac_si,TP HCM,3,44.0
KH01646,31.0,10.7,4.9,nhan_vien,TP HCM,1,54.0
KH01647,20.0,12.8,9.8,giao_vien,Ha Noi,3,81.0
KH01648,43.0,2.5,2.7,sinh_vien,Hai Phong,0,100.0
KH01649,39.0,32.0,11.5,kinh_doanh,TP HCM,3,37.0
KH01650,39.0,22.0,9.5,nhan_vien,Can Tho,4,49.0
KH01651,42.0,7.7,3.0,nhan_vien,TP HCM,0,31.0
KH01652,23.0,10.9,9.8,nhan_vien,Ha Noi,1,91.0
KH01653,61.0,38.4,29.7,bac_si,TP HCM,6,69.0
KH01654,29.0,21.8,14.5,ky_su,Hai Phong,3,66.0
KH01655,28.0,5.5,3.5,sinh_vien,TP HCM,0,54.0
KH01656,42.0,14.2,5.6,bac_si,Ha Noi,1,39.0
KH01657,57.0,16.8,9.2,giao_vien,Ha Noi,4,48.0
KH01658,36.0,38.3,23.9,ky_su,Ha Noi,6,71.0
KH01659,33.0,20.7,9.2,nhan_vien,TP HCM,3,40.0
KH01660,36.0,16.5,8.9,nhan_vien,Can Tho,0,44.0
KH01661,18.0,17.1,11.1,ky_su,Ha Noi,3,77.0
KH01662,34.0,12.9,9.5,kinh_doanh,Ha Noi,2,81.0
KH01663,45.0,12.2,6.1,nhan_vien,Ha Noi,1,60.0
KH01664,38.0,13.0,6.2,ky_su,TP HCM,0,53.0
KH01665,39.0,19.7,8.9,ky_su,Ha Noi,1,54.0
KH01666,31.0,20.9,17.7,nhan_vien,Ha Noi,4,98.0
KH01667,44.0,21.6,18.6,ky_su,Can Tho,6,90.0
KH01668,27.0,24.7,18.2,giao_vien,Ha Noi,9,84.0
KH01669,45.0,46.2,30.3,kinh_doanh,TP HCM,2,53.0
KH01670,54.0,23.3,8.4,giao_vien,TP HCM,4,43.0
KH01671,43.0,10.8,9.9,nhan_vien,Hai Phong,0,100.0
KH01672,41.0,21.6,10.2,bac_si,TP HCM,6,49.0
KH01673,45.0,32.0,13.8,kinh_doanh,Da Nang,7,42.0
KH01674,37.0,26.7,17.7,ky_su,TP HCM,9,70.0
KH01675,30.0,27.2,19.9,ky_su,TP HCM,4,74.0
KH01676,59.0,39.0,25.8,ky_su,Can Tho,5,75.0
KH01677,50.0,40.2,19.6,nhan_vien,Ha Noi,4,57.0
KH01678,50.0,102.0,42.4,kinh_doanh,Ha Noi,13,46.0
KH01679,41.0,8.0,6.4,nhan_vien,TP HCM,1,77.0
KH01680,48.0,12.3,6.3,ky_su,Ha Noi,0,46.0
KH01681,47.0,14.2,4.6,kinh_doanh,Ha Noi,1,36.0
KH01682,42.0,23.6,16.8,kinh_doanh,TP HCM,6,74.0
KH01683,24.0,9.3,5.7,sinh_vien,TP HCM,1,60.0
KH01684,23.0,24.7,17.0,nhan_vien,Ha Noi,8,55.0
KH01685,39.0,13.7,4.3,giao_vien,Ha Noi,1,31.0
KH01686,40.0,21.1,13.8,nhan_vien,TP HCM,4,60.0
KH01687,57.0,11.7,8.1,ky_su,Hai Phong,2,57.0
KH01688,29.0,25.0,13.0,bac_si,Da Nang,4,42.0
KH01689,32.0,19.5,17.5,nhan_vien,TP HCM,1,86.0
KH01690,22.0,21.6,8.2,bac_si,Ha Noi,2,43.0
KH01691,22.0,4.6,2.8,sinh_vien,Hai Phong,1,71.0
KH01692,54.0,11.2,5.6,bac_si,TP HCM,0,57.0
KH01693,40.0,18.3,14.0,bac_si,TP HCM,3,62.0
KH01694,49.0,8.1,3.5,sinh_vien,Can Tho,1,41.0
KH01695,31.0,29.9,21.2,bac_si,Ha Noi,5,67.0
KH01696,37.0,31.3,10.7,nhan_vien,TP HCM,3,39.0
KH01697,40.0,11.9,8.1,giao_vien,Can Tho,1,75.0
KH01698,31.0,26.4,12.3,ky_su,TP HCM,0,44.0
KH01699,24.0,15.2,9.1,nhan_vien,TP HCM,2,61.0
KH01700,43.0,14.8,6.6,kinh_doanh,TP HCM,1,42.0
KH01701,38.0,25.4,16.9,ky_su,TP HCM,1,63.0
KH01702,35.0,22.3,14.5,nhan_vien,Ha Noi,6,54.0
KH01703,24.0,81.0,43.9,bac_si,Hai Phong,9,49.0
KH01704,29.0,24.4,16.8,kinh_doanh,Hai Phong,5,78.0
KH01705,37.0,21.3,15.9,nhan_vien,Ha Noi,3,73.0
KH01706,43.0,37.9,14.0,giao_vien,Da Nang,2,39.0
KH01707,18.0,24.1,10.6,ky_su,Ha Noi,8,45.0
KH01708,31.0,15.8,5.4,giao_vien,TP HCM,2,33.0
KH01709,34.0,21.3,16.5,giao_vien,Hai Phong,5,81.0
KH01710,29.0,11.9,9.3,giao_vien,Ha Noi,1,85.0
KH01711,42.0,14.7,10.5,nhan_vien,TP HCM,2,58.0
KH01712,39.0,21.2,9.5,kinh_doanh,TP HCM,2,52.0
KH01713,29.0,20.3,8.3,bac_si,Ha Noi,1,49.0
KH01714,21.0,5.1,2.3,sinh_vien,TP HCM,1,52.0
KH01715,65.0,32.9,18.8,ky_su,Da Nang,5,53.0
KH01716,23.0,56.7,28.8,kinh_doanh,TP HCM,9,53.0
KH01717,49.0,15.1,11.2,nhan_vien,Da Nang,8,65.0
KH01718,27.0,16.7,12.6,kinh_doanh,Da Nang,1,70.0
KH01719,30.0,3.5,3.0,giao_vien,Ha Noi,0,75.0
KH01720,28.0,13.6,10.4,nhan_vien,Ha Noi,2,89.0
KH01721,60.0,7.4,3.3,bac_si,Hai Phong,0,41.0
KH01722,53.0,16.4,6.0,bac_si,Can Tho,0,36.0
KH01723,31.0,6.1,1.3,nhan_vien,Can Tho,1,18.0
KH01724,41.0,15.1,7.7,bac_si,Ha Noi,1,43.0
KH01725,29.0,17.3,9.5,giao_vien,Can Tho,0,60.0
KH01726,50.0,8.7,5.5,nhan_vien,Ha Noi,1,62.0
KH01727,44.0,33.9,13.3,ky_su,Can Tho,1,44.0
KH01728,36.0,43.9,20.9,kinh_doanh,Hai Phong,4,43.0
KH01729,18.0,13.7,8.8,nhan_vien,Ha Noi,2,52.0
KH01730,39.0,32.5,26.6,bac_si,TP HCM,6,72.0
KH01731,35.0,21.1,7.4,kinh_doanh,TP HCM,1,33.0
KH01732,40.0,21.7,16.4,ky_su,Can Tho,3,66.0
KH01733,32.0,31.1,22.8,kinh_doanh,Da Nang,7,59.0
KH01734,33.0,15.0,13.9,bac_si,Da Nang,3,100.0
KH01735,24.0,20.1,17.2,kinh_doanh,Hai Phong,7,79.0
KH01736,28.0,10.1,4.2,nhan_vien,TP HCM,0,42.0
KH01737,29.0,8.9,7.4,ky_su,Ha Noi,3,80.0
KH01738,30.0,11.5,3.9,nhan_vien,Hai Phong,2,30.0
KH01739,21.0,10.9,1.1,nhan_vien,Hai Phong,1,11.0
KH01740,53.0,26.1,19.0,ky_su,Ha Noi,8,60.0
KH01741,48.0,16.2,8.9,nhan_vien,TP HCM,5,59.0
KH01742,39.0,23.8,12.2,ky_su,TP HCM,4,60.0
KH01743,41.0,21.5,16.4,nhan_vien,Can Tho,1,76.0
KH01744,37.0,9.9,3.5,nhan_vien,Hai Phong,2,37.0
KH01745,24.0,11.7,7.8,ky_su,Can Tho,1,72.0
KH01746,41.0,11.8,9.3,nhan_vien,Can Tho,5,94.0
KH01747,32.0,12.8,6.1,giao_vien,TP HCM,2,45.0
KH01748,61.0,3.5,4.8,sinh_vien,TP HCM,1,100.0
KH01749,38.0,24.8,15.5,kinh_doanh,Da Nang,8,58.0
KH01750,18.0,12.3,4.4,bac_si,Ha Noi,0,37.0
KH01751,33.0,12.8,4.6,nhan_vien,Can Tho,0,29.0
KH01752,55.0,22.1,8.1,kinh_doanh,Da Nang,3,44.0
KH01753,35.0,52.0,25.4,kinh_doanh,Ha Noi,5,47.0
KH01754,39.0,15.1,7.7,nhan_vien,TP HCM,2,42.0
KH01755,19.0,19.4,9.5,kinh_doanh,TP HCM,3,52.0
KH01756,29.0,33.6,21.1,kinh_doanh,TP HCM,10,52.0
KH01757,33.0,17.9,12.6,ky_su,TP HCM,5,83.0
KH01758,36.0,22.7,10.6,nhan_vien,Ha Noi,4,40.0
KH01759,41.0,13.4,5.4,nhan_vien,Ha Noi,0,35.0
KH01760,46.0,9.6,5.3,giao_vien,Ha Noi,0,54.0
KH01761,45.0,14.1,7.1,nhan_vien,TP HCM,2,53.0
KH01762,39.0,51.4,43.7,bac_si,TP HCM,12,93.0
KH01763,34.0,21.4,11.6,nhan_vien,Ha Noi,3,54.0
KH01764,49.0,50.6,35.7,kinh_doanh,TP HCM,5,79.0
KH01765,49.0,49.1,24.6,ky_su,Da Nang,5,49.0
KH01766,26.0,9.3,1.1,giao_vien,TP HCM,0,13.0
KH01767,37.0,13.6,7.6,giao_vien,Ha Noi,4,67.0
KH01768,32.0,25.5,15.2,ky_su,TP HCM,4,63.0
KH01769,27.0,73.1,63.6,ky_su,Ha Noi,17,89.0
KH01770,33.0,31.0,13.5,ky_su,TP HCM,2,50.0
KH01771,35.0,15.7,10.6,giao_vien,TP HCM,2,70.0
KH01772,59.0,10.7,5.4,giao_vien,Da Nang,0,50.0
KH01773,45.0,37.3,27.9,ky_su,Can Tho,4,81.0
KH01774,42.0,18.0,11.7,nhan_vien,Can Tho,4,63.0
KH01775,35.0,38.0,26.0,bac_si,TP HCM,6,76.0
KH01776,38.0,5.7,0.5,nhan_vien,Ha Noi,0,10.0
KH01777,25.0,16.2,13.1,nhan_vien,TP HCM,3,92.0
KH01778,18.0,16.4,7.2,giao_vien,Can Tho,2,45.0
KH01779,21.0,19.7,16.0,giao_vien,Ha Noi,5,89.0
KH01780,33.0,4.4,5.7,sinh_vien,Ha Noi,0,100.0
KH01781,49.0,10.0,5.1,giao_vien,TP HCM,1,59.0
KH01782,18.0,15.9,10.9,ky_su,Ha Noi,5,55.0
KH01783,42.0,16.0,10.9,nhan_vien,TP HCM,2,68.0
KH01784,21.0,17.5,17.5,giao_vien,Ha Noi,5,96.0
KH01785,54.0,10.9,5.5,giao_vien,Hai Phong,0,47.0
KH01786,18.0,20.6,9.3,bac_si,TP HCM,3,42.0
KH01787,33.0,24.3,14.4,ky_su,Ha Noi,5,69.0
KH01788,31.0,19.3,14.7,giao_vien,Da Nang,2,82.0
KH01789,20.0,6.1,2.9,sinh_vien,Hai Phong,0,46.0
KH01790,25.0,18.0,7.4,nhan_vien,Hai Phong,1,38.0
KH01791,28.0,36.4,26.2,bac_si,Ha Noi,4,58.0
KH01792,39.0,9.1,8.8,nhan_vien,TP HCM,5,91.0
KH01793,30.0,21.4,9.8,bac_si,TP HCM,2,45.0
KH01794,37.0,11.5,5.6,ky_su,TP HCM,4,50.0
KH01795,18.0,5.2,6.1,sinh_vien,Ha Noi,2,100.0
KH01796,21.0,19.9,18.0,ky_su,Da Nang,4,81.0
KH01797,47.0,20.0,13.9,ky_su,Ha Noi,6,78.0
KH01798,34.0,18.9,16.1,nhan_vien,Can Tho,4,80.0
KH01799,33.0,9.6,6.3,giao_vien,TP HCM,0,73.0
KH01800,45.0,28.3,24.1,bac_si,Da Nang,7,92.0
KH01801,46.0,17.0,4.6,nhan_vien,Can Tho,3,26.0
KH01802,55.0,14.3,9.5,giao_vien,TP HCM,2,65.0
KH01803,43.0,19.9,16.8,giao_vien,Can Tho,2,83.0
KH01804,28.0,18.8,11.5,nhan_vien,TP HCM,2,68.0
KH01805,44.0,2.5,0.5,sinh_vien,TP HCM,0,21.0
KH01806,29.0,9.9,7.1,nhan_vien,Ha Noi,2,85.0
KH01807,53.0,39.7,20.3,giao_vien,Da Nang,4,57.0
KH01808,29.0,27.0,22.7,kinh_doanh,Ha Noi,6,71.0
KH01809,24.0,32.4,20.5,ky_su,Ha Noi,7,55.0
KH01810,30.0,19.7,9.7,kinh_doanh,Ha Noi,1,43.0
KH01811,31.0,21.5,7.5,kinh_doanh,TP HCM,1,28.0
KH01812,30.0,29.2,19.9,nhan_vien,Ha Noi,5,68.0
KH01813,35.0,31.6,10.7,ky_su,Can Tho,2,28.0
KH01814,28.0,30.4,13.9,ky_su,TP HCM,4,47.0
KH01815,19.0,36.3,14.9,ky_su,TP HCM,7,42.0
KH01816,51.0,32.7,10.3,bac_si,Hai Phong,2,34.0
KH01817,35.0,3.2,1.4,sinh_vien,TP HCM,0,48.0
KH01818,49.0,23.3,8.6,bac_si,Ha Noi,3,37.0
KH01819,33.0,10.8,6.6,nhan_vien,Ha Noi,0,59.0
KH01820,29.0,13.5,10.5,ky_su,TP HCM,3,67.0
KH01821,27.0,24.2,8.7,ky_su,Da Nang,3,35.0
KH01822,41.0,7.5,0.5,giao_vien,TP HCM,0,8.0
KH01823,28.0,24.1,22.2,nhan_vien,TP HCM,8,88.0
KH01824,36.0,24.2,8.1,giao_vien,Ha Noi,4,33.0
KH01825,41.0,7.7,8.1,sinh_vien,Hai Phong,3,90.0
KH01826,23.0,36.0,16.6,bac_si,TP HCM,5,43.0
KH01827,44.0,10.5,7.0,nhan_vien,Hai Phong,2,63.0
KH01828,56.0,26.9,11.4,nhan_vien,TP HCM,1,49.0
KH01829,43.0,45.7,21.1,nhan_vien,Ha Noi,4,38.0
KH01830,42.0,5.5,0.5,giao_vien,TP HCM,0,8.0
KH01831,51.0,10.2,6.5,giao_vien,Da Nang,4,69.0
KH01832,33.0,19.8,12.5,sinh_vien,TP HCM,2,71.0
KH01833,19.0,12.2,6.6,nhan_vien,Ha Noi,1,60.0
KH01834,47.0,12.9,9.7,giao_vien,TP HCM,2,82.0
KH01835,20.0,46.0,35.0,bac_si,TP HCM,4,76.0
KH01836,51.0,12.7,9.5,sinh_vien,TP HCM,8,73.0
KH01837,19.0,13.3,6.3,nhan_vien,Da Nang,0,47.0
KH01838,50.0,10.9,5.2,giao_vien,TP HCM,0,39.0
KH01839,20.0,3.0,2.7,sinh_vien,Ha Noi,2,100.0
KH01840,20.0,42.3,25.7,ky_su,TP HCM,5,72.0
KH01841,28.0,15.3,12.1,giao_vien,TP HCM,4,78.0
KH01842,60.0,18.1,6.9,nhan_vien,Ha Noi,1,34.0
KH01843,32.0,6.6,6.9,nhan_vien,Ha Noi,0,100.0
KH01844,46.0,41.4,30.2,bac_si,Da Nang,9,80.0
KH01845,38.0,26.1,23.5,kinh_doanh,Ha Noi,4,98.0
KH01846,46.0,15.1,11.2,giao_vien,Can Tho,4,87.0
KH01847,24.0,16.9,8.3,kinh_doanh,Da Nang,3,41.0
KH01848,38.0,7.2,6.3,ky_su,Da Nang,5,94.0
KH01849,25.0,7.6,5.2,sinh_vien,Ha Noi,0,67.0
KH01850,24.0,7.6,6.1,nhan_vien,Hai Phong,2,95.0
KH01851,34.0,51.1,32.6,ky_su,Can Tho,10,58.0
KH01852,18.0,29.1,17.4,bac_si,Can Tho,1,71.0
KH01853,38.0,9.1,1.8,sinh_vien,TP HCM,0,19.0
KH01854,50.0,13.0,7.4,giao_vien,TP HCM,2,62.0
KH01855,30.0,27.8,18.0,ky_su,Ha Noi,10,72.0
KH01856,45.0,10.5,3.9,giao_vien,Ha Noi,3,34.0
KH01857,20.0,15.7,8.2,ky_su,Can Tho,4,59.0
KH01858,42.0,33.0,20.0,ky_su,Da Nang,3,68.0
KH01859,34.0,10.5,8.3,nhan_vien,TP HCM,3,64.0
KH01860,34.0,10.0,7.2,sinh_vien,Ha Noi,0,72.0
KH01861,23.0,11.9,8.1,nhan_vien,Ha Noi,1,71.0
KH01862,55.0,8.4,3.5,nhan_vien,Ha Noi,1,42.0
KH01863,44.0,14.0,11.1,sinh_vien,Ha Noi,2,79.0
KH01864,33.0,16.2,10.3,ky_su,Hai Phong,2,69.0
KH01865,36.0,32.8,24.8,nhan_vien,Ha Noi,4,66.0
KH01866,43.0,8.3,2.2,giao_vien,Da Nang,0,28.0
KH01867,22.0,9.1,6.3,sinh_vien,Ha Noi,1,64.0
KH01868,28.0,8.5,6.2,nhan_vien,Can Tho,1,61.0
KH01869,20.0,13.7,8.9,nhan_vien,TP HCM,1,65.0
KH01870,31.0,9.2,5.9,nhan_vien,Ha Noi,2,76.0
KH01871,52.0,14.3,13.6,bac_si,TP HCM,4,78.0
KH01872,36.0,17.4,12.7,nhan_vien,Da Nang,2,65.0
KH01873,18.0,26.8,11.9,bac_si,Ha Noi,1,49.0
KH01874,53.0,24.2,10.4,nhan_vien,TP HCM,2,48.0
KH01875,38.0,12.3,5.1,nhan_vien,Hai Phong,3,38.0
KH01876,31.0,47.6,29.4,nhan_vien,TP HCM,5,59.0
KH01877,22.0,50.3,19.3,bac_si,TP HCM,6,35.0
KH01878,48.0,40.7,24.9,kinh_doanh,Hai Phong,10,53.0
KH01879,42.0,23.3,9.9,kinh_doanh,TP HCM,1,45.0
KH01880,31.0,50.6,17.4,kinh_doanh,Ha Noi,4,40.0
KH01881,46.0,17.8,9.8,nhan_vien,Ha Noi,2,47.0
KH01882,29.0,41.5,26.8,ky_su,Ha Noi,5,74.0
KH01883,47.0,12.6,6.7,nhan_vien,Hai Phong,2,57.0
KH01884,31.0,25.6,7.7,ky_su,TP HCM,1,28.0
KH01885,18.0,2.6,0.5,sinh_vien,Da Nang,0,20.0
KH01886,31.0,13.4,6.3,nhan_vien,Ha Noi,4,42.0
KH01887,44.0,10.7,6.7,nhan_vien,Da Nang,5,63.0
KH01888,37.0,69.3,38.3,ky_su,TP HCM,13,50.0
KH01889,20.0,29.0,16.1,ky_su,Da Nang,2,58.0
KH01890,42.0,14.8,9.5,nhan_vien,TP HCM,3,61.0
KH01891,52.0,8.6,6.0,giao_vien,TP HCM,1,74.0
KH01892,49.0,12.8,6.8,nhan_vien,TP HCM,1,59.0
KH01893,49.0,13.6,6.9,giao_vien,TP HCM,3,47.0
KH01894,29.0,5.0,4.6,sinh_vien,Can Tho,3,80.0
KH01895,32.0,32.6,16.9,nhan_vien,TP HCM,6,54.0
KH01896,23.0,28.4,11.7,ky_su,Ha Noi,3,49.0
KH01897,40.0,16.1,3.6,bac_si,TP HCM,2,22.0
KH01898,28.0,26.7,22.4,nhan_vien,Ha Noi,6,92.0
KH01899,42.0,20.5,14.3,nhan_vien,TP HCM,4,62.0
KH01900,46.0,8.2,3.9,nhan_vien,Hai Phong,2,54.0
KH01901,34.0,14.6,9.3,ky_su,Ha Noi,2,74.0
KH01902,39.0,13.3,11.3,ky_su,TP HCM,1,69.0
KH01903,27.0,7.5,3.4,nhan_vien,Ha Noi,0,52.0
KH01904,38.0,23.3,8.2,kinh_doanh,Hai Phong,1,33.0
KH01905,47.0,32.7,22.7,kinh_doanh,Ha Noi,4,82.0
KH01906,50.0,19.3,8.6,nhan_vien,Ha Noi,3,41.0
KH01907,35.0,20.2,9.1,bac_si,TP HCM,3,46.0
KH01908,51.0,28.0,11.8,ky_su,TP HCM,0,40.0
KH01909,31.0,41.7,36.7,ky_su,Da Nang,10,75.0
KH01910,22.0,22.9,14.5,nhan_vien,TP HCM,5,56.0
KH01911,44.0,4.2,0.5,sinh_vien,TP HCM,0,13.0
KH01912,41.0,15.7,6.7,bac_si,Ha Noi,1,48.0
KH01913,22.0,23.7,16.1,ky_su,Ha Noi,5,58.0
KH01914,50.0,14.4,10.7,giao_vien,Ha Noi,2,63.0
KH01915,23.0,46.0,31.4,bac_si,Da Nang,8,81.0
KH01916,41.0,21.1,7.8,ky_su,Da Nang,3,44.0
KH01917,20.0,40.7,31.7,ky_su,Ha Noi,5,85.0
KH01918,27.0,18.0,15.0,nhan_vien,Ha Noi,2,68.0
KH01919,32.0,36.0,28.9,ky_su,TP HCM,14,66.0
KH01920,44.0,12.3,4.7,giao_vien,Ha Noi,0,43.0
KH01921,41.0,28.9,19.4,bac_si,Ha Noi,4,56.0
KH01922,40.0,37.1,29.0,ky_su,TP HCM,7,89.0
KH01923,36.0,4.0,3.2,sinh_vien,Ha Noi,2,65.0
KH01924,33.0,17.4,7.1,giao_vien,TP HCM,0,35.0
KH01925,23.0,31.3,19.7,ky_su,Da Nang,4,61.0
KH01926,18.0,33.2,26.3,ky_su,Ha Noi,7,91.0
KH01927,46.0,31.4,27.0,bac_si,Ha Noi,11,71.0
KH01928,61.0,11.1,6.1,nhan_vien,Ha Noi,5,57.0
KH01929,51.0,17.6,7.8,kinh_doanh,Ha Noi,2,52.0
KH01930,28.0,23.9,15.2,nhan_vien,TP HCM,3,53.0
KH01931,54.0,46.7,28.6,bac_si,Hai Phong,6,72.0
KH01932,53.0,15.5,11.0,nhan_vien,TP HCM,5,73.0
KH01933,54.0,11.8,5.0,nhan_vien,Ha Noi,1,44.0
KH01934,28.0,13.2,5.7,nhan_vien,Can Tho,4,35.0
KH01935,53.0,21.8,16.7,kinh_doanh,Hai Phong,2,82.0
KH01936,37.0,2.9,3.4,sinh_vien,Can Tho,0,100.0
KH01937,18.0,15.2,6.1,nhan_vien,Ha Noi,1,38.0
KH01938,31.0,15.9,9.7,kinh_doanh,TP HCM,1,64.0
KH01939,25.0,18.3,10.3,giao_vien,TP HCM,4,50.0
KH01940,18.0,27.9,19.6,nhan_vien,TP HCM,6,63.0
KH01941,32.0,55.5,30.1,ky_su,TP HCM,7,48.0
KH01942,23.0,5.1,0.7,sinh_vien,TP HCM,0,12.0
KH01943,52.0,19.8,14.4,ky_su,TP HCM,3,66.0
KH01944,36.0,16.7,11.8,ky_su,Da Nang,1,58.0
KH01945,22.0,28.8,17.8,ky_su,TP HCM,7,72.0
KH01946,32.0,12.0,9.6,nhan_vien,TP HCM,4,65.0
KH01947,33.0,83.4,44.4,ky_su,TP HCM,10,46.0
KH01948,57.0,16.8,13.5,nhan_vien,TP HCM,5,75.0
KH01949,29.0,5.8,4.5,sinh_vien,Can Tho,3,84.0
KH01950,46.0,9.9,6.7,giao_vien,Ha Noi,2,57.0
KH01951,29.0,10.1,7.9,sinh_vien,Ha Noi,0,74.0
KH01952,40.0,16.5,11.1,giao_vien,Ha Noi,4,54.0
KH01953,32.0,20.8,13.0,bac_si,TP HCM,4,63.0
KH01954,50.0,5.6,2.9,sinh_vien,TP HCM,1,52.0
KH01955,41.0,4.8,1.7,sinh_vien,Can Tho,0,42.0
KH01956,26.0,14.2,12.2,nhan_vien,Hai Phong,5,78.0
KH01957,39.0,12.4,6.8,nhan_vien,Ha Noi,2,53.0
KH01958,26.0,25.4,8.8,giao_vien,TP HCM,2,35.0
KH01959,52.0,4.8,1.5,nhan_vien,TP HCM,1,37.0
KH01960,40.0,19.0,12.3,bac_si,Can Tho,6,66.0
KH01961,45.0,32.8,29.0,nhan_vien,TP HCM,6,75.0
KH01962,25.0,25.7,13.6,ky_su,Ha Noi,3,48.0
KH01963,30.0,13.0,8.3,nhan_vien,TP HCM,4,70.0
KH01964,50.0,33.3,22.4,ky_su,TP HCM,7,64.0
KH01965,55.0,19.2,14.5,kinh_doanh,TP HCM,1,77.0
KH01966,47.0,5.0,2.4,sinh_vien,Can Tho,2,57.0
KH01967,28.0,15.5,9.7,giao_vien,Ha Noi,3,69.0
KH01968,34.0,36.2,19.9,ky_su,TP HCM,5,48.0
KH01969,34.0,22.9,10.8,giao_vien,TP HCM,3,39.0
KH01970,27.0,14.2,3.8,giao_vien,TP HCM,3,27.0
KH01971,25.0,12.5,7.0,nhan_vien,TP HCM,2,58.0
KH01972,50.0,14.1,7.5,nhan_vien,Can Tho,3,62.0
KH01973,51.0,37.9,21.3,bac_si,Ha Noi,10,54.0
KH01974,18.0,30.8,25.7,kinh_doanh,TP HCM,6,93.0
KH01975,18.0,14.7,13.2,kinh_doanh,Can Tho,2,74.0
KH01976,22.0,33.0,17.2,nhan_vien,Ha Noi,3,49.0
KH01977,31.0,8.4,4.2,giao_vien,Hai Phong,1,47.0
KH01978,39.0,25.6,13.6,ky_su,TP HCM,3,52.0
KH01979,23.0,18.9,8.2,giao_vien,Can Tho,0,41.0
KH01980,36.0,20.1,9.5,ky_su,Can Tho,0,52.0
KH01981,66.0,31.4,14.8,ky_su,Ha Noi,11,46.0
KH01982,26.0,56.3,36.5,ky_su,Hai Phong,12,58.0
KH01983,40.0,17.9,13.6,kinh_doanh,TP HCM,4,82.0
KH01984,21.0,20.0,13.6,nhan_vien,Ha Noi,3,57.0
KH01985,43.0,19.0,9.0,giao_vien,TP HCM,2,39.0
KH01986,53.0,4.3,3.8,sinh_vien,Da Nang,1,71.0
KH01987,34.0,10.3,4.9,nhan_vien,Can Tho,2,49.0
KH01988,45.0,19.0,14.2,ky_su,Hai Phong,5,69.0
KH01989,30.0,98.9,81.5,kinh_doanh,Ha Noi,16,74.0
KH01990,28.0,46.2,36.4,nhan_vien,TP HCM,8,82.0
KH01991,42.0,4.5,3.6,sinh_vien,Ha Noi,2,69.0
KH01992,41.0,15.7,7.8,nhan_vien,TP HCM,2,56.0
KH01993,42.0,15.2,9.9,giao_vien,Da Nang,1,55.0
KH01994,18.0,9.6,3.2,nhan_vien,TP HCM,1,27.0
KH01995,23.0,32.5,21.3,ky_su,Ha Noi,6,70.0
KH01996,60.0,43.1,22.0,ky_su,Hai Phong,3,51.0
KH01997,62.0,29.7,19.3,kinh_doanh,Ha Noi,9,74.0
KH01998,35.0,9.8,6.6,giao_vien,TP HCM,1,76.0
KH01999,33.0,24.1,13.4,giao_vien,TP HCM,5,61.0
KH02000,35.0,17.5,7.2,bac_si,TP HCM,0,40.0
KH02001,42.0,30.7,10.0,ky_su,TP HCM,4,34.0
KH02002,37.0,23.3,18.0,bac_si,Can Tho,8,64.0
KH02003,44.0,10.4,5.3,giao_vien,Can Tho,1,43.0
KH02004,18.0,5.0,2.9,sinh_vien,Ha Noi,2,57.0
KH02005,29.0,11.9,9.6,nhan_vien,Hai Phong,2,73.0
KH02006,26.0,47.9,33.0,kinh_doanh,Can Tho,5,81.0
KH02007,42.0,23.2,10.1,nhan_vien,Da Nang,2,48.0
KH02008,31.0,8.3,2.1,giao_vien,Ha Noi,0,27.0
KH02009,34.0,14.8,7.0,bac_si,Ha Noi,2,52.0
KH02010,24.0,8.8,8.7,kinh_doanh,Can Tho,0,100.0
KH02011,55.0,15.2,9.8,nhan_vien,TP HCM,1,59.0
KH02012,54.0,13.6,1.9,giao_vien,Ha Noi,0,13.0
KH02013,19.0,25.8,22.9,kinh_doanh,Ha Noi,9,100.0
KH02014,36.0,16.7,8.8,kinh_doanh,Da Nang,3,58.0
KH02015,34.0,16.0,12.6,ky_su,Ha Noi,6,79.0
KH02016,18.0,40.1,19.9,ky_su,Ha Noi,9,53.0
KH02017,39.0,16.8,11.3,nhan_vien,Da Nang,2,73.0
KH02018,25.0,24.6,17.4,bac_si,TP HCM,5,72.0
KH02019,22.0,11.8,7.6,nhan_vien,TP HCM,1,61.0
KH02020,30.0,20.3,15.6,nhan_vien,Ha Noi,2,87.0
KH02021,60.0,32.8,16.1,ky_su,Can Tho,1,56.0
KH02022,31.0,6.5,4.1,kinh_doanh,TP HCM,0,56.0
KH02023,42.0,14.3,7.0,giao_vien,Ha Noi,1,59.0
KH02024,33.0,49.0,32.6,kinh_doanh,TP HCM,7,70.0
KH02025,38.0,8.5,8.4,sinh_vien,Ha Noi,3,100.0
KH02026,32.0,19.8,12.8,nhan_vien,TP HCM,3,72.0
KH02027,31.0,9.9,9.3,nhan_vien,TP HCM,5,100.0
KH02028,56.0,21.9,13.3,ky_su,TP HCM,1,58.0
KH02029,21.0,16.8,4.8,bac_si,Ha Noi,2,32.0
KH02030,18.0,22.0,17.5,giao_vien,Ha Noi,3,90.0
KH02031,42.0,27.7,17.8,bac_si,Hai Phong,2,62.0
KH02032,46.0,32.0,16.1,kinh_doanh,TP HCM,3,52.0
KH02033,48.0,37.4,12.9,ky_su,Ha Noi,0,30.0
KH02034,35.0,18.5,19.3,nhan_vien,Ha Noi,4,100.0
KH02035,49.0,16.5,6.0,nhan_vien,Da Nang,1,39.0
KH02036,22.0,22.2,13.8,kinh_doanh,Ha Noi,4,66.0
KH02037,35.0,8.5,6.6,nhan_vien,TP HCM,2,83.0
KH02038,37.0,7.8,5.1,nhan_vien,Ha Noi,0,70.0
KH02039,20.0,12.1,6.2,nhan_vien,Ha Noi,2,59.0
KH02040,39.0,19.7,13.5,giao_vien,Ha Noi,4,73.0
KH02041,39.0,17.8,6.4,nhan_vien,Da Nang,1,31.0
KH02042,41.0,16.1,11.5,ky_su,Da Nang,2,69.0
KH02043,38.0,26.0,13.9,kinh_doanh,TP HCM,3,59.0
KH02044,50.0,10.6,6.7,bac_si,Hai Phong,0,53.0
KH02045,53.0,27.3,18.6,bac_si,TP HCM,4,73.0
KH02046,52.0,5.9,5.0,nhan_vien,Ha Noi,1,100.0
KH02047,32.0,9.7,7.3,giao_vien,Ha Noi,2,64.0
KH02048,53.0,27.6,18.3,ky_su,Hai Phong,8,60.0
KH02049,38.0,8.4,7.5,giao_vien,TP HCM,2,100.0
KH02050,21.0,8.3,1.4,sinh_vien,TP HCM,2,20.0
KH02051,43.0,9.2,5.1,kinh_doanh,Ha Noi,5,52.0
KH02052,37.0,16.3,9.3,nhan_vien,Hai Phong,5,46.0
KH02053,20.0,28.6,17.2,ky_su,TP HCM,2,49.0
KH02054,44.0,12.1,7.8,giao_vien,TP HCM,1,70.0
KH02055,50.0,20.9,7.0,nhan_vien,Hai Phong,0,40.0
KH02056,38.0,16.9,13.0,giao_vien,TP HCM,3,85.0
KH02057,49.0,13.2,5.4,bac_si,TP HCM,2,39.0
KH02058,37.0,22.1,6.9,kinh_doanh,TP HCM,1,36.0
KH02059,20.0,13.2,12.0,giao_vien,Da Nang,0,100.0
KH02060,39.0,31.3,25.2,kinh_doanh,Ha Noi,5,71.0
KH02061,36.0,33.3,18.7,kinh_doanh,Ha Noi,6,46.0
KH02062,41.0,9.7,5.8,ky_su,TP HCM,1,60.0
KH02063,38.0,45.9,17.1,ky_su,TP HCM,3,30.0
KH02064,19.0,12.1,9.3,giao_vien,TP HCM,1,80.0
KH02065,28.0,12.5,9.5,nhan_vien,Ha Noi,3,62.0
KH02066,42.0,2.7,4.4,giao_vien,Ha Noi,1,100.0
KH02067,28.0,18.1,9.9,ky_su,Da Nang,3,48.0
KH02068,23.0,22.1,16.3,ky_su,Da Nang,4,88.0
KH02069,26.0,23.6,19.0,giao_vien,TP HCM,3,77.0
KH02070,19.0,20.9,9.5,ky_su,TP HCM,4,46.0
KH02071,48.0,42.6,24.9,bac_si,TP HCM,7,56.0
KH02072,42.0,27.8,21.4,bac_si,Ha Noi,13,85.0
KH02073,33.0,17.6,14.0,nhan_vien,Da Nang,6,89.0
KH02074,37.0,21.2,11.6,nhan_vien,TP HCM,1,64.0
KH02075,29.0,20.8,18.4,kinh_doanh,TP HCM,1,81.0
KH02076,33.0,21.5,8.0,giao_vien,Da Nang,2,39.0
KH02077,44.0,14.5,14.6,nhan_vien,Ha Noi,3,85.0
KH02078,23.0,59.6,30.9,bac_si,TP HCM,4,43.0
KH02079,37.0,16.3,11.0,nhan_vien,Ha Noi,1,57.0
KH02080,36.0,16.7,12.3,giao_vien,Can Tho,4,83.0
KH02081,36.0,6.2,3.7,sinh_vien,TP HCM,0,71.0
KH02082,26.0,12.4,7.4,nhan_vien,Ha Noi,2,69.0
KH02083,24.0,26.5,9.7,kinh_doanh,Ha Noi,2,34.0
KH02084,41.0,18.1,7.6,ky_su,Hai Phong,0,43.0
KH02085,39.0,39.9,16.3,ky_su,Ha Noi,5,35.0
KH02086,20.0,17.3,9.4,ky_su,Hai Phong,5,59.0
KH02087,40.0,11.6,9.1,kinh_doanh,Ha Noi,3,92.0
KH02088,19.0,13.2,9.1,nhan_vien,TP HCM,3,65.0
KH02089,71.0,18.2,15.1,ky_su,Hai Phong,6,67.0
KH02090,40.0,24.3,9.6,bac_si,TP HCM,3,45.0
KH02091,35.0,56.7,28.3,bac_si,Ha Noi,3,46.0
KH02092,44.0,27.7,11.8,nhan_vien,TP HCM,0,43.0
KH02093,31.0,15.5,11.1,nhan_vien,Ha Noi,2,58.0
KH02094,41.0,26.6,15.3,kinh_doanh,Can Tho,0,46.0
KH02095,26.0,21.6,12.9,ky_su,Hai Phong,0,69.0
KH02096,23.0,25.8,8.3,kinh_doanh,TP HCM,1,38.0
KH02097,38.0,13.1,10.0,sinh_vien,Da Nang,2,83.0
KH02098,37.0,11.6,7.1,giao_vien,TP HCM,0,64.0
KH02099,33.0,10.3,4.9,nhan_vien,Ha Noi,3,54.0
KH02100,43.0,14.9,6.0,bac_si,Ha Noi,1,32.0
KH02101,47.0,15.1,15.7,giao_vien,Da Nang,5,91.0
KH02102,18.0,6.5,1.5,sinh_vien,Ha Noi,1,20.0
KH02103,50.0,17.6,10.8,ky_su,TP HCM,1,60.0
KH02104,36.0,24.3,21.0,giao_vien,Da Nang,3,87.0
KH02105,30.0,16.4,7.3,bac_si,Hai Phong,1,42.0
KH02106,39.0,12.0,5.4,giao_vien,Da Nang,0,37.0
KH02107,47.0,36.4,24.1,kinh_doanh,Ha Noi,3,63.0
KH02108,26.0,27.1,21.0,bac_si,Ha Noi,5,67.0
KH02109,48.0,22.1,17.0,giao_vien,Da Nang,4,73.0
KH02110,37.0,32.7,14.7,ky_su,Can Tho,2,40.0
KH02111,21.0,53.2,35.3,ky_su,Can Tho,9,68.0
KH02112,46.0,7.3,3.8,nhan_vien,Ha Noi,2,49.0
KH02113,44.0,27.7,11.6,ky_su,Ha Noi,2,43.0
KH02114,31.0,43.5,26.6,ky_su,TP HCM,6,72.0
KH02115,26.0,28.4,18.7,bac_si,TP HCM,3,63.0
KH02116,46.0,37.9,17.8,ky_su,Ha Noi,1,40.0
KH02117,48.0,18.5,5.0,ky_su,Da Nang,2,22.0
KH02118,75.0,13.3,10.1,nhan_vien,Hai Phong,5,90.0
KH02119,44.0,15.1,11.1,ky_su,Ha Noi,5,85.0
KH02120,32.0,13.0,7.7,bac_si,Can Tho,1,50.0
KH02121,38.0,31.7,12.5,kinh_doanh,Ha Noi,0,39.0
KH02122,33.0,30.2,22.3,ky_su,Ha Noi,5,71.0
KH02123,46.0,9.3,5.6,giao_vien,Ha Noi,1,52.0
KH02124,41.0,20.4,18.0,kinh_doanh,Ha Noi,8,98.0
KH02125,38.0,20.2,6.7,giao_vien,Ha Noi,0,39.0
KH02126,34.0,50.8,40.9,bac_si,Can Tho,12,94.0
KH02127,39.0,7.4,4.7,nhan_vien,Ha Noi,4,55.0
KH02128,34.0,15.9,5.3,giao_vien,TP HCM,2,39.0
KH02129,34.0,16.2,9.6,nhan_vien,Ha Noi,3,49.0
KH02130,38.0,53.2,41.0,kinh_doanh,Ha Noi,10,83.0
KH02131,18.0,37.5,23.7,bac_si,Da Nang,7,67.0
KH02132,60.0,14.6,8.0,nhan_vien,Ha Noi,3,51.0
KH02133,28.0,19.6,13.0,kinh_doanh,TP HCM,3,60.0
KH02134,38.0,12.8,9.1,nhan_vien,TP HCM,3,66.0
KH02135,52.0,10.5,4.7,nhan_vien,Ha Noi,2,52.0
KH02136,48.0,7.4,1.7,sinh_vien,Da Nang,0,27.0
KH02137,34.0,6.7,0.7,nhan_vien,TP HCM,0,11.0
KH02138,36.0,15.8,11.6,nhan_vien,Hai Phong,4,85.0
KH02139,34.0,6.5,0.5,sinh_vien,Ha Noi,0,7.0
KH02140,32.0,9.8,3.8,ky_su,Can Tho,0,44.0
KH02141,30.0,3.8,3.3,giao_vien,Ha Noi,0,76.0
KH02142,40.0,5.9,3.8,sinh_vien,Ha Noi,2,65.0
KH02143,45.0,19.7,9.4,nhan_vien,TP HCM,2,49.0
KH02144,48.0,23.2,9.7,kinh_doanh,Ha Noi,0,48.0
KH02145,43.0,10.6,7.0,kinh_doanh,Ha Noi,0,63.0
KH02146,38.0,6.0,4.4,nhan_vien,TP HCM,1,70.0
KH02147,49.0,3.3,3.0,sinh_vien,Can Tho,1,98.0
KH02148,51.0,23.1,19.3,ky_su,TP HCM,4,84.0
KH02149,34.0,17.4,14.1,bac_si,Da Nang,2,75.0
KH02150,43.0,42.5,20.5,ky_su,Can Tho,2,39.0
KH02151,41.0,10.6,8.2,giao_vien,Ha Noi,1,90.0
KH02152,46.0,39.6,23.0,kinh_doanh,Ha Noi,3,56.0
KH02153,32.0,38.3,33.9,ky_su,Ha Noi,8,72.0
KH02154,40.0,10.5,11.1,giao_vien,Ha Noi,3,99.0
KH02155,43.0,24.7,17.4,ky_su,Ha Noi,7,66.0
KH02156,36.0,9.3,7.8,sinh_vien,TP HCM,0,84.0
KH02157,46.0,31.9,14.1,nhan_vien,TP HCM,3,42.0
KH02158,51.0,22.6,12.8,nhan_vien,TP HCM,4,62.0
KH02159,18.0,39.5,23.9,nhan_vien,Hai Phong,6,55.0
KH02160,41.0,34.1,14.1,ky_su,Ha Noi,5,35.0
KH02161,38.0,26.8,22.1,kinh_doanh,TP HCM,3,67.0
KH02162,28.0,13.5,10.1,giao_vien,TP HCM,6,74.0
KH02163,36.0,15.4,10.9,nhan_vien,Can Tho,2,63.0
KH02164,42.0,12.5,6.6,nhan_vien,TP HCM,3,61.0
KH02165,58.0,6.4,4.3,nhan_vien,TP HCM,0,65.0
KH02166,20.0,38.3,15.7,kinh_doanh,TP HCM,2,41.0
KH02167,18.0,23.0,17.5,kinh_doanh,TP HCM,7,86.0
KH02168,34.0,20.2,9.1,ky_su,Ha Noi,2,48.0
KH02169,44.0,22.1,15.1,ky_su,TP HCM,3,63.0
KH02170,53.0,12.0,6.5,nhan_vien,Ha Noi,3,55.0
KH02171,49.0,38.9,32.7,kinh_doanh,Ha Noi,8,80.0
KH02172,43.0,10.8,9.3,nhan_vien,Da Nang,3,70.0
KH02173,50.0,11.4,6.9,kinh_doanh,Can Tho,1,62.0
KH02174,24.0,26.2,18.3,nhan_vien,TP HCM,7,80.0
KH02175,19.0,64.1,32.7,ky_su,TP HCM,5,44.0
KH02176,18.0,13.0,10.0,giao_vien,Da Nang,1,71.0
KH02177,39.0,12.1,6.8,sinh_vien,Da Nang,0,67.0
KH02178,40.0,55.4,26.2,bac_si,Hai Phong,6,52.0
KH02179,37.0,25.2,14.1,ky_su,TP HCM,3,46.0
KH02180,57.0,5.4,5.1,sinh_vien,Can Tho,0,86.0
KH02181,25.0,22.1,13.6,nhan_vien,TP HCM,4,72.0
KH02182,40.0,33.6,23.4,giao_vien,Hai Phong,4,79.0
KH02183,48.0,20.2,10.5,kinh_doanh,Can Tho,4,54.0
KH02184,23.0,16.5,13.7,nhan_vien,TP HCM,5,91.0
KH02185,46.0,37.0,29.9,kinh_doanh,Ha Noi,9,86.0
KH02186,40.0,9.0,4.8,kinh_doanh,Can Tho,0,59.0
KH02187,63.0,14.2,11.0,ky_su,Da Nang,3,75.0
KH02188,34.0,21.3,6.7,ky_su,Ha Noi,1,31.0
KH02189,61.0,40.9,28.7,kinh_doanh,Da Nang,1,75.0
KH02190,25.0,21.6,7.4,giao_vien,TP HCM,2,29.0
KH02191,33.0,5.8,4.9,giao_vien,Can Tho,0,85.0
KH02192,40.0,25.8,9.0,ky_su,Ha Noi,3,28.0
KH02193,36.0,12.8,8.3,nhan_vien,Da Nang,2,69.0
KH02194,27.0,4.8,0.5,sinh_vien,Ha Noi,0,10.0
KH02195,37.0,26.8,20.4,ky_su,TP HCM,3,91.0
KH02196,37.0,11.1,8.2,giao_vien,Ha Noi,2,62.0
KH02197,18.0,10.0,3.4,ky_su,TP HCM,1,28.0
KH02198,48.0,27.0,19.8,bac_si,Ha Noi,5,83.0
KH02199,35.0,11.0,7.9,nhan_vien,Ha Noi,0,63.0
KH02200,28.0,28.9,13.3,bac_si,Hai Phong,4,55.0
KH02201,28.0,8.5,7.9,sinh_vien,Ha Noi,3,82.0
KH02202,47.0,12.2,5.7,nhan_vien,TP HCM,1,42.0
KH02203,35.0,17.4,7.1,nhan_vien,Can Tho,2,42.0
KH02204,52.0,47.7,19.8,kinh_doanh,Ha Noi,1,44.0
KH02205,26.0,25.4,23.1,nhan_vien,Da Nang,4,78.0
KH02206,18.0,11.4,8.0,giao_vien,Ha Noi,3,71.0
KH02207,43.0,29.8,6.7,kinh_doanh,TP HCM,4,20.0
KH02208,48.0,25.9,11.9,nhan_vien,Ha Noi,4,40.0
KH02209,18.0,11.4,8.0,giao_vien,TP HCM,0,79.0
KH02210,42.0,17.2,8.8,nhan_vien,TP HCM,3,53.0
KH02211,18.0,21.0,15.9,giao_vien,TP HCM,4,79.0
KH02212,31.0,16.8,8.4,kinh_doanh,Ha Noi,0,47.0
KH02213,41.0,42.8,32.3,ky_su,Ha Noi,7,61.0
KH02214,42.0,30.5,11.4,giao_vien,Ha Noi,3,36.0
KH02215,41.0,46.2,32.5,bac_si,Ha Noi,10,60.0
KH02216,18.0,13.4,5.7,giao_vien,Hai Phong,0,38.0
KH02217,30.0,13.8,12.6,nhan_vien,TP HCM,3,86.0
KH02218,32.0,25.4,16.4,ky_su,Can Tho,4,53.0
KH02219,35.0,15.8,14.1,nhan_vien,Da Nang,3,86.0
KH02220,33.0,23.7,13.0,ky_su,Ha Noi,1,62.0
KH02221,31.0,17.2,12.9,ky_su,Ha Noi,3,69.0
KH02222,28.0,23.9,16.4,nhan_vien,TP HCM,6,68.0
KH02223,39.0,17.0,16.0,bac_si,TP HCM,7,78.0
KH02224,47.0,20.6,10.3,kinh_doanh,TP HCM,2,42.0
KH02225,37.0,49.0,30.6,kinh_doanh,Ha Noi,8,64.0
KH02226,37.0,20.7,12.2,nhan_vien,Da Nang,3,70.0
KH02227,26.0,11.8,6.3,sinh_vien,TP HCM,0,43.0
KH02228,42.0,24.4,15.3,kinh_doanh,TP HCM,6,62.0
KH02229,38.0,8.4,2.1,nhan_vien,Da Nang,2,27.0
KH02230,41.0,28.3,15.3,giao_vien,TP HCM,1,48.0
KH02231,29.0,22.7,17.7,nhan_vien,Hai Phong,4,64.0
KH02232,42.0,24.9,18.8,ky_su,Ha Noi,2,73.0
KH02233,39.0,3.4,2.4,sinh_vien,Ha Noi,1,79.0
KH02234,40.0,23.3,18.7,giao_vien,TP HCM,5,90.0
KH02235,31.0,4.0,0.7,sinh_vien,Hai Phong,0,20.0
KH02236,18.0,8.0,3.8,sinh_vien,TP HCM,1,53.0
KH02237,36.0,2.7,2.6,sinh_vien,Ha Noi,0,99.0
KH02238,39.0,4.1,5.8,sinh_vien,Ha Noi,2,100.0
KH02239,32.0,16.0,11.8,ky_su,Hai Phong,4,72.0
KH02240,26.0,51.0,29.0,ky_su,Ha Noi,10,64.0
KH02241,61.0,27.0,12.9,kinh_doanh,Ha Noi,3,44.0
KH02242,33.0,16.6,9.0,nhan_vien,Ha Noi,5,59.0
KH02243,55.0,8.8,5.4,giao_vien,Hai Phong,2,60.0
KH02244,36.0,10.3,7.2,nhan_vien,Ha Noi,1,56.0
KH02245,28.0,10.4,6.4,kinh_doanh,Hai Phong,2,49.0
KH02246,24.0,20.9,11.7,giao_vien,Da Nang,3,61.0
KH02247,30.0,4.8,2.6,sinh_vien,Ha Noi,0,49.0
KH02248,26.0,22.8,8.6,nhan_vien,TP HCM,4,40.0
KH02249,18.0,67.9,49.9,kinh_doanh,TP HCM,11,61.0
KH02250,30.0,29.8,20.1,ky_su,Ha Noi,10,71.0
KH02251,31.0,11.6,5.8,kinh_doanh,Hai Phong,2,45.0
KH02252,19.0,36.9,17.7,kinh_doanh,TP HCM,5,45.0
KH02253,24.0,19.6,10.1,ky_su,Ha Noi,5,50.0
KH02254,27.0,9.6,4.4,ky_su,Ha Noi,2,52.0
KH02255,50.0,56.1,23.6,kinh_doanh,Hai Phong,5,38.0
KH02256,22.0,14.7,9.0,giao_vien,Da Nang,3,60.0
KH02257,23.0,19.1,16.5,nhan_vien,TP HCM,7,100.0
KH02258,18.0,18.3,8.4,kinh_doanh,TP HCM,1,45.0
KH02259,39.0,20.4,11.0,nhan_vien,Hai Phong,5,47.0
KH02260,24.0,10.4,6.0,giao_vien,TP HCM,1,58.0
KH02261,44.0,12.6,6.9,nhan_vien,TP HCM,2,50.0
KH02262,35.0,17.1,14.2,kinh_doanh,TP HCM,2,74.0
KH02263,36.0,24.4,12.3,ky_su,Can Tho,4,53.0
KH02264,33.0,13.6,11.5,nhan_vien,TP HCM,5,83.0
KH02265,31.0,12.3,8.2,nhan_vien,Da Nang,1,63.0
KH02266,31.0,12.3,11.2,nhan_vien,Ha Noi,2,96.0
KH02267,35.0,15.0,5.7,nhan_vien,Ha Noi,2,36.0
KH02268,54.0,45.3,35.0,nhan_vien,Ha Noi,15,81.0
KH02269,41.0,7.5,4.3,sinh_vien,Da Nang,1,66.0
KH02270,39.0,25.9,18.1,giao_vien,Da Nang,2,74.0
KH02271,33.0,25.4,17.9,kinh_doanh,Can Tho,2,74.0
KH02272,32.0,11.3,8.6,nhan_vien,TP HCM,0,66.0
KH02273,45.0,34.0,30.5,ky_su,Ha Noi,5,100.0
KH02274,43.0,4.7,1.6,sinh_vien,Hai Phong,0,28.0
KH02275,27.0,20.3,20.5,ky_su,TP HCM,8,83.0
KH02276,28.0,35.2,27.6,ky_su,TP HCM,7,83.0
KH02277,27.0,54.5,45.0,nhan_vien,TP HCM,15,89.0
KH02278,25.0,20.8,7.6,nhan_vien,TP HCM,2,30.0
KH02279,49.0,19.9,7.6,ky_su,Ha Noi,2,41.0
KH02280,32.0,17.9,5.3,bac_si,Ha Noi,1,30.0
KH02281,40.0,10.9,10.3,nhan_vien,Da Nang,6,92.0
KH02282,23.0,11.5,6.7,nhan_vien,TP HCM,2,52.0
KH02283,44.0,20.1,11.0,bac_si,TP HCM,2,51.0
KH02284,18.0,7.8,5.2,giao_vien,Hai Phong,1,76.0
KH02285,20.0,14.3,11.9,nhan_vien,Can Tho,3,87.0
KH02286,45.0,18.0,8.9,nhan_vien,Ha Noi,2,44.0
KH02287,32.0,18.2,14.2,nhan_vien,Ha Noi,2,78.0
KH02288,50.0,4.3,3.6,sinh_vien,TP HCM,1,96.0
KH02289,42.0,25.3,21.3,nhan_vien,Ha Noi,7,79.0
KH02290,44.0,22.4,15.9,ky_su,Da Nang,4,82.0
KH02291,31.0,10.2,9.4,nhan_vien,Ha Noi,5,88.0
KH02292,35.0,30.9,21.8,kinh_doanh,Ha Noi,10,64.0
KH02293,49.0,32.9,22.6,giao_vien,Da Nang,6,75.0
KH02294,21.0,32.7,23.9,ky_su,Can Tho,5,63.0
KH02295,57.0,17.3,13.8,nhan_vien,TP HCM,3,93.0
KH02296,42.0,5.4,1.9,sinh_vien,TP HCM,1,31.0
KH02297,39.0,51.5,33.2,giao_vien,Can Tho,8,68.0
KH02298,36.0,17.1,7.3,kinh_doanh,Ha Noi,1,47.0
KH02299,35.0,34.4,15.5,ky_su,Can Tho,3,43.0
KH02300,32.0,7.1,3.7,sinh_vien,TP HCM,0,58.0
KH02301,37.0,18.9,17.3,ky_su,TP HCM,4,90.0
KH02302,38.0,31.7,18.1,kinh_doanh,Da Nang,2,55.0
KH02303,20.0,19.4,17.2,nhan_vien,TP HCM,4,77.0
KH02304,37.0,5.2,7.8,sinh_vien,Ha Noi,4,100.0
KH02305,47.0,38.5,15.6,ky_su,Ha Noi,5,42.0
KH02306,34.0,15.7,10.4,ky_su,TP HCM,4,76.0
KH02307,28.0,38.4,29.7,giao_vien,TP HCM,8,83.0
KH02308,40.0,7.0,3.1,nhan_vien,TP HCM,0,41.0
KH02309,31.0,19.2,8.4,giao_vien,Da Nang,2,46.0
KH02310,47.0,50.8,34.5,kinh_doanh,TP HCM,6,68.0
KH02311,51.0,17.0,4.8,ky_su,TP HCM,1,29.0
KH02312,23.0,10.0,5.4,nhan_vien,Da Nang,1,63.0
KH02313,29.0,31.5,14.3,ky_su,TP HCM,1,37.0
KH02314,32.0,11.2,9.1,ky_su,TP HCM,1,97.0
KH02315,37.0,33.4,23.9,kinh_doanh,Da Nang,3,81.0
KH02316,48.0,25.0,12.8,giao_vien,Da Nang,5,61.0
KH02317,55.0,13.8,13.2,giao_vien,Ha Noi,3,100.0
KH02318,40.0,7.5,4.2,sinh_vien,TP HCM,1,65.0
KH02319,18.0,24.1,7.1,bac_si,TP HCM,2,30.0
KH02320,36.0,28.9,16.6,kinh_doanh,Ha Noi,4,68.0
KH02321,31.0,15.7,5.4,ky_su,TP HCM,0,29.0
KH02322,29.0,22.3,14.9,ky_su,TP HCM,4,58.0
KH02323,48.0,25.9,11.7,ky_su,Da Nang,3,49.0
KH02324,30.0,13.8,5.9,bac_si,Ha Noi,0,38.0
KH02325,26.0,26.4,10.3,ky_su,TP HCM,2,46.0
KH02326,31.0,34.5,16.4,bac_si,Hai Phong,3,46.0
KH02327,18.0,10.0,5.3,giao_vien,Ha Noi,2,57.0
KH02328,33.0,28.0,20.0,ky_su,Can Tho,5,58.0
KH02329,30.0,20.6,13.0,kinh_doanh,TP HCM,7,74.0
KH02330,31.0,36.3,18.6,bac_si,TP HCM,4,45.0
KH02331,37.0,48.4,27.2,giao_vien,Can Tho,11,58.0
KH02332,51.0,11.3,11.9,nhan_vien,Hai Phong,1,100.0
KH02333,45.0,12.1,3.7,giao_vien,TP HCM,0,28.0
KH02334,34.0,8.6,6.3,giao_vien,TP HCM,2,67.0
KH02335,35.0,9.1,5.5,giao_vien,Ha Noi,0,52.0
KH02336,61.0,15.5,6.5,giao_vien,Da Nang,1,38.0
KH02337,26.0,19.0,15.8,kinh_doanh,Da Nang,6,75.0
KH02338,44.0,23.0,16.9,giao_vien,TP HCM,4,78.0
KH02339,46.0,30.7,16.3,kinh_doanh,Ha Noi,4,48.0
KH02340,44.0,21.6,15.2,nhan_vien,TP HCM,6,69.0
KH02341,46.0,65.5,47.5,nhan_vien,TP HCM,14,87.0
KH02342,34.0,28.1,22.3,kinh_doanh,Can Tho,6,92.0
KH02343,26.0,20.1,9.1,ky_su,TP HCM,4,50.0
KH02344,25.0,18.5,11.3,kinh_doanh,TP HCM,2,65.0
KH02345,41.0,13.6,12.0,ky_su,Can Tho,2,77.0
KH02346,33.0,17.3,5.6,kinh_doanh,TP HCM,1,34.0
KH02347,24.0,14.2,12.9,nhan_vien,TP HCM,2,82.0
KH02348,25.0,12.5,7.1,giao_vien,TP HCM,1,51.0
KH02349,31.0,29.1,22.0,ky_su,Ha Noi,4,62.0
KH02350,41.0,23.6,10.1,nhan_vien,TP HCM,4,50.0
KH02351,33.0,16.8,9.6,nhan_vien,Ha Noi,1,61.0
KH02352,25.0,27.3,20.3,ky_su,TP HCM,5,67.0
KH02353,18.0,13.2,9.5,nhan_vien,Ha Noi,1,63.0
KH02354,46.0,5.3,2.9,sinh_vien,TP HCM,0,57.0
KH02355,19.0,16.3,8.2,ky_su,TP HCM,0,56.0
KH02356,47.0,41.9,34.2,kinh_doanh,Ha Noi,9,80.0
KH02357,47.0,21.1,12.3,ky_su,TP HCM,1,65.0
KH02358,45.0,14.7,9.9,giao_vien,TP HCM,3,58.0
KH02359,34.0,6.6,2.8,giao_vien,Ha Noi,1,46.0
KH02360,29.0,10.7,8.2,nhan_vien,Ha Noi,0,70.0
KH02361,36.0,16.3,5.5,nhan_vien,TP HCM,1,37.0
KH02362,36.0,2.7,1.1,sinh_vien,Can Tho,0,38.0
KH02363,42.0,6.3,4.7,giao_vien,Ha Noi,2,82.0
KH02364,40.0,17.5,10.3,ky_su,Ha Noi,0,56.0
KH02365,31.0,17.9,13.6,nhan_vien,Hai Phong,2,83.0
KH02366,36.0,36.7,16.6,bac_si,Da Nang,1,46.0
KH02367,50.0,29.8,20.2,kinh_doanh,Ha Noi,5,67.0
KH02368,42.0,17.9,7.5,ky_su,Ha Noi,0,36.0
KH02369,44.0,16.1,9.5,nhan_vien,Hai Phong,6,67.0
KH02370,25.0,11.2,3.2,sinh_vien,TP HCM,0,30.0
KH02371,41.0,12.2,5.6,nhan_vien,Can Tho,1,50.0
KH02372,31.0,17.8,10.0,giao_vien,Can Tho,1,65.0
KH02373,24.0,40.9,28.7,kinh_doanh,Da Nang,7,61.0
KH02374,47.0,11.8,10.3,giao_vien,TP HCM,0,100.0
KH02375,36.0,16.6,7.9,nhan_vien,Ha Noi,1,43.0
KH02376,38.0,35.2,20.3,ky_su,Hai Phong,5,58.0
KH02377,46.0,20.8,14.1,giao_vien,TP HCM,2,66.0
KH02378,28.0,6.2,3.7,sinh_vien,TP HCM,0,67.0
KH02379,40.0,11.2,6.7,giao_vien,TP HCM,2,57.0
KH02380,18.0,45.4,36.8,bac_si,TP HCM,10,88.0
KH02381,45.0,27.0,15.5,kinh_doanh,Da Nang,4,65.0
KH02382,35.0,11.3,7.0,ky_su,Da Nang,4,57.0
KH02383,49.0,10.7,9.9,giao_vien,Can Tho,0,81.0
KH02384,27.0,13.1,7.6,nhan_vien,TP HCM,3,67.0
KH02385,42.0,11.6,10.9,nhan_vien,Can Tho,1,76.0
KH02386,60.0,11.4,11.4,giao_vien,Can Tho,3,100.0
KH02387,43.0,15.7,14.7,nhan_vien,TP HCM,7,100.0
KH02388,40.0,20.7,17.0,kinh_doanh,Da Nang,4,73.0
KH02389,48.0,28.1,11.6,nhan_vien,TP HCM,1,41.0
KH02390,43.0,16.1,12.9,kinh_doanh,Ha Noi,0,74.0
KH02391,39.0,35.2,16.9,ky_su,TP HCM,6,53.0
KH02392,27.0,31.3,19.7,bac_si,TP HCM,1,73.0
KH02393,18.0,9.7,5.5,giao_vien,TP HCM,0,48.0
KH02394,56.0,31.2,14.9,kinh_doanh,Can Tho,1,49.0
KH02395,49.0,9.9,3.9,nhan_vien,Da Nang,3,40.0
KH02396,73.0,26.9,15.1,kinh_doanh,Da Nang,3,49.0
KH02397,38.0,16.0,6.6,nhan_vien,TP HCM,1,36.0
KH02398,48.0,16.8,6.3,nhan_vien,Can Tho,2,41.0
KH02399,30.0,13.4,7.6,giao_vien,TP HCM,2,65.0
KH02400,24.0,11.3,7.6,nhan_vien,TP HCM,2,64.0
KH02401,24.0,19.4,10.4,nhan_vien,Da Nang,4,50.0
KH02402,40.0,24.7,20.3,ky_su,Ha Noi,5,89.0
KH02403,38.0,22.7,15.1,kinh_doanh,Ha Noi,3,56.0
KH02404,36.0,3.6,4.4,sinh_vien,TP HCM,0,100.0
KH02405,43.0,10.0,8.7,giao_vien,TP HCM,1,96.0
KH02406,38.0,4.7,1.7,sinh_vien,Hai Phong,2,43.0
KH02407,56.0,38.1,23.7,kinh_doanh,TP HCM,5,54.0
KH02408,36.0,28.8,12.1,nhan_vien,TP HCM,2,44.0
KH02409,34.0,15.0,10.1,nhan_vien,TP HCM,2,60.0
KH02410,24.0,11.2,7.1,sinh_vien,TP HCM,2,61.0
KH02411,32.0,38.1,25.7,kinh_doanh,Ha Noi,8,75.0
KH02412,48.0,23.1,4.5,nhan_vien,TP HCM,2,16.0
KH02413,34.0,25.3,19.8,giao_vien,Ha Noi,8,67.0
KH02414,63.0,9.5,5.4,nhan_vien,Ha Noi,1,60.0
KH02415,41.0,27.2,20.7,nhan_vien,TP HCM,4,88.0
KH02416,24.0,34.6,14.4,bac_si,Ha Noi,4,41.0
KH02417,41.0,5.4,2.9,sinh_vien,Can Tho,1,51.0
KH02418,36.0,14.2,5.5,giao_vien,TP HCM,3,41.0
KH02419,56.0,16.0,10.1,kinh_doanh,TP HCM,3,73.0
KH02420,46.0,10.4,9.2,giao_vien,Can Tho,2,79.0
KH02421,52.0,23.0,16.3,nhan_vien,Hai Phong,7,72.0
KH02422,26.0,18.2,12.5,kinh_doanh,Can Tho,1,76.0
KH02423,45.0,15.3,4.9,nhan_vien,Hai Phong,1,37.0
KH02424,31.0,10.0,9.2,kinh_doanh,TP HCM,4,95.0
KH02425,30.0,7.0,6.0,sinh_vien,TP HCM,1,75.0
KH02426,40.0,19.4,9.3,ky_su,Da Nang,4,47.0
KH02427,34.0,20.3,11.0,ky_su,TP HCM,0,50.0
KH02428,22.0,5.1,4.8,sinh_vien,TP HCM,1,100.0
KH02429,41.0,11.2,5.3,giao_vien,Da Nang,1,54.0
KH02430,48.0,32.9,14.4,kinh_doanh,TP HCM,4,50.0
KH02431,31.0,7.8,5.6,nhan_vien,Ha Noi,1,62.0
KH02432,24.0,17.5,12.3,nhan_vien,Hai Phong,1,73.0
KH02433,30.0,15.9,4.1,nhan_vien,Hai Phong,0,21.0
KH02434,48.0,10.0,7.1,ky_su,Can Tho,5,73.0
KH02435,23.0,30.1,26.1,bac_si,TP HCM,3,89.0
KH02436,32.0,11.6,10.4,nhan_vien,TP HCM,4,77.0
KH02437,40.0,17.8,15.7,ky_su,TP HCM,6,90.0
KH02438,26.0,14.7,6.7,giao_vien,TP HCM,2,42.0
KH02439,54.0,1.7,2.5,sinh_vien,Da Nang,1,100.0
KH02440,25.0,15.6,10.5,nhan_vien,Ha Noi,4,61.0
KH02441,50.0,17.6,9.0,ky_su,TP HCM,1,60.0
KH02442,39.0,11.0,2.3,nhan_vien,TP HCM,1,24.0
KH02443,41.0,17.1,8.5,giao_vien,TP HCM,3,53.0
KH02444,43.0,37.5,12.5,ky_su,Can Tho,3,30.0
KH02445,51.0,18.4,13.9,nhan_vien,TP HCM,2,86.0
KH02446,44.0,16.7,11.8,nhan_vien,TP HCM,0,66.0
KH02447,41.0,14.9,10.1,nhan_vien,TP HCM,0,68.0
KH02448,40.0,25.2,21.4,kinh_doanh,TP HCM,5,100.0
KH02449,71.0,36.2,16.1,kinh_doanh,Ha Noi,7,43.0
KH02450,33.0,12.1,5.8,nhan_vien,Ha Noi,0,52.0
KH02451,40.0,74.7,35.5,bac_si,TP HCM,10,41.0
KH02452,45.0,11.9,9.1,nhan_vien,Ha Noi,1,65.0
KH02453,22.0,19.1,12.5,giao_vien,Ha Noi,1,65.0
KH02454,32.0,25.0,8.5,kinh_doanh,Ha Noi,3,36.0
KH02455,18.0,21.2,19.0,ky_su,Hai Phong,3,97.0
KH02456,26.0,16.1,8.9,nhan_vien,Ha Noi,2,53.0
KH02457,40.0,23.1,14.8,nhan_vien,Ha Noi,3,58.0
KH02458,39.0,8.8,7.3,nhan_vien,TP HCM,1,79.0
KH02459,18.0,6.4,2.0,sinh_vien,Ha Noi,0,37.0
KH02460,38.0,21.4,8.6,giao_vien,Da Nang,0,33.0
KH02461,49.0,19.8,13.1,ky_su,Can Tho,5,63.0
KH02462,38.0,24.5,11.1,kinh_doanh,TP HCM,2,43.0
KH02463,18.0,42.4,22.0,bac_si,Hai Phong,5,50.0
KH02464,35.0,3.2,3.1,sinh_vien,Can Tho,2,100.0
KH02465,38.0,26.5,21.2,kinh_doanh,TP HCM,4,67.0
KH02466,46.0,28.8,9.2,ky_su,TP HCM,2,34.0
KH02467,48.0,9.7,4.6,nhan_vien,TP HCM,0,54.0
KH02468,34.0,89.7,48.2,ky_su,Da Nang,9,47.0
KH02469,36.0,43.7,22.0,ky_su,TP HCM,5,59.0
KH02470,21.0,15.5,9.9,ky_su,TP HCM,3,61.0
KH02471,22.0,35.8,22.1,ky_su,Ha Noi,6,57.0
KH02472,22.0,20.2,7.9,kinh_doanh,Ha Noi,5,44.0
KH02473,40.0,23.3,16.2,nhan_vien,Ha Noi,2,58.0
KH02474,23.0,35.5,12.2,nhan_vien,Ha Noi,1,32.0
KH02475,27.0,10.2,4.6,nhan_vien,Da Nang,1,53.0
KH02476,51.0,8.5,3.5,nhan_vien,TP HCM,1,42.0
KH02477,18.0,17.6,9.2,nhan_vien,Da Nang,0,60.0
KH02478,51.0,26.5,10.8,giao_vien,Ha Noi,4,34.0
KH02479,47.0,11.8,4.5,giao_vien,TP HCM,2,31.0
KH02480,29.0,14.9,13.3,kinh_doanh,Hai Phong,3,100.0
KH02481,28.0,7.9,3.3,ky_su,TP HCM,0,49.0
KH02482,21.0,38.0,19.3,bac_si,TP HCM,7,58.0
KH02483,19.0,8.6,5.0,sinh_vien,Ha Noi,1,58.0
KH02484,27.0,2.9,0.5,sinh_vien,Ha Noi,0,17.0
KH02485,41.0,18.2,8.2,nhan_vien,TP HCM,2,50.0
KH02486,27.0,33.5,27.8,bac_si,Can Tho,6,86.0
KH02487,21.0,10.5,7.6,ky_su,Da Nang,4,68.0
KH02488,52.0,16.2,9.8,nhan_vien,TP HCM,1,63.0
KH02489,39.0,11.7,9.1,nhan_vien,Hai Phong,1,65.0
KH02490,18.0,14.4,7.7,nhan_vien,Da Nang,2,48.0
KH02491,39.0,8.3,2.5,nhan_vien,TP HCM,1,36.0
KH02492,36.0,19.2,7.1,nhan_vien,Da Nang,3,40.0
KH02493,47.0,19.7,13.5,nhan_vien,Da Nang,3,57.0
KH02494,23.0,13.5,9.5,nhan_vien,Ha Noi,0,62.0
KH02495,51.0,5.5,2.6,sinh_vien,TP HCM,0,46.0
KH02496,27.0,19.1,11.3,nhan_vien,TP HCM,4,71.0
KH02497,32.0,48.0,22.5,kinh_doanh,TP HCM,2,43.0
KH02498,34.0,68.2,30.7,ky_su,Ha Noi,5,50.0
KH02499,25.0,6.8,4.5,giao_vien,Can Tho,2,67.0
KH02500,32.0,12.1,9.0,giao_vien,Ha Noi,1,67.0
KH02501,30.0,4.3,3.9,sinh_vien,Can Tho,3,86.0
KH02502,39.0,24.1,16.1,kinh_doanh,Ha Noi,3,80.0
KH02503,24.0,11.3,6.9,giao_vien,TP HCM,3,60.0
KH02504,47.0,50.5,31.2,bac_si,Hai Phong,7,54.0
KH02505,33.0,18.8,11.0,ky_su,Hai Phong,3,68.0
KH02506,18.0,13.5,7.6,ky_su,Hai Phong,1,54.0
KH02507,18.0,4.8,4.1,giao_vien,Ha Noi,1,94.0
KH02508,31.0,25.5,5.8,ky_su,TP HCM,0,18.0
KH02509,50.0,4.3,4.7,sinh_vien,Ha Noi,3,100.0
KH02510,41.0,32.9,17.0,bac_si,Hai Phong,4,43.0
KH02511,30.0,6.2,3.0,sinh_vien,Can Tho,1,39.0
KH02512,31.0,25.0,18.6,nhan_vien,Ha Noi,0,87.0
KH02513,38.0,13.6,9.7,nhan_vien,Ha Noi,1,64.0
KH02514,44.0,60.0,50.6,kinh_doanh,Ha Noi,10,73.0
KH02515,36.0,29.1,21.0,bac_si,TP HCM,3,85.0
KH02516,48.0,3.1,0.5,sinh_vien,Ha Noi,0,15.0
KH02517,23.0,7.8,6.0,ky_su,TP HCM,2,63.0
KH02518,38.0,28.1,24.5,kinh_doanh,Da Nang,1,98.0
KH02519,32.0,38.2,15.8,ky_su,Ha Noi,4,34.0
KH02520,53.0,36.3,26.4,kinh_doanh,TP HCM,7,74.0
KH02521,26.0,18.8,12.0,kinh_doanh,Da Nang,5,73.0
KH02522,44.0,26.9,16.1,kinh_doanh,TP HCM,8,63.0
KH02523,46.0,13.2,6.3,nhan_vien,TP HCM,4,49.0
KH02524,25.0,29.1,17.7,kinh_doanh,Ha Noi,3,63.0
KH02525,39.0,18.6,13.7,kinh_doanh,TP HCM,4,81.0
KH02526,21.0,16.9,5.6,giao_vien,Can Tho,2,36.0
KH02527,48.0,21.9,8.6,kinh_doanh,TP HCM,3,44.0
KH02528,35.0,13.1,10.4,kinh_doanh,Da Nang,3,64.0
KH02529,22.0,21.3,16.2,kinh_doanh,TP HCM,5,67.0
KH02530,45.0,18.5,11.1,nhan_vien,Ha Noi,1,56.0
KH02531,23.0,9.4,5.3,giao_vien,Ha Noi,1,49.0
KH02532,27.0,12.0,7.5,giao_vien,Hai Phong,1,54.0
KH02533,46.0,18.3,8.1,nhan_vien,TP HCM,3,51.0
KH02534,36.0,12.8,9.3,ky_su,Ha Noi,4,69.0
KH02535,33.0,18.5,10.9,giao_vien,TP HCM,1,51.0
KH02536,39.0,14.6,8.7,nhan_vien,TP HCM,3,55.0
KH02537,48.0,16.0,7.7,nhan_vien,Hai Phong,0,44.0
KH02538,24.0,11.9,3.8,nhan_vien,TP HCM,0,35.0
KH02539,58.0,16.3,7.3,ky_su,TP HCM,2,49.0
KH02540,22.0,15.5,12.3,nhan_vien,TP HCM,4,75.0
KH02541,39.0,5.3,3.4,sinh_vien,Ha Noi,2,65.0
KH02542,36.0,12.5,6.8,nhan_vien,Hai Phong,2,57.0
KH02543,40.0,7.5,4.3,giao_vien,Hai Phong,3,52.0
KH02544,32.0,19.0,11.4,bac_si,Can Tho,7,49.0
KH02545,22.0,48.4,30.3,kinh_doanh,Ha Noi,9,52.0
KH02546,43.0,11.2,5.4,nhan_vien,TP HCM,3,44.0
KH02547,50.0,19.7,12.4,kinh_doanh,Ha Noi,3,56.0
KH02548,33.0,24.6,6.6,ky_su,TP HCM,2,23.0
KH02549,42.0,10.1,5.2,nhan_vien,TP HCM,0,54.0
KH02550,40.0,26.8,14.2,kinh_doanh,Ha Noi,4,62.0
KH02551,34.0,14.1,11.7,kinh_doanh,Ha Noi,2,79.0
KH02552,28.0,19.5,12.1,kinh_doanh,Ha Noi,4,50.0
KH02553,30.0,30.9,19.1,kinh_doanh,Ha Noi,6,52.0
KH02554,36.0,9.8,7.0,nhan_vien,Can Tho,2,59.0
KH02555,42.0,10.0,2.5,giao_vien,TP HCM,1,26.0
KH02556,18.0,27.4,18.4,ky_su,Ha Noi,4,72.0
KH02557,58.0,12.1,10.0,nhan_vien,Ha Noi,7,78.0
KH02558,40.0,40.4,15.6,ky_su,TP HCM,3,43.0
KH02559,21.0,2.7,3.3,sinh_vien,TP HCM,2,100.0
KH02560,32.0,27.2,20.3,ky_su,TP HCM,2,74.0
KH02561,27.0,24.9,15.2,nhan_vien,Hai Phong,6,71.0
KH02562,36.0,16.3,14.6,giao_vien,TP HCM,1,82.0
KH02563,33.0,7.9,3.3,nhan_vien,TP HCM,0,39.0
KH02564,44.0,7.9,6.8,giao_vien,Ha Noi,1,79.0
KH02565,23.0,10.3,8.3,kinh_doanh,Ha Noi,2,79.0
KH02566,42.0,20.9,11.1,giao_vien,TP HCM,3,44.0
KH02567,18.0,36.6,16.8,kinh_doanh,Ha Noi,5,41.0
KH02568,31.0,14.5,8.4,nhan_vien,Ha Noi,2,68.0
KH02569,43.0,10.8,7.3,nhan_vien,Da Nang,5,74.0
KH02570,27.0,11.8,4.2,ky_su,TP HCM,1,42.0
KH02571,27.0,17.1,7.2,nhan_vien,Da Nang,1,41.0
KH02572,20.0,12.0,9.1,giao_vien,TP HCM,2,61.0
KH02573,47.0,15.4,7.5,kinh_doanh,TP HCM,3,55.0
KH02574,42.0,12.6,9.9,kinh_doanh,Hai Phong,4,74.0
KH02575,39.0,20.8,12.5,nhan_vien,TP HCM,4,55.0
KH02576,30.0,7.7,3.8,nhan_vien,Hai Phong,0,40.0
KH02577,27.0,20.6,10.3,ky_su,Hai Phong,7,41.0
KH02578,65.0,8.0,1.0,nhan_vien,TP HCM,1,12.0
KH02579,45.0,7.9,6.4,sinh_vien,Ha Noi,0,96.0
KH02580,35.0,20.0,7.5,nhan_vien,Can Tho,1,45.0
KH02581,27.0,22.8,11.4,ky_su,Ha Noi,1,46.0
KH02582,48.0,24.7,18.1,kinh_doanh,Can Tho,6,83.0
KH02583,48.0,24.6,13.2,ky_su,TP HCM,2,62.0
KH02584,32.0,14.1,6.0,nhan_vien,TP HCM,2,49.0
KH02585,44.0,10.1,6.0,nhan_vien,TP HCM,1,51.0
KH02586,36.0,1.9,0.8,sinh_vien,TP HCM,0,39.0
KH02587,19.0,26.4,21.6,ky_su,TP HCM,8,92.0
KH02588,48.0,20.3,14.4,kinh_doanh,TP HCM,7,78.0
KH02589,37.0,13.4,6.1,nhan_vien,Ha Noi,0,39.0
KH02590,56.0,11.6,7.5,bac_si,Ha Noi,1,63.0
KH02591,39.0,24.9,13.7,bac_si,Da Nang,6,44.0
KH02592,36.0,9.7,6.4,nhan_vien,Da Nang,2,77.0
KH02593,32.0,16.5,12.3,bac_si,Ha Noi,4,71.0
KH02594,46.0,14.8,6.7,nhan_vien,Can Tho,1,47.0
KH02595,49.0,23.2,9.3,bac_si,TP HCM,5,37.0
KH02596,42.0,9.6,4.8,giao_vien,Can Tho,2,45.0
KH02597,30.0,8.8,5.3,giao_vien,Ha Noi,3,71.0
KH02598,46.0,23.7,15.4,nhan_vien,Da Nang,6,76.0
KH02599,38.0,21.2,10.8,ky_su,Ha Noi,1,56.0
KH02600,18.0,25.1,17.7,kinh_doanh,Da Nang,6,75.0
KH02601,45.0,22.3,19.8,bac_si,Ha Noi,7,100.0
KH02602,42.0,19.5,5.6,nhan_vien,TP HCM,5,29.0
KH02603,18.0,29.1,21.5,ky_su,Ha Noi,3,64.0
KH02604,48.0,5.0,3.3,giao_vien,TP HCM,2,71.0
KH02605,40.0,22.7,19.6,giao_vien,Ha Noi,7,93.0
KH02606,36.0,17.1,9.0,kinh_doanh,TP HCM,3,62.0
KH02607,41.0,17.3,8.0,nhan_vien,Da Nang,2,37.0
KH02608,33.0,28.8,17.9,bac_si,TP HCM,7,57.0
KH02609,31.0,15.5,6.6,giao_vien,TP HCM,1,41.0
KH02610,44.0,32.3,12.8,ky_su,TP HCM,1,42.0
KH02611,28.0,13.9,8.5,nhan_vien,Ha Noi,3,52.0
KH02612,49.0,25.7,14.6,kinh_doanh,Ha Noi,1,49.0
KH02613,32.0,44.8,24.6,ky_su,Ha Noi,10,54.0
KH02614,43.0,36.0,29.0,kinh_doanh,TP HCM,12,78.0
KH02615,34.0,11.0,9.6,nhan_vien,TP HCM,3,88.0
KH02616,36.0,11.9,6.4,nhan_vien,Ha Noi,2,62.0
KH02617,32.0,11.5,4.2,giao_vien,TP HCM,1,42.0
KH02618,26.0,26.8,21.7,kinh_doanh,Ha Noi,9,96.0
KH02619,26.0,4.1,3.0,sinh_vien,Da Nang,1,61.0
KH02620,18.0,9.1,5.8,sinh_vien,TP HCM,0,73.0
KH02621,38.0,7.4,4.0,giao_vien,Hai Phong,1,62.0
KH02622,47.0,16.6,11.2,nhan_vien,Ha Noi,2,75.0
KH02623,29.0,14.6,5.0,ky_su,Ha Noi,1,29.0
KH02624,28.0,22.9,20.1,nhan_vien,TP HCM,0,73.0
KH02625,28.0,16.9,10.1,ky_su,TP HCM,2,53.0
KH02626,32.0,29.2,13.9,ky_su,Ha Noi,4,49.0
KH02627,46.0,22.0,16.9,ky_su,TP HCM,4,83.0
KH02628,30.0,39.6,15.0,bac_si,Da Nang,5,35.0
KH02629,41.0,24.3,20.3,bac_si,Ha Noi,5,94.0
KH02630,31.0,4.9,3.7,sinh_vien,Can Tho,2,65.0
KH02631,28.0,7.3,2.3,giao_vien,Ha Noi,0,26.0
KH02632,18.0,35.2,16.5,kinh_doanh,TP HCM,5,47.0
KH02633,52.0,21.5,10.5,kinh_doanh,TP HCM,2,39.0
KH02634,29.0,17.0,7.1,bac_si,Ha Noi,2,41.0
KH02635,27.0,29.4,22.0,kinh_doanh,Da Nang,5,61.0
KH02636,44.0,15.9,9.3,nhan_vien,TP HCM,2,57.0
KH02637,35.0,4.9,4.1,sinh_vien,Can Tho,0,68.0
KH02638,42.0,11.3,8.2,kinh_doanh,Ha Noi,2,71.0
KH02639,18.0,9.9,4.7,nhan_vien,Ha Noi,0,43.0
KH02640,24.0,11.6,9.1,nhan_vien,Can Tho,4,73.0
KH02641,36.0,22.1,12.9,kinh_doanh,Ha Noi,5,55.0
KH02642,26.0,12.5,6.4,nhan_vien,Ha Noi,1,58.0
KH02643,45.0,6.9,1.4,giao_vien,Ha Noi,1,24.0
KH02644,18.0,36.6,17.6,bac_si,TP HCM,7,47.0
KH02645,49.0,26.3,16.4,bac_si,TP HCM,4,64.0
KH02646,26.0,26.3,16.9,ky_su,TP HCM,1,73.0
KH02647,37.0,9.5,5.5,nhan_vien,Hai Phong,4,51.0
KH02648,40.0,7.3,5.5,nhan_vien,TP HCM,1,62.0
KH02649,59.0,9.7,3.1,nhan_vien,Ha Noi,0,30.0
KH02650,35.0,32.6,23.5,ky_su,TP HCM,7,61.0
KH02651,37.0,14.8,4.7,kinh_doanh,TP HCM,2,25.0
KH02652,33.0,21.8,9.6,ky_su,TP HCM,3,43.0
KH02653,29.0,10.2,4.2,sinh_vien,Ha Noi,2,34.0
KH02654,29.0,33.0,11.8,ky_su,TP HCM,3,32.0
KH02655,18.0,13.7,8.2,nhan_vien,Ha Noi,5,62.0
KH02656,41.0,32.2,17.0,kinh_doanh,Can Tho,7,48.0
KH02657,22.0,21.6,15.6,nhan_vien,TP HCM,2,80.0
KH02658,40.0,29.6,11.6,kinh_doanh,TP HCM,4,43.0
KH02659,40.0,13.1,5.6,nhan_vien,Da Nang,1,44.0
KH02660,42.0,36.7,17.7,bac_si,Ha Noi,4,39.0
KH02661,37.0,21.7,11.8,ky_su,TP HCM,7,55.0
KH02662,44.0,22.3,16.8,bac_si,Ha Noi,2,88.0
KH02663,39.0,4.5,0.5,sinh_vien,Ha Noi,0,12.0
KH02664,21.0,3.8,1.5,sinh_vien,Da Nang,0,32.0
KH02665,41.0,17.1,10.6,nhan_vien,Ha Noi,7,70.0
KH02666,49.0,30.8,24.5,giao_vien,TP HCM,7,79.0
KH02667,57.0,7.1,2.6,nhan_vien,Ha Noi,0,39.0
KH02668,39.0,13.3,6.6,kinh_doanh,Da Nang,3,59.0
KH02669,33.0,19.6,6.1,nhan_vien,Can Tho,0,25.0
KH02670,25.0,14.1,7.0,giao_vien,Can Tho,0,55.0
KH02671,28.0,32.4,29.5,kinh_doanh,Ha Noi,9,78.0
KH02672,18.0,20.0,13.6,bac_si,Hai Phong,8,73.0
KH02673,43.0,32.8,26.2,nhan_vien,Da Nang,6,82.0
KH02674,40.0,5.5,4.1,giao_vien,Da Nang,1,72.0
KH02675,48.0,120.6,60.3,kinh_doanh,Ha Noi,14,43.0
KH02676,31.0,8.4,6.2,ky_su,Da Nang,2,74.0
KH02677,37.0,9.9,6.6,nhan_vien,Ha Noi,0,74.0
KH02678,46.0,22.2,12.4,giao_vien,Da Nang,3,64.0
KH02679,55.0,20.5,9.6,nhan_vien,TP HCM,1,49.0
KH02680,40.0,18.1,9.6,kinh_doanh,Hai Phong,2,64.0
KH02681,31.0,15.9,13.6,ky_su,TP HCM,5,89.0
KH02682,26.0,25.5,14.3,ky_su,TP HCM,1,60.0
KH02683,36.0,12.5,5.4,bac_si,Ha Noi,0,35.0
KH02684,22.0,24.0,13.2,ky_su,TP HCM,2,45.0
KH02685,61.0,5.5,1.9,sinh_vien,TP HCM,0,29.0
KH02686,44.0,40.9,24.1,kinh_doanh,TP HCM,8,58.0
KH02687,24.0,64.6,34.0,bac_si,Ha Noi,9,50.0
KH02688,29.0,5.2,1.6,giao_vien,Can Tho,0,35.0
KH02689,39.0,4.9,1.1,giao_vien,Ha Noi,0,24.0
KH02690,18.0,44.5,29.7,ky_su,Da Nang,6,55.0
KH02691,31.0,18.3,15.5,nhan_vien,Ha Noi,8,90.0
KH02692,18.0,22.7,17.2,bac_si,TP HCM,4,91.0
KH02693,29.0,11.1,8.8,nhan_vien,Ha Noi,3,75.0
KH02694,44.0,20.2,16.1,nhan_vien,TP HCM,4,65.0
KH02695,41.0,17.6,17.4,nhan_vien,Ha Noi,7,99.0
KH02696,25.0,12.1,8.2,nhan_vien,TP HCM,3,69.0
KH02697,18.0,6.7,4.3,giao_vien,Da Nang,3,53.0
KH02698,21.0,16.8,5.7,nhan_vien,TP HCM,3,28.0
KH02699,49.0,19.4,13.7,bac_si,Ha Noi,1,60.0
KH02700,37.0,23.8,16.1,bac_si,TP HCM,1,71.0
KH02701,31.0,19.0,14.4,nhan_vien,TP HCM,4,61.0
KH02702,36.0,28.2,18.5,ky_su,Ha Noi,6,60.0
KH02703,30.0,19.0,13.9,ky_su,TP HCM,4,71.0
KH02704,39.0,29.4,23.2,ky_su,Ha Noi,7,80.0
KH02705,34.0,9.9,5.2,nhan_vien,TP HCM,2,43.0
KH02706,33.0,26.3,9.0,giao_vien,TP HCM,0,32.0
KH02707,33.0,8.3,6.7,bac_si,TP HCM,2,81.0
KH02708,18.0,23.7,16.5,nhan_vien,TP HCM,4,74.0
KH02709,37.0,33.3,27.9,kinh_doanh,TP HCM,4,78.0
KH02710,40.0,4.4,4.8,sinh_vien,Da Nang,2,100.0
KH02711,18.0,25.1,15.3,kinh_doanh,Ha Noi,2,66.0
KH02712,32.0,13.9,5.1,nhan_vien,TP HCM,0,35.0
KH02713,34.0,19.6,14.0,ky_su,Ha Noi,3,83.0
KH02714,43.0,13.6,8.2,nhan_vien,Da Nang,0,61.0
KH02715,34.0,9.2,1.5,nhan_vien,Da Nang,1,19.0
KH02716,27.0,22.8,11.1,nhan_vien,Da Nang,1,58.0
KH02717,25.0,19.9,13.7,nhan_vien,Ha Noi,2,80.0
KH02718,22.0,20.4,14.7,nhan_vien,Can Tho,1,74.0
KH02719,53.0,14.9,10.5,nhan_vien,Da Nang,1,84.0
KH02720,32.0,16.5,6.7,nhan_vien,Ha Noi,2,42.0
KH02721,31.0,30.4,22.2,nhan_vien,TP HCM,1,76.0
KH02722,48.0,2.5,0.5,sinh_vien,TP HCM,0,19.0
KH02723,30.0,17.1,6.5,kinh_doanh,Can Tho,1,34.0
KH02724,34.0,31.2,20.1,ky_su,TP HCM,2,70.0
KH02725,18.0,22.1,8.9,ky_su,Da Nang,3,39.0
KH02726,43.0,33.6,12.7,ky_su,TP HCM,1,40.0
KH02727,37.0,12.4,6.7,giao_vien,Ha Noi,0,60.0
KH02728,37.0,19.3,11.4,kinh_doanh,Hai Phong,2,70.0
KH02729,30.0,42.7,28.7,ky_su,Ha Noi,5,56.0
KH02730,46.0,16.7,10.9,ky_su,Ha Noi,2,72.0
KH02731,39.0,20.3,16.1,kinh_doanh,Ha Noi,5,82.0
KH02732,44.0,21.6,12.3,nhan_vien,TP HCM,4,57.0
KH02733,57.0,49.4,26.5,bac_si,TP HCM,8,50.0
KH02734,54.0,11.2,7.5,nhan_vien,Da Nang,1,67.0
KH02735,49.0,26.9,14.7,ky_su,Da Nang,2,48.0
KH02736,34.0,26.2,12.6,kinh_doanh,TP HCM,2,43.0
KH02737,27.0,3.6,4.1,sinh_vien,Ha Noi,2,97.0
KH02738,42.0,20.9,9.7,nhan_vien,TP HCM,3,52.0
KH02739,18.0,37.2,30.4,bac_si,Ha Noi,7,86.0
KH02740,26.0,14.6,7.9,sinh_vien,TP HCM,2,45.0
KH02741,29.0,7.6,2.3,nhan_vien,Ha Noi,0,31.0
KH02742,47.0,9.6,6.1,sinh_vien,TP HCM,0,75.0
KH02743,28.0,14.1,8.1,nhan_vien,TP HCM,2,62.0
KH02744,31.0,13.3,7.6,ky_su,Da Nang,1,53.0
KH02745,36.0,15.9,7.8,nhan_vien,Ha Noi,2,50.0
KH02746,54.0,18.0,6.1,nhan_vien,Hai Phong,2,34.0
KH02747,30.0,16.8,10.3,kinh_doanh,TP HCM,1,54.0
KH02748,18.0,25.7,19.8,kinh_doanh,Ha Noi,0,82.0
KH02749,29.0,30.4,23.9,kinh_doanh,Da Nang,9,81.0
KH02750,39.0,24.9,10.3,ky_su,TP HCM,0,34.0
KH02751,39.0,10.8,4.6,giao_vien,Ha Noi,2,43.0
KH02752,40.0,17.7,13.4,nhan_vien,TP HCM,3,83.0
KH02753,49.0,3.6,1.6,sinh_vien,TP HCM,0,45.0
KH02754,42.0,22.8,8.6,kinh_doanh,TP HCM,2,40.0
KH02755,37.0,14.3,10.3,kinh_doanh,Ha Noi,1,65.0
KH02756,43.0,16.5,5.5,ky_su,Hai Phong,1,27.0
KH02757,33.0,32.6,14.6,nhan_vien,Ha Noi,5,52.0
KH02758,32.0,30.5,17.5,nhan_vien,Da Nang,6,62.0
KH02759,41.0,7.9,2.4,giao_vien,TP HCM,0,25.0
KH02760,38.0,28.9,12.7,ky_su,Da Nang,3,49.0
KH02761,32.0,16.1,10.8,kinh_doanh,TP HCM,3,78.0
KH02762,47.0,12.0,3.6,nhan_vien,Hai Phong,0,34.0
KH02763,36.0,20.0,11.1,bac_si,TP HCM,2,60.0
KH02764,32.0,20.1,11.9,bac_si,Ha Noi,4,60.0
KH02765,29.0,25.2,17.0,kinh_doanh,Ha Noi,5,71.0
KH02766,30.0,36.5,26.0,bac_si,Ha Noi,9,63.0
KH02767,49.0,13.5,5.4,nhan_vien,Ha Noi,2,40.0
KH02768,26.0,24.7,12.2,nhan_vien,Da Nang,4,42.0
KH02769,31.0,23.7,18.3,nhan_vien,Hai Phong,5,90.0
KH02770,18.0,3.3,1.5,sinh_vien,TP HCM,0,50.0
KH02771,61.0,10.6,10.4,nhan_vien,Ha Noi,3,97.0
KH02772,59.0,24.3,17.0,nhan_vien,Hai Phong,3,74.0
KH02773,23.0,2.7,1.4,sinh_vien,TP HCM,0,57.0
KH02774,40.0,40.4,21.1,ky_su,Ha Noi,6,51.0
KH02775,47.0,13.2,2.8,nhan_vien,TP HCM,2,22.0
KH02776,19.0,45.8,38.7,bac_si,Ha Noi,8,77.0
KH02777,29.0,12.9,8.4,nhan_vien,Hai Phong,1,77.0
KH02778,52.0,25.3,11.9,nhan_vien,TP HCM,4,38.0
KH02779,35.0,9.1,8.5,nhan_vien,TP HCM,1,100.0
KH02780,28.0,2.3,1.3,sinh_vien,TP HCM,0,54.0
KH02781,28.0,25.1,8.7,bac_si,TP HCM,1,32.0
KH02782,27.0,21.5,13.2,kinh_doanh,Da Nang,5,55.0
KH02783,18.0,13.0,10.5,giao_vien,Ha Noi,3,92.0
KH02784,18.0,21.6,12.4,kinh_doanh,Ha Noi,4,52.0
KH02785,34.0,3.8,2.9,sinh_vien,Ha Noi,0,77.0
KH02786,18.0,12.8,8.8,nhan_vien,Ha Noi,3,60.0
KH02787,39.0,18.6,10.1,nhan_vien,TP HCM,2,53.0
KH02788,26.0,22.1,17.6,kinh_doanh,TP HCM,5,92.0
KH02789,45.0,11.1,9.8,nhan_vien,TP HCM,3,87.0
KH02790,45.0,31.2,20.5,bac_si,TP HCM,7,62.0
KH02791,32.0,33.4,13.4,nhan_vien,Da Nang,5,36.0
KH02792,44.0,6.6,5.6,sinh_vien,TP HCM,6,99.0
KH02793,43.0,9.4,8.4,nhan_vien,TP HCM,1,76.0
KH02794,49.0,16.6,11.8,nhan_vien,Da Nang,4,69.0
KH02795,38.0,15.4,14.5,nhan_vien,TP HCM,1,100.0
KH02796,44.0,3.4,3.4,sinh_vien,Da Nang,2,85.0
KH02797,36.0,12.2,6.0,kinh_doanh,TP HCM,3,42.0
KH02798,64.0,25.7,14.4,bac_si,TP HCM,0,66.0
KH02799,34.0,63.1,47.0,ky_su,TP HCM,13,69.0
KH02800,34.0,17.6,8.3,bac_si,Ha Noi,3,53.0
KH02801,23.0,12.9,4.5,nhan_vien,Can Tho,0,36.0
KH02802,32.0,5.8,4.7,sinh_vien,TP HCM,1,69.0
KH02803,33.0,18.0,12.8,nhan_vien,TP HCM,2,60.0
KH02804,34.0,36.9,28.0,nhan_vien,Da Nang,4,82.0
KH02805,42.0,15.3,7.0,kinh_doanh,Ha Noi,1,54.0
KH02806,34.0,6.6,2.7,nhan_vien,Ha Noi,0,36.0
KH02807,42.0,11.0,11.1,sinh_vien,TP HCM,1,97.0
KH02808,51.0,9.6,6.6,ky_su,Ha Noi,1,79.0
KH02809,45.0,17.7,8.8,ky_su,TP HCM,2,54.0
KH02810,23.0,50.5,44.0,ky_su,TP HCM,11,97.0
KH02811,39.0,18.4,10.0,bac_si,Ha Noi,3,58.0
KH02812,33.0,10.3,4.0,giao_vien,TP HCM,0,42.0
KH02813,42.0,17.3,5.1,nhan_vien,Can Tho,1,31.0
KH02814,33.0,13.5,2.3,ky_su,TP HCM,1,14.0
KH02815,43.0,54.9,36.6,ky_su,TP HCM,7,69.0
KH02816,42.0,15.7,5.1,nhan_vien,TP HCM,2,27.0
KH02817,34.0,14.6,4.4,nhan_vien,TP HCM,2,35.0
KH02818,22.0,18.5,11.2,kinh_doanh,TP HCM,4,57.0
KH02819,36.0,28.4,15.8,nhan_vien,TP HCM,4,45.0
KH02820,40.0,24.0,19.7,kinh_doanh,TP HCM,6,87.0
KH02821,35.0,28.0,22.0,kinh_doanh,Can Tho,7,81.0
KH02822,67.0,7.9,5.7,nhan_vien,Can Tho,1,69.0
KH02823,25.0,34.5,28.3,bac_si,TP HCM,9,70.0
KH02824,26.0,2.5,0.5,sinh_vien,TP HCM,0,20.0
KH02825,54.0,36.8,31.3,giao_vien,Da Nang,8,86.0
KH02826,32.0,5.8,6.0,sinh_vien,TP HCM,0,100.0
KH02827,19.0,17.5,14.4,bac_si,TP HCM,6,72.0
KH02828,56.0,57.4,29.9,nhan_vien,Da Nang,11,42.0
KH02829,42.0,19.9,8.0,nhan_vien,Ha Noi,3,44.0
KH02830,60.0,20.5,12.9,ky_su,Ha Noi,5,54.0
KH02831,23.0,16.9,9.2,nhan_vien,TP HCM,1,57.0
KH02832,24.0,19.0,11.5,nhan_vien,TP HCM,3,58.0
KH02833,21.0,22.9,11.0,giao_vien,Ha Noi,0,45.0
KH02834,61.0,9.9,5.9,giao_vien,Da Nang,0,50.0
KH02835,41.0,20.7,6.2,kinh_doanh,Ha Noi,0,31.0
KH02836,25.0,16.0,6.9,ky_su,TP HCM,3,46.0
KH02837,30.0,38.8,32.2,nhan_vien,TP HCM,3,79.0
KH02838,40.0,13.7,5.6,sinh_vien,TP HCM,0,44.0
KH02839,32.0,19.5,12.2,nhan_vien,Ha Noi,1,51.0
KH02840,44.0,18.9,7.6,ky_su,Hai Phong,3,44.0
KH02841,25.0,17.0,15.5,ky_su,Ha Noi,4,77.0
KH02842,25.0,15.6,6.8,nhan_vien,Ha Noi,2,46.0
KH02843,23.0,12.0,3.5,sinh_vien,Can Tho,2,34.0
KH02844,46.0,19.3,9.2,ky_su,TP HCM,5,43.0
KH02845,43.0,14.3,8.0,nhan_vien,Ha Noi,0,45.0
KH02846,42.0,9.4,3.7,giao_vien,Ha Noi,0,41.0
KH02847,29.0,27.0,12.8,ky_su,TP HCM,4,47.0
KH02848,27.0,21.4,18.1,bac_si,Hai Phong,4,87.0
KH02849,41.0,15.5,5.8,nhan_vien,Hai Phong,3,32.0
KH02850,35.0,12.4,5.2,giao_vien,Ha Noi,2,45.0
KH02851,43.0,8.0,1.9,sinh_vien,Da Nang,1,24.0
KH02852,50.0,46.4,35.6,kinh_doanh,Hai Phong,12,75.0
KH02853,28.0,24.0,11.7,nhan_vien,Ha Noi,2,43.0
KH02854,26.0,21.7,10.9,ky_su,Ha Noi,0,44.0
KH02855,44.0,30.9,20.0,bac_si,TP HCM,1,57.0
KH02856,38.0,10.1,6.2,giao_vien,Hai Phong,2,67.0
KH02857,36.0,26.4,11.8,ky_su,Can Tho,2,38.0
KH02858,42.0,44.3,28.8,kinh_doanh,Hai Phong,5,65.0
KH02859,37.0,41.3,15.6,nhan_vien,Ha Noi,3,42.0
KH02860,56.0,15.2,6.0,nhan_vien,TP HCM,1,40.0
KH02861,41.0,14.9,7.2,giao_vien,Da Nang,2,54.0
KH02862,19.0,3.1,0.8,sinh_vien,Hai Phong,0,27.0
KH02863,25.0,20.9,7.5,bac_si,Ha Noi,1,29.0
KH02864,25.0,17.8,8.9,kinh_doanh,TP HCM,5,57.0
KH02865,46.0,27.0,22.1,ky_su,TP HCM,5,93.0
KH02866,41.0,7.6,5.0,giao_vien,Ha Noi,0,63.0
KH02867,48.0,13.4,6.4,nhan_vien,Ha Noi,2,42.0
KH02868,35.0,34.8,15.1,kinh_doanh,Ha Noi,3,49.0
KH02869,49.0,10.5,5.8,giao_vien,Can Tho,5,49.0
KH02870,34.0,11.8,9.6,ky_su,Ha Noi,6,84.0
KH02871,43.0,10.3,8.8,nhan_vien,Hai Phong,3,78.0
KH02872,32.0,16.8,7.4,bac_si,TP HCM,2,49.0
KH02873,41.0,4.0,6.1,sinh_vien,TP HCM,3,100.0
KH02874,34.0,2.2,2.6,sinh_vien,TP HCM,0,100.0
KH02875,28.0,26.0,8.4,ky_su,Can Tho,0,36.0
KH02876,34.0,12.6,11.5,kinh_doanh,TP HCM,1,100.0
KH02877,40.0,10.5,4.0,giao_vien,Hai Phong,1,31.0
KH02878,21.0,50.3,19.2,bac_si,Ha Noi,6,36.0
KH02879,18.0,16.7,9.8,giao_vien,Can Tho,4,67.0
KH02880,57.0,19.5,10.5,ky_su,TP HCM,4,47.0
KH02881,45.0,26.0,10.4,ky_su,Ha Noi,2,47.0
KH02882,32.0,16.8,13.0,kinh_doanh,Da Nang,2,68.0
KH02883,35.0,12.7,4.9,kinh_doanh,Ha Noi,0,37.0
KH02884,49.0,26.3,17.3,nhan_vien,Hai Phong,3,56.0
KH02885,34.0,5.1,0.5,sinh_vien,Ha Noi,0,10.0
KH02886,30.0,18.7,10.0,ky_su,TP HCM,0,59.0
KH02887,40.0,17.4,14.6,nhan_vien,Ha Noi,5,89.0
KH02888,43.0,29.9,11.1,ky_su,Ha Noi,1,40.0
KH02889,33.0,45.3,28.7,giao_vien,Can Tho,8,57.0
KH02890,47.0,20.3,10.0,bac_si,Da Nang,3,47.0
KH02891,42.0,3.4,3.9,sinh_vien,Hai Phong,1,100.0
KH02892,31.0,40.4,28.3,ky_su,Da Nang,5,71.0
KH02893,29.0,59.6,33.9,ky_su,Ha Noi,10,52.0
KH02894,52.0,9.6,3.3,giao_vien,Ha Noi,1,38.0
KH02895,18.0,11.7,6.8,ky_su,TP HCM,1,67.0
KH02896,35.0,12.5,10.4,ky_su,Ha Noi,3,92.0
KH02897,62.0,35.6,18.6,ky_su,TP HCM,5,59.0
KH02898,38.0,7.3,4.2,nhan_vien,Ha Noi,1,52.0
KH02899,36.0,10.7,8.8,ky_su,Ha Noi,2,98.0
KH02900,22.0,21.2,12.4,giao_vien,Hai Phong,7,62.0
KH02901,48.0,13.1,10.6,ky_su,Ha Noi,1,69.0
KH02902,45.0,17.2,15.7,bac_si,TP HCM,4,100.0
KH02903,32.0,20.2,7.9,ky_su,Ha Noi,1,46.0
KH02904,34.0,28.3,16.0,kinh_doanh,TP HCM,1,62.0
KH02905,41.0,37.1,29.9,kinh_doanh,Ha Noi,9,66.0
KH02906,35.0,39.4,17.7,nhan_vien,TP HCM,4,39.0
KH02907,34.0,20.4,10.1,nhan_vien,TP HCM,0,57.0
KH02908,28.0,44.6,36.7,giao_vien,Ha Noi,9,87.0
KH02909,45.0,36.0,23.9,nhan_vien,Ha Noi,4,57.0
KH02910,44.0,14.4,11.3,giao_vien,TP HCM,1,86.0
KH02911,55.0,24.6,10.8,nhan_vien,TP HCM,2,48.0
KH02912,54.0,13.5,10.5,nhan_vien,Hai Phong,3,65.0
KH02913,29.0,10.2,9.0,nhan_vien,Can Tho,2,78.0
KH02914,38.0,25.5,19.0,kinh_doanh,Hai Phong,6,62.0
KH02915,51.0,28.9,17.1,ky_su,Ha Noi,4,68.0
KH02916,44.0,25.7,10.6,nhan_vien,TP HCM,2,39.0
KH02917,28.0,8.5,7.8,nhan_vien,TP HCM,4,80.0
KH02918,39.0,34.2,21.6,ky_su,TP HCM,6,74.0
KH02919,44.0,27.9,19.2,kinh_doanh,Ha Noi,1,68.0
KH02920,39.0,23.7,17.4,kinh_doanh,TP HCM,4,85.0
KH02921,53.0,17.0,9.0,ky_su,Da Nang,0,45.0
KH02922,39.0,3.9,3.3,sinh_vien,Ha Noi,0,88.0
KH02923,27.0,19.7,16.2,bac_si,Ha Noi,1,94.0
KH02924,26.0,20.6,7.8,nhan_vien,Da Nang,2,45.0
KH02925,51.0,3.1,1.9,giao_vien,TP HCM,1,63.0
KH02926,47.0,25.1,8.8,nhan_vien,Ha Noi,3,29.0
KH02927,30.0,46.7,35.3,bac_si,Can Tho,7,70.0
KH02928,50.0,23.1,8.0,nhan_vien,Ha Noi,2,40.0
KH02929,36.0,33.0,11.9,nhan_vien,Can Tho,1,38.0
KH02930,18.0,6.2,2.2,sinh_vien,Ha Noi,0,35.0
KH02931,35.0,12.4,3.2,giao_vien,Ha Noi,0,30.0
KH02932,46.0,14.7,12.1,nhan_vien,Da Nang,6,76.0
KH02933,52.0,17.3,9.1,ky_su,Ha Noi,2,62.0
KH02934,32.0,45.1,30.1,ky_su,Ha Noi,4,68.0
KH02935,35.0,12.6,11.2,nhan_vien,Ha Noi,5,99.0
KH02936,28.0,18.7,9.2,giao_vien,TP HCM,1,58.0
KH02937,50.0,21.5,9.1,ky_su,TP HCM,3,42.0
KH02938,20.0,33.7,18.7,nhan_vien,Hai Phong,9,55.0
KH02939,30.0,35.0,23.9,nhan_vien,TP HCM,7,65.0
KH02940,27.0,23.5,14.4,nhan_vien,TP HCM,2,61.0
KH02941,48.0,14.3,11.3,nhan_vien,TP HCM,1,94.0
KH02942,41.0,8.6,4.2,giao_vien,Can Tho,4,42.0
KH02943,45.0,34.8,22.7,nhan_vien,Ha Noi,6,76.0
KH02944,40.0,8.4,4.1,ky_su,TP HCM,0,56.0
KH02945,43.0,16.6,12.2,nhan_vien,Da Nang,0,75.0
KH02946,29.0,4.5,0.8,giao_vien,Hai Phong,1,20.0
KH02947,36.0,5.8,3.2,giao_vien,TP HCM,1,50.0
KH02948,36.0,24.9,15.3,nhan_vien,Ha Noi,5,70.0
KH02949,18.0,23.2,18.2,nhan_vien,TP HCM,4,75.0
KH02950,35.0,21.3,16.3,nhan_vien,Hai Phong,6,62.0
KH02951,38.0,14.5,9.9,nhan_vien,Ha Noi,2,56.0
KH02952,48.0,27.2,15.1,ky_su,Da Nang,5,50.0
KH02953,48.0,21.9,11.0,bac_si,TP HCM,1,54.0
KH02954,31.0,30.0,21.6,bac_si,TP HCM,5,63.0
KH02955,41.0,16.1,7.3,nhan_vien,Ha Noi,2,47.0
KH02956,54.0,25.0,21.5,nhan_vien,TP HCM,4,93.0
KH02957,45.0,14.8,10.9,giao_vien,Ha Noi,0,69.0
KH02958,49.0,8.4,7.1,giao_vien,TP HCM,1,75.0
KH02959,28.0,11.1,4.3,nhan_vien,TP HCM,0,45.0
KH02960,35.0,8.3,5.7,nhan_vien,Hai Phong,1,68.0
KH02961,24.0,14.6,5.6,ky_su,Ha Noi,1,34.0
KH02962,44.0,14.1,6.6,giao_vien,Can Tho,2,46.0
KH02963,42.0,17.1,12.9,kinh_doanh,TP HCM,2,66.0
KH02964,46.0,24.0,12.7,bac_si,Ha Noi,4,50.0
KH02965,37.0,35.3,27.8,nhan_vien,Ha Noi,8,73.0
KH02966,44.0,17.5,10.6,giao_vien,TP HCM,0,64.0
KH02967,51.0,16.0,12.3,giao_vien,TP HCM,3,80.0
KH02968,29.0,24.3,15.5,kinh_doanh,TP HCM,8,54.0
KH02969,29.0,15.9,14.0,ky_su,Can Tho,3,94.0
KH02970,35.0,24.1,10.0,giao_vien,Da Nang,3,36.0
KH02971,38.0,14.7,8.8,nhan_vien,Ha Noi,3,63.0
KH02972,52.0,22.1,8.6,nhan_vien,TP HCM,1,47.0
KH02973,41.0,32.9,28.6,kinh_doanh,Hai Phong,8,85.0
KH02974,33.0,23.2,11.4,ky_su,Da Nang,2,47.0
KH02975,31.0,22.5,12.7,bac_si,TP HCM,3,64.0
KH02976,32.0,18.4,8.4,nhan_vien,Hai Phong,2,40.0
KH02977,18.0,17.0,15.7,kinh_doanh,TP HCM,3,90.0
KH02978,40.0,20.9,11.2,nhan_vien,Ha Noi,2,55.0
KH02979,37.0,4.6,2.5,sinh_vien,Ha Noi,1,53.0
KH02980,24.0,40.6,27.9,kinh_doanh,Can Tho,2,70.0
KH02981,56.0,19.6,11.7,giao_vien,Hai Phong,3,55.0
KH02982,36.0,16.4,8.7,giao_vien,Hai Phong,1,53.0
KH02983,35.0,23.2,13.8,nhan_vien,Ha Noi,3,67.0
KH02984,24.0,8.2,4.5,ky_su,Hai Phong,3,54.0
KH02985,63.0,10.5,6.5,giao_vien,Da Nang,1,57.0
KH02986,34.0,12.9,5.6,giao_vien,Da Nang,0,49.0
KH02987,45.0,15.9,11.3,giao_vien,Da Nang,2,63.0
KH02988,49.0,29.3,7.3,ky_su,TP HCM,1,26.0
KH02989,42.0,9.1,2.7,giao_vien,Hai Phong,0,26.0
KH02990,18.0,14.1,11.0,nhan_vien,Da Nang,2,93.0
KH02991,63.0,35.2,17.2,kinh_doanh,TP HCM,2,58.0
KH02992,32.0,25.4,10.2,nhan_vien,TP HCM,6,34.0
KH02993,21.0,12.2,8.6,nhan_vien,Ha Noi,3,58.0
KH02994,29.0,38.9,15.4,kinh_doanh,Ha Noi,3,42.0
KH02995,58.0,26.8,16.8,ky_su,Ha Noi,9,69.0
KH02996,36.0,14.6,7.0,giao_vien,Hai Phong,1,52.0
KH02997,30.0,10.8,8.4,ky_su,Ha Noi,3,83.0
KH02998,41.0,7.0,4.0,giao_vien,Da Nang,1,59.0
KH02999,18.0,10.9,5.8,kinh_doanh,Ha Noi,3,56.0
KH03000,28.0,12.2,7.3,ky_su,TP HCM,1,66.0
KH03001,18.0,21.3,13.0,nhan_vien,Da Nang,2,59.0
KH03002,44.0,18.6,9.6,kinh_doanh,TP HCM,1,44.0
KH03003,24.0,22.0,9.6,nhan_vien,Ha Noi,1,50.0
KH03004,27.0,10.0,9.3,kinh_doanh,TP HCM,1,88.0
KH03005,28.0,11.5,6.5,nhan_vien,Da Nang,3,55.0
KH03006,19.0,33.6,18.6,bac_si,Ha Noi,6,60.0
KH03007,32.0,16.4,11.2,ky_su,Ha Noi,2,63.0
KH03008,35.0,23.2,12.1,nhan_vien,TP HCM,4,55.0
KH03009,52.0,25.8,14.8,nhan_vien,Da Nang,4,55.0
KH03010,20.0,7.6,6.3,giao_vien,TP HCM,1,91.0
KH03011,45.0,5.6,3.5,sinh_vien,Da Nang,1,57.0
KH03012,41.0,16.7,13.9,giao_vien,TP HCM,4,94.0
KH03013,41.0,3.9,5.5,sinh_vien,Ha Noi,2,100.0
KH03014,29.0,39.3,14.6,giao_vien,Ha Noi,4,44.0
KH03015,50.0,6.5,2.1,nhan_vien,TP HCM,2,32.0
KH03016,35.0,7.6,5.0,sinh_vien,Da Nang,2,72.0
KH03017,51.0,13.4,5.8,kinh_doanh,Ha Noi,1,38.0
KH03018,49.0,14.3,8.8,nhan_vien,Can Tho,6,67.0
KH03019,43.0,36.8,31.2,kinh_doanh,TP HCM,9,72.0
KH03020,35.0,14.4,10.6,giao_vien,TP HCM,3,73.0
KH03021,41.0,8.7,9.8,nhan_vien,TP HCM,1,100.0
KH03022,30.0,18.4,15.8,kinh_doanh,Hai Phong,9,96.0
KH03023,48.0,25.8,19.6,kinh_doanh,Da Nang,1,67.0
KH03024,26.0,17.6,11.0,nhan_vien,Ha Noi,4,72.0
KH03025,34.0,5.7,5.6,sinh_vien,TP HCM,1,83.0
KH03026,44.0,42.1,18.1,ky_su,TP HCM,3,45.0
KH03027,34.0,28.4,10.2,ky_su,Hai Phong,3,36.0
KH03028,39.0,19.5,16.9,nhan_vien,Can Tho,6,92.0
KH03029,19.0,23.5,10.9,nhan_vien,TP HCM,1,47.0
KH03030,38.0,22.3,14.4,kinh_doanh,Hai Phong,5,73.0
KH03031,36.0,11.6,6.6,sinh_vien,Ha Noi,3,54.0
KH03032,36.0,16.2,7.4,giao_vien,Hai Phong,2,40.0
KH03033,29.0,17.1,8.5,ky_su,Da Nang,2,40.0
KH03034,51.0,30.1,17.5,kinh_doanh,Ha Noi,7,70.0
KH03035,37.0,24.8,16.7,kinh_doanh,TP HCM,6,57.0
KH03036,29.0,39.9,25.2,kinh_doanh,Ha Noi,8,63.0
KH03037,45.0,15.5,5.9,nhan_vien,Hai Phong,1,32.0
KH03038,38.0,9.2,7.2,sinh_vien,TP HCM,1,85.0
KH03039,35.0,12.3,7.9,giao_vien,Da Nang,2,57.0
KH03040,31.0,20.0,13.2,ky_su,Da Nang,2,72.0
KH03041,48.0,26.9,16.0,ky_su,Hai Phong,4,54.0
KH03042,40.0,13.6,7.3,kinh_doanh,TP HCM,0,57.0
KH03043,30.0,16.9,10.9,giao_vien,TP HCM,3,55.0
KH03044,39.0,4.0,4.9,sinh_vien,TP HCM,0,100.0
KH03045,21.0,35.0,19.3,nhan_vien,Da Nang,5,53.0
KH03046,27.0,12.7,4.1,nhan_vien,Ha Noi,2,26.0
KH03047,36.0,10.2,3.0,nhan_vien,Ha Noi,0,30.0
KH03048,35.0,24.2,18.4,nhan_vien,TP HCM,3,77.0
KH03049,57.0,7.2,3.5,sinh_vien,TP HCM,1,57.0
KH03050,26.0,8.0,1.0,nhan_vien,TP HCM,1,11.0
KH03051,27.0,13.2,8.1,giao_vien,Hai Phong,4,71.0
KH03052,31.0,3.1,0.5,sinh_vien,Ha Noi,0,18.0
KH03053,37.0,30.7,20.8,giao_vien,TP HCM,9,75.0
KH03054,39.0,18.4,7.5,ky_su,TP HCM,0,36.0
KH03055,43.0,19.7,8.2,kinh_doanh,Can Tho,1,49.0
KH03056,35.0,42.6,16.7,nhan_vien,TP HCM,6,37.0
KH03057,45.0,17.5,13.1,giao_vien,Da Nang,4,89.0
KH03058,32.0,23.1,9.4,bac_si,Ha Noi,3,36.0
KH03059,38.0,40.3,26.2,bac_si,TP HCM,5,60.0
KH03060,18.0,34.0,20.7,bac_si,Ha Noi,3,54.0
KH03061,39.0,18.5,10.8,giao_vien,Ha Noi,4,56.0
KH03062,36.0,14.6,10.4,giao_vien,Ha Noi,2,84.0
KH03063,51.0,38.4,21.5,kinh_doanh,Can Tho,2,57.0
KH03064,40.0,8.8,3.4,nhan_vien,Da Nang,0,37.0
KH03065,45.0,11.5,3.8,nhan_vien,TP HCM,0,33.0
KH03066,18.0,20.1,14.1,giao_vien,TP HCM,4,69.0
KH03067,40.0,17.5,13.0,nhan_vien,Da Nang,3,80.0
KH03068,51.0,9.5,6.9,giao_vien,TP HCM,2,62.0
KH03069,38.0,16.3,6.4,kinh_doanh,TP HCM,1,33.0
KH03070,18.0,50.1,30.1,kinh_doanh,Ha Noi,6,59.0
KH03071,46.0,3.6,2.2,sinh_vien,Ha Noi,1,53.0
KH03072,44.0,20.8,7.7,ky_su,TP HCM,0,32.0
KH03073,31.0,25.0,7.8,kinh_doanh,TP HCM,4,33.0
KH03074,31.0,45.7,22.6,kinh_doanh,TP HCM,2,53.0
KH03075,54.0,33.9,14.8,bac_si,TP HCM,3,49.0
KH03076,18.0,13.4,12.9,nhan_vien,Ha Noi,2,100.0
KH03077,18.0,13.4,12.1,nhan_vien,Can Tho,4,100.0
KH03078,32.0,25.2,19.0,nhan_vien,Ha Noi,5,71.0
KH03079,35.0,4.3,2.8,sinh_vien,Can Tho,0,65.0
KH03080,49.0,16.5,8.2,giao_vien,TP HCM,0,58.0
KH03081,37.0,25.4,15.5,kinh_doanh,Hai Phong,5,51.0
KH03082,31.0,16.8,9.5,nhan_vien,TP HCM,3,66.0
KH03083,42.0,3.1,2.8,sinh_vien,TP HCM,0,100.0
KH03084,49.0,8.1,6.9,nhan_vien,Ha Noi,0,80.0
KH03085,29.0,23.2,8.7,nhan_vien,TP HCM,3,39.0
KH03086,23.0,20.1,11.3,kinh_doanh,TP HCM,2,47.0
KH03087,30.0,13.9,8.5,nhan_vien,Can Tho,0,57.0
KH03088,21.0,4.7,2.2,sinh_vien,Can Tho,0,43.0
KH03089,49.0,24.9,21.6,ky_su,TP HCM,7,86.0
KH03090,41.0,36.5,13.8,kinh_doanh,TP HCM,3,39.0
KH03091,42.0,3.7,3.2,sinh_vien,Ha Noi,0,70.0
KH03092,48.0,10.1,4.4,giao_vien,Da Nang,1,48.0
KH03093,34.0,15.6,4.7,nhan_vien,Da Nang,1,28.0
KH03094,20.0,19.5,8.9,ky_su,TP HCM,1,52.0
KH03095,46.0,16.4,12.7,giao_vien,TP HCM,3,82.0
KH03096,33.0,16.6,13.1,nhan_vien,Da Nang,5,74.0
KH03097,18.0,16.2,8.2,ky_su,TP HCM,3,57.0
KH03098,27.0,6.2,2.4,sinh_vien,Ha Noi,0,38.0
KH03099,41.0,2.7,1.4,sinh_vien,Ha Noi,1,53.0
KH03100,22.0,7.7,3.4,nhan_vien,Ha Noi,1,40.0
KH03101,50.0,34.4,26.0,kinh_doanh,Da Nang,10,74.0
KH03102,24.0,8.9,3.1,giao_vien,Hai Phong,0,34.0
KH03103,42.0,52.9,41.7,kinh_doanh,Ha Noi,10,68.0
KH03104,35.0,41.3,30.2,kinh_doanh,Ha Noi,11,69.0
KH03105,25.0,13.7,6.6,nhan_vien,Ha Noi,1,51.0
KH03106,40.0,12.1,4.6,giao_vien,Ha Noi,1,39.0
KH03107,38.0,16.7,10.5,ky_su,Ha Noi,3,60.0
KH03108,34.0,17.5,6.4,nhan_vien,Ha Noi,0,39.0
KH03109,51.0,32.4,26.3,ky_su,TP HCM,8,68.0
KH03110,36.0,9.1,4.9,sinh_vien,Ha Noi,3,54.0
KH03111,36.0,48.1,27.6,ky_su,Can Tho,8,53.0
KH03112,39.0,28.2,11.3,ky_su,TP HCM,4,40.0
KH03113,36.0,8.1,7.3,kinh_doanh,Ha Noi,3,76.0
KH03114,45.0,9.4,8.7,nhan_vien,TP HCM,2,93.0
KH03115,41.0,4.1,2.6,sinh_vien,Hai Phong,1,60.0
KH03116,34.0,29.5,25.1,nhan_vien,Ha Noi,7,75.0
KH03117,29.0,10.9,8.9,ky_su,TP HCM,0,96.0
KH03118,25.0,11.5,7.4,giao_vien,Hai Phong,1,56.0
KH03119,21.0,15.7,12.0,kinh_doanh,Ha Noi,2,67.0
KH03120,28.0,14.1,11.4,ky_su,Hai Phong,3,76.0
KH03121,30.0,34.0,28.1,kinh_doanh,TP HCM,6,98.0
KH03122,39.0,28.1,16.8,ky_su,Hai Phong,1,49.0
KH03123,38.0,10.7,4.4,nhan_vien,Ha Noi,2,46.0
KH03124,42.0,18.0,8.6,ky_su,Ha Noi,4,50.0
KH03125,36.0,13.1,5.6,bac_si,TP HCM,0,47.0
KH03126,62.0,25.0,19.0,nhan_vien,Ha Noi,3,80.0
KH03127,23.0,38.1,19.4,ky_su,Ha Noi,4,51.0
KH03128,35.0,80.6,38.1,bac_si,TP HCM,9,49.0
KH03129,18.0,11.4,8.3,nhan_vien,TP HCM,2,65.0
KH03130,42.0,24.5,22.3,bac_si,Ha Noi,9,95.0
KH03131,27.0,7.1,8.5,sinh_vien,Da Nang,2,100.0
KH03132,18.0,20.7,14.5,ky_su,Hai Phong,5,60.0
KH03133,43.0,33.3,15.0,nhan_vien,Can Tho,2,53.0
KH03134,23.0,7.6,6.3,giao_vien,TP HCM,1,75.0
KH03135,48.0,32.0,19.6,ky_su,TP HCM,5,63.0
KH03136,27.0,22.4,9.8,ky_su,TP HCM,2,45.0
KH03137,43.0,27.0,13.8,nhan_vien,Da Nang,5,45.0
KH03138,29.0,15.1,10.0,nhan_vien,TP HCM,3,79.0
KH03139,27.0,14.4,8.2,bac_si,Hai Phong,1,63.0
KH03140,33.0,3.6,2.3,sinh_vien,TP HCM,0,56.0
KH03141,24.0,16.0,12.4,ky_su,Ha Noi,2,80.0
KH03142,34.0,16.0,7.1,ky_su,Da Nang,3,38.0
KH03143,28.0,6.4,1.7,sinh_vien,Can Tho,2,28.0
KH03144,40.0,17.9,15.2,nhan_vien,Ha Noi,5,83.0
KH03145,18.0,33.5,14.1,kinh_doanh,TP HCM,5,41.0
KH03146,35.0,33.0,21.9,bac_si,TP HCM,8,65.0
KH03147,41.0,17.9,5.0,ky_su,Da Nang,1,24.0
KH03148,34.0,2.6,2.6,sinh_vien,Can Tho,1,85.0
KH03149,46.0,8.1,3.7,sinh_vien,Ha Noi,1,42.0
KH03150,19.0,22.1,9.9,kinh_doanh,TP HCM,2,36.0
KH03151,18.0,25.5,11.9,bac_si,TP HCM,0,54.0
KH03152,18.0,7.2,5.1,nhan_vien,TP HCM,2,58.0
KH03153,45.0,18.4,12.3,ky_su,TP HCM,3,70.0
KH03154,22.0,16.1,4.7,giao_vien,Hai Phong,1,30.0
KH03155,36.0,18.2,10.1,nhan_vien,Da Nang,1,64.0
KH03156,18.0,47.9,20.1,ky_su,Hai Phong,5,49.0
KH03157,34.0,27.2,19.1,giao_vien,Can Tho,10,60.0
KH03158,41.0,5.9,2.0,sinh_vien,TP HCM,1,30.0
KH03159,25.0,21.4,12.1,kinh_doanh,TP HCM,1,58.0
KH03160,29.0,2.8,1.2,sinh_vien,Can Tho,1,51.0
KH03161,44.0,10.0,5.7,kinh_doanh,Can Tho,0,47.0
KH03162,46.0,9.9,7.3,sinh_vien,Ha Noi,2,79.0
KH03163,24.0,16.5,13.5,ky_su,Can Tho,2,68.0
KH03164,47.0,31.5,22.4,ky_su,Ha Noi,2,73.0
KH03165,32.0,13.2,11.2,giao_vien,Ha Noi,4,76.0
KH03166,37.0,3.9,3.3,sinh_vien,TP HCM,0,100.0
KH03167,49.0,8.3,7.9,nhan_vien,TP HCM,4,78.0
KH03168,41.0,13.5,12.7,nhan_vien,TP HCM,1,100.0
KH03169,26.0,35.5,23.1,ky_su,Ha Noi,4,62.0
KH03170,48.0,8.4,5.1,ky_su,Hai Phong,1,60.0
KH03171,40.0,19.4,15.5,nhan_vien,Ha Noi,2,87.0
KH03172,33.0,10.9,9.4,giao_vien,TP HCM,2,94.0
KH03173,27.0,10.4,9.3,sinh_vien,Ha Noi,0,78.0
KH03174,67.0,47.9,29.9,kinh_doanh,TP HCM,8,74.0
KH03175,27.0,11.3,9.0,nhan_vien,TP HCM,1,88.0
KH03176,44.0,16.0,7.0,ky_su,Hai Phong,1,47.0
KH03177,43.0,33.8,13.5,kinh_doanh,Ha Noi,3,44.0
KH03178,55.0,11.8,10.3,nhan_vien,Hai Phong,5,76.0
KH03179,45.0,40.1,28.6,bac_si,TP HCM,7,76.0
KH03180,45.0,14.2,6.3,nhan_vien,Da Nang,0,49.0
KH03181,26.0,10.5,6.4,giao_vien,Ha Noi,0,61.0
KH03182,23.0,13.8,9.9,kinh_doanh,Da Nang,1,65.0
KH03183,42.0,5.9,4.5,giao_vien,Da Nang,3,88.0
KH03184,41.0,18.9,13.8,nhan_vien,TP HCM,3,77.0
KH03185,42.0,57.9,32.4,kinh_doanh,TP HCM,5,65.0
KH03186,48.0,10.4,2.8,nhan_vien,Ha Noi,0,24.0
KH03187,26.0,21.7,18.2,kinh_doanh,TP HCM,3,96.0
KH03188,32.0,13.0,6.5,ky_su,Da Nang,2,52.0
KH03189,29.0,44.1,16.1,nhan_vien,Ha Noi,4,38.0
KH03190,18.0,24.9,17.6,bac_si,TP HCM,5,64.0
KH03191,18.0,15.9,14.2,kinh_doanh,TP HCM,0,94.0
KH03192,28.0,27.7,22.4,giao_vien,Hai Phong,2,78.0
KH03193,49.0,26.3,18.1,nhan_vien,TP HCM,3,75.0
KH03194,50.0,23.3,10.0,giao_vien,Hai Phong,2,40.0
KH03195,35.0,3.0,1.9,sinh_vien,TP HCM,0,69.0
KH03196,50.0,25.4,14.9,ky_su,Hai Phong,2,51.0
KH03197,42.0,5.9,3.1,giao_vien,TP HCM,0,47.0
KH03198,27.0,6.4,3.6,sinh_vien,Can Tho,1,63.0
KH03199,39.0,20.4,7.4,giao_vien,TP HCM,3,33.0
KH03200,44.0,3.6,2.4,sinh_vien,Hai Phong,1,66.0
KH03201,36.0,21.5,12.0,ky_su,TP HCM,3,65.0
KH03202,41.0,13.1,8.9,kinh_doanh,Da Nang,4,56.0
KH03203,55.0,62.6,49.7,kinh_doanh,Da Nang,9,95.0
KH03204,22.0,22.8,14.4,ky_su,Da Nang,1,51.0
KH03205,26.0,12.6,6.3,giao_vien,Can Tho,0,57.0
KH03206,33.0,11.2,5.2,giao_vien,TP HCM,2,40.0
KH03207,18.0,34.8,21.4,kinh_doanh,TP HCM,5,68.0
KH03208,46.0,22.3,16.6,ky_su,Ha Noi,5,60.0
KH03209,38.0,33.7,11.7,kinh_doanh,Ha Noi,4,38.0
KH03210,24.0,11.3,4.8,sinh_vien,Ha Noi,1,36.0
KH03211,31.0,49.7,28.3,bac_si,Hai Phong,8,47.0
KH03212,18.0,15.8,10.0,nhan_vien,TP HCM,0,71.0
KH03213,36.0,14.2,11.1,nhan_vien,Can Tho,4,67.0
KH03214,19.0,18.1,10.0,nhan_vien,Ha Noi,5,48.0
KH03215,19.0,21.2,8.3,nhan_vien,Can Tho,2,47.0
KH03216,18.0,11.7,7.7,sinh_vien,TP HCM,3,57.0
KH03217,32.0,15.5,6.6,kinh_doanh,Hai Phong,5,39.0
KH03218,40.0,22.6,13.4,kinh_doanh,Hai Phong,4,68.0
KH03219,57.0,16.1,6.0,giao_vien,TP HCM,2,35.0
KH03220,67.0,2.3,1.5,sinh_vien,TP HCM,0,73.0
KH03221,45.0,10.9,3.7,nhan_vien,TP HCM,0,37.0
KH03222,40.0,9.0,3.2,giao_vien,Can Tho,0,42.0
KH03223,53.0,25.2,19.1,kinh_doanh,Can Tho,4,65.0
KH03224,54.0,21.6,17.2,ky_su,Da Nang,2,95.0
KH03225,43.0,22.4,10.6,kinh_doanh,TP HCM,2,38.0
KH03226,27.0,8.3,5.4,nhan_vien,TP HCM,3,68.0
KH03227,33.0,14.0,8.3,bac_si,Hai Phong,2,66.0
KH03228,39.0,8.3,2.2,giao_vien,TP HCM,1,29.0
KH03229,48.0,20.7,16.5,kinh_doanh,Hai Phong,8,75.0
KH03230,18.0,40.6,15.9,nhan_vien,TP HCM,7,32.0
KH03231,33.0,49.8,19.7,kinh_doanh,Ha Noi,6,36.0
KH03232,48.0,16.5,12.6,giao_vien,TP HCM,4,91.0
KH03233,22.0,10.6,4.3,nhan_vien,TP HCM,1,45.0
KH03234,18.0,22.7,16.1,giao_vien,Can Tho,1,61.0
KH03235,40.0,6.5,3.4,giao_vien,TP HCM,0,61.0
KH03236,38.0,60.6,34.1,kinh_doanh,Ha Noi,8,47.0
KH03237,33.0,6.6,1.2,sinh_vien,Da Nang,0,21.0
KH03238,18.0,15.5,13.7,kinh_doanh,Ha Noi,5,93.0
KH03239,34.0,21.0,13.6,nhan_vien,Ha Noi,7,63.0
KH03240,18.0,10.6,9.0,nhan_vien,Can Tho,1,96.0
KH03241,31.0,31.5,11.7,nhan_vien,TP HCM,2,44.0
KH03242,42.0,4.2,2.6,nhan_vien,Ha Noi,1,58.0
KH03243,25.0,8.0,6.5,nhan_vien,Ha Noi,0,72.0
KH03244,46.0,16.9,13.1,nhan_vien,Ha Noi,2,80.0
KH03245,45.0,12.1,3.5,giao_vien,Ha Noi,0,27.0
KH03246,58.0,19.8,16.0,bac_si,TP HCM,4,83.0
KH03247,22.0,9.3,5.1,ky_su,TP HCM,1,55.0
KH03248,49.0,7.5,4.5,nhan_vien,TP HCM,0,72.0
KH03249,39.0,16.7,8.0,nhan_vien,Hai Phong,3,55.0
KH03250,30.0,16.2,13.4,kinh_doanh,Da Nang,5,77.0
KH03251,41.0,8.8,6.1,nhan_vien,TP HCM,1,77.0
KH03252,42.0,31.6,21.0,ky_su,Can Tho,4,62.0
KH03253,54.0,24.0,11.3,nhan_vien,TP HCM,6,50.0
KH03254,37.0,8.3,5.4,giao_vien,Hai Phong,2,69.0
KH03255,37.0,17.8,11.7,kinh_doanh,TP HCM,6,70.0
KH03256,37.0,41.1,15.6,kinh_doanh,Ha Noi,2,42.0
KH03257,46.0,8.6,5.4,giao_vien,TP HCM,2,54.0
KH03258,40.0,19.6,6.8,ky_su,Ha Noi,1,36.0
KH03259,18.0,28.4,23.6,giao_vien,TP HCM,12,71.0
KH03260,52.0,10.4,6.5,nhan_vien,Ha Noi,2,54.0
KH03261,18.0,17.1,6.5,nhan_vien,TP HCM,2,36.0
KH03262,36.0,4.6,3.1,sinh_vien,TP HCM,2,79.0
KH03263,32.0,41.0,31.9,ky_su,Hai Phong,9,88.0
KH03264,41.0,44.0,14.6,ky_su,Da Nang,10,34.0
KH03265,45.0,37.6,28.5,giao_vien,TP HCM,7,84.0
KH03266,39.0,13.6,9.9,bac_si,Can Tho,3,81.0
KH03267,47.0,13.9,10.6,kinh_doanh,Ha Noi,4,68.0
KH03268,41.0,4.9,8.3,sinh_vien,TP HCM,2,100.0
KH03269,46.0,16.7,11.6,ky_su,TP HCM,2,76.0
KH03270,38.0,13.6,10.8,nhan_vien,Ha Noi,1,70.0
KH03271,37.0,17.4,11.1,nhan_vien,Ha Noi,2,75.0
KH03272,18.0,8.5,6.8,giao_vien,Da Nang,1,70.0
KH03273,48.0,27.6,16.5,nhan_vien,Ha Noi,6,52.0
KH03274,43.0,7.9,4.8,ky_su,Can Tho,0,72.0
KH03275,39.0,7.2,3.3,sinh_vien,Ha Noi,0,39.0
KH03276,34.0,32.9,17.7,kinh_doanh,Da Nang,4,50.0
KH03277,47.0,15.2,7.8,nhan_vien,Ha Noi,4,56.0
KH03278,30.0,13.1,7.5,nhan_vien,Ha Noi,0,47.0
KH03279,28.0,17.1,6.9,nhan_vien,Ha Noi,0,39.0
KH03280,18.0,22.4,8.6,ky_su,Hai Phong,2,45.0
KH03281,37.0,13.0,6.6,nhan_vien,Ha Noi,2,54.0
KH03282,24.0,16.5,14.3,ky_su,Da Nang,4,77.0
KH03283,38.0,12.3,8.2,nhan_vien,TP HCM,2,58.0
KH03284,36.0,17.0,10.1,ky_su,Ha Noi,1,62.0
KH03285,32.0,15.1,11.2,nhan_vien,Hai Phong,4,66.0
KH03286,44.0,12.9,7.2,nhan_vien,Can Tho,0,51.0
KH03287,46.0,13.3,6.9,kinh_doanh,TP HCM,2,48.0
KH03288,48.0,25.8,17.4,bac_si,Ha Noi,8,54.0
KH03289,25.0,18.9,12.3,kinh_doanh,Ha Noi,2,59.0
KH03290,52.0,7.8,8.1,ky_su,Ha Noi,2,86.0
KH03291,31.0,21.8,11.8,nhan_vien,TP HCM,2,45.0
KH03292,46.0,19.3,15.3,nhan_vien,TP HCM,4,84.0
KH03293,19.0,15.7,5.7,nhan_vien,Ha Noi,3,43.0
KH03294,52.0,45.4,14.5,bac_si,TP HCM,3,33.0
KH03295,18.0,13.9,2.4,ky_su,Da Nang,0,19.0
KH03296,37.0,9.3,5.3,giao_vien,Ha Noi,1,57.0
KH03297,41.0,25.5,16.6,nhan_vien,Can Tho,3,69.0
KH03298,27.0,17.9,9.6,nhan_vien,Ha Noi,0,47.0
KH03299,42.0,10.8,7.5,kinh_doanh,Ha Noi,2,60.0
KH03300,41.0,31.7,24.5,bac_si,Ha Noi,7,89.0
KH03301,34.0,17.1,8.2,giao_vien,Hai Phong,2,53.0
KH03302,38.0,6.9,4.8,giao_vien,TP HCM,1,81.0
KH03303,44.0,3.1,1.0,sinh_vien,TP HCM,0,31.0
KH03304,40.0,15.6,9.9,giao_vien,TP HCM,2,68.0
KH03305,18.0,14.8,7.4,ky_su,TP HCM,3,45.0
KH03306,27.0,50.5,34.3,bac_si,TP HCM,12,81.0
KH03307,42.0,18.4,14.8,ky_su,Da Nang,0,71.0
KH03308,24.0,17.3,14.0,nhan_vien,Ha Noi,4,74.0
KH03309,42.0,16.2,7.7,kinh_doanh,TP HCM,3,39.0
KH03310,33.0,10.6,9.9,bac_si,TP HCM,1,88.0
KH03311,36.0,20.7,16.9,giao_vien,TP HCM,4,86.0
KH03312,36.0,22.2,17.0,bac_si,TP HCM,6,87.0
KH03313,27.0,11.3,2.3,giao_vien,Ha Noi,0,20.0
KH03314,39.0,11.6,5.9,nhan_vien,TP HCM,1,57.0
KH03315,25.0,3.7,4.2,sinh_vien,Ha Noi,1,100.0
KH03316,25.0,19.5,10.2,nhan_vien,Da Nang,2,49.0
KH03317,31.0,26.8,12.1,nhan_vien,Ha Noi,2,43.0
KH03318,29.0,48.2,38.9,bac_si,Ha Noi,10,92.0
KH03319,40.0,21.0,15.8,bac_si,Can Tho,6,83.0
KH03320,29.0,8.2,5.8,sinh_vien,Ha Noi,0,70.0
KH03321,36.0,27.8,17.9,kinh_doanh,TP HCM,2,56.0
KH03322,37.0,14.2,9.9,ky_su,TP HCM,2,76.0
KH03323,32.0,22.4,11.2,giao_vien,Ha Noi,5,44.0
KH03324,55.0,16.0,12.1,nhan_vien,Can Tho,6,89.0
KH03325,42.0,13.1,8.4,nhan_vien,TP HCM,1,60.0
KH03326,35.0,9.8,5.2,giao_vien,Ha Noi,1,62.0
KH03327,54.0,13.3,10.8,nhan_vien,TP HCM,1,97.0
KH03328,73.0,54.9,29.3,bac_si,Can Tho,8,56.0
KH03329,34.0,33.0,15.7,ky_su,Ha Noi,3,44.0
KH03330,27.0,47.2,20.6,bac_si,Ha Noi,4,36.0
KH03331,27.0,15.6,8.4,ky_su,TP HCM,2,47.0
KH03332,45.0,25.5,11.6,ky_su,Da Nang,1,48.0
KH03333,39.0,5.5,0.5,sinh_vien,Hai Phong,0,7.0
KH03334,39.0,28.8,15.0,ky_su,Hai Phong,5,55.0
KH03335,36.0,16.1,13.3,kinh_doanh,Da Nang,3,71.0
KH03336,34.0,13.8,4.9,giao_vien,Da Nang,0,38.0
KH03337,38.0,13.2,11.2,giao_vien,TP HCM,5,98.0
KH03338,29.0,22.9,16.5,ky_su,Ha Noi,4,59.0
KH03339,24.0,2.7,3.7,sinh_vien,Ha Noi,1,100.0
KH03340,18.0,8.8,3.8,giao_vien,TP HCM,0,47.0
KH03341,52.0,23.3,20.1,kinh_doanh,TP HCM,3,74.0
KH03342,32.0,17.2,8.1,nhan_vien,Ha Noi,1,54.0
KH03343,18.0,18.2,8.4,nhan_vien,Da Nang,4,42.0
KH03344,49.0,17.4,16.2,kinh_doanh,Ha Noi,6,99.0
KH03345,23.0,9.2,3.2,nhan_vien,TP HCM,2,42.0
KH03346,40.0,23.5,18.6,ky_su,Ha Noi,5,81.0
KH03347,38.0,7.7,2.9,sinh_vien,TP HCM,0,43.0
KH03348,36.0,30.9,17.3,ky_su,TP HCM,4,45.0
KH03349,39.0,14.2,10.5,ky_su,TP HCM,4,67.0
KH03350,23.0,12.4,7.0,nhan_vien,TP HCM,4,57.0
KH03351,23.0,21.8,18.8,kinh_doanh,TP HCM,5,76.0
KH03352,48.0,38.1,29.8,kinh_doanh,Da Nang,8,65.0
KH03353,28.0,22.1,13.6,nhan_vien,Hai Phong,4,66.0
KH03354,32.0,46.8,27.2,ky_su,Ha Noi,5,69.0
KH03355,45.0,42.6,32.4,kinh_doanh,Hai Phong,6,81.0
KH03356,26.0,16.8,12.6,nhan_vien,TP HCM,4,61.0
KH03357,42.0,37.2,16.5,ky_su,Ha Noi,4,53.0
KH03358,35.0,4.8,3.8,sinh_vien,Da Nang,1,93.0
KH03359,57.0,8.6,1.4,giao_vien,Hai Phong,1,14.0
KH03360,24.0,18.2,14.3,bac_si,TP HCM,8,78.0
KH03361,37.0,23.6,8.7,kinh_doanh,Hai Phong,3,38.0
KH03362,41.0,9.5,7.5,giao_vien,Ha Noi,2,76.0
KH03363,37.0,29.6,14.3,kinh_doanh,Can Tho,2,54.0
KH03364,18.0,35.9,24.7,bac_si,Da Nang,7,59.0
KH03365,34.0,11.3,5.2,sinh_vien,Ha Noi,0,50.0
KH03366,19.0,21.4,13.4,ky_su,Hai Phong,1,71.0
KH03367,27.0,3.0,4.9,sinh_vien,Can Tho,2,100.0
KH03368,37.0,34.6,21.1,nhan_vien,TP HCM,6,63.0
KH03369,58.0,11.0,6.1,nhan_vien,Ha Noi,1,60.0
KH03370,19.0,8.1,5.6,ky_su,Ha Noi,2,71.0
KH03371,41.0,10.4,3.9,nhan_vien,Ha Noi,2,39.0
KH03372,25.0,20.8,13.8,ky_su,Ha Noi,4,64.0
KH03373,43.0,1.7,1.6,sinh_vien,Can Tho,1,85.0
KH03374,46.0,7.9,6.4,giao_vien,TP HCM,0,88.0
KH03375,28.0,24.1,17.2,kinh_doanh,Ha Noi,4,78.0
KH03376,23.0,16.9,10.0,nhan_vien,TP HCM,3,56.0
KH03377,36.0,23.3,15.8,nhan_vien,Ha Noi,3,70.0
KH03378,27.0,13.0,10.6,giao_vien,Ha Noi,5,74.0
KH03379,24.0,26.3,18.2,bac_si,Ha Noi,5,59.0
KH03380,46.0,11.7,5.8,nhan_vien,Hai Phong,4,43.0
KH03381,49.0,13.6,4.5,nhan_vien,Ha Noi,0,32.0
KH03382,50.0,11.7,7.3,giao_vien,TP HCM,1,55.0
KH03383,38.0,12.3,11.7,nhan_vien,Ha Noi,2,89.0
KH03384,30.0,14.0,6.1,nhan_vien,Can Tho,5,40.0
KH03385,23.0,16.1,12.6,nhan_vien,Ha Noi,2,87.0
KH03386,23.0,12.5,7.7,giao_vien,TP HCM,1,73.0
KH03387,22.0,14.6,8.0,giao_vien,Can Tho,2,54.0
KH03388,51.0,9.8,6.9,nhan_vien,TP HCM,5,82.0
KH03389,42.0,11.5,9.0,sinh_vien,TP HCM,2,72.0
KH03390,29.0,10.3,9.0,nhan_vien,TP HCM,5,94.0
KH03391,40.0,8.6,8.1,nhan_vien,TP HCM,2,96.0
KH03392,43.0,5.4,4.5,sinh_vien,TP HCM,2,82.0
KH03393,34.0,11.8,4.7,kinh_doanh,TP HCM,0,40.0
KH03394,43.0,20.8,15.5,ky_su,TP HCM,3,87.0
KH03395,25.0,11.3,6.3,nhan_vien,TP HCM,2,57.0
KH03396,25.0,14.8,9.5,ky_su,Da Nang,3,72.0
KH03397,23.0,11.8,8.7,giao_vien,Can Tho,1,80.0
KH03398,42.0,15.2,7.8,giao_vien,Ha Noi,0,54.0
KH03399,28.0,7.9,2.4,nhan_vien,Ha Noi,1,27.0
KH03400,42.0,7.3,3.3,giao_vien,TP HCM,0,47.0
KH03401,37.0,9.0,2.4,kinh_doanh,Can Tho,2,26.0
KH03402,31.0,38.3,12.4,ky_su,Ha Noi,3,38.0
KH03403,35.0,11.4,5.9,nhan_vien,Da Nang,2,43.0
KH03404,24.0,11.2,6.2,nhan_vien,TP HCM,0,53.0
KH03405,29.0,31.8,19.2,kinh_doanh,Can Tho,3,50.0
KH03406,36.0,19.6,13.7,kinh_doanh,TP HCM,2,83.0
KH03407,39.0,14.0,11.8,nhan_vien,TP HCM,2,79.0
KH03408,41.0,31.8,25.5,kinh_doanh,TP HCM,8,76.0
KH03409,40.0,23.5,17.9,nhan_vien,Ha Noi,4,70.0
KH03410,30.0,41.8,16.6,kinh_doanh,Da Nang,5,47.0
KH03411,45.0,13.4,9.6,nhan_vien,TP HCM,4,73.0
KH03412,40.0,41.3,17.0,bac_si,TP HCM,8,42.0
KH03413,64.0,17.5,9.9,giao_vien,Ha Noi,1,59.0
KH03414,35.0,18.6,13.1,nhan_vien,Ha Noi,4,66.0
KH03415,45.0,13.7,4.8,giao_vien,Ha Noi,2,33.0
KH03416,44.0,7.6,5.8,nhan_vien,Can Tho,2,73.0
KH03417,34.0,3.7,2.5,sinh_vien,Can Tho,0,58.0
KH03418,41.0,18.3,14.4,nhan_vien,Da Nang,3,71.0
KH03419,37.0,46.9,20.3,bac_si,Can Tho,8,51.0
KH03420,38.0,26.5,23.6,giao_vien,TP HCM,5,82.0
KH03421,50.0,29.0,16.8,giao_vien,Ha Noi,2,68.0
KH03422,25.0,26.6,22.4,ky_su,Ha Noi,6,75.0
KH03423,39.0,25.9,8.3,ky_su,Ha Noi,2,33.0
KH03424,37.0,45.5,14.1,kinh_doanh,Ha Noi,3,36.0
KH03425,48.0,10.0,6.7,nhan_vien,TP HCM,1,59.0
KH03426,58.0,9.1,6.0,nhan_vien,Can Tho,3,71.0
KH03427,37.0,27.1,22.6,kinh_doanh,TP HCM,4,91.0
KH03428,33.0,29.6,20.7,kinh_doanh,TP HCM,7,77.0
KH03429,46.0,9.7,3.6,nhan_vien,Ha Noi,2,30.0
KH03430,33.0,24.0,18.8,nhan_vien,TP HCM,3,71.0
KH03431,49.0,22.1,17.6,nhan_vien,Ha Noi,6,73.0
KH03432,25.0,20.6,9.8,kinh_doanh,Can Tho,6,55.0
KH03433,34.0,8.7,5.1,sinh_vien,Ha Noi,1,56.0
KH03434,39.0,17.2,11.0,nhan_vien,TP HCM,6,70.0
KH03435,35.0,9.4,5.3,ky_su,TP HCM,0,51.0
KH03436,19.0,5.4,3.1,sinh_vien,Da Nang,1,60.0
KH03437,45.0,20.0,16.3,nhan_vien,TP HCM,7,80.0
KH03438,27.0,28.8,10.2,ky_su,TP HCM,5,32.0
KH03439,47.0,20.9,13.3,nhan_vien,Can Tho,3,63.0
KH03440,34.0,57.5,27.5,kinh_doanh,TP HCM,7,48.0
KH03441,65.0,27.6,14.0,ky_su,Ha Noi,6,51.0
KH03442,18.0,42.3,32.0,ky_su,TP HCM,10,77.0
KH03443,36.0,13.1,9.7,nhan_vien,TP HCM,2,61.0
KH03444,48.0,25.8,10.6,nhan_vien,Da Nang,3,43.0
KH03445,32.0,11.4,8.7,kinh_doanh,TP HCM,2,61.0
KH03446,33.0,36.3,18.6,kinh_doanh,TP HCM,6,51.0
KH03447,34.0,9.0,5.4,nhan_vien,TP HCM,2,58.0
KH03448,35.0,6.7,7.4,giao_vien,Ha Noi,0,100.0
KH03449,34.0,7.2,7.6,giao_vien,Ha Noi,2,100.0
KH03450,37.0,6.1,3.5,sinh_vien,TP HCM,1,53.0
KH03451,40.0,14.6,5.7,ky_su,Ha Noi,0,35.0
KH03452,18.0,3.2,1.1,sinh_vien,Hai Phong,0,33.0
KH03453,29.0,32.5,15.5,nhan_vien,Can Tho,6,49.0
KH03454,21.0,14.9,7.8,nhan_vien,TP HCM,5,56.0
KH03455,24.0,14.1,11.0,ky_su,Ha Noi,4,71.0
KH03456,21.0,14.4,7.4,nhan_vien,TP HCM,4,60.0
KH03457,39.0,31.2,19.8,ky_su,Hai Phong,7,67.0
KH03458,25.0,21.0,7.3,nhan_vien,Ha Noi,1,28.0
KH03459,36.0,13.4,11.7,ky_su,Hai Phong,2,83.0
KH03460,39.0,27.6,15.1,bac_si,Ha Noi,4,65.0
KH03461,21.0,13.1,10.0,giao_vien,TP HCM,3,70.0
KH03462,46.0,5.9,5.5,sinh_vien,Can Tho,0,99.0
KH03463,47.0,15.0,9.1,giao_vien,TP HCM,1,72.0
KH03464,31.0,4.8,5.2,sinh_vien,TP HCM,0,99.0
KH03465,38.0,22.5,12.3,bac_si,TP HCM,3,59.0
KH03466,28.0,40.2,25.7,nhan_vien,Da Nang,7,54.0
KH03467,36.0,3.4,4.4,sinh_vien,Ha Noi,0,100.0
KH03468,42.0,18.0,15.7,ky_su,Can Tho,4,86.0
KH03469,43.0,10.6,6.7,giao_vien,Da Nang,2,63.0
KH03470,24.0,7.2,3.1,sinh_vien,TP HCM,3,50.0
KH03471,35.0,24.5,9.6,kinh_doanh,Ha Noi,2,45.0
KH03472,30.0,5.2,2.3,sinh_vien,TP HCM,0,39.0
KH03473,56.0,17.2,9.0,ky_su,Ha Noi,2,59.0
KH03474,30.0,18.1,7.5,nhan_vien,Ha Noi,3,38.0
KH03475,40.0,20.4,15.3,nhan_vien,Ha Noi,2,80.0
KH03476,39.0,15.2,4.5,kinh_doanh,TP HCM,3,30.0
KH03477,44.0,19.0,8.2,nhan_vien,Da Nang,1,38.0
KH03478,51.0,8.2,2.1,ky_su,Ha Noi,1,26.0
KH03479,32.0,7.9,1.6,nhan_vien,Ha Noi,0,18.0
KH03480,48.0,32.8,22.2,kinh_doanh,Da Nang,6,65.0
KH03481,43.0,16.8,11.3,ky_su,Da Nang,3,75.0
KH03482,34.0,5.4,3.7,sinh_vien,Ha Noi,1,66.0
KH03483,29.0,17.8,7.1,ky_su,Ha Noi,1,40.0
KH03484,40.0,3.2,1.7,sinh_vien,Hai Phong,1,48.0
KH03485,30.0,11.8,4.1,nhan_vien,Can Tho,1,35.0
KH03486,27.0,36.3,29.8,ky_su,Ha Noi,9,92.0
KH03487,39.0,49.3,37.5,giao_vien,TP HCM,5,84.0
KH03488,27.0,14.2,10.5,ky_su,TP HCM,1,64.0
KH03489,45.0,44.7,26.1,bac_si,Can Tho,9,67.0
KH03490,31.0,4.3,1.7,sinh_vien,TP HCM,1,32.0
KH03491,28.0,23.6,12.3,nhan_vien,Da Nang,5,57.0
KH03492,48.0,5.0,1.3,sinh_vien,Ha Noi,0,24.0
KH03493,40.0,15.7,2.4,nhan_vien,TP HCM,2,13.0
KH03494,22.0,24.4,8.9,bac_si,Ha Noi,2,38.0
KH03495,43.0,27.7,17.6,bac_si,Ha Noi,3,67.0
KH03496,36.0,13.6,9.1,kinh_doanh,Ha Noi,0,65.0
KH03497,41.0,22.8,13.4,nhan_vien,Da Nang,5,66.0
KH03498,19.0,66.1,27.8,nhan_vien,Can Tho,5,37.0
KH03499,28.0,5.3,4.4,sinh_vien,Ha Noi,2,68.0
KH03500,45.0,15.7,11.1,ky_su,Hai Phong,2,74.0
KH03501,34.0,10.1,5.3,nhan_vien,Ha Noi,0,47.0
KH03502,40.0,6.8,4.6,giao_vien,Ha Noi,1,71.0
KH03503,28.0,8.4,8.2,giao_vien,TP HCM,2,99.0
KH03504,40.0,4.9,2.6,sinh_vien,Ha Noi,0,54.0
KH03505,37.0,15.6,7.8,kinh_doanh,Ha Noi,5,43.0
KH03506,18.0,16.1,12.9,nhan_vien,Da Nang,2,70.0
KH03507,36.0,27.8,20.9,ky_su,TP HCM,1,77.0
KH03508,41.0,11.6,5.8,nhan_vien,TP HCM,1,52.0
KH03509,57.0,5.3,4.3,nhan_vien,Can Tho,1,96.0
KH03510,25.0,19.6,6.4,kinh_doanh,TP HCM,4,34.0
KH03511,39.0,23.6,17.9,kinh_doanh,TP HCM,7,78.0
KH03512,40.0,19.0,11.2,nhan_vien,Ha Noi,2,62.0
KH03513,33.0,19.8,7.6,nhan_vien,Da Nang,4,41.0
KH03514,51.0,19.9,13.2,ky_su,Can Tho,6,68.0
KH03515,26.0,7.1,5.2,giao_vien,Ha Noi,1,75.0
KH03516,38.0,6.7,3.5,giao_vien,Can Tho,0,49.0
KH03517,35.0,12.3,9.0,nhan_vien,Da Nang,2,65.0
KH03518,18.0,27.4,8.6,kinh_doanh,Can Tho,1,34.0
KH03519,55.0,31.9,16.6,kinh_doanh,TP HCM,1,51.0
KH03520,33.0,32.3,19.6,bac_si,TP HCM,6,57.0
KH03521,35.0,13.4,5.5,nhan_vien,Ha Noi,2,34.0
KH03522,22.0,39.5,24.3,bac_si,Can Tho,7,60.0
KH03523,43.0,14.9,4.2,giao_vien,Hai Phong,1,28.0
KH03524,41.0,9.1,4.9,sinh_vien,TP HCM,1,59.0
KH03525,39.0,16.0,12.8,giao_vien,Hai Phong,6,87.0
KH03526,42.0,18.0,7.6,nhan_vien,Ha Noi,1,47.0
KH03527,32.0,18.0,8.6,nhan_vien,TP HCM,2,47.0
KH03528,42.0,5.6,6.3,sinh_vien,Hai Phong,0,98.0
KH03529,43.0,15.1,11.3,nhan_vien,Ha Noi,5,71.0
KH03530,44.0,5.4,2.0,sinh_vien,TP HCM,0,34.0
KH03531,41.0,18.0,12.1,nhan_vien,Ha Noi,2,73.0
KH03532,19.0,54.0,20.8,ky_su,TP HCM,4,40.0
KH03533,26.0,15.0,7.3,giao_vien,TP HCM,1,39.0
KH03534,18.0,14.7,7.0,nhan_vien,Ha Noi,4,41.0
KH03535,29.0,10.3,3.9,giao_vien,Ha Noi,2,42.0
KH03536,37.0,31.2,13.7,bac_si,Ha Noi,3,36.0
KH03537,41.0,16.1,14.1,ky_su,TP HCM,1,100.0
KH03538,52.0,11.7,7.6,nhan_vien,Hai Phong,4,76.0
KH03539,53.0,36.0,23.7,bac_si,Ha Noi,11,72.0
KH03540,30.0,11.8,6.8,giao_vien,Ha Noi,2,54.0
KH03541,18.0,19.2,11.3,giao_vien,Ha Noi,3,63.0
KH03542,29.0,19.8,7.6,kinh_doanh,TP HCM,2,38.0
KH03543,21.0,34.0,27.6,ky_su,TP HCM,8,67.0
KH03544,44.0,40.7,13.9,kinh_doanh,Can Tho,4,38.0
KH03545,43.0,21.9,10.9,nhan_vien,Can Tho,3,56.0
KH03546,23.0,10.9,4.0,kinh_doanh,TP HCM,1,42.0
KH03547,45.0,25.7,10.3,giao_vien,TP HCM,3,42.0
KH03548,36.0,10.4,3.8,nhan_vien,TP HCM,0,41.0
KH03549,28.0,19.6,19.8,ky_su,Ha Noi,3,92.0
KH03550,22.0,35.8,24.5,ky_su,TP HCM,8,70.0
KH03551,18.0,8.2,6.1,nhan_vien,Ha Noi,1,67.0
KH03552,45.0,19.1,12.7,nhan_vien,Da Nang,3,61.0
KH03553,40.0,8.4,6.9,nhan_vien,Ha Noi,0,84.0
KH03554,48.0,15.9,9.9,giao_vien,Ha Noi,0,68.0
KH03555,50.0,16.0,12.4,nhan_vien,Hai Phong,3,75.0
KH03556,48.0,23.7,7.7,ky_su,Da Nang,1,36.0
KH03557,25.0,9.1,2.4,nhan_vien,Ha Noi,1,30.0
KH03558,19.0,37.0,30.8,ky_su,TP HCM,7,94.0
KH03559,21.0,3.5,0.5,nhan_vien,TP HCM,1,14.0
KH03560,29.0,11.4,5.0,ky_su,Ha Noi,1,47.0
KH03561,49.0,22.9,20.6,ky_su,Hai Phong,3,88.0
KH03562,49.0,5.7,5.2,giao_vien,Ha Noi,2,100.0
KH03563,22.0,6.3,3.0,sinh_vien,TP HCM,2,47.0
KH03564,24.0,43.1,28.5,kinh_doanh,Da Nang,10,54.0
KH03565,32.0,27.4,17.7,ky_su,TP HCM,5,61.0
KH03566,29.0,19.4,13.5,giao_vien,Can Tho,3,79.0
KH03567,54.0,10.1,5.6,ky_su,Ha Noi,0,46.0
KH03568,43.0,22.9,17.2,nhan_vien,TP HCM,7,83.0
KH03569,43.0,10.0,6.5,nhan_vien,Ha Noi,2,57.0
KH03570,36.0,16.5,9.9,kinh_doanh,TP HCM,2,56.0
KH03571,22.0,57.9,40.4,kinh_doanh,Da Nang,8,58.0
KH03572,28.0,30.4,14.4,nhan_vien,TP HCM,9,54.0
KH03573,24.0,17.3,8.4,kinh_doanh,Da Nang,3,43.0
KH03574,47.0,7.2,0.5,sinh_vien,TP HCM,0,7.0
KH03575,46.0,26.5,14.9,nhan_vien,Da Nang,6,65.0
KH03576,22.0,21.1,14.0,ky_su,Hai Phong,3,68.0
KH03577,31.0,10.2,7.3,bac_si,Hai Phong,1,80.0
KH03578,48.0,37.0,29.0,bac_si,Can Tho,3,82.0
KH03579,44.0,26.2,17.0,ky_su,TP HCM,4,74.0
KH03580,35.0,26.1,8.2,nhan_vien,Hai Phong,0,32.0
KH03581,18.0,17.2,14.4,kinh_doanh,TP HCM,4,75.0
KH03582,33.0,10.8,5.8,nhan_vien,TP HCM,3,52.0
KH03583,45.0,20.1,5.9,nhan_vien,TP HCM,0,31.0
KH03584,27.0,10.0,5.7,sinh_vien,Da Nang,1,50.0
KH03585,52.0,11.9,6.6,nhan_vien,TP HCM,0,61.0
KH03586,32.0,17.3,7.8,kinh_doanh,TP HCM,3,50.0
KH03587,36.0,25.7,20.9,bac_si,Ha Noi,2,68.0
KH03588,44.0,24.5,12.4,ky_su,TP HCM,2,43.0
KH03589,26.0,17.0,9.5,ky_su,Ha Noi,1,53.0
KH03590,26.0,6.1,4.6,sinh_vien,Can Tho,2,88.0
KH03591,31.0,12.8,7.1,ky_su,Ha Noi,0,49.0
KH03592,49.0,19.9,13.0,nhan_vien,Ha Noi,5,68.0
KH03593,28.0,9.0,5.7,sinh_vien,Ha Noi,1,60.0
KH03594,50.0,15.8,9.0,nhan_vien,Ha Noi,6,46.0
KH03595,35.0,14.0,12.4,nhan_vien,TP HCM,5,81.0
KH03596,38.0,28.3,19.9,bac_si,TP HCM,7,60.0
KH03597,38.0,9.5,5.3,ky_su,Can Tho,0,46.0
KH03598,43.0,4.6,2.2,sinh_vien,TP HCM,0,56.0
KH03599,30.0,4.2,0.5,giao_vien,Hai Phong,1,10.0
KH03600,36.0,34.6,30.9,kinh_doanh,TP HCM,8,72.0
KH03601,24.0,18.0,11.9,giao_vien,Can Tho,7,60.0
KH03602,50.0,33.0,17.1,ky_su,Ha Noi,5,52.0
KH03603,40.0,26.6,10.4,kinh_doanh,Da Nang,4,46.0
KH03604,38.0,8.1,5.4,giao_vien,TP HCM,1,78.0
KH03605,39.0,34.0,19.4,giao_vien,Ha Noi,6,49.0
KH03606,42.0,55.5,33.7,kinh_doanh,Ha Noi,6,62.0
KH03607,42.0,28.5,21.5,nhan_vien,Can Tho,7,69.0
KH03608,53.0,8.2,4.7,giao_vien,TP HCM,0,67.0
KH03609,39.0,17.4,12.0,kinh_doanh,TP HCM,1,74.0
KH03610,37.0,20.6,16.3,nhan_vien,Hai Phong,7,76.0
KH03611,44.0,17.3,12.2,ky_su,TP HCM,4,74.0
KH03612,30.0,8.5,6.0,sinh_vien,Da Nang,2,70.0
KH03613,46.0,15.7,8.2,giao_vien,Hai Phong,1,63.0
KH03614,32.0,16.7,8.0,ky_su,Ha Noi,1,52.0
KH03615,34.0,11.5,8.6,giao_vien,TP HCM,3,87.0
KH03616,32.0,5.7,2.5,sinh_vien,Da Nang,0,41.0
KH03617,33.0,29.0,15.0,nhan_vien,TP HCM,6,53.0
KH03618,49.0,18.7,9.1,kinh_doanh,TP HCM,5,51.0
KH03619,27.0,10.0,2.7,nhan_vien,Da Nang,0,26.0
KH03620,21.0,8.3,4.3,nhan_vien,Ha Noi,0,55.0
KH03621,34.0,10.0,5.0,nhan_vien,TP HCM,2,60.0
KH03622,42.0,25.8,11.8,nhan_vien,TP HCM,4,52.0
KH03623,27.0,13.4,8.1,giao_vien,TP HCM,3,66.0
KH03624,39.0,15.5,12.3,nhan_vien,Da Nang,5,74.0
KH03625,21.0,2.7,2.8,sinh_vien,Da Nang,2,100.0
KH03626,55.0,32.9,21.5,ky_su,Hai Phong,5,78.0
KH03627,18.0,3.9,3.2,sinh_vien,Ha Noi,1,73.0
KH03628,51.0,26.2,19.6,ky_su,TP HCM,3,85.0
KH03629,47.0,31.3,21.1,giao_vien,TP HCM,2,72.0
KH03630,40.0,15.2,10.1,ky_su,Hai Phong,2,67.0
KH03631,36.0,68.9,47.8,kinh_doanh,Ha Noi,13,74.0
KH03632,49.0,21.9,12.6,ky_su,TP HCM,2,65.0
KH03633,39.0,38.6,19.0,bac_si,TP HCM,4,44.0
KH03634,28.0,8.4,8.8,sinh_vien,TP HCM,1,94.0
KH03635,30.0,31.0,12.4,ky_su,Hai Phong,4,33.0
KH03636,35.0,36.8,14.1,ky_su,TP HCM,5,46.0
KH03637,28.0,51.6,32.5,kinh_doanh,Ha Noi,11,74.0
KH03638,43.0,17.1,14.6,bac_si,TP HCM,4,82.0
KH03639,52.0,5.1,1.7,sinh_vien,TP HCM,0,36.0
KH03640,62.0,24.7,9.9,bac_si,TP HCM,3,46.0
KH03641,19.0,10.8,7.2,ky_su,TP HCM,0,78.0
KH03642,45.0,5.0,2.8,nhan_vien,TP HCM,0,53.0
KH03643,46.0,19.3,14.1,ky_su,Ha Noi,3,72.0
KH03644,18.0,24.5,15.4,giao_vien,Can Tho,8,71.0
KH03645,18.0,10.9,4.0,nhan_vien,Ha Noi,0,42.0
KH03646,32.0,31.6,20.0,kinh_doanh,Hai Phong,5,66.0
KH03647,34.0,10.6,7.9,nhan_vien,Ha Noi,1,88.0
KH03648,43.0,13.5,6.3,nhan_vien,Ha Noi,0,38.0
KH03649,26.0,29.6,18.9,nhan_vien,Ha Noi,6,73.0
KH03650,47.0,57.3,46.4,nhan_vien,Ha Noi,6,90.0
KH03651,36.0,26.3,21.3,giao_vien,Ha Noi,5,75.0
KH03652,50.0,15.5,6.2,kinh_doanh,Can Tho,1,44.0
KH03653,19.0,10.1,8.1,giao_vien,TP HCM,2,74.0
KH03654,54.0,13.1,9.6,nhan_vien,Can Tho,1,82.0
KH03655,27.0,18.3,16.2,nhan_vien,TP HCM,4,84.0
KH03656,18.0,5.8,1.5,nhan_vien,TP HCM,1,27.0
KH03657,38.0,44.6,23.4,kinh_doanh,TP HCM,2,42.0
KH03658,41.0,3.9,3.0,sinh_vien,Da Nang,2,84.0
KH03659,39.0,16.9,8.9,ky_su,Ha Noi,1,43.0
KH03660,36.0,13.4,5.8,kinh_doanh,Can Tho,3,39.0
KH03661,32.0,20.5,17.3,nhan_vien,TP HCM,6,70.0
KH03662,45.0,13.0,9.7,ky_su,TP HCM,1,89.0
KH03663,22.0,33.6,29.3,ky_su,Ha Noi,5,99.0
KH03664,50.0,66.5,53.7,kinh_doanh,Da Nang,15,81.0
KH03665,47.0,7.6,4.6,ky_su,Da Nang,0,71.0
KH03666,27.0,19.6,14.7,nhan_vien,Ha Noi,4,66.0
KH03667,48.0,18.5,8.7,nhan_vien,TP HCM,3,47.0
KH03668,59.0,9.1,6.9,giao_vien,Hai Phong,2,85.0
KH03669,46.0,2.7,0.5,sinh_vien,Can Tho,1,18.0
KH03670,36.0,14.0,9.0,nhan_vien,Ha Noi,2,66.0
KH03671,26.0,22.7,13.9,kinh_doanh,Ha Noi,7,58.0
KH03672,35.0,23.5,18.1,giao_vien,TP HCM,5,82.0
KH03673,29.0,5.9,0.8,nhan_vien,Ha Noi,1,16.0
KH03674,57.0,32.7,26.7,bac_si,TP HCM,5,83.0
KH03675,35.0,55.7,46.3,kinh_doanh,TP HCM,7,88.0
KH03676,29.0,14.7,7.0,nhan_vien,Ha Noi,1,49.0
KH03677,29.0,9.9,6.2,nhan_vien,TP HCM,1,54.0
KH03678,37.0,7.0,5.0,sinh_vien,TP HCM,2,69.0
KH03679,47.0,5.6,4.9,nhan_vien,Ha Noi,3,95.0
KH03680,32.0,58.3,46.5,kinh_doanh,Ha Noi,15,76.0
KH03681,18.0,34.2,20.9,bac_si,Ha Noi,4,71.0
KH03682,31.0,44.4,32.5,nhan_vien,Ha Noi,11,79.0
KH03683,21.0,41.4,16.5,kinh_doanh,Can Tho,5,45.0
KH03684,19.0,13.8,7.4,nhan_vien,Da Nang,1,64.0
KH03685,39.0,69.9,35.2,bac_si,Hai Phong,6,49.0
KH03686,55.0,20.3,11.7,ky_su,TP HCM,2,69.0
KH03687,33.0,5.5,4.8,sinh_vien,Ha Noi,1,88.0
KH03688,50.0,20.0,14.6,giao_vien,Ha Noi,6,87.0
KH03689,35.0,19.3,14.9,ky_su,Ha Noi,4,90.0
KH03690,42.0,6.6,8.7,nhan_vien,Ha Noi,1,100.0
KH03691,37.0,28.8,23.7,kinh_doanh,Ha Noi,5,71.0
KH03692,34.0,6.7,3.8,nhan_vien,TP HCM,2,48.0
KH03693,18.0,22.4,17.3,nhan_vien,Ha Noi,1,82.0
KH03694,38.0,27.8,24.6,kinh_doanh,TP HCM,5,100.0
KH03695,43.0,8.1,6.0,giao_vien,TP HCM,0,83.0
KH03696,25.0,20.8,11.0,ky_su,Can Tho,7,43.0
KH03697,31.0,49.2,26.7,bac_si,TP HCM,8,52.0
KH03698,44.0,7.0,2.8,sinh_vien,Can Tho,0,47.0
KH03699,42.0,42.2,25.9,kinh_doanh,Ha Noi,6,61.0
KH03700,30.0,15.9,6.8,ky_su,Ha Noi,4,40.0
KH03701,34.0,29.5,18.0,kinh_doanh,Can Tho,5,59.0
KH03702,30.0,25.8,12.1,kinh_doanh,Ha Noi,4,39.0
KH03703,65.0,11.6,8.4,giao_vien,Hai Phong,2,67.0
KH03704,18.0,20.3,15.7,kinh_doanh,TP HCM,3,81.0
KH03705,33.0,10.7,4.8,giao_vien,Ha Noi,2,45.0
KH03706,26.0,15.6,13.6,nhan_vien,Hai Phong,5,71.0
KH03707,30.0,17.8,13.3,nhan_vien,Ha Noi,3,84.0
KH03708,30.0,24.1,13.6,kinh_doanh,Can Tho,5,67.0
KH03709,23.0,26.0,24.0,nhan_vien,TP HCM,3,77.0
KH03710,31.0,17.6,15.2,nhan_vien,Can Tho,6,75.0
KH03711,26.0,24.7,17.6,ky_su,Da Nang,7,68.0
KH03712,18.0,17.7,6.3,ky_su,Da Nang,3,34.0
KH03713,21.0,45.8,25.0,ky_su,Da Nang,4,48.0
KH03714,46.0,30.3,11.0,kinh_doanh,TP HCM,3,37.0
KH03715,31.0,18.3,9.5,kinh_doanh,TP HCM,1,47.0
KH03716,28.0,28.7,21.3,ky_su,Hai Phong,5,72.0
KH03717,43.0,13.2,8.8,nhan_vien,TP HCM,4,73.0
KH03718,34.0,12.4,7.2,ky_su,Da Nang,2,60.0
KH03719,39.0,18.8,13.4,ky_su,TP HCM,5,85.0
KH03720,47.0,18.6,17.3,ky_su,Hai Phong,4,79.0
KH03721,37.0,13.8,8.3,kinh_doanh,TP HCM,2,71.0
KH03722,54.0,15.1,9.6,nhan_vien,Can Tho,4,62.0
KH03723,50.0,28.4,16.3,kinh_doanh,Ha Noi,7,64.0
KH03724,46.0,113.6,75.9,kinh_doanh,Ha Noi,21,75.0
KH03725,23.0,7.7,5.3,sinh_vien,Ha Noi,2,57.0
KH03726,31.0,31.5,22.9,kinh_doanh,TP HCM,8,79.0
KH03727,24.0,8.7,2.1,giao_vien,TP HCM,1,21.0
KH03728,48.0,22.8,11.1,ky_su,TP HCM,3,46.0
KH03729,55.0,13.3,11.0,sinh_vien,TP HCM,3,72.0
KH03730,20.0,43.3,17.9,bac_si,TP HCM,5,46.0
KH03731,39.0,14.7,9.2,kinh_doanh,TP HCM,2,68.0
KH03732,28.0,9.0,4.6,kinh_doanh,Ha Noi,0,54.0
KH03733,50.0,29.8,21.4,ky_su,Hai Phong,3,78.0
KH03734,30.0,13.4,3.6,nhan_vien,TP HCM,1,29.0
KH03735,40.0,23.3,9.9,kinh_doanh,TP HCM,3,42.0
KH03736,35.0,31.4,18.2,ky_su,Can Tho,5,57.0
KH03737,40.0,7.2,4.5,sinh_vien,TP HCM,0,68.0
KH03738,32.0,21.5,15.5,bac_si,Hai Phong,5,85.0
KH03739,58.0,21.4,13.8,nhan_vien,Da Nang,3,71.0
KH03740,45.0,7.6,4.2,sinh_vien,TP HCM,2,56.0
KH03741,41.0,10.4,6.1,giao_vien,TP HCM,2,63.0
KH03742,54.0,15.3,12.2,nhan_vien,Ha Noi,2,72.0
KH03743,39.0,18.5,9.0,ky_su,Can Tho,3,41.0
KH03744,20.0,25.9,17.0,ky_su,TP HCM,3,72.0
KH03745,47.0,8.6,3.6,giao_vien,TP HCM,0,34.0
KH03746,32.0,50.7,31.1,nhan_vien,TP HCM,8,68.0
KH03747,40.0,11.9,6.5,ky_su,Da Nang,2,62.0
KH03748,18.0,22.1,12.4,ky_su,Hai Phong,1,50.0
KH03749,58.0,9.1,6.1,ky_su,TP HCM,0,80.0
KH03750,50.0,14.4,9.4,nhan_vien,Da Nang,2,77.0
KH03751,40.0,19.0,9.3,nhan_vien,TP HCM,2,40.0
KH03752,27.0,26.0,11.7,ky_su,Ha Noi,2,44.0
KH03753,41.0,15.9,9.2,ky_su,TP HCM,2,63.0
KH03754,56.0,10.1,4.5,ky_su,Ha Noi,2,41.0
KH03755,50.0,52.1,41.4,ky_su,Can Tho,10,77.0
KH03756,18.0,16.4,7.4,ky_su,Da Nang,2,44.0
KH03757,54.0,8.0,5.3,nhan_vien,TP HCM,2,64.0
KH03758,31.0,16.6,7.3,kinh_doanh,TP HCM,1,37.0
KH03759,32.0,23.1,16.6,bac_si,TP HCM,1,67.0
KH03760,26.0,9.4,3.2,nhan_vien,Ha Noi,0,38.0
KH03761,21.0,36.1,13.7,ky_su,Ha Noi,5,38.0
KH03762,23.0,13.4,7.8,nhan_vien,Ha Noi,1,55.0
KH03763,54.0,6.7,3.7,sinh_vien,Ha Noi,1,50.0
KH03764,37.0,18.6,14.3,nhan_vien,TP HCM,2,80.0
KH03765,21.0,8.7,4.5,sinh_vien,Ha Noi,1,58.0
KH03766,38.0,20.4,12.5,nhan_vien,TP HCM,0,64.0
KH03767,35.0,11.1,7.8,kinh_doanh,Ha Noi,3,79.0
KH03768,34.0,3.9,5.0,sinh_vien,TP HCM,1,100.0
KH03769,52.0,13.4,8.2,ky_su,Ha Noi,3,68.0
KH03770,45.0,11.5,4.5,kinh_doanh,TP HCM,0,46.0
KH03771,42.0,2.5,3.1,sinh_vien,TP HCM,2,100.0
KH03772,42.0,53.2,34.3,kinh_doanh,TP HCM,8,77.0
KH03773,45.0,38.3,18.8,ky_su,TP HCM,3,41.0
KH03774,39.0,15.2,7.0,nhan_vien,Ha Noi,2,48.0
KH03775,47.0,15.8,14.7,nhan_vien,TP HCM,2,84.0
KH03776,41.0,13.4,9.6,kinh_doanh,TP HCM,3,72.0
KH03777,43.0,27.5,13.6,kinh_doanh,TP HCM,7,53.0
KH03778,43.0,14.9,7.9,kinh_doanh,TP HCM,1,53.0
KH03779,33.0,15.3,4.6,nhan_vien,TP HCM,2,35.0
KH03780,31.0,20.2,10.5,ky_su,TP HCM,4,61.0
KH03781,28.0,14.7,9.6,nhan_vien,TP HCM,4,73.0
KH03782,20.0,13.0,9.1,giao_vien,Hai Phong,1,75.0
KH03783,54.0,15.5,7.5,nhan_vien,TP HCM,3,58.0
KH03784,44.0,10.8,3.4,nhan_vien,Hai Phong,1,29.0
KH03785,35.0,17.1,14.5,kinh_doanh,TP HCM,1,98.0
KH03786,21.0,3.5,0.8,giao_vien,Ha Noi,0,23.0
KH03787,34.0,20.6,11.5,nhan_vien,Ha Noi,3,61.0
KH03788,44.0,29.0,15.5,ky_su,Hai Phong,3,62.0
KH03789,37.0,18.9,11.2,giao_vien,Ha Noi,1,60.0
KH03790,25.0,6.5,4.6,giao_vien,Ha Noi,3,84.0
KH03791,21.0,8.8,4.7,nhan_vien,TP HCM,2,57.0
KH03792,46.0,19.3,11.3,bac_si,Ha Noi,2,63.0
KH03793,18.0,17.1,9.3,nhan_vien,Can Tho,2,57.0
KH03794,61.0,25.0,13.4,kinh_doanh,TP HCM,0,61.0
KH03795,47.0,20.2,15.7,ky_su,TP HCM,2,89.0
KH03796,37.0,32.6,12.5,kinh_doanh,Da Nang,1,36.0
KH03797,32.0,18.0,8.9,ky_su,Ha Noi,1,40.0
KH03798,47.0,8.0,8.2,kinh_doanh,TP HCM,1,100.0
KH03799,28.0,45.9,36.8,ky_su,TP HCM,6,85.0
KH03800,50.0,2.6,2.3,sinh_vien,Hai Phong,0,77.0
KH03801,24.0,11.0,4.5,nhan_vien,TP HCM,0,45.0
KH03802,65.0,17.1,9.7,nhan_vien,TP HCM,4,49.0
KH03803,64.0,24.3,11.5,kinh_doanh,TP HCM,2,45.0
KH03804,49.0,20.6,11.0,bac_si,TP HCM,1,63.0
KH03805,27.0,23.3,12.6,ky_su,Ha Noi,1,45.0
KH03806,18.0,9.2,6.1,kinh_doanh,Da Nang,0,73.0
KH03807,18.0,35.9,19.3,ky_su,TP HCM,4,59.0
KH03808,37.0,33.3,24.5,giao_vien,Da Nang,4,66.0
KH03809,38.0,46.3,30.5,kinh_doanh,Ha Noi,11,61.0
KH03810,44.0,29.2,22.0,kinh_doanh,Hai Phong,2,69.0
KH03811,53.0,13.3,7.9,nhan_vien,TP HCM,0,58.0
KH03812,20.0,27.3,17.7,kinh_doanh,Can Tho,2,61.0
KH03813,27.0,28.3,10.2,giao_vien,Da Nang,5,31.0
KH03814,38.0,17.5,7.6,kinh_doanh,Ha Noi,2,37.0
KH03815,32.0,5.2,2.1,sinh_vien,Hai Phong,0,43.0
KH03816,21.0,12.7,10.5,nhan_vien,Ha Noi,6,68.0
KH03817,33.0,12.6,7.8,ky_su,TP HCM,3,72.0
KH03818,37.0,23.8,10.4,ky_su,Ha Noi,3,49.0
KH03819,37.0,27.8,17.9,nhan_vien,Can Tho,5,66.0
KH03820,52.0,31.2,15.9,nhan_vien,Can Tho,4,41.0
KH03821,42.0,14.3,11.1,nhan_vien,Ha Noi,1,73.0
KH03822,37.0,12.6,10.1,sinh_vien,TP HCM,6,85.0
KH03823,41.0,12.1,3.8,nhan_vien,Can Tho,0,27.0
KH03824,26.0,31.2,26.0,nhan_vien,TP HCM,7,82.0
KH03825,30.0,14.1,6.4,giao_vien,Da Nang,3,51.0
KH03826,45.0,12.5,8.5,nhan_vien,Da Nang,2,74.0
KH03827,45.0,10.9,6.2,giao_vien,Can Tho,2,67.0
KH03828,51.0,16.4,14.0,nhan_vien,Ha Noi,5,73.0
KH03829,41.0,18.0,8.9,bac_si,TP HCM,2,50.0
KH03830,42.0,19.3,10.7,bac_si,Ha Noi,1,49.0
KH03831,35.0,44.7,20.8,bac_si,Da Nang,8,44.0
KH03832,31.0,16.6,10.2,nhan_vien,Can Tho,1,55.0
KH03833,23.0,26.0,8.1,kinh_doanh,Ha Noi,1,31.0
KH03834,31.0,17.7,14.7,ky_su,TP HCM,6,92.0
KH03835,55.0,16.0,8.7,giao_vien,Ha Noi,2,61.0
KH03836,26.0,13.1,13.3,nhan_vien,Can Tho,6,95.0
KH03837,20.0,2.0,0.5,sinh_vien,TP HCM,1,23.0
KH03838,20.0,4.0,3.0,sinh_vien,Ha Noi,0,89.0
KH03839,35.0,21.2,14.6,nhan_vien,Ha Noi,4,77.0
KH03840,24.0,14.7,6.4,nhan_vien,TP HCM,2,39.0
KH03841,33.0,3.2,2.0,sinh_vien,Da Nang,0,74.0
KH03842,42.0,35.1,29.0,ky_su,Can Tho,3,69.0
KH03843,41.0,4.0,2.1,sinh_vien,Ha Noi,1,63.0
KH03844,42.0,22.9,14.0,nhan_vien,TP HCM,5,63.0
KH03845,46.0,10.1,3.0,giao_vien,TP HCM,0,35.0
KH03846,37.0,9.7,3.5,giao_vien,TP HCM,0,38.0
KH03847,41.0,15.3,8.2,bac_si,Hai Phong,1,63.0
KH03848,28.0,20.6,11.5,ky_su,Can Tho,4,60.0
KH03849,53.0,13.9,9.4,nhan_vien,TP HCM,3,67.0
KH03850,29.0,9.2,8.5,nhan_vien,Ha Noi,2,100.0
KH03851,44.0,20.2,15.8,ky_su,Hai Phong,2,79.0
KH03852,29.0,19.9,11.3,ky_su,TP HCM,2,58.0
KH03853,40.0,11.5,6.7,giao_vien,Hai Phong,1,65.0
KH03854,18.0,33.8,24.2,kinh_doanh,TP HCM,6,68.0
KH03855,49.0,25.0,14.0,ky_su,Ha Noi,2,63.0
KH03856,40.0,12.2,7.9,ky_su,Ha Noi,5,75.0
KH03857,41.0,6.8,3.5,sinh_vien,Ha Noi,0,44.0
KH03858,36.0,19.8,17.4,nhan_vien,TP HCM,7,98.0
KH03859,32.0,12.7,6.5,giao_vien,Da Nang,2,51.0
KH03860,38.0,7.0,1.0,sinh_vien,TP HCM,1,13.0
KH03861,46.0,8.6,3.5,ky_su,Hai Phong,0,41.0
KH03862,36.0,29.9,24.7,nhan_vien,Can Tho,5,90.0
KH03863,55.0,26.7,15.5,kinh_doanh,Hai Phong,9,65.0
KH03864,33.0,14.4,8.1,giao_vien,TP HCM,2,49.0
KH03865,27.0,16.4,11.3,nhan_vien,TP HCM,5,55.0
KH03866,37.0,23.5,18.7,bac_si,Can Tho,4,89.0
KH03867,44.0,20.1,7.2,ky_su,TP HCM,0,34.0
KH03868,26.0,17.5,7.2,nhan_vien,TP HCM,4,38.0
KH03869,30.0,11.4,5.7,nhan_vien,Ha Noi,1,55.0
KH03870,38.0,24.1,15.3,nhan_vien,Hai Phong,3,63.0
KH03871,34.0,22.0,12.1,ky_su,TP HCM,5,65.0
KH03872,41.0,17.0,8.7,giao_vien,Ha Noi,2,50.0
KH03873,44.0,40.3,31.4,ky_su,TP HCM,18,78.0
KH03874,35.0,17.0,11.8,kinh_doanh,Ha Noi,1,65.0
KH03875,36.0,14.6,8.9,bac_si,Can Tho,3,62.0
KH03876,37.0,16.3,7.1,nhan_vien,Hai Phong,4,36.0
KH03877,35.0,18.5,14.1,giao_vien,Ha Noi,6,90.0
KH03878,31.0,19.6,13.0,ky_su,Can Tho,1,56.0
KH03879,53.0,7.2,3.7,sinh_vien,TP HCM,0,52.0
KH03880,38.0,28.1,16.6,ky_su,Ha Noi,6,51.0
KH03881,35.0,13.9,4.6,giao_vien,TP HCM,0,39.0
KH03882,75.0,6.8,0.5,ky_su,TP HCM,1,8.0
KH03883,44.0,27.0,19.8,kinh_doanh,Hai Phong,2,68.0
KH03884,41.0,13.7,7.3,kinh_doanh,Hai Phong,2,51.0
KH03885,34.0,7.1,1.6,nhan_vien,Hai Phong,1,26.0
KH03886,42.0,4.7,3.1,sinh_vien,Ha Noi,0,58.0
KH03887,33.0,13.9,10.3,nhan_vien,TP HCM,1,87.0
KH03888,32.0,23.8,14.1,bac_si,Ha Noi,3,55.0
KH03889,36.0,11.1,1.6,kinh_doanh,Ha Noi,0,12.0
KH03890,25.0,27.1,13.5,ky_su,TP HCM,3,54.0
KH03891,40.0,17.5,5.4,giao_vien,Ha Noi,1,33.0
KH03892,39.0,22.8,8.8,nhan_vien,TP HCM,1,45.0
KH03893,30.0,10.1,6.0,nhan_vien,Ha Noi,2,57.0
KH03894,26.0,3.6,2.3,sinh_vien,TP HCM,3,67.0
KH03895,52.0,12.8,12.5,giao_vien,Can Tho,3,92.0
KH03896,38.0,13.5,7.1,nhan_vien,Can Tho,1,46.0
KH03897,28.0,13.3,9.6,ky_su,TP HCM,1,67.0
KH03898,43.0,21.5,13.6,nhan_vien,Can Tho,4,67.0
KH03899,47.0,22.6,15.6,giao_vien,TP HCM,7,80.0
KH03900,33.0,7.6,4.3,sinh_vien,Hai Phong,1,55.0
KH03901,33.0,11.2,7.6,nhan_vien,Da Nang,2,66.0
KH03902,29.0,15.8,5.3,ky_su,Can Tho,4,30.0
KH03903,32.0,38.2,17.8,bac_si,Da Nang,3,40.0
KH03904,21.0,9.6,6.0,nhan_vien,Can Tho,1,72.0
KH03905,42.0,19.4,12.8,nhan_vien,TP HCM,2,57.0
KH03906,18.0,20.2,18.1,bac_si,Can Tho,3,77.0
KH03907,46.0,47.1,31.0,bac_si,Ha Noi,5,65.0
KH03908,25.0,28.9,17.2,kinh_doanh,Ha Noi,2,53.0
KH03909,36.0,4.7,5.3,sinh_vien,TP HCM,2,100.0
KH03910,58.0,12.2,8.8,ky_su,TP HCM,3,80.0
KH03911,64.0,26.8,10.7,ky_su,TP HCM,3,41.0
KH03912,44.0,17.9,8.4,nhan_vien,Hai Phong,2,49.0
KH03913,29.0,37.2,17.5,ky_su,TP HCM,5,52.0
KH03914,35.0,11.3,8.5,nhan_vien,TP HCM,4,83.0
KH03915,42.0,3.6,4.2,sinh_vien,Can Tho,2,100.0
KH03916,61.0,21.5,10.8,ky_su,Ha Noi,3,60.0
KH03917,51.0,20.3,16.2,bac_si,Ha Noi,3,79.0
KH03918,38.0,6.8,4.6,sinh_vien,TP HCM,2,77.0
KH03919,37.0,39.3,32.6,kinh_doanh,Da Nang,7,94.0
KH03920,58.0,25.5,9.9,ky_su,Da Nang,3,38.0
KH03921,50.0,4.6,6.1,sinh_vien,Da Nang,1,100.0
KH03922,32.0,22.7,12.3,kinh_doanh,Ha Noi,2,52.0
KH03923,18.0,6.3,4.4,sinh_vien,TP HCM,1,60.0
KH03924,38.0,34.4,10.8,ky_su,TP HCM,2,30.0
KH03925,27.0,22.7,8.9,ky_su,TP HCM,2,35.0
KH03926,33.0,23.7,15.3,nhan_vien,Can Tho,4,58.0
KH03927,37.0,16.3,13.4,giao_vien,TP HCM,8,71.0
KH03928,29.0,6.3,6.2,sinh_vien,Ha Noi,2,100.0
KH03929,36.0,16.3,10.4,nhan_vien,Ha Noi,3,74.0
KH03930,31.0,41.0,32.5,kinh_doanh,Hai Phong,6,89.0
KH03931,35.0,22.5,16.2,ky_su,Ha Noi,1,58.0
KH03932,43.0,27.0,19.1,ky_su,Ha Noi,3,74.0
KH03933,29.0,11.2,6.0,nhan_vien,Can Tho,1,57.0
KH03934,27.0,13.4,3.7,nhan_vien,TP HCM,2,31.0
KH03935,42.0,19.6,4.2,bac_si,TP HCM,2,25.0
KH03936,43.0,9.9,1.9,giao_vien,Can Tho,0,17.0
KH03937,48.0,27.1,8.8,nhan_vien,Ha Noi,3,38.0
KH03938,46.0,19.5,13.4,ky_su,Da Nang,3,78.0
KH03939,46.0,16.1,12.0,ky_su,Hai Phong,5,76.0
KH03940,34.0,11.2,2.7,nhan_vien,Ha Noi,1,20.0
KH03941,33.0,16.7,11.1,nhan_vien,Hai Phong,5,61.0
KH03942,41.0,6.9,7.2,ky_su,TP HCM,4,100.0
KH03943,41.0,33.9,17.3,kinh_doanh,TP HCM,4,41.0
KH03944,34.0,27.9,15.1,ky_su,Ha Noi,2,63.0
KH03945,30.0,23.3,14.7,bac_si,Hai Phong,3,75.0
KH03946,18.0,3.5,0.8,sinh_vien,TP HCM,1,22.0
KH03947,38.0,15.1,9.0,ky_su,Can Tho,4,69.0
KH03948,38.0,21.1,10.3,ky_su,Can Tho,3,50.0
KH03949,42.0,9.9,6.7,nhan_vien,Da Nang,0,76.0
KH03950,37.0,37.4,33.1,kinh_doanh,Ha Noi,6,92.0
KH03951,39.0,4.3,2.5,sinh_vien,TP HCM,0,47.0
KH03952,49.0,19.5,9.9,ky_su,TP HCM,2,46.0
KH03953,25.0,10.3,7.2,nhan_vien,Ha Noi,3,81.0
KH03954,29.0,45.6,30.8,kinh_doanh,TP HCM,12,63.0
KH03955,38.0,18.8,6.4,nhan_vien,Ha Noi,1,36.0
KH03956,22.0,13.6,9.2,bac_si,TP HCM,5,64.0
KH03957,35.0,19.4,10.8,giao_vien,TP HCM,2,50.0
KH03958,37.0,19.4,10.5,nhan_vien,Ha Noi,4,46.0
KH03959,46.0,19.6,14.8,ky_su,Da Nang,3,71.0
KH03960,35.0,33.2,15.9,ky_su,TP HCM,4,39.0
KH03961,43.0,18.7,13.9,nhan_vien,Ha Noi,2,64.0
KH03962,23.0,32.4,21.0,ky_su,Ha Noi,6,68.0
KH03963,41.0,21.4,16.0,nhan_vien,Can Tho,2,81.0
KH03964,33.0,14.7,9.2,nhan_vien,Ha Noi,4,60.0
KH03965,53.0,7.2,2.9,nhan_vien,Can Tho,2,35.0
KH03966,38.0,23.4,15.0,ky_su,Da Nang,7,63.0
KH03967,54.0,12.7,9.1,ky_su,Ha Noi,4,59.0
KH03968,54.0,24.0,19.5,nhan_vien,Can Tho,4,74.0
KH03969,36.0,5.3,7.3,giao_vien,TP HCM,2,100.0
KH03970,38.0,13.2,10.3,giao_vien,TP HCM,2,91.0
KH03971,32.0,13.9,8.3,sinh_vien,Hai Phong,2,59.0
KH03972,58.0,10.2,8.0,nhan_vien,Can Tho,2,90.0
KH03973,24.0,25.8,13.1,ky_su,TP HCM,2,45.0
KH03974,37.0,24.4,16.1,ky_su,Da Nang,5,75.0
KH03975,58.0,31.2,16.7,ky_su,TP HCM,6,45.0
KH03976,18.0,29.2,15.8,kinh_doanh,Hai Phong,3,56.0
KH03977,35.0,9.9,6.7,nhan_vien,Ha Noi,5,57.0
KH03978,50.0,23.7,13.3,nhan_vien,Hai Phong,2,46.0
KH03979,18.0,18.4,15.0,kinh_doanh,Hai Phong,2,73.0
KH03980,34.0,21.1,12.1,nhan_vien,TP HCM,1,63.0
KH03981,32.0,21.6,16.8,nhan_vien,Can Tho,5,80.0
KH03982,61.0,3.0,0.5,sinh_vien,Da Nang,0,14.0
KH03983,46.0,11.4,6.9,sinh_vien,Ha Noi,1,62.0
KH03984,40.0,12.8,8.8,nhan_vien,Ha Noi,1,73.0
KH03985,35.0,28.2,24.9,nhan_vien,Ha Noi,6,92.0
KH03986,42.0,36.7,23.7,ky_su,Da Nang,5,66.0
KH03987,46.0,13.3,10.9,bac_si,Hai Phong,4,79.0
KH03988,45.0,18.5,17.1,ky_su,Ha Noi,9,97.0
KH03989,38.0,7.1,5.4,sinh_vien,Da Nang,2,89.0
KH03990,43.0,15.6,2.5,nhan_vien,TP HCM,1,19.0
KH03991,45.0,24.8,20.2,ky_su,Ha Noi,5,80.0
KH03992,20.0,31.1,24.8,kinh_doanh,Da Nang,5,92.0
KH03993,46.0,39.5,20.6,ky_su,Da Nang,4,58.0
KH03994,47.0,22.9,17.0,nhan_vien,TP HCM,3,82.0
KH03995,24.0,25.3,17.6,kinh_doanh,TP HCM,2,63.0
KH03996,25.0,15.3,15.0,ky_su,Can Tho,4,96.0
KH03997,44.0,10.8,4.9,nhan_vien,TP HCM,0,48.0
KH03998,42.0,22.0,10.4,bac_si,TP HCM,2,57.0
KH03999,18.0,36.0,24.8,nhan_vien,Ha Noi,4,79.0
KH04000,29.0,24.4,14.6,ky_su,TP HCM,4,63.0
KH04001,18.0,20.9,11.3,nhan_vien,Can Tho,3,46.0
KH04002,50.0,33.7,28.3,ky_su,TP HCM,5,86.0
KH04003,22.0,16.9,10.6,bac_si,TP HCM,5,74.0
KH04004,47.0,23.2,12.7,ky_su,TP HCM,3,64.0
KH04005,44.0,15.6,11.3,nhan_vien,TP HCM,2,72.0
KH04006,50.0,47.7,18.9,bac_si,Ha Noi,3,37.0
KH04007,52.0,6.9,0.8,sinh_vien,Ha Noi,0,10.0
KH04008,39.0,15.1,5.6,ky_su,Ha Noi,2,35.0
KH04009,52.0,9.6,6.8,nhan_vien,Ha Noi,1,61.0
KH04010,18.0,15.7,10.0,ky_su,Da Nang,2,51.0
KH04011,31.0,4.2,3.4,sinh_vien,TP HCM,0,81.0
KH04012,55.0,16.3,12.3,nhan_vien,Hai Phong,4,71.0
KH04013,32.0,6.0,4.7,nhan_vien,Ha Noi,1,70.0
KH04014,25.0,29.9,12.8,kinh_doanh,TP HCM,3,47.0
KH04015,18.0,13.4,5.7,giao_vien,Ha Noi,1,44.0
KH04016,32.0,17.9,13.7,ky_su,TP HCM,3,91.0
KH04017,26.0,12.9,6.2,giao_vien,TP HCM,0,50.0
KH04018,43.0,7.2,1.5,nhan_vien,TP HCM,0,20.0
KH04019,33.0,20.6,11.7,nhan_vien,Hai Phong,5,57.0
KH04020,30.0,13.8,10.3,ky_su,Hai Phong,6,62.0
KH04021,48.0,34.2,14.4,kinh_doanh,TP HCM,1,36.0
KH04022,25.0,3.9,1.2,sinh_vien,Can Tho,0,26.0
KH04023,18.0,16.5,9.0,nhan_vien,Hai Phong,2,65.0
KH04024,24.0,13.0,10.1,nhan_vien,TP HCM,0,82.0
KH04025,42.0,7.6,5.7,sinh_vien,Can Tho,0,63.0
KH04026,42.0,25.3,10.9,nhan_vien,TP HCM,1,46.0
KH04027,32.0,11.7,11.2,giao_vien,Da Nang,0,90.0
KH04028,36.0,52.2,35.5,kinh_doanh,TP HCM,11,69.0
KH04029,28.0,34.7,20.9,kinh_doanh,TP HCM,6,70.0
KH04030,28.0,37.3,15.2,kinh_doanh,TP HCM,4,37.0
KH04031,38.0,13.7,10.6,nhan_vien,Hai Phong,1,63.0
KH04032,29.0,19.5,9.3,kinh_doanh,Da Nang,2,56.0
KH04033,44.0,22.3,20.1,ky_su,TP HCM,7,75.0
KH04034,61.0,33.4,10.7,ky_su,Hai Phong,6,34.0
KH04035,55.0,14.5,5.8,nhan_vien,TP HCM,1,38.0
KH04036,41.0,9.4,6.6,nhan_vien,Ha Noi,0,61.0
KH04037,37.0,26.8,18.3,ky_su,Ha Noi,4,77.0
KH04038,29.0,17.4,11.7,nhan_vien,TP HCM,2,73.0
KH04039,44.0,18.8,16.6,bac_si,Da Nang,4,90.0
KH04040,24.0,27.4,15.6,kinh_doanh,TP HCM,4,64.0
KH04041,48.0,22.6,13.5,kinh_doanh,TP HCM,2,66.0
KH04042,24.0,17.0,16.2,kinh_doanh,Ha Noi,6,100.0
KH04043,25.0,39.7,27.8,kinh_doanh,TP HCM,4,80.0
KH04044,47.0,13.7,9.7,giao_vien,Da Nang,3,66.0
KH04045,32.0,15.0,9.3,kinh_doanh,TP HCM,2,65.0
KH04046,33.0,15.1,9.7,kinh_doanh,TP HCM,4,56.0
KH04047,30.0,16.5,14.8,nhan_vien,Can Tho,4,99.0
KH04048,52.0,19.6,13.3,bac_si,Da Nang,3,74.0
KH04049,54.0,19.3,15.5,nhan_vien,Da Nang,2,83.0
KH04050,64.0,47.0,28.5,kinh_doanh,Da Nang,9,68.0
KH04051,24.0,13.7,11.0,nhan_vien,Ha Noi,1,94.0
KH04052,18.0,8.7,3.0,ky_su,TP HCM,1,41.0
KH04053,47.0,4.8,2.3,sinh_vien,TP HCM,0,55.0
KH04054,48.0,6.8,6.3,sinh_vien,Hai Phong,1,77.0
KH04055,48.0,20.4,7.5,bac_si,Da Nang,4,41.0
KH04056,20.0,15.4,8.4,ky_su,TP HCM,1,51.0
KH04057,51.0,15.9,8.0,nhan_vien,TP HCM,0,52.0
KH04058,50.0,12.9,5.8,ky_su,Hai Phong,3,42.0
KH04059,38.0,22.4,17.4,ky_su,Hai Phong,2,75.0
KH04060,42.0,19.9,10.4,kinh_doanh,Da Nang,2,49.0
KH04061,47.0,8.2,5.1,nhan_vien,TP HCM,0,55.0
KH04062,21.0,12.7,9.7,nhan_vien,TP HCM,2,87.0
KH04063,44.0,24.1,7.0,kinh_doanh,Ha Noi,0,23.0
KH04064,22.0,32.2,15.4,nhan_vien,TP HCM,4,46.0
KH04065,37.0,33.1,26.6,kinh_doanh,TP HCM,6,65.0
KH04066,18.0,36.6,25.1,kinh_doanh,TP HCM,8,76.0
KH04067,46.0,10.0,3.1,ky_su,Can Tho,0,31.0
KH04068,58.0,6.9,4.3,kinh_doanh,TP HCM,2,67.0
KH04069,45.0,21.8,7.2,ky_su,Ha Noi,4,36.0
KH04070,26.0,71.6,36.2,bac_si,TP HCM,9,50.0
KH04071,22.0,9.9,6.1,nhan_vien,TP HCM,2,53.0
KH04072,42.0,10.7,4.9,giao_vien,Ha Noi,0,50.0
KH04073,41.0,12.9,9.5,nhan_vien,TP HCM,1,86.0
KH04074,27.0,13.1,4.6,nhan_vien,Da Nang,1,33.0
KH04075,32.0,13.8,12.1,nhan_vien,TP HCM,4,93.0
KH04076,36.0,10.9,5.7,nhan_vien,TP HCM,4,43.0
KH04077,47.0,14.5,7.8,kinh_doanh,TP HCM,2,57.0
KH04078,25.0,51.7,41.0,bac_si,Hai Phong,11,72.0
KH04079,36.0,12.4,6.6,giao_vien,Ha Noi,2,60.0
KH04080,26.0,15.8,9.7,kinh_doanh,TP HCM,3,72.0
KH04081,55.0,19.6,16.5,nhan_vien,Can Tho,4,87.0
KH04082,37.0,18.5,7.0,ky_su,Can Tho,2,35.0
KH04083,44.0,7.8,2.3,nhan_vien,Ha Noi,0,35.0
KH04084,29.0,24.5,11.0,nhan_vien,Ha Noi,1,42.0
KH04085,40.0,15.3,8.0,nhan_vien,Hai Phong,3,56.0
KH04086,41.0,34.1,13.5,ky_su,Hai Phong,5,41.0
KH04087,33.0,21.1,14.1,kinh_doanh,TP HCM,5,78.0
KH04088,24.0,3.0,2.3,sinh_vien,Ha Noi,0,69.0
KH04089,47.0,12.8,3.4,kinh_doanh,Da Nang,1,23.0
KH04090,44.0,27.5,21.2,bac_si,TP HCM,11,73.0
KH04091,54.0,7.2,6.7,sinh_vien,Da Nang,1,100.0
KH04092,38.0,26.0,18.8,bac_si,Ha Noi,7,82.0
KH04093,40.0,17.9,8.7,nhan_vien,Hai Phong,1,53.0
KH04094,58.0,25.6,17.6,bac_si,TP HCM,8,82.0
KH04095,55.0,5.8,4.9,sinh_vien,Da Nang,0,78.0
KH04096,28.0,22.7,11.8,nhan_vien,TP HCM,4,45.0
KH04097,42.0,11.8,8.5,kinh_doanh,TP HCM,2,77.0
KH04098,42.0,25.9,21.5,giao_vien,Ha Noi,5,67.0
KH04099,18.0,10.3,7.9,sinh_vien,Ha Noi,0,88.0
KH04100,36.0,13.5,7.3,nhan_vien,TP HCM,2,60.0
KH04101,46.0,12.3,9.8,nhan_vien,TP HCM,2,79.0
KH04102,18.0,12.2,7.2,kinh_doanh,Da Nang,1,69.0
KH04103,46.0,34.0,20.3,bac_si,Ha Noi,4,57.0
KH04104,36.0,13.5,5.3,nhan_vien,Ha Noi,4,37.0
KH04105,38.0,24.6,20.1,ky_su,TP HCM,9,87.0
KH04106,18.0,13.3,9.2,sinh_vien,TP HCM,1,81.0
KH04107,53.0,20.1,11.9,nhan_vien,Da Nang,5,66.0
KH04108,33.0,29.4,19.4,kinh_doanh,TP HCM,4,55.0
KH04109,52.0,26.5,12.5,ky_su,Can Tho,4,49.0
KH04110,41.0,11.9,7.3,nhan_vien,Da Nang,1,59.0
KH04111,39.0,19.1,15.7,nhan_vien,TP HCM,1,94.0
KH04112,39.0,24.3,10.5,bac_si,TP HCM,4,51.0
KH04113,45.0,3.1,0.8,sinh_vien,Ha Noi,1,28.0
KH04114,18.0,9.3,6.1,nhan_vien,Hai Phong,2,66.0
KH04115,53.0,4.5,1.6,nhan_vien,Ha Noi,0,35.0
KH04116,45.0,37.6,17.9,ky_su,TP HCM,9,44.0
KH04117,46.0,16.1,9.4,kinh_doanh,TP HCM,3,53.0
KH04118,33.0,44.1,27.3,kinh_doanh,Da Nang,5,70.0
KH04119,35.0,9.3,5.7,nhan_vien,Ha Noi,2,55.0
KH04120,51.0,29.1,23.5,giao_vien,TP HCM,4,82.0
KH04121,22.0,16.4,5.1,bac_si,TP HCM,1,28.0
KH04122,30.0,10.7,9.6,nhan_vien,TP HCM,4,74.0
KH04123,45.0,22.4,9.3,nhan_vien,TP HCM,0,44.0
KH04124,32.0,19.8,12.1,nhan_vien,Ha Noi,2,63.0
KH04125,27.0,7.6,3.6,nhan_vien,TP HCM,0,46.0
KH04126,20.0,16.0,11.7,nhan_vien,Ha Noi,5,71.0
KH04127,31.0,3.7,1.6,sinh_vien,Hai Phong,0,51.0
KH04128,30.0,23.8,14.1,kinh_doanh,TP HCM,7,57.0
KH04129,39.0,28.2,21.0,kinh_doanh,Ha Noi,3,63.0
KH04130,42.0,27.8,17.5,ky_su,TP HCM,8,53.0
KH04131,50.0,16.1,7.5,nhan_vien,TP HCM,3,39.0
KH04132,38.0,16.0,5.9,nhan_vien,Da Nang,2,39.0
KH04133,46.0,14.8,8.9,nhan_vien,Ha Noi,1,51.0
KH04134,28.0,25.6,17.2,bac_si,Hai Phong,0,60.0
KH04135,41.0,17.7,8.3,bac_si,TP HCM,1,48.0
KH04136,48.0,22.4,17.8,nhan_vien,Da Nang,2,83.0
KH04137,35.0,13.6,10.3,nhan_vien,Hai Phong,3,71.0
KH04138,21.0,6.3,3.7,sinh_vien,Ha Noi,0,53.0
KH04139,44.0,3.7,0.5,sinh_vien,TP HCM,0,12.0
KH04140,34.0,14.1,10.9,kinh_doanh,Hai Phong,1,81.0
KH04141,45.0,33.1,20.1,kinh_doanh,TP HCM,4,56.0
KH04142,18.0,6.2,3.7,nhan_vien,Da Nang,0,64.0
KH04143,40.0,7.0,5.3,nhan_vien,Can Tho,2,90.0
KH04144,33.0,37.6,28.0,giao_vien,Ha Noi,5,81.0
KH04145,48.0,13.0,4.0,giao_vien,Hai Phong,2,27.0
KH04146,49.0,19.2,12.1,nhan_vien,Can Tho,1,70.0
KH04147,28.0,18.8,8.9,kinh_doanh,Da Nang,3,46.0
KH04148,18.0,20.2,8.8,bac_si,TP HCM,4,35.0
KH04149,26.0,19.8,9.7,nhan_vien,TP HCM,3,50.0
KH04150,31.0,19.6,10.3,kinh_doanh,Ha Noi,2,57.0
KH04151,45.0,5.2,2.7,giao_vien,Can Tho,1,54.0
KH04152,34.0,3.9,1.5,sinh_vien,TP HCM,0,38.0
KH04153,26.0,19.8,9.2,kinh_doanh,TP HCM,2,56.0
KH04154,40.0,50.4,21.7,ky_su,TP HCM,6,47.0
KH04155,39.0,31.9,17.7,ky_su,TP HCM,3,45.0
KH04156,35.0,13.0,8.1,giao_vien,Hai Phong,2,72.0
KH04157,25.0,10.0,7.2,ky_su,TP HCM,1,59.0
KH04158,43.0,13.3,9.6,giao_vien,Ha Noi,1,62.0
KH04159,29.0,17.6,9.0,giao_vien,Ha Noi,1,47.0
KH04160,23.0,58.1,18.9,ky_su,TP HCM,3,27.0
KH04161,29.0,55.6,32.5,nhan_vien,TP HCM,7,51.0
KH04162,34.0,29.6,25.6,bac_si,Ha Noi,3,81.0
KH04163,18.0,33.0,13.7,nhan_vien,TP HCM,8,37.0
KH04164,18.0,5.1,5.0,nhan_vien,TP HCM,0,99.0
KH04165,40.0,19.4,8.8,bac_si,TP HCM,4,49.0
KH04166,19.0,45.4,16.1,ky_su,Da Nang,8,41.0
KH04167,30.0,28.3,22.7,ky_su,Can Tho,2,89.0
KH04168,21.0,4.3,1.1,sinh_vien,TP HCM,0,30.0
KH04169,18.0,35.9,12.9,bac_si,Hai Phong,3,29.0
KH04170,52.0,18.6,9.6,kinh_doanh,Hai Phong,3,47.0
KH04171,40.0,23.1,12.8,kinh_doanh,Can Tho,2,46.0
KH04172,40.0,2.7,1.2,sinh_vien,TP HCM,0,49.0
KH04173,34.0,20.6,12.8,nhan_vien,Can Tho,3,53.0
KH04174,27.0,3.9,1.1,sinh_vien,TP HCM,0,23.0
KH04175,43.0,12.1,4.4,nhan_vien,Ha Noi,1,30.0
KH04176,31.0,6.0,2.7,sinh_vien,TP HCM,3,49.0
KH04177,27.0,26.5,12.3,ky_su,Ha Noi,7,56.0
KH04178,45.0,15.0,13.0,kinh_doanh,TP HCM,4,96.0
KH04179,24.0,13.0,8.2,nhan_vien,TP HCM,4,51.0
KH04180,26.0,12.1,6.9,ky_su,Ha Noi,1,61.0
KH04181,45.0,9.8,4.4,nhan_vien,TP HCM,2,38.0
KH04182,18.0,21.4,14.7,ky_su,TP HCM,5,66.0
KH04183,47.0,17.3,7.3,bac_si,TP HCM,1,49.0
KH04184,33.0,12.9,7.2,nhan_vien,Da Nang,2,60.0
KH04185,29.0,10.6,2.8,kinh_doanh,Hai Phong,1,31.0
KH04186,27.0,8.5,3.8,nhan_vien,Da Nang,0,50.0
KH04187,18.0,10.4,11.1,nhan_vien,Hai Phong,2,100.0
KH04188,50.0,42.3,30.6,ky_su,TP HCM,9,74.0
KH04189,21.0,13.0,11.0,ky_su,Can Tho,2,100.0
KH04190,21.0,5.2,3.2,sinh_vien,Da Nang,0,58.0
KH04191,39.0,23.1,11.9,kinh_doanh,TP HCM,2,58.0
KH04192,37.0,6.7,3.1,sinh_vien,Ha Noi,6,37.0
KH04193,61.0,36.6,22.9,kinh_doanh,Da Nang,5,70.0
KH04194,38.0,19.2,14.4,ky_su,Ha Noi,3,65.0
KH04195,18.0,3.2,3.9,giao_vien,Hai Phong,1,100.0
KH04196,41.0,13.1,10.8,nhan_vien,Hai Phong,1,88.0
KH04197,30.0,27.5,18.4,giao_vien,TP HCM,4,54.0
KH04198,34.0,39.3,17.0,kinh_doanh,Da Nang,4,39.0
KH04199,36.0,10.3,5.8,nhan_vien,TP HCM,2,62.0
KH04200,44.0,19.1,9.0,ky_su,TP HCM,1,46.0
KH04201,31.0,13.4,5.2,kinh_doanh,Ha Noi,1,33.0
KH04202,49.0,8.8,1.4,ky_su,Hai Phong,0,13.0
KH04203,31.0,15.6,9.0,ky_su,Da Nang,2,62.0
KH04204,47.0,8.9,1.7,kinh_doanh,Da Nang,0,18.0
KH04205,35.0,60.3,27.5,ky_su,Ha Noi,7,44.0
KH04206,37.0,11.5,5.6,nhan_vien,Ha Noi,2,57.0
KH04207,40.0,5.2,0.9,sinh_vien,Hai Phong,1,15.0
KH04208,29.0,11.0,1.1,giao_vien,Ha Noi,0,10.0
KH04209,18.0,15.2,7.7,giao_vien,TP HCM,4,51.0
KH04210,40.0,13.8,10.1,nhan_vien,TP HCM,2,85.0
KH04211,38.0,34.7,22.4,bac_si,Can Tho,5,61.0
KH04212,18.0,9.6,7.1,nhan_vien,Ha Noi,0,71.0
KH04213,41.0,5.8,3.4,nhan_vien,Can Tho,0,65.0
KH04214,28.0,22.6,15.5,kinh_doanh,Ha Noi,3,70.0
KH04215,41.0,13.3,11.5,giao_vien,TP HCM,5,90.0
KH04216,39.0,11.6,6.3,nhan_vien,Da Nang,1,62.0
KH04217,35.0,46.6,23.0,bac_si,Ha Noi,8,53.0
KH04218,30.0,23.0,17.5,ky_su,TP HCM,1,62.0
KH04219,39.0,17.4,4.8,ky_su,Ha Noi,1,29.0
KH04220,35.0,15.3,6.0,nhan_vien,Da Nang,3,39.0
KH04221,51.0,22.0,15.7,giao_vien,TP HCM,5,75.0
KH04222,36.0,15.4,11.0,nhan_vien,TP HCM,1,60.0
KH04223,39.0,21.7,14.0,kinh_doanh,Ha Noi,5,57.0
KH04224,30.0,9.8,8.4,nhan_vien,Ha Noi,3,95.0
KH04225,42.0,28.3,10.7,giao_vien,TP HCM,3,45.0
KH04226,21.0,4.1,0.7,sinh_vien,Ha Noi,0,20.0
KH04227,49.0,17.6,15.2,nhan_vien,Hai Phong,6,74.0
KH04228,22.0,17.0,12.3,giao_vien,TP HCM,1,86.0
KH04229,34.0,10.6,6.5,nhan_vien,Ha Noi,1,68.0
KH04230,32.0,24.5,15.8,giao_vien,Ha Noi,2,56.0
KH04231,47.0,14.8,10.2,giao_vien,Ha Noi,5,71.0
KH04232,40.0,28.5,14.7,ky_su,Ha Noi,1,59.0
KH04233,19.0,12.8,8.1,nhan_vien,TP HCM,0,53.0
KH04234,33.0,31.1,16.1,ky_su,Da Nang,6,44.0
KH04235,39.0,14.4,9.9,nhan_vien,Can Tho,2,66.0
KH04236,37.0,19.4,8.4,giao_vien,Da Nang,1,50.0
KH04237,43.0,9.7,5.6,giao_vien,Ha Noi,2,53.0
KH04238,58.0,15.0,6.4,nhan_vien,TP HCM,0,46.0
KH04239,35.0,19.2,13.2,kinh_doanh,TP HCM,3,60.0
KH04240,46.0,22.1,13.6,ky_su,TP HCM,3,60.0
KH04241,37.0,31.6,23.9,kinh_doanh,Can Tho,4,75.0
KH04242,18.0,12.5,6.9,giao_vien,Hai Phong,0,50.0
KH04243,48.0,11.5,10.3,ky_su,Hai Phong,1,97.0
KH04244,24.0,62.7,50.0,bac_si,TP HCM,9,71.0
KH04245,35.0,14.0,8.1,nhan_vien,Ha Noi,5,58.0
KH04246,58.0,12.4,4.7,ky_su,TP HCM,1,33.0
KH04247,30.0,2.7,0.9,sinh_vien,TP HCM,0,27.0
KH04248,52.0,34.2,16.4,bac_si,Ha Noi,2,56.0
KH04249,40.0,9.1,7.0,nhan_vien,TP HCM,2,87.0
KH04250,39.0,3.4,0.6,sinh_vien,TP HCM,0,16.0
KH04251,34.0,52.7,26.6,giao_vien,Ha Noi,9,40.0
KH04252,38.0,12.2,7.7,giao_vien,Hai Phong,2,65.0
KH04253,39.0,16.7,10.7,nhan_vien,TP HCM,5,76.0
KH04254,38.0,43.8,30.9,ky_su,Da Nang,6,71.0
KH04255,29.0,26.2,15.1,kinh_doanh,Ha Noi,2,52.0
KH04256,39.0,15.4,7.9,nhan_vien,Ha Noi,2,46.0
KH04257,31.0,21.0,10.7,kinh_doanh,Ha Noi,1,47.0
KH04258,33.0,16.4,12.3,sinh_vien,TP HCM,2,67.0
KH04259,48.0,22.6,16.0,kinh_doanh,Can Tho,4,73.0
KH04260,46.0,30.6,24.1,nhan_vien,Ha Noi,8,68.0
KH04261,49.0,33.1,21.5,bac_si,Da Nang,6,60.0
KH04262,54.0,13.1,5.2,nhan_vien,Ha Noi,1,46.0
KH04263,31.0,15.9,8.7,giao_vien,TP HCM,1,56.0
KH04264,48.0,45.4,24.3,kinh_doanh,TP HCM,8,53.0
KH04265,37.0,12.1,6.9,ky_su,Da Nang,1,46.0
KH04266,38.0,32.6,17.5,bac_si,Ha Noi,6,50.0
KH04267,53.0,15.0,10.2,bac_si,TP HCM,2,70.0
KH04268,40.0,24.4,20.2,kinh_doanh,Hai Phong,3,73.0
KH04269,34.0,21.5,18.1,nhan_vien,TP HCM,2,93.0
KH04270,30.0,23.1,16.2,giao_vien,Can Tho,6,74.0
KH04271,18.0,53.5,18.8,nhan_vien,TP HCM,7,34.0
KH04272,27.0,26.3,10.8,kinh_doanh,Hai Phong,4,37.0
KH04273,47.0,15.5,5.7,nhan_vien,Ha Noi,3,34.0
KH04274,28.0,38.5,17.0,bac_si,Can Tho,4,44.0
KH04275,18.0,26.9,21.6,nhan_vien,TP HCM,5,93.0
KH04276,34.0,18.4,8.0,nhan_vien,Ha Noi,5,50.0
KH04277,27.0,45.0,32.8,ky_su,TP HCM,4,65.0
KH04278,26.0,8.4,6.6,ky_su,Ha Noi,0,79.0
KH04279,37.0,6.4,4.7,sinh_vien,Ha Noi,2,70.0
KH04280,24.0,48.4,20.6,bac_si,TP HCM,6,43.0
KH04281,43.0,8.3,6.8,giao_vien,Can Tho,2,86.0
KH04282,51.0,39.3,27.5,ky_su,Da Nang,9,64.0
KH04283,38.0,40.6,20.0,kinh_doanh,TP HCM,5,51.0
KH04284,38.0,36.9,16.3,kinh_doanh,Ha Noi,2,47.0
KH04285,35.0,32.5,21.1,ky_su,Hai Phong,5,76.0
KH04286,36.0,3.8,2.4,sinh_vien,TP HCM,0,59.0
KH04287,19.0,16.7,6.8,kinh_doanh,Da Nang,0,42.0
KH04288,51.0,2.9,2.3,sinh_vien,TP HCM,0,86.0
KH04289,44.0,31.2,19.7,kinh_doanh,Ha Noi,8,63.0
KH04290,24.0,12.3,7.2,giao_vien,Can Tho,3,53.0
KH04291,34.0,9.0,5.6,nhan_vien,Da Nang,1,58.0
KH04292,53.0,3.7,2.2,sinh_vien,Can Tho,1,52.0
KH04293,30.0,6.7,5.2,kinh_doanh,Ha Noi,0,90.0
KH04294,27.0,15.8,7.7,giao_vien,Can Tho,1,50.0
KH04295,32.0,38.2,29.4,bac_si,Ha Noi,6,67.0
KH04296,25.0,9.3,7.9,nhan_vien,Da Nang,1,100.0
KH04297,36.0,20.6,11.2,bac_si,Can Tho,5,59.0
KH04298,31.0,17.4,14.4,nhan_vien,Ha Noi,2,83.0
KH04299,26.0,18.7,13.6,kinh_doanh,TP HCM,1,70.0
KH04300,22.0,15.8,7.1,ky_su,Ha Noi,0,47.0
KH04301,35.0,12.2,3.5,giao_vien,Da Nang,0,25.0
KH04302,39.0,21.4,16.0,ky_su,Hai Phong,3,76.0
KH04303,57.0,16.1,8.1,nhan_vien,Ha Noi,1,54.0
KH04304,32.0,14.4,7.9,kinh_doanh,Can Tho,3,65.0
KH04305,31.0,11.8,7.4,ky_su,Hai Phong,2,72.0
KH04306,41.0,26.0,14.0,ky_su,TP HCM,2,58.0
KH04307,36.0,27.8,16.1,bac_si,Da Nang,3,61.0
KH04308,32.0,14.4,12.6,nhan_vien,Hai Phong,1,99.0
KH04309,27.0,22.0,6.6,ky_su,TP HCM,1,34.0
KH04310,25.0,14.8,3.3,nhan_vien,Ha Noi,1,26.0
KH04311,18.0,20.7,14.4,nhan_vien,Ha Noi,1,65.0
KH04312,22.0,18.4,8.3,nhan_vien,TP HCM,3,53.0
KH04313,43.0,7.7,3.7,sinh_vien,Hai Phong,2,47.0
KH04314,37.0,25.0,10.7,ky_su,TP HCM,4,45.0
KH04315,43.0,15.8,10.8,nhan_vien,Ha Noi,2,70.0
KH04316,18.0,9.6,5.3,giao_vien,Da Nang,1,58.0
KH04317,38.0,28.6,23.4,kinh_doanh,Da Nang,4,66.0
KH04318,40.0,17.2,10.4,ky_su,Ha Noi,6,50.0
KH04319,28.0,24.7,19.0,kinh_doanh,Hai Phong,3,78.0
KH04320,30.0,19.3,16.1,ky_su,Da Nang,3,84.0
KH04321,30.0,17.1,6.3,nhan_vien,Can Tho,2,31.0
KH04322,20.0,27.2,16.3,nhan_vien,Ha Noi,4,51.0
KH04323,37.0,15.8,10.2,kinh_doanh,TP HCM,2,59.0
KH04324,37.0,18.9,15.1,nhan_vien,TP HCM,4,66.0
KH04325,43.0,28.7,19.2,nhan_vien,Da Nang,6,63.0
KH04326,39.0,21.8,11.6,nhan_vien,TP HCM,4,52.0
KH04327,45.0,29.5,13.4,kinh_doanh,Hai Phong,3,50.0
KH04328,42.0,39.0,14.4,kinh_doanh,Ha Noi,2,38.0
KH04329,36.0,28.4,23.5,ky_su,TP HCM,3,88.0
KH04330,54.0,24.9,14.4,nhan_vien,TP HCM,4,67.0
KH04331,32.0,14.2,8.3,nhan_vien,Da Nang,2,65.0
KH04332,55.0,18.0,9.6,nhan_vien,TP HCM,1,46.0
KH04333,35.0,35.9,28.9,nhan_vien,Can Tho,8,92.0
KH04334,24.0,26.2,21.1,nhan_vien,TP HCM,4,92.0
KH04335,38.0,21.2,10.8,nhan_vien,Da Nang,5,45.0
KH04336,21.0,9.9,4.0,giao_vien,Da Nang,2,36.0
KH04337,50.0,21.4,16.7,kinh_doanh,Da Nang,2,75.0
KH04338,37.0,12.6,10.2,nhan_vien,Ha Noi,1,92.0
KH04339,18.0,10.5,9.3,kinh_doanh,Ha Noi,3,90.0
KH04340,33.0,15.0,7.0,nhan_vien,Da Nang,5,49.0
KH04341,40.0,12.2,7.0,nhan_vien,Ha Noi,3,56.0
KH04342,56.0,16.0,7.2,giao_vien,Ha Noi,1,43.0
KH04343,23.0,6.2,1.4,nhan_vien,Da Nang,1,25.0
KH04344,42.0,4.6,2.7,sinh_vien,Ha Noi,0,48.0
KH04345,34.0,20.8,14.0,kinh_doanh,Da Nang,4,56.0
KH04346,39.0,30.0,20.8,ky_su,Da Nang,4,74.0
KH04347,23.0,22.0,17.3,nhan_vien,Hai Phong,5,84.0
KH04348,32.0,13.5,10.3,giao_vien,Ha Noi,3,89.0
KH04349,40.0,9.2,4.1,giao_vien,TP HCM,1,38.0
KH04350,34.0,21.4,17.4,kinh_doanh,TP HCM,5,80.0
KH04351,25.0,16.0,9.8,nhan_vien,TP HCM,2,56.0
KH04352,21.0,32.1,18.3,nhan_vien,Ha Noi,2,60.0
KH04353,31.0,22.5,8.1,bac_si,Da Nang,2,36.0
KH04354,31.0,32.5,19.1,kinh_doanh,Ha Noi,2,55.0
KH04355,48.0,24.9,15.0,kinh_doanh,TP HCM,5,70.0
KH04356,33.0,24.6,15.9,nhan_vien,Ha Noi,4,56.0
KH04357,38.0,15.4,3.1,nhan_vien,Da Nang,1,22.0
KH04358,51.0,26.7,11.8,nhan_vien,Hai Phong,4,46.0
KH04359,43.0,9.6,8.8,giao_vien,TP HCM,3,98.0
KH04360,37.0,33.3,23.6,kinh_doanh,TP HCM,6,62.0
KH04361,33.0,5.6,3.3,nhan_vien,Ha Noi,1,61.0
KH04362,33.0,13.4,11.4,kinh_doanh,TP HCM,1,73.0
KH04363,53.0,29.4,22.4,ky_su,Hai Phong,7,75.0
KH04364,42.0,8.7,7.5,nhan_vien,Can Tho,0,76.0
KH04365,18.0,13.8,7.3,nhan_vien,TP HCM,2,57.0
KH04366,29.0,13.5,9.6,nhan_vien,TP HCM,2,79.0
KH04367,33.0,9.1,8.1,nhan_vien,Ha Noi,3,83.0
KH04368,42.0,17.5,7.8,nhan_vien,Ha Noi,0,49.0
KH04369,19.0,17.3,7.3,bac_si,TP HCM,0,36.0
KH04370,48.0,7.0,6.3,giao_vien,Ha Noi,3,100.0
KH04371,48.0,10.9,4.8,sinh_vien,Ha Noi,0,44.0
KH04372,33.0,6.5,1.9,nhan_vien,Can Tho,1,28.0
KH04373,41.0,37.7,15.7,nhan_vien,TP HCM,2,39.0
KH04374,30.0,27.9,24.0,giao_vien,Hai Phong,5,78.0
KH04375,27.0,34.3,20.7,kinh_doanh,TP HCM,6,56.0
KH04376,42.0,7.4,3.2,nhan_vien,TP HCM,0,39.0
KH04377,27.0,18.6,14.9,nhan_vien,Hai Phong,6,74.0
KH04378,18.0,11.9,5.4,giao_vien,Ha Noi,1,38.0
KH04379,57.0,31.9,24.9,ky_su,TP HCM,6,76.0
KH04380,56.0,9.7,8.4,nhan_vien,Ha Noi,0,85.0
KH04381,37.0,9.2,1.2,nhan_vien,Can Tho,1,13.0
KH04382,35.0,38.9,23.3,kinh_doanh,TP HCM,4,67.0
KH04383,37.0,3.2,2.9,nhan_vien,Ha Noi,2,93.0
KH04384,30.0,13.6,5.1,giao_vien,TP HCM,0,35.0
KH04385,57.0,34.9,28.7,ky_su,Hai Phong,8,79.0
KH04386,29.0,3.0,2.4,sinh_vien,TP HCM,0,73.0
KH04387,29.0,7.3,5.0,giao_vien,Ha Noi,4,57.0
KH04388,27.0,10.8,6.5,giao_vien,TP HCM,0,70.0
KH04389,43.0,11.4,7.6,nhan_vien,Can Tho,4,72.0
KH04390,27.0,34.0,16.0,bac_si,Hai Phong,3,41.0
KH04391,39.0,11.7,9.4,nhan_vien,Ha Noi,6,93.0
KH04392,28.0,7.6,3.2,sinh_vien,Da Nang,2,38.0
KH04393,32.0,18.1,6.5,nhan_vien,TP HCM,2,42.0
KH04394,51.0,28.6,7.1,kinh_doanh,Can Tho,1,25.0
KH04395,64.0,12.4,9.5,giao_vien,Ha Noi,1,64.0
KH04396,33.0,13.7,5.8,ky_su,Ha Noi,2,46.0
KH04397,29.0,22.5,13.2,ky_su,TP HCM,4,70.0
KH04398,37.0,15.9,7.3,kinh_doanh,Hai Phong,1,43.0
KH04399,45.0,23.0,11.7,nhan_vien,TP HCM,1,48.0
KH04400,55.0,14.6,6.5,bac_si,TP HCM,1,36.0
KH04401,31.0,8.7,8.4,nhan_vien,Ha Noi,3,86.0
KH04402,62.0,8.0,2.4,nhan_vien,TP HCM,1,33.0
KH04403,54.0,12.7,10.2,nhan_vien,TP HCM,4,81.0
KH04404,37.0,31.5,20.7,ky_su,TP HCM,5,63.0
KH04405,22.0,6.4,6.9,sinh_vien,Ha Noi,0,94.0
KH04406,33.0,12.5,6.5,kinh_doanh,Ha Noi,2,57.0
KH04407,22.0,10.5,6.9,giao_vien,Hai Phong,2,53.0
KH04408,25.0,23.7,11.4,kinh_doanh,Ha Noi,2,39.0
KH04409,41.0,40.8,17.7,kinh_doanh,Ha Noi,6,46.0
KH04410,32.0,15.7,8.9,nhan_vien,Can Tho,0,48.0
KH04411,38.0,48.3,34.7,kinh_doanh,Ha Noi,9,68.0
KH04412,18.0,22.8,8.7,nhan_vien,Hai Phong,1,38.0
KH04413,38.0,11.2,5.2,kinh_doanh,Da Nang,0,46.0
KH04414,21.0,24.0,10.5,ky_su,TP HCM,4,42.0
KH04415,18.0,13.2,6.5,giao_vien,Hai Phong,5,49.0
KH04416,30.0,39.8,15.6,ky_su,TP HCM,1,45.0
KH04417,31.0,11.3,2.5,nhan_vien,Da Nang,2,19.0
KH04418,40.0,45.6,36.3,kinh_doanh,TP HCM,8,82.0
KH04419,45.0,8.5,2.7,nhan_vien,Ha Noi,0,34.0
KH04420,22.0,13.2,5.8,nhan_vien,TP HCM,1,36.0
KH04421,18.0,27.7,15.6,kinh_doanh,TP HCM,3,66.0
KH04422,27.0,3.8,2.6,sinh_vien,TP HCM,0,78.0
KH04423,46.0,31.2,17.0,ky_su,TP HCM,4,48.0
KH04424,33.0,11.6,8.8,giao_vien,Can Tho,4,71.0
KH04425,35.0,12.3,6.0,giao_vien,TP HCM,4,56.0
KH04426,52.0,24.0,16.0,kinh_doanh,Hai Phong,4,64.0
KH04427,49.0,11.1,2.2,giao_vien,Ha Noi,1,20.0
KH04428,23.0,39.1,33.8,kinh_doanh,Ha Noi,7,90.0
KH04429,34.0,17.6,16.2,kinh_doanh,TP HCM,3,100.0
KH04430,33.0,28.8,25.8,kinh_doanh,TP HCM,5,100.0
KH04431,33.0,18.8,5.5,kinh_doanh,Da Nang,1,26.0
KH04432,39.0,15.8,11.3,giao_vien,TP HCM,2,69.0
KH04433,49.0,23.1,10.8,kinh_doanh,Ha Noi,1,52.0
KH04434,40.0,16.6,10.7,nhan_vien,Ha Noi,4,68.0
KH04435,18.0,37.6,30.8,bac_si,Hai Phong,10,76.0
KH04436,27.0,12.3,9.4,kinh_doanh,TP HCM,5,91.0
KH04437,52.0,13.5,9.1,nhan_vien,TP HCM,2,60.0
KH04438,41.0,5.9,2.3,sinh_vien,TP HCM,0,44.0
KH04439,22.0,4.5,0.5,sinh_vien,Ha Noi,0,10.0
KH04440,30.0,10.5,1.9,giao_vien,TP HCM,1,15.0
KH04441,40.0,16.1,11.4,ky_su,TP HCM,1,62.0
KH04442,30.0,11.7,8.6,nhan_vien,TP HCM,1,61.0
KH04443,46.0,35.6,14.2,ky_su,TP HCM,4,32.0
KH04444,38.0,10.9,3.3,nhan_vien,TP HCM,2,32.0
KH04445,61.0,27.5,17.9,kinh_doanh,Ha Noi,2,64.0
KH04446,40.0,40.1,14.1,bac_si,TP HCM,3,28.0
KH04447,37.0,11.5,6.2,ky_su,TP HCM,2,51.0
KH04448,18.0,7.4,3.3,giao_vien,TP HCM,1,37.0
KH04449,27.0,5.4,3.6,sinh_vien,Can Tho,1,57.0
KH04450,30.0,48.8,40.4,bac_si,Ha Noi,12,85.0
KH04451,41.0,20.0,15.4,nhan_vien,Hai Phong,4,73.0
KH04452,30.0,9.5,5.2,nhan_vien,TP HCM,2,65.0
KH04453,29.0,12.7,5.7,ky_su,TP HCM,1,42.0
KH04454,22.0,22.9,20.5,kinh_doanh,Da Nang,7,100.0
KH04455,30.0,13.2,7.0,nhan_vien,TP HCM,3,47.0
KH04456,38.0,3.7,4.9,sinh_vien,Can Tho,1,100.0
KH04457,25.0,16.5,7.7,ky_su,TP HCM,1,56.0
KH04458,60.0,17.1,10.1,nhan_vien,Hai Phong,3,48.0
KH04459,35.0,54.0,31.8,nhan_vien,Can Tho,4,55.0
KH04460,39.0,21.2,14.7,giao_vien,Can Tho,4,77.0
KH04461,45.0,30.2,23.9,ky_su,TP HCM,6,89.0
KH04462,40.0,9.0,8.3,nhan_vien,TP HCM,1,81.0
KH04463,39.0,31.5,21.2,nhan_vien,Ha Noi,5,61.0
KH04464,57.0,35.3,15.8,kinh_doanh,TP HCM,3,39.0
KH04465,56.0,10.5,4.3,giao_vien,Ha Noi,0,47.0
KH04466,31.0,4.9,3.6,sinh_vien,TP HCM,1,78.0
KH04467,26.0,45.1,19.7,ky_su,TP HCM,4,40.0
KH04468,45.0,29.8,19.7,kinh_doanh,Hai Phong,1,65.0
KH04469,20.0,61.7,32.9,bac_si,Hai Phong,10,50.0
KH04470,40.0,30.0,13.5,ky_su,TP HCM,5,36.0
KH04471,21.0,15.4,7.9,kinh_doanh,TP HCM,5,55.0
KH04472,40.0,13.5,8.1,nhan_vien,Ha Noi,0,65.0
KH04473,53.0,24.7,19.8,bac_si,TP HCM,6,91.0
KH04474,19.0,23.1,11.7,nhan_vien,Ha Noi,2,59.0
KH04475,25.0,7.7,4.6,nhan_vien,Ha Noi,1,67.0
KH04476,36.0,25.8,13.9,nhan_vien,Da Nang,3,47.0
KH04477,55.0,17.3,7.0,giao_vien,TP HCM,3,43.0
KH04478,37.0,22.4,17.8,bac_si,TP HCM,6,89.0
KH04479,36.0,21.2,12.0,ky_su,Ha Noi,3,64.0
KH04480,35.0,14.1,11.7,nhan_vien,TP HCM,0,86.0
KH04481,26.0,44.7,28.4,kinh_doanh,TP HCM,11,76.0
KH04482,23.0,29.5,10.7,ky_su,TP HCM,2,42.0
KH04483,27.0,3.1,0.6,sinh_vien,Da Nang,0,21.0
KH04484,29.0,31.3,18.6,ky_su,TP HCM,2,69.0
KH04485,24.0,32.8,21.3,bac_si,Da Nang,6,75.0
KH04486,31.0,2.9,1.8,sinh_vien,Can Tho,2,55.0
KH04487,29.0,17.7,12.6,nhan_vien,Can Tho,7,77.0
KH04488,25.0,9.8,7.2,giao_vien,Hai Phong,0,82.0
KH04489,49.0,17.2,11.6,nhan_vien,Can Tho,3,66.0
KH04490,48.0,31.4,17.5,ky_su,Ha Noi,7,47.0
KH04491,25.0,27.3,17.8,bac_si,Hai Phong,4,55.0
KH04492,45.0,7.8,7.1,giao_vien,Can Tho,0,91.0
KH04493,23.0,18.3,11.2,nhan_vien,Can Tho,7,69.0
KH04494,29.0,18.2,10.4,nhan_vien,TP HCM,3,48.0
KH04495,18.0,11.9,6.6,kinh_doanh,TP HCM,1,66.0
KH04496,42.0,41.5,24.8,kinh_doanh,Ha Noi,8,62.0
KH04497,46.0,6.2,2.8,sinh_vien,TP HCM,3,47.0
KH04498,46.0,7.4,2.9,sinh_vien,TP HCM,2,46.0
KH04499,36.0,37.0,11.7,ky_su,Da Nang,4,28.0
KH04500,54.0,23.7,6.3,bac_si,Da Nang,0,23.0
KH04501,27.0,16.3,13.3,nhan_vien,TP HCM,1,95.0
KH04502,32.0,26.9,10.1,kinh_doanh,Ha Noi,4,43.0
KH04503,41.0,9.8,6.9,giao_vien,Ha Noi,1,81.0
KH04504,43.0,44.3,23.7,kinh_doanh,Ha Noi,5,51.0
KH04505,35.0,42.6,32.7,ky_su,TP HCM,8,84.0
KH04506,46.0,33.5,16.5,ky_su,TP HCM,4,44.0
KH04507,49.0,31.6,24.0,nhan_vien,TP HCM,7,81.0
KH04508,35.0,7.9,1.8,nhan_vien,TP HCM,1,25.0
KH04509,34.0,24.2,17.0,nhan_vien,Ha Noi,8,62.0
KH04510,44.0,23.8,14.3,nhan_vien,Hai Phong,3,56.0
KH04511,23.0,34.6,15.5,ky_su,Ha Noi,6,45.0
KH04512,25.0,3.9,1.8,sinh_vien,Hai Phong,1,51.0
KH04513,31.0,49.5,35.6,kinh_doanh,Ha Noi,4,76.0
KH04514,27.0,12.0,6.4,giao_vien,Ha Noi,1,49.0
KH04515,30.0,24.5,17.7,ky_su,Can Tho,2,59.0
KH04516,33.0,17.5,11.1,bac_si,TP HCM,1,57.0
KH04517,24.0,19.5,14.5,nhan_vien,TP HCM,3,64.0
KH04518,23.0,21.2,9.9,giao_vien,Da Nang,2,40.0
KH04519,25.0,8.7,3.7,nhan_vien,TP HCM,2,46.0
KH04520,33.0,5.0,6.1,sinh_vien,Da Nang,2,100.0
KH04521,31.0,26.9,22.0,giao_vien,Ha Noi,6,78.0
KH04522,44.0,21.7,10.8,nhan_vien,Hai Phong,3,42.0
KH04523,62.0,9.0,8.5,sinh_vien,Ha Noi,1,96.0
KH04524,30.0,18.8,13.0,nhan_vien,Ha Noi,4,65.0
KH04525,23.0,11.0,6.8,nhan_vien,TP HCM,0,53.0
KH04526,25.0,32.0,15.9,giao_vien,TP HCM,6,51.0
KH04527,47.0,9.7,4.6,sinh_vien,Ha Noi,1,50.0
KH04528,53.0,31.4,11.8,bac_si,Ha Noi,2,39.0
KH04529,62.0,7.3,3.1,nhan_vien,TP HCM,0,50.0
KH04530,18.0,29.5,12.2,nhan_vien,Ha Noi,5,38.0
KH04531,51.0,8.5,2.9,giao_vien,Ha Noi,1,36.0
KH04532,31.0,17.7,10.0,nhan_vien,TP HCM,2,63.0
KH04533,39.0,8.6,4.3,giao_vien,TP HCM,1,58.0
KH04534,32.0,16.4,4.7,nhan_vien,Ha Noi,1,25.0
KH04535,36.0,15.3,8.3,ky_su,Can Tho,1,54.0
KH04536,44.0,17.4,12.9,nhan_vien,Ha Noi,1,68.0
KH04537,46.0,24.0,13.7,nhan_vien,Ha Noi,4,64.0
KH04538,31.0,20.2,7.3,ky_su,Da Nang,1,38.0
KH04539,50.0,6.1,6.0,nhan_vien,TP HCM,1,94.0
KH04540,41.0,4.6,2.6,sinh_vien,Da Nang,1,51.0
KH04541,40.0,10.4,5.6,ky_su,Can Tho,2,52.0
KH04542,50.0,20.9,17.5,ky_su,Can Tho,8,71.0
KH04543,28.0,8.9,5.7,sinh_vien,Ha Noi,3,54.0
KH04544,54.0,15.3,6.7,nhan_vien,Can Tho,0,51.0
KH04545,32.0,12.2,4.1,ky_su,Ha Noi,0,31.0
KH04546,34.0,2.1,2.7,sinh_vien,TP HCM,1,100.0
KH04547,37.0,6.6,5.1,giao_vien,Ha Noi,1,89.0
KH04548,28.0,26.9,14.1,ky_su,Ha Noi,3,50.0
KH04549,37.0,25.9,12.3,kinh_doanh,TP HCM,1,55.0
KH04550,53.0,32.2,13.6,nhan_vien,Can Tho,3,45.0
KH04551,29.0,18.8,10.4,kinh_doanh,TP HCM,1,48.0
KH04552,33.0,14.6,9.9,kinh_doanh,TP HCM,2,77.0
KH04553,28.0,24.1,8.1,nhan_vien,TP HCM,2,39.0
KH04554,18.0,31.4,25.6,ky_su,TP HCM,3,71.0
KH04555,26.0,14.9,8.8,giao_vien,Hai Phong,2,67.0
KH04556,45.0,9.2,8.0,giao_vien,TP HCM,4,75.0
KH04557,27.0,4.7,3.6,sinh_vien,TP HCM,1,65.0
KH04558,51.0,14.1,10.4,ky_su,Da Nang,3,63.0
KH04559,37.0,35.2,22.8,ky_su,Ha Noi,8,62.0
KH04560,35.0,32.4,21.4,bac_si,Ha Noi,7,63.0
KH04561,58.0,8.4,6.0,nhan_vien,TP HCM,2,80.0
KH04562,32.0,11.7,11.6,nhan_vien,Ha Noi,7,100.0
KH04563,31.0,9.1,4.1,nhan_vien,TP HCM,1,37.0
KH04564,35.0,12.9,7.3,ky_su,Ha Noi,3,57.0
KH04565,28.0,17.2,11.3,giao_vien,TP HCM,0,60.0
KH04566,48.0,7.6,2.3,nhan_vien,Ha Noi,0,30.0
KH04567,26.0,28.6,20.2,ky_su,Da Nang,4,62.0
KH04568,51.0,43.3,28.1,ky_su,TP HCM,5,54.0
KH04569,54.0,10.2,8.9,nhan_vien,Ha Noi,1,92.0
KH04570,51.0,9.5,5.6,sinh_vien,Da Nang,0,56.0
KH04571,18.0,21.5,11.3,ky_su,Ha Noi,4,60.0
KH04572,57.0,13.9,7.4,giao_vien,TP HCM,2,43.0
KH04573,32.0,18.6,10.7,giao_vien,Da Nang,1,55.0
KH04574,30.0,7.2,4.4,nhan_vien,Ha Noi,3,55.0
KH04575,32.0,17.9,13.3,ky_su,TP HCM,2,87.0
KH04576,47.0,21.2,9.9,nhan_vien,TP HCM,1,49.0
KH04577,21.0,26.0,11.7,nhan_vien,Ha Noi,4,48.0
KH04578,58.0,6.9,1.6,kinh_doanh,Ha Noi,1,25.0
KH04579,28.0,19.0,6.5,giao_vien,TP HCM,1,33.0
KH04580,37.0,17.3,10.2,giao_vien,Da Nang,4,68.0
KH04581,20.0,14.5,11.8,ky_su,TP HCM,3,67.0
KH04582,36.0,10.7,6.9,giao_vien,TP HCM,4,71.0
KH04583,34.0,28.5,17.5,kinh_doanh,Ha Noi,3,57.0
KH04584,32.0,40.5,18.2,kinh_doanh,TP HCM,3,40.0
KH04585,32.0,40.2,34.8,giao_vien,TP HCM,9,79.0
KH04586,45.0,15.7,12.5,kinh_doanh,Ha Noi,5,93.0
KH04587,34.0,40.2,20.4,kinh_doanh,Da Nang,11,60.0
KH04588,23.0,9.9,8.1,sinh_vien,TP HCM,1,75.0
KH04589,44.0,8.8,6.1,giao_vien,TP HCM,1,63.0
KH04590,20.0,22.6,6.1,nhan_vien,Ha Noi,5,30.0
KH04591,47.0,20.1,13.1,nhan_vien,TP HCM,3,75.0
KH04592,58.0,19.3,19.5,nhan_vien,Hai Phong,4,100.0
KH04593,33.0,21.3,17.4,kinh_doanh,Ha Noi,5,83.0
KH04594,32.0,11.1,9.2,nhan_vien,Ha Noi,2,79.0
KH04595,24.0,31.8,18.8,ky_su,TP HCM,6,48.0
KH04596,18.0,26.6,19.2,kinh_doanh,TP HCM,4,65.0
KH04597,39.0,11.5,8.6,giao_vien,TP HCM,4,79.0
KH04598,37.0,12.1,5.5,sinh_vien,Ha Noi,1,50.0
KH04599,33.0,51.1,24.6,kinh_doanh,TP HCM,10,43.0
KH04600,29.0,25.8,20.5,giao_vien,Ha Noi,3,82.0
KH04601,38.0,16.2,7.7,giao_vien,Ha Noi,2,41.0
KH04602,18.0,19.7,13.1,nhan_vien,Ha Noi,7,64.0
KH04603,32.0,17.6,6.4,ky_su,TP HCM,1,42.0
KH04604,42.0,12.8,10.5,nhan_vien,TP HCM,0,97.0
KH04605,50.0,20.2,11.3,nhan_vien,TP HCM,2,66.0
KH04606,26.0,24.8,19.1,nhan_vien,Ha Noi,6,68.0
KH04607,18.0,35.6,15.3,giao_vien,TP HCM,4,49.0
KH04608,27.0,15.2,7.6,kinh_doanh,Da Nang,1,53.0
KH04609,39.0,7.7,5.1,nhan_vien,TP HCM,1,55.0
KH04610,43.0,25.6,8.7,kinh_doanh,TP HCM,1,29.0
KH04611,19.0,13.2,7.5,nhan_vien,TP HCM,1,61.0
KH04612,40.0,28.3,15.2,kinh_doanh,TP HCM,6,62.0
KH04613,26.0,8.0,9.3,giao_vien,TP HCM,2,100.0
KH04614,34.0,8.8,4.6,nhan_vien,TP HCM,4,55.0
KH04615,60.0,3.3,4.1,sinh_vien,Ha Noi,0,100.0
KH04616,37.0,7.5,5.8,nhan_vien,Hai Phong,1,77.0
KH04617,30.0,11.0,4.0,nhan_vien,TP HCM,1,35.0
KH04618,51.0,27.4,19.9,ky_su,Da Nang,7,72.0
KH04619,25.0,19.2,13.5,nhan_vien,Can Tho,7,73.0
KH04620,38.0,21.5,16.4,ky_su,Ha Noi,2,75.0
KH04621,60.0,23.5,7.3,ky_su,Ha Noi,2,35.0
KH04622,28.0,33.4,17.8,kinh_doanh,Da Nang,3,47.0
KH04623,35.0,18.7,13.9,kinh_doanh,TP HCM,3,71.0
KH04624,40.0,33.0,25.7,ky_su,TP HCM,4,69.0
KH04625,29.0,6.5,2.4,sinh_vien,Hai Phong,0,35.0
KH04626,37.0,13.3,9.6,giao_vien,Can Tho,3,58.0
KH04627,30.0,38.5,13.6,bac_si,Da Nang,2,37.0
KH04628,50.0,14.5,9.7,giao_vien,TP HCM,3,55.0
KH04629,30.0,7.2,6.7,sinh_vien,Ha Noi,2,100.0
KH04630,36.0,36.6,24.8,nhan_vien,TP HCM,6,62.0
KH04631,23.0,11.5,8.6,kinh_doanh,Ha Noi,1,78.0
KH04632,29.0,18.4,15.2,nhan_vien,Da Nang,5,68.0
KH04633,28.0,19.1,6.1,nhan_vien,TP HCM,2,33.0
KH04634,29.0,22.8,17.9,bac_si,TP HCM,4,70.0
KH04635,48.0,34.3,26.7,bac_si,Ha Noi,5,75.0
KH04636,40.0,25.9,10.4,nhan_vien,Can Tho,3,44.0
KH04637,41.0,27.2,15.0,ky_su,Da Nang,3,60.0
KH04638,45.0,2.2,4.5,sinh_vien,TP HCM,1,100.0
KH04639,33.0,16.1,5.4,giao_vien,Ha Noi,0,38.0
KH04640,33.0,15.5,11.8,bac_si,TP HCM,2,64.0
KH04641,38.0,41.9,23.4,bac_si,Ha Noi,9,53.0
KH04642,42.0,38.9,32.0,kinh_doanh,Hai Phong,10,79.0
KH04643,29.0,4.5,3.7,sinh_vien,Da Nang,2,86.0
KH04644,23.0,52.7,18.8,ky_su,Ha Noi,1,38.0
KH04645,25.0,43.0,26.6,ky_su,TP HCM,5,56.0
KH04646,31.0,14.7,9.1,ky_su,Da Nang,3,70.0
KH04647,44.0,19.3,8.6,giao_vien,Ha Noi,6,51.0
KH04648,28.0,2.7,3.1,sinh_vien,Ha Noi,0,100.0
KH04649,39.0,26.3,12.5,ky_su,Ha Noi,6,48.0
KH04650,39.0,22.2,14.5,kinh_doanh,Ha Noi,2,54.0
KH04651,35.0,16.4,13.0,giao_vien,Da Nang,2,74.0
KH04652,39.0,18.2,12.5,giao_vien,Ha Noi,3,79.0
KH04653,59.0,13.2,4.4,nhan_vien,TP HCM,3,30.0
KH04654,39.0,8.7,5.8,nhan_vien,Can Tho,1,74.0
KH04655,49.0,34.4,12.4,kinh_doanh,TP HCM,3,37.0
KH04656,18.0,6.9,3.1,giao_vien,TP HCM,0,36.0
KH04657,19.0,31.4,12.4,ky_su,TP HCM,3,33.0
KH04658,24.0,11.9,6.6,kinh_doanh,Can Tho,1,54.0
KH04659,53.0,10.6,7.5,nhan_vien,TP HCM,1,84.0
KH04660,48.0,21.0,12.3,nhan_vien,Hai Phong,1,55.0
KH04661,36.0,15.6,9.5,kinh_doanh,TP HCM,4,72.0
KH04662,54.0,5.2,4.4,sinh_vien,Can Tho,0,91.0
KH04663,49.0,30.8,26.4,giao_vien,TP HCM,8,91.0
KH04664,26.0,4.8,4.2,sinh_vien,TP HCM,0,80.0
KH04665,65.0,16.0,12.6,ky_su,Hai Phong,3,89.0
KH04666,18.0,7.7,7.0,sinh_vien,Da Nang,4,100.0
KH04667,18.0,18.6,11.1,nhan_vien,Ha Noi,1,62.0
KH04668,30.0,12.0,2.1,nhan_vien,TP HCM,2,17.0
KH04669,37.0,24.0,8.5,ky_su,TP HCM,1,38.0
KH04670,28.0,13.6,11.6,nhan_vien,Ha Noi,4,80.0
KH04671,35.0,11.7,5.4,nhan_vien,Da Nang,1,37.0
KH04672,39.0,14.4,6.3,giao_vien,Hai Phong,3,43.0
KH04673,25.0,8.9,4.7,nhan_vien,TP HCM,0,61.0
KH04674,28.0,23.0,15.8,ky_su,TP HCM,3,80.0
KH04675,24.0,22.2,4.1,ky_su,Da Nang,0,19.0
KH04676,20.0,12.6,5.8,giao_vien,Hai Phong,1,39.0
KH04677,43.0,31.4,19.1,nhan_vien,TP HCM,7,55.0
KH04678,48.0,21.2,8.8,ky_su,Can Tho,1,42.0
KH04679,37.0,23.4,13.1,nhan_vien,TP HCM,1,61.0
KH04680,36.0,22.4,14.4,ky_su,Ha Noi,5,76.0
KH04681,44.0,13.2,9.4,nhan_vien,Can Tho,2,76.0
KH04682,38.0,20.7,13.4,ky_su,Ha Noi,6,54.0
KH04683,36.0,17.9,16.6,nhan_vien,Ha Noi,5,86.0
KH04684,45.0,9.9,6.0,nhan_vien,Hai Phong,5,64.0
KH04685,28.0,33.5,23.6,kinh_doanh,TP HCM,5,63.0
KH04686,45.0,11.3,7.0,sinh_vien,Da Nang,3,53.0
KH04687,31.0,21.6,12.3,nhan_vien,Ha Noi,5,52.0
KH04688,37.0,23.1,7.7,nhan_vien,Can Tho,2,34.0
KH04689,26.0,17.9,10.6,giao_vien,Ha Noi,2,54.0
KH04690,32.0,49.4,27.3,kinh_doanh,TP HCM,10,65.0
KH04691,23.0,14.7,12.2,nhan_vien,Ha Noi,3,87.0
KH04692,20.0,13.2,9.3,nhan_vien,Can Tho,3,57.0
KH04693,18.0,15.2,8.2,nhan_vien,Ha Noi,1,65.0
KH04694,25.0,9.9,4.8,nhan_vien,TP HCM,1,44.0
KH04695,28.0,7.1,2.7,sinh_vien,Da Nang,0,42.0
KH04696,30.0,8.7,4.9,nhan_vien,TP HCM,1,67.0
KH04697,34.0,17.7,8.9,giao_vien,Ha Noi,2,42.0
KH04698,39.0,24.1,10.2,nhan_vien,Da Nang,7,39.0
KH04699,27.0,22.8,8.6,giao_vien,Ha Noi,1,36.0
KH04700,26.0,39.2,19.7,ky_su,TP HCM,5,59.0
KH04701,39.0,14.0,7.4,bac_si,Da Nang,1,59.0
KH04702,44.0,9.4,3.9,sinh_vien,Can Tho,1,47.0
KH04703,36.0,34.1,21.3,nhan_vien,Ha Noi,3,74.0
KH04704,35.0,5.2,7.6,giao_vien,Can Tho,0,100.0
KH04705,33.0,17.2,14.2,ky_su,TP HCM,3,90.0
KH04706,33.0,9.0,6.8,nhan_vien,TP HCM,3,75.0
KH04707,65.0,31.9,21.9,nhan_vien,Da Nang,3,71.0
KH04708,34.0,14.5,6.6,nhan_vien,Can Tho,4,48.0
KH04709,61.0,27.0,20.2,kinh_doanh,Ha Noi,2,80.0
KH04710,42.0,7.9,5.4,giao_vien,Ha Noi,0,56.0
KH04711,34.0,16.5,11.6,kinh_doanh,TP HCM,5,77.0
KH04712,33.0,4.1,4.0,sinh_vien,TP HCM,1,98.0
KH04713,30.0,12.5,9.4,nhan_vien,TP HCM,2,79.0
KH04714,42.0,13.9,6.4,ky_su,TP HCM,1,39.0
KH04715,52.0,9.5,5.8,nhan_vien,Ha Noi,2,67.0
KH04716,34.0,22.7,18.3,ky_su,TP HCM,6,79.0
KH04717,45.0,11.5,9.7,nhan_vien,TP HCM,1,83.0
KH04718,55.0,3.8,2.4,sinh_vien,Can Tho,0,52.0
KH04719,30.0,21.8,13.8,kinh_doanh,TP HCM,6,59.0
KH04720,41.0,40.6,23.8,ky_su,TP HCM,5,68.0
KH04721,29.0,9.8,4.5,giao_vien,Da Nang,1,38.0
KH04722,37.0,5.9,3.7,sinh_vien,TP HCM,0,66.0
KH04723,43.0,30.5,10.7,bac_si,TP HCM,4,35.0
KH04724,25.0,20.9,8.3,nhan_vien,TP HCM,0,35.0
KH04725,35.0,9.3,9.2,sinh_vien,TP HCM,4,100.0
KH04726,36.0,20.5,7.1,nhan_vien,Ha Noi,3,32.0
KH04727,48.0,15.7,9.1,giao_vien,Ha Noi,0,57.0
KH04728,54.0,7.4,5.3,kinh_doanh,TP HCM,2,61.0
KH04729,58.0,30.0,19.8,kinh_doanh,Ha Noi,4,74.0
KH04730,47.0,12.0,3.7,nhan_vien,Ha Noi,0,27.0
KH04731,18.0,11.2,8.7,ky_su,Ha Noi,1,72.0
KH04732,21.0,22.1,9.2,giao_vien,Ha Noi,4,36.0
KH04733,38.0,6.4,7.0,giao_vien,TP HCM,2,100.0
KH04734,49.0,23.0,13.8,ky_su,Da Nang,3,53.0
KH04735,58.0,43.3,23.5,kinh_doanh,TP HCM,3,49.0
KH04736,48.0,26.5,16.7,kinh_doanh,TP HCM,3,73.0
KH04737,46.0,28.0,25.5,ky_su,Da Nang,11,90.0
KH04738,18.0,48.0,19.2,bac_si,Da Nang,5,37.0
KH04739,23.0,30.4,17.1,ky_su,Hai Phong,7,51.0
KH04740,18.0,21.3,13.9,nhan_vien,TP HCM,3,67.0
KH04741,46.0,24.6,15.9,ky_su,Da Nang,7,71.0
KH04742,28.0,8.0,5.6,nhan_vien,Can Tho,2,61.0
KH04743,36.0,7.4,2.8,sinh_vien,Da Nang,0,32.0
KH04744,20.0,9.9,4.6,nhan_vien,Ha Noi,0,54.0
KH04745,52.0,11.4,4.2,giao_vien,TP HCM,0,37.0
KH04746,34.0,15.6,8.9,giao_vien,TP HCM,1,68.0
KH04747,18.0,14.7,7.9,nhan_vien,Ha Noi,0,50.0
KH04748,41.0,20.0,13.2,nhan_vien,TP HCM,2,54.0
KH04749,19.0,19.2,13.5,ky_su,Ha Noi,2,63.0
KH04750,24.0,21.0,13.9,ky_su,Ha Noi,2,61.0
KH04751,19.0,13.4,10.7,nhan_vien,Ha Noi,1,68.0
KH04752,34.0,27.1,24.4,ky_su,TP HCM,5,81.0
KH04753,29.0,20.7,9.1,nhan_vien,Ha Noi,3,37.0
KH04754,46.0,16.2,7.7,giao_vien,TP HCM,2,39.0
KH04755,28.0,18.4,8.2,ky_su,TP HCM,1,37.0
KH04756,18.0,16.1,9.1,giao_vien,Hai Phong,4,67.0
KH04757,28.0,5.0,3.5,sinh_vien,Ha Noi,1,77.0
KH04758,46.0,3.4,1.7,sinh_vien,TP HCM,0,51.0
KH04759,19.0,21.6,12.1,nhan_vien,Ha Noi,2,61.0
KH04760,42.0,22.2,10.1,nhan_vien,TP HCM,1,46.0
KH04761,40.0,18.1,8.1,giao_vien,Can Tho,0,37.0
KH04762,26.0,8.2,2.9,giao_vien,Can Tho,0,38.0
KH04763,27.0,11.8,6.1,bac_si,TP HCM,2,55.0
KH04764,51.0,5.5,4.7,sinh_vien,Ha Noi,4,72.0
KH04765,55.0,35.5,24.1,ky_su,Ha Noi,5,78.0
KH04766,34.0,9.5,8.9,giao_vien,TP HCM,3,100.0
KH04767,23.0,16.3,12.8,ky_su,Can Tho,3,92.0
KH04768,47.0,19.9,6.7,kinh_doanh,Da Nang,1,37.0
KH04769,52.0,29.5,20.1,kinh_doanh,Hai Phong,4,71.0
KH04770,27.0,6.4,3.8,sinh_vien,Ha Noi,1,51.0
KH04771,39.0,5.5,2.7,sinh_vien,TP HCM,0,48.0
KH04772,46.0,16.8,13.5,nhan_vien,Can Tho,7,69.0
KH04773,43.0,36.0,27.7,kinh_doanh,Ha Noi,9,82.0
KH04774,40.0,10.8,7.7,giao_vien,Hai Phong,3,83.0
KH04775,21.0,18.6,11.1,nhan_vien,Can Tho,2,49.0
KH04776,50.0,21.7,12.0,giao_vien,Ha Noi,4,62.0
KH04777,32.0,62.5,49.4,bac_si,Can Tho,15,83.0
KH04778,19.0,15.3,8.4,nhan_vien,Da Nang,3,54.0
KH04779,37.0,26.4,15.5,ky_su,TP HCM,1,58.0
KH04780,19.0,20.0,8.3,nhan_vien,Da Nang,2,40.0
KH04781,18.0,19.8,15.2,nhan_vien,Da Nang,4,90.0
KH04782,32.0,33.3,13.7,ky_su,TP HCM,2,35.0
KH04783,45.0,8.4,7.2,nhan_vien,TP HCM,0,76.0
KH04784,27.0,24.2,12.9,nhan_vien,TP HCM,6,60.0
KH04785,42.0,11.4,6.8,giao_vien,TP HCM,0,61.0
KH04786,46.0,2.3,2.0,sinh_vien,Da Nang,0,100.0
KH04787,43.0,14.6,13.5,kinh_doanh,TP HCM,0,86.0
KH04788,18.0,18.9,9.4,giao_vien,Hai Phong,2,44.0
KH04789,36.0,38.5,19.5,ky_su,TP HCM,4,53.0
KH04790,26.0,15.9,12.1,nhan_vien,Ha Noi,3,62.0
KH04791,18.0,9.5,5.0,giao_vien,Da Nang,1,43.0
KH04792,50.0,9.5,5.2,nhan_vien,Can Tho,1,52.0
KH04793,18.0,15.3,12.7,ky_su,TP HCM,2,93.0
KH04794,45.0,4.4,1.2,sinh_vien,Can Tho,0,31.0
KH04795,35.0,25.8,16.1,giao_vien,Ha Noi,6,70.0
KH04796,28.0,31.1,16.5,ky_su,Hai Phong,3,48.0
KH04797,64.0,18.2,7.6,nhan_vien,TP HCM,0,44.0
KH04798,46.0,10.5,5.0,nhan_vien,TP HCM,1,42.0
KH04799,42.0,6.4,2.3,sinh_vien,Da Nang,1,40.0
KH04800,30.0,12.4,6.8,ky_su,TP HCM,1,49.0
KH04801,33.0,12.7,7.3,giao_vien,TP HCM,3,60.0
KH04802,49.0,13.9,12.2,nhan_vien,Ha Noi,2,94.0
KH04803,27.0,14.5,6.6,giao_vien,TP HCM,1,49.0
KH04804,46.0,12.1,13.0,nhan_vien,Ha Noi,2,99.0
KH04805,18.0,28.2,20.2,ky_su,TP HCM,5,82.0
KH04806,30.0,20.5,11.1,kinh_doanh,TP HCM,1,48.0
KH04807,29.0,23.0,14.6,nhan_vien,TP HCM,2,62.0
KH04808,40.0,9.4,7.0,giao_vien,TP HCM,3,63.0
KH04809,53.0,8.4,4.6,nhan_vien,TP HCM,1,62.0
KH04810,50.0,3.3,1.3,sinh_vien,TP HCM,0,42.0
KH04811,18.0,19.8,9.0,kinh_doanh,TP HCM,2,53.0
KH04812,43.0,35.9,21.9,giao_vien,Ha Noi,5,56.0
KH04813,51.0,19.7,17.1,nhan_vien,Ha Noi,3,92.0
KH04814,27.0,42.7,30.6,ky_su,Ha Noi,6,79.0
KH04815,49.0,5.9,4.7,giao_vien,Ha Noi,2,82.0
KH04816,40.0,8.0,4.0,nhan_vien,Ha Noi,3,59.0
KH04817,39.0,5.4,4.0,giao_vien,Ha Noi,2,65.0
KH04818,20.0,26.4,20.3,nhan_vien,TP HCM,4,85.0
KH04819,43.0,11.3,4.2,giao_vien,Ha Noi,2,31.0
KH04820,48.0,7.7,5.4,giao_vien,Hai Phong,1,74.0
KH04821,30.0,23.2,14.1,nhan_vien,Hai Phong,2,69.0
KH04822,37.0,25.2,18.1,ky_su,TP HCM,3,72.0
KH04823,33.0,10.4,6.5,nhan_vien,TP HCM,2,62.0
KH04824,20.0,21.9,13.3,bac_si,Ha Noi,2,55.0
KH04825,52.0,23.9,12.2,kinh_doanh,Can Tho,1,49.0
KH04826,40.0,20.7,11.9,ky_su,TP HCM,6,47.0
KH04827,37.0,24.7,9.3,nhan_vien,TP HCM,1,30.0
KH04828,51.0,19.1,9.0,ky_su,Ha Noi,2,47.0
KH04829,48.0,27.3,21.8,kinh_doanh,Ha Noi,5,64.0
KH04830,31.0,17.6,7.8,kinh_doanh,TP HCM,1,51.0
KH04831,50.0,29.6,11.9,kinh_doanh,TP HCM,2,41.0
KH04832,33.0,19.2,12.2,giao_vien,Ha Noi,4,69.0
KH04833,52.0,17.1,7.2,nhan_vien,TP HCM,3,41.0
KH04834,64.0,20.9,16.0,ky_su,TP HCM,3,77.0
KH04835,57.0,13.3,7.8,ky_su,Ha Noi,1,59.0
KH04836,18.0,21.6,15.9,ky_su,Ha Noi,6,65.0
KH04837,51.0,16.0,5.8,ky_su,TP HCM,1,30.0
KH04838,45.0,24.1,18.9,kinh_doanh,TP HCM,9,76.0
KH04839,39.0,11.7,9.3,sinh_vien,Ha Noi,2,88.0
KH04840,40.0,18.6,14.0,ky_su,TP HCM,4,69.0
KH04841,50.0,27.3,10.5,ky_su,Da Nang,4,36.0
KH04842,38.0,28.6,10.0,kinh_doanh,Ha Noi,2,40.0
KH04843,28.0,8.2,1.7,nhan_vien,Can Tho,0,20.0
KH04844,45.0,13.7,7.6,giao_vien,Ha Noi,1,51.0
KH04845,30.0,9.4,6.0,kinh_doanh,TP HCM,0,70.0
KH04846,35.0,21.6,6.9,kinh_doanh,Ha Noi,0,34.0
KH04847,42.0,15.1,7.0,giao_vien,Ha Noi,1,41.0
KH04848,43.0,48.2,27.8,ky_su,Da Nang,8,59.0
KH04849,46.0,18.6,8.0,nhan_vien,Ha Noi,2,37.0
KH04850,50.0,16.4,11.9,kinh_doanh,Ha Noi,4,67.0
KH04851,53.0,8.8,5.7,nhan_vien,Can Tho,2,68.0
KH04852,42.0,4.9,3.8,sinh_vien,TP HCM,1,73.0
KH04853,39.0,13.0,8.6,nhan_vien,Hai Phong,2,57.0
KH04854,47.0,5.9,4.3,giao_vien,TP HCM,3,85.0
KH04855,30.0,24.9,11.3,ky_su,Da Nang,2,52.0
KH04856,45.0,29.4,15.2,kinh_doanh,Ha Noi,4,54.0
KH04857,39.0,41.9,19.3,giao_vien,TP HCM,8,54.0
KH04858,36.0,14.0,8.4,ky_su,Ha Noi,1,71.0
KH04859,42.0,13.9,7.8,nhan_vien,Hai Phong,2,47.0
KH04860,32.0,14.0,6.4,nhan_vien,Ha Noi,2,54.0
KH04861,38.0,37.9,13.3,kinh_doanh,TP HCM,3,37.0
KH04862,47.0,26.8,11.3,nhan_vien,Ha Noi,5,48.0
KH04863,39.0,7.9,5.1,giao_vien,Hai Phong,4,54.0
KH04864,28.0,26.2,10.8,nhan_vien,TP HCM,4,37.0
KH04865,44.0,35.2,13.3,ky_su,Ha Noi,1,36.0
KH04866,50.0,4.7,1.9,sinh_vien,Ha Noi,0,48.0
KH04867,39.0,20.4,15.1,bac_si,TP HCM,2,82.0
KH04868,34.0,23.8,9.8,ky_su,Can Tho,1,44.0
KH04869,45.0,40.4,13.7,kinh_doanh,Ha Noi,6,29.0
KH04870,49.0,11.6,6.7,nhan_vien,Can Tho,3,54.0
KH04871,53.0,7.3,4.5,giao_vien,TP HCM,0,58.0
KH04872,41.0,18.4,15.0,kinh_doanh,Ha Noi,7,69.0
KH04873,28.0,10.0,6.3,giao_vien,Ha Noi,0,62.0
KH04874,49.0,15.6,8.0,kinh_doanh,TP HCM,0,45.0
KH04875,42.0,5.3,2.6,sinh_vien,TP HCM,0,45.0
KH04876,34.0,13.5,10.9,kinh_doanh,Hai Phong,1,83.0
KH04877,44.0,24.8,13.3,bac_si,Can Tho,5,45.0
KH04878,27.0,21.8,17.6,kinh_doanh,Ha Noi,6,79.0
KH04879,40.0,8.2,5.6,sinh_vien,Da Nang,3,60.0
KH04880,61.0,10.1,3.8,giao_vien,TP HCM,1,37.0
KH04881,46.0,18.2,16.6,kinh_doanh,Can Tho,3,80.0
KH04882,38.0,8.1,1.9,giao_vien,Hai Phong,0,22.0
KH04883,25.0,9.1,3.6,nhan_vien,Hai Phong,0,44.0
KH04884,33.0,23.4,17.4,ky_su,Ha Noi,7,79.0
KH04885,21.0,17.0,9.2,nhan_vien,Ha Noi,2,63.0
KH04886,36.0,9.7,3.1,kinh_doanh,Ha Noi,1,31.0
KH04887,36.0,3.7,3.8,sinh_vien,Ha Noi,1,98.0
KH04888,23.0,14.8,6.8,nhan_vien,Ha Noi,1,43.0
KH04889,32.0,26.1,21.6,bac_si,TP HCM,2,97.0
KH04890,26.0,11.8,10.7,nhan_vien,Can Tho,4,100.0
KH04891,62.0,14.3,3.7,nhan_vien,TP HCM,1,31.0
KH04892,37.0,31.5,18.9,bac_si,TP HCM,3,61.0
KH04893,43.0,16.4,7.7,ky_su,Ha Noi,2,39.0
KH04894,49.0,24.7,11.7,kinh_doanh,Ha Noi,3,45.0
KH04895,35.0,12.2,7.3,bac_si,Ha Noi,4,69.0
KH04896,51.0,5.5,2.6,giao_vien,Da Nang,0,52.0
KH04897,36.0,7.9,5.1,ky_su,Ha Noi,3,76.0
KH04898,40.0,9.8,5.5,giao_vien,Ha Noi,3,51.0
KH04899,47.0,15.6,7.0,nhan_vien,Ha Noi,4,41.0
KH04900,27.0,21.1,13.2,kinh_doanh,TP HCM,3,71.0
KH04901,38.0,3.4,1.5,sinh_vien,Ha Noi,0,45.0
KH04902,46.0,27.9,14.1,ky_su,Hai Phong,4,42.0
KH04903,42.0,18.4,14.5,giao_vien,Ha Noi,2,84.0
KH04904,37.0,21.9,18.2,ky_su,Can Tho,8,89.0
KH04905,38.0,11.6,8.1,nhan_vien,Da Nang,1,57.0
KH04906,21.0,56.4,19.4,kinh_doanh,TP HCM,8,36.0
KH04907,37.0,24.4,10.9,ky_su,Ha Noi,2,38.0
KH04908,32.0,20.6,4.5,bac_si,Ha Noi,0,18.0
KH04909,48.0,10.7,5.4,giao_vien,TP HCM,2,49.0
KH04910,40.0,45.1,19.5,kinh_doanh,Da Nang,8,50.0
KH04911,39.0,12.3,6.9,nhan_vien,TP HCM,1,57.0
KH04912,35.0,6.3,3.4,sinh_vien,Ha Noi,0,59.0
KH04913,53.0,20.1,12.6,kinh_doanh,TP HCM,1,57.0
KH04914,49.0,18.6,9.4,kinh_doanh,TP HCM,5,46.0
KH04915,22.0,24.1,15.0,kinh_doanh,Hai Phong,6,53.0
KH04916,42.0,19.3,13.5,kinh_doanh,Da Nang,3,60.0
KH04917,37.0,59.8,44.3,kinh_doanh,TP HCM,13,88.0
KH04918,21.0,43.6,28.0,kinh_doanh,TP HCM,2,71.0
KH04919,31.0,6.3,3.5,giao_vien,Ha Noi,0,51.0
KH04920,45.0,18.8,10.4,ky_su,Da Nang,4,60.0
KH04921,41.0,4.7,5.3,nhan_vien,TP HCM,3,100.0
KH04922,52.0,38.8,16.8,ky_su,Hai Phong,0,38.0
KH04923,43.0,30.1,11.9,kinh_doanh,Can Tho,4,36.0
KH04924,38.0,3.5,0.5,sinh_vien,Ha Noi,1,14.0
KH04925,45.0,23.4,8.7,ky_su,Ha Noi,0,39.0
KH04926,43.0,11.0,1.8,bac_si,Ha Noi,1,18.0
KH04927,30.0,18.5,5.9,ky_su,TP HCM,1,29.0
KH04928,26.0,39.8,28.3,kinh_doanh,Ha Noi,7,70.0
KH04929,47.0,16.4,4.7,ky_su,Hai Phong,1,29.0
KH04930,33.0,20.0,13.6,ky_su,Ha Noi,5,65.0
KH04931,49.0,60.8,40.8,kinh_doanh,Can Tho,12,60.0
KH04932,43.0,34.5,26.3,bac_si,Can Tho,9,66.0
KH04933,48.0,17.8,12.1,kinh_doanh,TP HCM,1,78.0
KH04934,34.0,18.9,9.5,kinh_doanh,TP HCM,0,40.0
KH04935,33.0,22.3,17.8,ky_su,Can Tho,6,77.0
KH04936,46.0,16.9,10.8,giao_vien,TP HCM,5,55.0
KH04937,33.0,45.4,25.5,bac_si,Ha Noi,10,51.0
KH04938,21.0,21.4,15.4,ky_su,TP HCM,0,67.0
KH04939,29.0,21.7,17.7,kinh_doanh,TP HCM,8,97.0
KH04940,50.0,3.2,2.3,sinh_vien,Hai Phong,1,66.0
KH04941,31.0,17.4,13.6,nhan_vien,TP HCM,1,85.0
KH04942,29.0,20.9,13.3,nhan_vien,Ha Noi,6,71.0
KH04943,47.0,4.6,4.0,sinh_vien,TP HCM,0,81.0
KH04944,21.0,18.7,15.5,kinh_doanh,Ha Noi,4,93.0
KH04945,18.0,14.7,5.2,nhan_vien,Hai Phong,1,28.0
KH04946,52.0,35.0,21.3,ky_su,Da Nang,8,55.0
KH04947,22.0,10.8,7.3,giao_vien,TP HCM,4,78.0
KH04948,21.0,39.4,20.2,nhan_vien,TP HCM,4,60.0
KH04949,47.0,27.2,16.5,kinh_doanh,Da Nang,3,50.0
KH04950,34.0,55.9,45.8,bac_si,Can Tho,8,67.0
KH04951,35.0,3.7,1.4,sinh_vien,TP HCM,1,30.0
KH04952,45.0,7.1,1.2,nhan_vien,Ha Noi,0,16.0
KH04953,46.0,27.8,23.9,nhan_vien,TP HCM,15,92.0
KH04954,31.0,21.6,14.1,kinh_doanh,Da Nang,3,59.0
KH04955,48.0,12.1,3.3,sinh_vien,Ha Noi,3,33.0
KH04956,64.0,58.8,43.2,ky_su,TP HCM,9,77.0
KH04957,40.0,8.8,3.3,sinh_vien,Ha Noi,1,38.0
KH04958,58.0,19.4,11.9,nhan_vien,TP HCM,1,67.0
KH04959,62.0,30.9,17.0,kinh_doanh,TP HCM,5,56.0
KH04960,41.0,13.4,6.0,nhan_vien,Hai Phong,2,43.0
KH04961,54.0,11.4,6.2,nhan_vien,TP HCM,3,44.0
KH04962,40.0,22.5,15.5,kinh_doanh,Can Tho,3,63.0
KH04963,34.0,2.7,0.5,sinh_vien,Can Tho,0,21.0
KH04964,32.0,4.0,4.2,sinh_vien,TP HCM,0,95.0
KH04965,49.0,10.4,7.6,nhan_vien,TP HCM,0,65.0
KH04966,37.0,38.6,16.3,ky_su,TP HCM,2,43.0
KH04967,57.0,32.4,15.7,bac_si,Ha Noi,1,56.0
KH04968,38.0,34.7,26.2,giao_vien,Hai Phong,6,85.0
KH04969,45.0,23.6,17.7,nhan_vien,TP HCM,8,71.0
KH04970,20.0,19.4,13.4,ky_su,TP HCM,3,68.0
KH04971,50.0,24.5,14.7,giao_vien,Ha Noi,3,64.0
KH04972,29.0,10.3,5.2,kinh_doanh,TP HCM,3,47.0
KH04973,44.0,5.0,1.5,sinh_vien,TP HCM,0,28.0
KH04974,30.0,18.5,10.2,ky_su,TP HCM,2,49.0
KH04975,27.0,3.2,4.6,sinh_vien,Hai Phong,0,100.0
KH04976,41.0,5.6,2.8,sinh_vien,Ha Noi,1,56.0
KH04977,38.0,21.0,12.2,ky_su,Da Nang,3,65.0
KH04978,40.0,13.4,11.9,kinh_doanh,Can Tho,3,93.0
KH04979,52.0,6.7,6.9,giao_vien,Can Tho,2,100.0
KH04980,18.0,13.9,10.3,ky_su,Da Nang,1,87.0
KH04981,42.0,38.8,13.7,ky_su,Ha Noi,4,33.0
KH04982,18.0,34.2,23.2,ky_su,Da Nang,7,61.0
KH04983,37.0,15.0,8.4,nhan_vien,Ha Noi,1,55.0
KH04984,47.0,23.7,9.8,ky_su,Da Nang,2,40.0
KH04985,34.0,15.6,9.4,giao_vien,Da Nang,2,59.0
KH04986,52.0,13.9,4.5,ky_su,Ha Noi,2,27.0
KH04987,25.0,58.1,43.5,bac_si,Ha Noi,14,66.0
KH04988,32.0,39.5,26.2,ky_su,Da Nang,12,71.0
KH04989,36.0,2.7,0.5,sinh_vien,Can Tho,1,19.0
KH04990,36.0,24.1,20.4,ky_su,Da Nang,8,84.0
KH04991,46.0,24.0,10.6,kinh_doanh,Can Tho,3,37.0
KH04992,23.0,31.2,11.5,bac_si,Hai Phong,4,38.0
KH04993,26.0,10.7,6.9,giao_vien,Can Tho,2,70.0
KH04994,40.0,18.7,16.4,ky_su,Can Tho,3,87.0
KH04995,36.0,16.8,6.0,ky_su,TP HCM,1,30.0
KH04996,39.0,9.2,6.3,giao_vien,Hai Phong,0,59.0
KH04997,23.0,11.4,7.7,giao_vien,TP HCM,2,81.0
KH04998,49.0,12.4,9.5,nhan_vien,Ha Noi,1,81.0
KH04999,26.0,30.4,20.2,nhan_vien,TP HCM,4,57.0
KH05000,18.0,16.7,13.1,giao_vien,Can Tho,2,80.0
KH05001,35.0,17.1,8.4,ky_su,TP HCM,0,43.0
KH05002,45.0,17.8,15.1,nhan_vien,TP HCM,4,76.0
KH05003,28.0,14.9,10.5,kinh_doanh,TP HCM,5,68.0
KH05004,37.0,24.0,10.3,nhan_vien,Da Nang,1,51.0
KH05005,18.0,57.3,35.9,ky_su,TP HCM,6,60.0
KH05006,32.0,9.8,5.8,nhan_vien,TP HCM,1,55.0
KH05007,23.0,9.3,1.8,sinh_vien,TP HCM,0,22.0
KH05008,41.0,32.6,16.4,nhan_vien,Hai Phong,6,52.0
KH05009,32.0,11.3,7.8,sinh_vien,TP HCM,0,58.0
KH05010,32.0,17.5,13.3,ky_su,TP HCM,2,91.0
KH05011,43.0,9.6,3.1,nhan_vien,Ha Noi,0,27.0
KH05012,29.0,18.1,15.3,giao_vien,Can Tho,4,92.0
KH05013,39.0,25.5,19.2,kinh_doanh,Ha Noi,4,73.0
KH05014,29.0,15.7,11.3,giao_vien,Da Nang,5,70.0
KH05015,44.0,6.8,6.5,kinh_doanh,Ha Noi,2,87.0
KH05016,18.0,8.4,5.1,sinh_vien,Ha Noi,2,64.0
KH05017,21.0,44.1,34.2,kinh_doanh,Ha Noi,12,88.0
KH05018,32.0,8.5,4.7,nhan_vien,TP HCM,0,51.0
KH05019,30.0,16.4,15.5,ky_su,Ha Noi,3,83.0
KH05020,43.0,25.3,12.3,ky_su,Ha Noi,6,41.0
KH05021,36.0,7.1,6.6,sinh_vien,TP HCM,3,91.0
KH05022,43.0,21.0,15.9,ky_su,Ha Noi,3,86.0
KH05023,23.0,4.3,3.5,sinh_vien,Hai Phong,1,73.0
KH05024,60.0,50.3,36.9,kinh_doanh,Da Nang,8,81.0
KH05025,49.0,6.0,3.0,giao_vien,Ha Noi,0,51.0
KH05026,38.0,17.2,10.5,nhan_vien,TP HCM,3,59.0
KH05027,43.0,7.2,7.4,kinh_doanh,Ha Noi,4,100.0
KH05028,24.0,9.6,8.4,nhan_vien,TP HCM,3,72.0
KH05029,37.0,14.7,5.2,ky_su,Ha Noi,2,35.0
KH05030,47.0,14.2,11.7,nhan_vien,Hai Phong,4,90.0
KH05031,18.0,19.4,8.6,nhan_vien,TP HCM,2,36.0
KH05032,30.0,23.0,17.8,kinh_doanh,Da Nang,4,76.0
KH05033,59.0,41.7,23.1,ky_su,Ha Noi,5,49.0
KH05034,44.0,23.9,13.4,giao_vien,Da Nang,2,62.0
KH05035,18.0,27.3,19.9,kinh_doanh,Ha Noi,10,61.0
KH05036,18.0,22.4,13.7,nhan_vien,Can Tho,4,72.0
KH05037,32.0,22.1,11.0,bac_si,Ha Noi,4,43.0
KH05038,30.0,27.0,20.1,nhan_vien,TP HCM,8,68.0
KH05039,32.0,28.6,22.0,nhan_vien,Hai Phong,7,84.0
KH05040,18.0,8.3,4.1,nhan_vien,TP HCM,1,51.0
KH05041,48.0,13.6,10.3,nhan_vien,TP HCM,2,66.0
KH05042,28.0,6.8,2.7,nhan_vien,TP HCM,0,41.0
KH05043,46.0,14.7,10.3,nhan_vien,Hai Phong,1,70.0
KH05044,35.0,31.2,14.3,ky_su,Ha Noi,3,50.0
KH05045,35.0,11.8,6.0,nhan_vien,TP HCM,0,59.0
KH05046,29.0,3.0,3.4,sinh_vien,Hai Phong,2,100.0
KH05047,51.0,13.9,11.7,nhan_vien,Hai Phong,3,89.0
KH05048,30.0,9.4,3.5,nhan_vien,TP HCM,1,42.0
KH05049,22.0,24.1,10.3,kinh_doanh,Da Nang,3,43.0
KH05050,35.0,25.3,14.4,kinh_doanh,Ha Noi,5,67.0
KH05051,43.0,10.3,7.6,giao_vien,Ha Noi,1,79.0
KH05052,47.0,35.7,17.9,ky_su,Can Tho,7,51.0
KH05053,49.0,23.7,12.8,kinh_doanh,Ha Noi,3,52.0
KH05054,32.0,24.7,19.0,ky_su,Can Tho,4,72.0
KH05055,37.0,31.0,10.9,bac_si,Ha Noi,1,33.0
KH05056,23.0,18.4,11.8,kinh_doanh,TP HCM,0,66.0
KH05057,36.0,10.9,7.0,giao_vien,Can Tho,1,58.0
KH05058,47.0,13.8,9.1,kinh_doanh,TP HCM,4,75.0
KH05059,26.0,15.3,9.8,giao_vien,TP HCM,4,72.0
KH05060,31.0,19.2,11.2,kinh_doanh,Ha Noi,1,70.0
KH05061,31.0,16.6,12.7,nhan_vien,Da Nang,2,62.0
KH05062,27.0,9.9,3.6,nhan_vien,Ha Noi,0,31.0
KH05063,41.0,30.9,24.2,kinh_doanh,Hai Phong,8,87.0
KH05064,53.0,14.9,4.8,nhan_vien,TP HCM,1,31.0
KH05065,34.0,9.6,3.9,giao_vien,Ha Noi,1,38.0
KH05066,40.0,3.0,2.3,sinh_vien,Ha Noi,1,65.0
KH05067,42.0,16.6,11.2,giao_vien,TP HCM,3,56.0
KH05068,30.0,4.4,1.6,sinh_vien,Ha Noi,2,40.0
KH05069,43.0,16.0,10.9,ky_su,Can Tho,3,71.0
KH05070,44.0,18.3,10.9,ky_su,Ha Noi,3,53.0
KH05071,28.0,15.7,14.7,kinh_doanh,TP HCM,3,98.0
KH05072,34.0,15.4,12.5,nhan_vien,Da Nang,3,81.0
KH05073,50.0,8.7,3.4,ky_su,TP HCM,1,38.0
KH05074,34.0,33.4,29.4,bac_si,Can Tho,8,92.0
KH05075,46.0,25.5,16.9,ky_su,TP HCM,5,58.0
KH05076,40.0,13.4,10.4,nhan_vien,TP HCM,2,90.0
KH05077,39.0,13.0,9.0,ky_su,Ha Noi,1,55.0
KH05078,30.0,14.1,11.7,ky_su,Da Nang,4,83.0
KH05079,23.0,13.6,8.6,ky_su,Can Tho,0,65.0
KH05080,47.0,51.5,33.3,kinh_doanh,TP HCM,10,53.0
KH05081,43.0,19.9,13.1,giao_vien,Ha Noi,5,71.0
KH05082,22.0,26.3,20.1,ky_su,Can Tho,8,72.0
KH05083,28.0,24.4,18.3,nhan_vien,TP HCM,4,85.0
KH05084,25.0,22.9,10.7,ky_su,Ha Noi,1,40.0
KH05085,43.0,33.7,15.4,kinh_doanh,Hai Phong,4,47.0
KH05086,38.0,8.4,4.2,nhan_vien,Ha Noi,1,57.0
KH05087,42.0,18.9,7.8,ky_su,TP HCM,1,36.0
KH05088,28.0,35.3,24.5,bac_si,Ha Noi,8,79.0
KH05089,18.0,9.8,7.9,kinh_doanh,Ha Noi,3,87.0
KH05090,44.0,26.4,11.8,kinh_doanh,TP HCM,4,45.0
KH05091,22.0,8.3,6.8,sinh_vien,Ha Noi,3,76.0
KH05092,29.0,7.4,5.6,nhan_vien,TP HCM,0,67.0
KH05093,49.0,9.4,6.4,giao_vien,Da Nang,2,65.0
KH05094,35.0,16.4,11.5,nhan_vien,Hai Phong,1,67.0
KH05095,40.0,37.8,15.6,ky_su,Da Nang,2,40.0
KH05096,41.0,27.2,17.0,kinh_doanh,Ha Noi,2,61.0
KH05097,29.0,15.6,8.9,ky_su,Da Nang,3,48.0
KH05098,37.0,8.6,6.5,giao_vien,Ha Noi,2,75.0
KH05099,44.0,23.2,10.5,nhan_vien,TP HCM,2,42.0
KH05100,36.0,14.9,8.3,giao_vien,TP HCM,3,49.0
KH05101,22.0,5.8,6.0,sinh_vien,TP HCM,1,100.0
KH05102,37.0,10.1,6.0,nhan_vien,TP HCM,0,66.0
KH05103,35.0,33.9,17.8,ky_su,Can Tho,6,42.0
KH05104,36.0,16.1,9.6,kinh_doanh,Can Tho,4,62.0
KH05105,59.0,14.3,6.7,giao_vien,Hai Phong,0,43.0
KH05106,46.0,29.7,27.1,ky_su,Can Tho,5,92.0
KH05107,18.0,18.6,12.6,giao_vien,TP HCM,4,59.0
KH05108,58.0,7.1,7.0,nhan_vien,Ha Noi,2,85.0
KH05109,38.0,54.9,33.8,ky_su,TP HCM,5,52.0
KH05110,18.0,12.7,7.2,kinh_doanh,Da Nang,3,62.0
KH05111,51.0,11.6,7.6,nhan_vien,Can Tho,2,64.0
KH05112,22.0,32.0,28.2,ky_su,TP HCM,7,100.0
KH05113,23.0,22.7,11.5,bac_si,TP HCM,1,54.0
KH05114,52.0,15.3,9.1,nhan_vien,TP HCM,4,70.0
KH05115,26.0,3.8,1.4,sinh_vien,Da Nang,0,32.0
KH05116,41.0,7.0,1.5,giao_vien,TP HCM,0,17.0
KH05117,50.0,10.9,2.9,nhan_vien,Da Nang,0,22.0
KH05118,18.0,32.5,21.0,nhan_vien,Ha Noi,2,63.0
KH05119,45.0,4.1,0.8,sinh_vien,TP HCM,0,22.0
KH05120,47.0,21.3,12.6,giao_vien,Can Tho,4,67.0
KH05121,34.0,11.2,8.4,giao_vien,Ha Noi,0,84.0
KH05122,22.0,9.9,10.2,nhan_vien,TP HCM,2,100.0
KH05123,23.0,5.8,4.3,sinh_vien,Ha Noi,1,85.0
KH05124,43.0,10.1,2.2,nhan_vien,TP HCM,0,26.0
KH05125,44.0,17.9,11.5,ky_su,TP HCM,3,67.0
KH05126,39.0,28.2,17.0,kinh_doanh,Ha Noi,5,63.0
KH05127,38.0,13.4,7.2,nhan_vien,TP HCM,1,49.0
KH05128,51.0,3.4,0.5,sinh_vien,Ha Noi,0,16.0
KH05129,47.0,11.2,5.6,nhan_vien,Ha Noi,3,41.0
KH05130,29.0,12.0,2.3,sinh_vien,TP HCM,0,16.0
KH05131,20.0,8.2,6.3,kinh_doanh,Ha Noi,3,66.0
KH05132,39.0,11.7,3.4,nhan_vien,Hai Phong,0,32.0
KH05133,44.0,48.9,39.9,kinh_doanh,TP HCM,15,97.0
KH05134,42.0,45.7,21.1,ky_su,TP HCM,5,43.0
KH05135,27.0,18.7,17.1,nhan_vien,Hai Phong,6,97.0
KH05136,34.0,17.9,10.4,ky_su,Ha Noi,1,69.0
KH05137,43.0,37.5,25.5,ky_su,TP HCM,10,61.0
KH05138,33.0,20.8,9.9,nhan_vien,TP HCM,5,40.0
KH05139,37.0,55.7,32.7,ky_su,TP HCM,11,61.0
KH05140,41.0,14.8,11.7,kinh_doanh,Hai Phong,2,95.0
KH05141,36.0,7.8,5.1,giao_vien,Ha Noi,2,75.0
KH05142,40.0,13.0,5.5,bac_si,Da Nang,0,36.0
KH05143,39.0,8.0,5.7,giao_vien,Hai Phong,2,76.0
KH05144,47.0,30.5,10.3,bac_si,Ha Noi,3,27.0
KH05145,44.0,11.4,5.7,nhan_vien,TP HCM,2,58.0
KH05146,27.0,16.1,6.5,nhan_vien,TP HCM,3,43.0
KH05147,18.0,14.4,10.7,giao_vien,Da Nang,3,72.0
KH05148,23.0,19.7,18.9,nhan_vien,Ha Noi,3,100.0
KH05149,36.0,19.7,12.7,giao_vien,Ha Noi,3,66.0
KH05150,26.0,24.6,8.6,kinh_doanh,TP HCM,4,35.0
KH05151,40.0,11.3,4.4,kinh_doanh,Can Tho,2,40.0
KH05152,39.0,9.7,8.5,giao_vien,Da Nang,3,76.0
KH05153,33.0,12.4,8.2,nhan_vien,TP HCM,2,68.0
KH05154,57.0,13.1,9.3,nhan_vien,Ha Noi,1,60.0
KH05155,34.0,17.8,5.3,nhan_vien,Hai Phong,1,35.0
KH05156,26.0,5.4,3.0,giao_vien,Ha Noi,1,65.0
KH05157,29.0,13.3,6.1,ky_su,Ha Noi,2,52.0
KH05158,35.0,38.0,17.0,bac_si,Ha Noi,4,38.0
KH05159,33.0,13.6,6.8,ky_su,Hai Phong,2,52.0
KH05160,33.0,9.5,6.5,giao_vien,Hai Phong,0,81.0
KH05161,47.0,32.4,16.0,ky_su,Ha Noi,5,53.0
KH05162,67.0,35.4,20.6,nhan_vien,TP HCM,7,64.0
KH05163,27.0,11.4,4.8,giao_vien,Da Nang,2,48.0
KH05164,38.0,52.7,38.8,bac_si,Can Tho,9,67.0
KH05165,37.0,35.3,15.0,bac_si,Ha Noi,2,37.0
KH05166,34.0,15.8,8.2,giao_vien,TP HCM,3,54.0
KH05167,23.0,12.8,5.6,nhan_vien,Ha Noi,1,47.0
KH05168,34.0,11.7,6.1,nhan_vien,TP HCM,3,46.0
KH05169,35.0,28.1,17.1,bac_si,TP HCM,4,61.0
KH05170,60.0,18.1,14.5,nhan_vien,TP HCM,6,77.0
KH05171,41.0,3.2,2.5,sinh_vien,Da Nang,0,76.0
KH05172,35.0,9.4,2.7,giao_vien,Hai Phong,1,24.0
KH05173,36.0,23.0,5.7,ky_su,Ha Noi,2,21.0
KH05174,33.0,15.5,8.5,nhan_vien,Can Tho,2,50.0
KH05175,44.0,21.1,14.7,kinh_doanh,Ha Noi,1,72.0
KH05176,42.0,10.3,4.1,nhan_vien,TP HCM,2,44.0
KH05177,25.0,3.1,4.5,sinh_vien,TP HCM,4,100.0
KH05178,36.0,7.6,3.3,sinh_vien,Hai Phong,2,35.0
KH05179,32.0,22.3,18.9,kinh_doanh,TP HCM,3,72.0
KH05180,43.0,24.0,19.2,kinh_doanh,Ha Noi,4,75.0
KH05181,29.0,38.5,14.0,ky_su,TP HCM,3,30.0
KH05182,36.0,12.0,5.9,giao_vien,TP HCM,3,46.0
KH05183,46.0,29.1,15.3,kinh_doanh,Hai Phong,7,62.0
KH05184,45.0,12.1,8.4,ky_su,Da Nang,1,56.0
KH05185,18.0,34.4,18.1,ky_su,Ha Noi,6,45.0
KH05186,32.0,21.1,12.9,bac_si,Ha Noi,0,63.0
KH05187,59.0,57.5,23.7,bac_si,TP HCM,8,46.0
KH05188,32.0,9.5,3.8,kinh_doanh,Ha Noi,0,35.0
KH05189,37.0,32.7,22.4,ky_su,TP HCM,6,58.0
KH05190,34.0,9.2,4.8,nhan_vien,Hai Phong,4,51.0
KH05191,35.0,17.0,12.4,bac_si,TP HCM,4,67.0
KH05192,20.0,25.2,14.2,ky_su,Ha Noi,1,61.0
KH05193,41.0,23.0,11.3,ky_su,Ha Noi,3,48.0
KH05194,18.0,7.4,3.5,giao_vien,TP HCM,0,38.0
KH05195,33.0,8.8,2.4,kinh_doanh,Hai Phong,1,25.0
KH05196,49.0,8.1,1.0,nhan_vien,TP HCM,0,11.0
KH05197,28.0,15.7,7.7,bac_si,TP HCM,3,58.0
KH05198,45.0,20.1,15.8,kinh_doanh,TP HCM,1,90.0
KH05199,23.0,34.1,21.3,kinh_doanh,Ha Noi,6,60.0
KH05200,24.0,17.2,8.2,nhan_vien,TP HCM,3,44.0
KH05201,36.0,13.3,5.9,ky_su,TP HCM,1,43.0
KH05202,18.0,19.3,16.5,nhan_vien,Ha Noi,4,100.0
KH05203,34.0,10.3,7.7,giao_vien,TP HCM,2,77.0
KH05204,37.0,5.5,4.5,giao_vien,Ha Noi,0,83.0
KH05205,28.0,34.0,25.0,ky_su,Can Tho,10,88.0
KH05206,43.0,19.8,18.5,kinh_doanh,TP HCM,9,100.0
KH05207,43.0,16.0,9.4,giao_vien,Can Tho,3,61.0
KH05208,27.0,13.1,7.5,nhan_vien,TP HCM,1,63.0
KH05209,35.0,11.5,6.5,nhan_vien,Ha Noi,0,56.0
KH05210,30.0,13.2,8.5,nhan_vien,TP HCM,5,69.0
KH05211,43.0,7.7,5.4,nhan_vien,Da Nang,1,83.0
KH05212,56.0,9.0,5.4,sinh_vien,TP HCM,1,70.0
KH05213,28.0,17.7,9.3,kinh_doanh,Hai Phong,5,50.0
KH05214,22.0,17.2,7.3,giao_vien,TP HCM,5,38.0
KH05215,49.0,30.0,15.0,ky_su,Ha Noi,1,59.0
KH05216,19.0,5.9,6.1,sinh_vien,Da Nang,0,92.0
KH05217,23.0,36.2,25.9,nhan_vien,Can Tho,2,82.0
KH05218,52.0,26.5,7.1,kinh_doanh,TP HCM,3,25.0
KH05219,38.0,31.6,19.3,bac_si,TP HCM,6,53.0
KH05220,32.0,32.8,17.9,ky_su,TP HCM,5,44.0
KH05221,61.0,20.4,15.7,ky_su,Ha Noi,9,71.0
KH05222,34.0,12.1,8.3,giao_vien,Ha Noi,4,66.0
KH05223,31.0,18.4,11.0,giao_vien,TP HCM,2,61.0
KH05224,39.0,31.4,15.0,ky_su,Ha Noi,5,40.0
KH05225,30.0,26.9,23.2,nhan_vien,TP HCM,10,98.0
KH05226,47.0,18.7,8.9,ky_su,TP HCM,4,51.0
KH05227,31.0,19.6,9.7,nhan_vien,Ha Noi,1,48.0
KH05228,22.0,25.8,9.9,nhan_vien,Hai Phong,3,34.0
KH05229,37.0,23.9,13.2,kinh_doanh,Ha Noi,2,44.0
KH05230,26.0,2.6,0.5,sinh_vien,TP HCM,0,17.0
KH05231,35.0,43.7,23.0,ky_su,TP HCM,5,61.0
KH05232,30.0,5.1,4.7,giao_vien,TP HCM,1,88.0
KH05233,39.0,52.2,38.7,kinh_doanh,Da Nang,12,79.0
KH05234,33.0,10.2,4.8,sinh_vien,Ha Noi,0,54.0
KH05235,41.0,9.7,6.2,ky_su,TP HCM,2,57.0
KH05236,22.0,4.1,7.4,sinh_vien,Can Tho,2,100.0
KH05237,42.0,9.6,6.2,nhan_vien,Hai Phong,2,56.0
KH05238,42.0,28.7,15.2,bac_si,Ha Noi,6,55.0
KH05239,50.0,9.9,8.6,giao_vien,TP HCM,3,73.0
KH05240,41.0,15.8,12.8,giao_vien,TP HCM,4,96.0
KH05241,42.0,29.2,16.1,bac_si,Da Nang,3,59.0
KH05242,44.0,24.8,22.8,ky_su,TP HCM,4,83.0
KH05243,18.0,32.2,12.1,giao_vien,Hai Phong,1,30.0
KH05244,33.0,20.0,11.6,kinh_doanh,Da Nang,6,57.0
KH05245,18.0,7.2,5.2,sinh_vien,TP HCM,0,66.0
KH05246,32.0,34.9,24.8,bac_si,TP HCM,6,81.0
KH05247,35.0,10.3,4.1,sinh_vien,TP HCM,0,40.0
KH05248,31.0,58.3,21.4,ky_su,Da Nang,1,42.0
KH05249,25.0,13.0,8.4,nhan_vien,Hai Phong,4,76.0
KH05250,32.0,10.1,7.5,giao_vien,TP HCM,2,80.0
KH05251,37.0,50.2,27.0,ky_su,TP HCM,6,54.0
KH05252,21.0,12.9,9.1,ky_su,TP HCM,1,66.0
KH05253,46.0,7.9,3.1,sinh_vien,TP HCM,0,36.0
KH05254,44.0,17.7,8.8,bac_si,Hai Phong,1,54.0
KH05255,35.0,22.1,9.1,kinh_doanh,TP HCM,2,47.0
KH05256,43.0,38.1,21.7,kinh_doanh,Can Tho,5,66.0
KH05257,35.0,27.6,15.7,bac_si,Ha Noi,1,63.0
KH05258,32.0,17.9,9.4,ky_su,Da Nang,0,54.0
KH05259,36.0,12.7,7.3,bac_si,TP HCM,3,49.0
KH05260,46.0,40.1,26.6,kinh_doanh,Can Tho,4,77.0
KH05261,33.0,13.8,6.3,nhan_vien,Ha Noi,3,43.0
KH05262,36.0,18.5,10.2,nhan_vien,TP HCM,2,56.0
KH05263,40.0,19.9,14.2,giao_vien,Ha Noi,2,83.0
KH05264,49.0,8.9,7.1,nhan_vien,Ha Noi,2,75.0
KH05265,31.0,22.0,16.8,giao_vien,TP HCM,4,82.0
KH05266,26.0,10.0,4.6,nhan_vien,Hai Phong,1,44.0
KH05267,18.0,14.2,7.1,giao_vien,Ha Noi,4,55.0
KH05268,30.0,32.9,24.7,bac_si,Can Tho,10,86.0
KH05269,48.0,13.3,5.4,nhan_vien,Ha Noi,1,34.0
KH05270,48.0,23.4,18.9,ky_su,Da Nang,2,74.0
KH05271,21.0,21.3,11.3,ky_su,Ha Noi,3,61.0
KH05272,52.0,19.6,12.0,nhan_vien,Can Tho,3,54.0
KH05273,33.0,4.2,0.5,sinh_vien,Can Tho,0,12.0
KH05274,39.0,21.1,9.7,nhan_vien,Can Tho,1,45.0
KH05275,34.0,6.7,6.0,nhan_vien,Da Nang,1,92.0
KH05276,46.0,26.7,19.6,nhan_vien,Da Nang,5,60.0
KH05277,18.0,10.0,4.4,nhan_vien,Ha Noi,0,45.0
KH05278,37.0,48.3,24.8,nhan_vien,TP HCM,2,53.0
KH05279,49.0,29.7,14.4,kinh_doanh,Ha Noi,5,41.0
KH05280,48.0,13.5,11.4,nhan_vien,Can Tho,2,84.0
KH05281,36.0,22.7,6.9,nhan_vien,Ha Noi,3,27.0
KH05282,24.0,32.7,22.8,bac_si,Can Tho,6,69.0
KH05283,37.0,33.8,23.1,nhan_vien,Ha Noi,4,77.0
KH05284,35.0,5.9,4.7,giao_vien,Da Nang,2,89.0
KH05285,45.0,31.4,14.0,nhan_vien,Hai Phong,0,52.0
KH05286,32.0,21.0,14.9,nhan_vien,Da Nang,5,71.0
KH05287,19.0,48.4,20.9,bac_si,Hai Phong,10,41.0
KH05288,51.0,21.5,9.8,nhan_vien,Ha Noi,1,39.0
KH05289,48.0,22.9,14.5,nhan_vien,Ha Noi,1,62.0
KH05290,28.0,29.5,24.1,bac_si,TP HCM,6,77.0
KH05291,38.0,25.1,16.3,bac_si,TP HCM,3,65.0
KH05292,34.0,13.8,14.2,ky_su,Ha Noi,3,100.0
KH05293,46.0,9.2,5.6,giao_vien,TP HCM,2,58.0
KH05294,47.0,11.1,8.2,ky_su,Ha Noi,4,65.0
KH05295,48.0,29.6,19.3,nhan_vien,Ha Noi,5,60.0
KH05296,39.0,11.2,4.3,giao_vien,TP HCM,2,42.0
KH05297,22.0,29.1,14.3,nhan_vien,TP HCM,4,43.0
KH05298,42.0,39.6,21.6,kinh_doanh,Hai Phong,5,48.0
KH05299,38.0,25.0,10.1,giao_vien,Ha Noi,2,41.0
KH05300,34.0,22.6,14.1,nhan_vien,TP HCM,2,69.0
KH05301,37.0,11.9,6.9,nhan_vien,Ha Noi,4,56.0
KH05302,26.0,8.1,4.5,nhan_vien,Ha Noi,2,66.0
KH05303,22.0,30.4,25.9,kinh_doanh,TP HCM,4,78.0
KH05304,45.0,12.4,7.9,giao_vien,Ha Noi,2,60.0
KH05305,52.0,28.9,21.3,ky_su,TP HCM,6,65.0
KH05306,35.0,23.4,11.3,ky_su,Ha Noi,3,41.0
KH05307,55.0,34.4,28.1,bac_si,TP HCM,10,84.0
KH05308,34.0,21.6,19.1,ky_su,Ha Noi,3,78.0
KH05309,40.0,4.2,0.7,sinh_vien,Ha Noi,0,14.0
KH05310,39.0,27.8,15.3,ky_su,Hai Phong,5,59.0
KH05311,33.0,46.3,35.5,nhan_vien,Da Nang,11,88.0
KH05312,25.0,30.8,28.4,kinh_doanh,Ha Noi,7,85.0
KH05313,34.0,5.2,1.4,sinh_vien,Ha Noi,1,23.0
KH05314,18.0,14.8,10.2,kinh_doanh,TP HCM,2,72.0
KH05315,31.0,57.1,33.0,ky_su,Ha Noi,6,65.0
KH05316,31.0,12.2,9.0,nhan_vien,Can Tho,4,77.0
KH05317,42.0,44.3,29.7,bac_si,Da Nang,7,70.0
KH05318,35.0,16.4,11.4,nhan_vien,TP HCM,3,69.0
KH05319,22.0,4.3,2.9,giao_vien,Ha Noi,1,75.0
KH05320,36.0,27.5,19.6,nhan_vien,TP HCM,6,58.0
KH05321,39.0,3.1,2.2,sinh_vien,TP HCM,0,70.0
KH05322,55.0,55.5,34.4,ky_su,Da Nang,12,72.0
KH05323,34.0,12.1,8.0,nhan_vien,TP HCM,1,65.0
KH05324,24.0,12.4,9.4,nhan_vien,TP HCM,3,71.0
KH05325,18.0,11.5,6.2,giao_vien,Ha Noi,3,50.0
KH05326,34.0,14.9,13.5,bac_si,Can Tho,4,76.0
KH05327,40.0,10.7,5.3,bac_si,Hai Phong,3,50.0
KH05328,40.0,35.4,20.4,ky_su,TP HCM,2,65.0
KH05329,35.0,6.3,3.5,giao_vien,Ha Noi,2,46.0
KH05330,56.0,2.8,3.7,sinh_vien,Ha Noi,1,100.0
KH05331,47.0,12.3,7.1,nhan_vien,TP HCM,3,64.0
KH05332,23.0,21.3,8.6,ky_su,Can Tho,4,47.0
KH05333,33.0,22.4,14.2,ky_su,Ha Noi,1,73.0
KH05334,19.0,13.1,7.4,nhan_vien,TP HCM,1,55.0
KH05335,61.0,24.6,13.7,nhan_vien,Da Nang,5,57.0
KH05336,34.0,13.7,4.1,nhan_vien,Ha Noi,0,36.0
KH05337,44.0,34.2,17.5,nhan_vien,TP HCM,1,57.0
KH05338,35.0,25.1,19.0,ky_su,Ha Noi,5,89.0
KH05339,52.0,40.7,26.4,nhan_vien,Ha Noi,5,55.0
KH05340,30.0,9.0,6.6,giao_vien,Ha Noi,0,81.0
KH05341,22.0,18.3,7.3,giao_vien,Ha Noi,2,41.0
KH05342,18.0,14.6,5.9,kinh_doanh,Ha Noi,1,40.0
KH05343,35.0,29.8,19.9,kinh_doanh,TP HCM,2,58.0
KH05344,30.0,44.5,21.5,kinh_doanh,TP HCM,7,48.0
KH05345,40.0,8.9,3.7,kinh_doanh,Ha Noi,0,36.0
KH05346,33.0,21.4,14.9,nhan_vien,Ha Noi,4,72.0
KH05347,27.0,25.1,12.3,nhan_vien,Ha Noi,1,48.0
KH05348,45.0,13.2,4.7,nhan_vien,Can Tho,1,40.0
KH05349,37.0,20.3,17.3,ky_su,TP HCM,7,87.0
KH05350,54.0,16.3,11.9,nhan_vien,Ha Noi,4,87.0
KH05351,30.0,5.3,2.8,sinh_vien,TP HCM,1,51.0
KH05352,26.0,16.4,10.5,bac_si,Da Nang,2,63.0
KH05353,40.0,7.8,4.2,sinh_vien,Da Nang,0,53.0
KH05354,32.0,22.6,11.6,nhan_vien,TP HCM,2,61.0
KH05355,42.0,33.9,16.6,nhan_vien,TP HCM,8,52.0
KH05356,50.0,51.1,18.1,kinh_doanh,Ha Noi,5,37.0
KH05357,18.0,38.5,18.7,ky_su,TP HCM,7,57.0
KH05358,41.0,39.5,18.1,kinh_doanh,Can Tho,3,42.0
KH05359,32.0,15.2,9.7,nhan_vien,Can Tho,3,60.0
KH05360,53.0,10.0,8.7,nhan_vien,TP HCM,2,96.0
KH05361,25.0,31.2,14.7,kinh_doanh,Ha Noi,3,49.0
KH05362,45.0,6.9,2.5,sinh_vien,TP HCM,1,30.0
KH05363,40.0,10.9,7.4,kinh_doanh,Can Tho,2,80.0
KH05364,28.0,20.2,16.1,ky_su,Da Nang,3,66.0
KH05365,47.0,12.2,9.4,giao_vien,Ha Noi,1,80.0
KH05366,57.0,25.1,21.3,kinh_doanh,Can Tho,5,74.0
KH05367,30.0,19.5,9.3,ky_su,Ha Noi,2,43.0
KH05368,39.0,5.0,2.5,sinh_vien,TP HCM,1,57.0
KH05369,38.0,14.7,4.2,ky_su,Da Nang,0,27.0
KH05370,38.0,6.0,6.4,sinh_vien,TP HCM,1,100.0
KH05371,45.0,20.0,16.1,giao_vien,Da Nang,4,66.0
KH05372,34.0,39.7,14.5,ky_su,Can Tho,3,41.0
KH05373,21.0,15.2,8.5,kinh_doanh,Ha Noi,0,63.0
KH05374,45.0,12.8,3.4,kinh_doanh,Ha Noi,0,29.0
KH05375,33.0,5.4,5.4,sinh_vien,Can Tho,3,100.0
KH05376,44.0,16.2,10.9,nhan_vien,Ha Noi,3,64.0
KH05377,39.0,5.1,0.5,giao_vien,TP HCM,0,9.0
KH05378,53.0,13.4,9.8,bac_si,Ha Noi,0,81.0
KH05379,34.0,18.0,13.2,bac_si,Can Tho,6,66.0
KH05380,45.0,22.0,17.9,ky_su,Ha Noi,6,75.0
KH05381,52.0,17.0,12.0,nhan_vien,Ha Noi,1,70.0
KH05382,22.0,7.2,4.9,sinh_vien,Ha Noi,1,78.0
KH05383,22.0,10.5,4.6,nhan_vien,TP HCM,1,49.0
KH05384,38.0,24.5,9.2,ky_su,TP HCM,4,35.0
KH05385,43.0,19.0,9.0,nhan_vien,Can Tho,2,41.0
KH05386,42.0,11.1,8.4,giao_vien,Ha Noi,5,86.0
KH05387,25.0,7.8,8.0,nhan_vien,TP HCM,1,89.0
KH05388,59.0,13.4,5.6,giao_vien,TP HCM,0,39.0
KH05389,31.0,17.3,7.2,kinh_doanh,Da Nang,1,42.0
KH05390,27.0,13.3,5.6,nhan_vien,Da Nang,0,44.0
KH05391,63.0,10.6,9.9,giao_vien,Ha Noi,1,87.0
KH05392,45.0,23.0,9.6,ky_su,TP HCM,3,48.0
KH05393,19.0,30.4,25.1,kinh_doanh,Ha Noi,7,99.0
KH05394,20.0,68.6,53.0,ky_su,Hai Phong,10,72.0
KH05395,19.0,20.7,14.7,giao_vien,TP HCM,1,78.0
KH05396,31.0,62.6,34.1,kinh_doanh,Ha Noi,10,46.0
KH05397,29.0,15.8,11.6,kinh_doanh,Da Nang,1,85.0
KH05398,37.0,9.4,8.9,sinh_vien,Hai Phong,0,100.0
KH05399,18.0,37.6,30.8,nhan_vien,TP HCM,9,76.0
KH05400,19.0,10.4,5.8,ky_su,Ha Noi,0,59.0
KH05401,33.0,22.4,8.5,bac_si,Ha Noi,2,39.0
KH05402,39.0,9.6,4.0,nhan_vien,TP HCM,1,43.0
KH05403,33.0,3.8,1.0,giao_vien,Hai Phong,1,23.0
KH05404,32.0,32.6,20.8,kinh_doanh,TP HCM,4,69.0
KH05405,18.0,27.1,19.7,ky_su,Ha Noi,2,83.0
KH05406,29.0,47.6,27.2,kinh_doanh,Ha Noi,4,65.0
KH05407,34.0,40.6,26.7,ky_su,Ha Noi,7,63.0
KH05408,34.0,21.9,8.5,nhan_vien,Da Nang,3,39.0
KH05409,18.0,30.9,15.6,bac_si,TP HCM,2,59.0
KH05410,18.0,9.0,6.2,ky_su,Can Tho,1,69.0
KH05411,28.0,17.3,13.6,giao_vien,Da Nang,2,78.0
KH05412,49.0,18.7,13.8,nhan_vien,Ha Noi,3,86.0
KH05413,18.0,16.1,10.4,nhan_vien,Da Nang,2,66.0
KH05414,43.0,15.8,15.4,nhan_vien,Ha Noi,3,100.0
KH05415,31.0,30.7,21.4,bac_si,TP HCM,11,71.0
KH05416,31.0,28.5,15.6,ky_su,Can Tho,7,55.0
KH05417,40.0,19.4,10.8,bac_si,Ha Noi,4,52.0
KH05418,18.0,28.8,12.0,kinh_doanh,Ha Noi,4,48.0
KH05419,48.0,9.2,5.2,giao_vien,Hai Phong,2,57.0
KH05420,18.0,30.0,9.5,kinh_doanh,TP HCM,1,35.0
KH05421,18.0,19.8,12.4,ky_su,TP HCM,4,53.0
KH05422,24.0,13.8,7.3,giao_vien,Hai Phong,1,60.0
KH05423,45.0,14.2,4.4,giao_vien,Can Tho,0,33.0
KH05424,48.0,17.9,6.6,nhan_vien,Ha Noi,0,35.0
KH05425,39.0,3.3,1.2,sinh_vien,Hai Phong,0,41.0
KH05426,27.0,10.7,5.3,kinh_doanh,Da Nang,1,58.0
KH05427,47.0,12.8,5.6,giao_vien,Ha Noi,1,37.0
KH05428,69.0,29.4,14.8,ky_su,Can Tho,6,44.0
KH05429,54.0,24.4,12.2,nhan_vien,Ha Noi,3,44.0
KH05430,49.0,14.6,4.5,nhan_vien,Ha Noi,0,35.0
KH05431,38.0,6.3,5.3,sinh_vien,Hai Phong,0,98.0
KH05432,58.0,32.7,11.5,nhan_vien,TP HCM,4,35.0
KH05433,18.0,10.8,4.8,nhan_vien,Can Tho,0,46.0
KH05434,32.0,10.4,2.6,nhan_vien,TP HCM,0,23.0
KH05435,35.0,9.4,1.6,ky_su,Can Tho,0,15.0
KH05436,18.0,12.9,4.5,nhan_vien,TP HCM,0,33.0
KH05437,38.0,13.1,7.0,ky_su,Da Nang,3,46.0
KH05438,30.0,8.6,4.7,nhan_vien,Ha Noi,3,46.0
KH05439,25.0,19.1,13.6,nhan_vien,Da Nang,5,75.0
KH05440,28.0,23.2,15.9,bac_si,TP HCM,4,80.0
KH05441,47.0,11.4,4.6,nhan_vien,TP HCM,2,35.0
KH05442,37.0,28.7,9.7,ky_su,Ha Noi,4,31.0
KH05443,38.0,18.7,6.8,nhan_vien,Ha Noi,1,32.0
KH05444,45.0,33.5,22.4,ky_su,TP HCM,6,59.0
KH05445,50.0,13.1,8.8,giao_vien,Can Tho,2,70.0
KH05446,33.0,7.6,3.7,nhan_vien,TP HCM,0,54.0
KH05447,21.0,32.1,11.7,kinh_doanh,Hai Phong,2,43.0
KH05448,44.0,11.1,7.3,kinh_doanh,TP HCM,2,77.0
KH05449,47.0,16.9,9.8,nhan_vien,TP HCM,2,48.0
KH05450,40.0,16.3,10.2,kinh_doanh,Ha Noi,5,65.0
KH05451,24.0,12.5,6.3,bac_si,TP HCM,1,60.0
KH05452,34.0,18.0,5.9,nhan_vien,Da Nang,1,33.0
KH05453,19.0,12.1,8.5,nhan_vien,TP HCM,3,58.0
KH05454,18.0,60.2,46.2,giao_vien,Ha Noi,17,84.0
KH05455,45.0,16.2,3.5,ky_su,TP HCM,3,26.0
KH05456,18.0,30.1,18.4,ky_su,Ha Noi,3,58.0
KH05457,22.0,64.2,45.5,bac_si,TP HCM,10,72.0
KH05458,28.0,18.7,5.9,nhan_vien,Ha Noi,0,34.0
KH05459,37.0,29.8,15.9,ky_su,TP HCM,4,62.0
KH05460,36.0,20.6,9.0,ky_su,Ha Noi,0,52.0
KH05461,21.0,10.9,6.9,nhan_vien,Can Tho,0,55.0
KH05462,44.0,18.6,9.1,giao_vien,Da Nang,4,39.0
KH05463,52.0,19.2,7.8,ky_su,Ha Noi,1,39.0
KH05464,47.0,12.5,5.6,nhan_vien,Hai Phong,0,48.0
KH05465,20.0,19.0,11.0,nhan_vien,TP HCM,2,50.0
KH05466,30.0,18.6,16.4,giao_vien,Can Tho,6,87.0
KH05467,36.0,9.6,2.7,giao_vien,Ha Noi,0,31.0
KH05468,33.0,14.6,11.1,nhan_vien,Ha Noi,3,79.0
KH05469,19.0,22.1,10.3,nhan_vien,Ha Noi,4,42.0
KH05470,18.0,15.4,12.1,nhan_vien,Ha Noi,1,64.0
KH05471,32.0,10.6,7.5,ky_su,Can Tho,1,69.0
KH05472,41.0,34.8,27.3,bac_si,Da Nang,8,68.0
KH05473,38.0,15.2,11.9,giao_vien,TP HCM,3,91.0
KH05474,31.0,12.5,6.9,nhan_vien,Hai Phong,3,45.0
KH05475,26.0,21.7,17.8,bac_si,TP HCM,4,73.0
KH05476,42.0,28.8,9.5,ky_su,Hai Phong,5,30.0
KH05477,43.0,9.4,5.6,nhan_vien,Da Nang,0,52.0
KH05478,49.0,13.5,4.0,ky_su,Ha Noi,0,35.0
KH05479,20.0,12.1,9.0,giao_vien,TP HCM,2,77.0
KH05480,45.0,7.2,5.8,nhan_vien,TP HCM,1,93.0
KH05481,50.0,14.8,6.7,giao_vien,Ha Noi,0,44.0
KH05482,50.0,15.9,6.4,kinh_doanh,Ha Noi,0,36.0
KH05483,33.0,20.8,14.5,kinh_doanh,Can Tho,5,83.0
KH05484,50.0,11.9,9.7,ky_su,Ha Noi,3,87.0
KH05485,39.0,4.5,3.6,sinh_vien,Da Nang,0,86.0
KH05486,41.0,13.8,7.3,nhan_vien,Da Nang,1,61.0
KH05487,25.0,41.4,30.1,nhan_vien,TP HCM,4,68.0
KH05488,39.0,13.9,9.6,nhan_vien,TP HCM,2,77.0
KH05489,32.0,9.1,3.2,nhan_vien,Can Tho,2,41.0
KH05490,48.0,28.5,19.0,giao_vien,Ha Noi,8,55.0
KH05491,58.0,15.9,14.0,giao_vien,Hai Phong,8,70.0
KH05492,31.0,25.0,12.3,kinh_doanh,Hai Phong,10,52.0
KH05493,18.0,12.2,5.7,ky_su,Ha Noi,3,50.0
KH05494,53.0,24.8,16.7,ky_su,Can Tho,4,79.0
KH05495,35.0,16.8,11.4,giao_vien,Ha Noi,5,63.0
KH05496,35.0,7.4,6.9,giao_vien,Ha Noi,0,100.0
KH05497,47.0,14.6,7.0,nhan_vien,TP HCM,0,41.0
KH05498,18.0,9.1,3.9,nhan_vien,Da Nang,0,49.0
KH05499,53.0,34.7,13.5,kinh_doanh,Da Nang,2,33.0
KH05500,49.0,14.1,9.1,giao_vien,TP HCM,1,60.0
KH05501,25.0,10.1,8.4,nhan_vien,TP HCM,0,96.0
KH05502,22.0,3.9,3.0,sinh_vien,Ha Noi,0,64.0
KH05503,23.0,9.6,8.5,nhan_vien,TP HCM,3,72.0
KH05504,18.0,21.6,14.7,nhan_vien,TP HCM,2,75.0
KH05505,30.0,28.6,19.1,ky_su,Ha Noi,3,69.0
KH05506,38.0,19.3,12.2,nhan_vien,Can Tho,4,52.0
KH05507,37.0,10.8,9.0,nhan_vien,Hai Phong,1,77.0
KH05508,24.0,23.7,15.7,ky_su,Ha Noi,6,70.0
KH05509,25.0,20.1,14.7,kinh_doanh,Ha Noi,6,73.0
KH05510,23.0,6.3,5.6,sinh_vien,Da Nang,1,95.0
KH05511,42.0,16.9,5.4,kinh_doanh,TP HCM,4,31.0
KH05512,43.0,4.3,2.1,sinh_vien,Hai Phong,0,42.0
KH05513,29.0,17.4,7.9,nhan_vien,Ha Noi,1,54.0
KH05514,50.0,24.9,14.2,kinh_doanh,TP HCM,3,46.0
KH05515,30.0,15.4,12.6,giao_vien,Ha Noi,4,77.0
KH05516,38.0,22.1,19.1,nhan_vien,Can Tho,9,80.0
KH05517,56.0,26.9,10.6,bac_si,TP HCM,3,45.0
KH05518,33.0,23.1,14.1,giao_vien,Ha Noi,3,55.0
KH05519,23.0,7.2,5.7,sinh_vien,TP HCM,3,82.0
KH05520,29.0,10.7,6.0,nhan_vien,Ha Noi,3,59.0
KH05521,48.0,4.2,4.0,sinh_vien,Ha Noi,1,88.0
KH05522,39.0,22.2,9.5,nhan_vien,Ha Noi,1,37.0
KH05523,55.0,8.0,5.6,nhan_vien,TP HCM,0,65.0
KH05524,24.0,11.6,4.1,nhan_vien,Da Nang,0,38.0
KH05525,18.0,8.8,5.6,sinh_vien,TP HCM,0,73.0
KH05526,38.0,63.6,47.8,bac_si,Ha Noi,13,89.0
KH05527,47.0,20.3,14.1,nhan_vien,TP HCM,4,82.0
KH05528,25.0,10.1,9.7,nhan_vien,TP HCM,1,100.0
KH05529,28.0,6.0,3.3,sinh_vien,Ha Noi,0,57.0
KH05530,30.0,31.5,19.3,ky_su,TP HCM,6,69.0
KH05531,27.0,15.6,12.5,ky_su,Ha Noi,4,94.0
KH05532,43.0,27.1,22.1,bac_si,Ha Noi,4,84.0
KH05533,54.0,8.9,5.3,nhan_vien,TP HCM,2,48.0
KH05534,33.0,19.0,7.8,nhan_vien,TP HCM,0,34.0
KH05535,52.0,25.7,11.3,ky_su,Ha Noi,4,43.0
KH05536,42.0,26.4,21.8,ky_su,TP HCM,3,72.0
KH05537,38.0,16.1,7.0,nhan_vien,TP HCM,2,42.0
KH05538,20.0,7.3,0.5,sinh_vien,TP HCM,0,7.0
KH05539,52.0,41.1,30.7,kinh_doanh,Da Nang,6,77.0
KH05540,44.0,5.4,2.8,sinh_vien,TP HCM,3,45.0
KH05541,28.0,21.2,16.5,ky_su,TP HCM,4,82.0
KH05542,20.0,7.2,5.0,nhan_vien,Ha Noi,1,76.0
KH05543,19.0,15.0,5.4,kinh_doanh,Ha Noi,3,43.0
KH05544,29.0,20.8,9.1,kinh_doanh,Ha Noi,2,41.0
KH05545,42.0,6.9,3.5,sinh_vien,Hai Phong,0,60.0
KH05546,37.0,14.8,6.2,giao_vien,Ha Noi,2,43.0
KH05547,49.0,16.1,12.3,bac_si,TP HCM,3,62.0
KH05548,26.0,4.3,0.5,sinh_vien,Da Nang,0,10.0
KH05549,41.0,14.7,5.0,giao_vien,Can Tho,3,34.0
KH05550,42.0,22.0,7.8,ky_su,Can Tho,0,29.0
KH05551,30.0,12.6,9.8,nhan_vien,Ha Noi,3,73.0
KH05552,21.0,17.4,10.0,kinh_doanh,TP HCM,3,61.0
KH05553,61.0,55.3,22.9,ky_su,TP HCM,9,36.0
KH05554,18.0,32.0,22.2,bac_si,Ha Noi,6,68.0
KH05555,18.0,25.7,15.0,bac_si,TP HCM,6,56.0
KH05556,41.0,14.7,4.0,ky_su,Can Tho,3,31.0
KH05557,18.0,14.0,10.3,nhan_vien,Da Nang,2,67.0
KH05558,40.0,20.6,15.4,nhan_vien,Ha Noi,7,62.0
KH05559,44.0,23.7,17.5,ky_su,Ha Noi,5,70.0
KH05560,57.0,19.7,6.7,nhan_vien,Ha Noi,1,30.0
KH05561,34.0,4.8,0.5,sinh_vien,TP HCM,0,10.0
KH05562,29.0,26.4,14.3,ky_su,TP HCM,3,54.0
KH05563,39.0,12.6,6.1,kinh_doanh,TP HCM,3,42.0
KH05564,68.0,16.2,5.3,ky_su,Ha Noi,5,28.0
KH05565,23.0,19.1,9.0,kinh_doanh,TP HCM,1,56.0
KH05566,44.0,4.8,5.2,sinh_vien,Da Nang,0,100.0
KH05567,51.0,10.5,9.2,giao_vien,Can Tho,0,84.0
KH05568,61.0,9.7,5.7,nhan_vien,TP HCM,1,70.0
KH05569,42.0,8.7,4.4,nhan_vien,Ha Noi,1,48.0
KH05570,55.0,19.7,14.6,bac_si,Da Nang,4,82.0
KH05571,34.0,35.3,17.5,giao_vien,TP HCM,7,53.0
KH05572,29.0,6.8,5.2,sinh_vien,TP HCM,3,66.0
KH05573,41.0,8.8,2.7,nhan_vien,TP HCM,1,26.0
KH05574,29.0,12.2,11.3,ky_su,TP HCM,3,99.0
KH05575,40.0,16.9,8.6,nhan_vien,Can Tho,4,60.0
KH05576,34.0,52.9,28.3,ky_su,Hai Phong,5,63.0
KH05577,36.0,13.0,9.1,nhan_vien,Ha Noi,0,69.0
KH05578,42.0,22.4,14.7,kinh_doanh,TP HCM,6,64.0
KH05579,48.0,34.5,20.4,nhan_vien,Ha Noi,4,70.0
KH05580,28.0,9.9,7.9,nhan_vien,Hai Phong,2,83.0
KH05581,37.0,19.1,6.6,bac_si,Hai Phong,2,36.0
KH05582,32.0,61.9,48.6,bac_si,TP HCM,11,91.0
KH05583,48.0,16.9,7.1,nhan_vien,TP HCM,2,50.0
KH05584,55.0,13.5,7.4,kinh_doanh,Ha Noi,1,57.0
KH05585,51.0,22.7,15.6,kinh_doanh,Ha Noi,5,82.0
KH05586,45.0,8.4,1.0,giao_vien,Hai Phong,0,11.0
KH05587,38.0,24.9,16.6,giao_vien,TP HCM,8,60.0
KH05588,25.0,10.1,8.3,nhan_vien,Hai Phong,1,89.0
KH05589,32.0,28.0,16.4,ky_su,TP HCM,8,63.0
KH05590,22.0,18.2,16.4,nhan_vien,Ha Noi,7,97.0
KH05591,39.0,58.9,30.2,ky_su,Ha Noi,9,55.0
KH05592,36.0,28.9,25.8,kinh_doanh,Can Tho,9,92.0
KH05593,29.0,12.6,10.3,nhan_vien,Can Tho,5,96.0
KH05594,32.0,9.3,5.3,giao_vien,Ha Noi,1,47.0
KH05595,45.0,12.0,9.5,giao_vien,TP HCM,1,94.0
KH05596,33.0,3.7,6.4,sinh_vien,TP HCM,2,100.0
KH05597,41.0,22.0,11.2,kinh_doanh,Da Nang,0,60.0
KH05598,61.0,28.9,26.1,bac_si,Ha Noi,6,97.0
KH05599,18.0,18.7,12.2,bac_si,TP HCM,6,63.0
KH05600,25.0,20.9,7.9,giao_vien,TP HCM,1,35.0
KH05601,25.0,31.7,13.4,ky_su,Can Tho,1,44.0
KH05602,31.0,17.3,5.6,ky_su,Ha Noi,1,29.0
KH05603,33.0,5.5,1.6,sinh_vien,Can Tho,0,26.0
KH05604,28.0,13.3,7.5,nhan_vien,Ha Noi,5,55.0
KH05605,38.0,11.1,4.3,nhan_vien,Da Nang,0,34.0
KH05606,41.0,21.3,15.4,bac_si,Ha Noi,4,68.0
KH05607,54.0,25.8,12.6,nhan_vien,Can Tho,3,43.0
KH05608,29.0,20.9,18.4,nhan_vien,Can Tho,4,93.0
KH05609,40.0,19.5,12.8,nhan_vien,Ha Noi,5,60.0
KH05610,35.0,18.5,6.8,giao_vien,Da Nang,0,34.0
KH05611,33.0,21.0,9.8,nhan_vien,TP HCM,5,44.0
KH05612,42.0,30.7,12.7,giao_vien,Ha Noi,1,35.0
KH05613,27.0,21.1,15.7,giao_vien,TP HCM,5,89.0
KH05614,25.0,7.8,4.1,nhan_vien,TP HCM,0,47.0
KH05615,49.0,34.2,22.3,nhan_vien,Hai Phong,3,60.0
KH05616,30.0,10.2,6.2,nhan_vien,Ha Noi,2,68.0
KH05617,24.0,16.3,8.3,ky_su,TP HCM,3,59.0
KH05618,18.0,9.9,4.5,kinh_doanh,Ha Noi,0,43.0
KH05619,31.0,19.7,15.6,giao_vien,Da Nang,1,76.0
KH05620,49.0,27.9,25.3,bac_si,TP HCM,7,86.0
KH05621,23.0,29.1,21.5,kinh_doanh,TP HCM,3,81.0
KH05622,42.0,28.6,12.3,kinh_doanh,Da Nang,3,39.0
KH05623,41.0,5.1,3.1,sinh_vien,TP HCM,1,53.0
KH05624,53.0,49.7,37.2,bac_si,Da Nang,11,79.0
KH05625,30.0,16.7,9.3,nhan_vien,Da Nang,4,60.0
KH05626,25.0,18.0,12.1,kinh_doanh,Da Nang,4,66.0
KH05627,44.0,23.4,14.5,kinh_doanh,Can Tho,4,67.0
KH05628,33.0,13.3,7.9,giao_vien,TP HCM,3,67.0
KH05629,45.0,29.3,14.9,bac_si,Ha Noi,6,53.0
KH05630,26.0,29.6,16.5,ky_su,Ha Noi,3,66.0
KH05631,32.0,8.2,3.0,kinh_doanh,TP HCM,1,36.0
KH05632,36.0,4.2,2.2,sinh_vien,Can Tho,0,61.0
KH05633,22.0,35.0,14.2,ky_su,TP HCM,2,48.0
KH05634,43.0,14.7,8.9,ky_su,TP HCM,4,58.0
KH05635,22.0,21.8,7.9,nhan_vien,Ha Noi,5,34.0
KH05636,36.0,25.1,16.5,kinh_doanh,Ha Noi,10,72.0
KH05637,39.0,13.4,12.3,nhan_vien,TP HCM,2,100.0
KH05638,50.0,27.1,13.9,bac_si,TP HCM,4,54.0
KH05639,23.0,11.4,7.9,nhan_vien,TP HCM,3,58.0
KH05640,40.0,3.2,0.5,sinh_vien,Can Tho,0,15.0
KH05641,47.0,42.6,25.5,ky_su,TP HCM,8,53.0
KH05642,62.0,16.8,7.4,nhan_vien,Ha Noi,0,47.0
KH05643,37.0,46.5,16.5,ky_su,Hai Phong,6,40.0
KH05644,35.0,12.6,9.6,giao_vien,TP HCM,1,91.0
KH05645,34.0,19.5,13.9,nhan_vien,Da Nang,5,67.0
KH05646,28.0,107.4,66.5,bac_si,Ha Noi,19,73.0
KH05647,47.0,25.7,8.1,ky_su,Da Nang,4,27.0
KH05648,40.0,22.3,7.8,ky_su,Can Tho,5,42.0
KH05649,24.0,13.6,9.3,ky_su,Hai Phong,2,64.0
KH05650,42.0,20.8,13.2,bac_si,TP HCM,2,53.0
KH05651,44.0,20.8,12.1,ky_su,Hai Phong,2,48.0
KH05652,28.0,7.3,3.9,nhan_vien,TP HCM,2,54.0
KH05653,48.0,12.0,8.2,giao_vien,Ha Noi,2,80.0
KH05654,34.0,13.8,6.9,nhan_vien,Ha Noi,1,60.0
KH05655,18.0,28.1,12.3,ky_su,TP HCM,2,42.0
KH05656,40.0,5.1,2.7,sinh_vien,Can Tho,0,43.0
KH05657,31.0,17.5,8.6,giao_vien,Da Nang,2,42.0
KH05658,25.0,5.9,1.4,giao_vien,TP HCM,0,20.0
KH05659,43.0,15.8,7.0,ky_su,TP HCM,1,51.0
KH05660,41.0,19.0,9.6,kinh_doanh,Ha Noi,2,49.0
KH05661,36.0,12.1,7.0,giao_vien,Ha Noi,2,58.0
KH05662,44.0,33.0,19.5,bac_si,TP HCM,3,63.0
KH05663,45.0,17.4,9.5,kinh_doanh,Da Nang,1,46.0
KH05664,30.0,46.8,26.4,ky_su,TP HCM,11,65.0
KH05665,40.0,21.8,6.8,ky_su,Ha Noi,2,25.0
KH05666,40.0,4.6,1.3,sinh_vien,Ha Noi,0,33.0
KH05667,39.0,17.9,8.9,kinh_doanh,Ha Noi,4,59.0
KH05668,38.0,12.9,8.2,nhan_vien,Ha Noi,3,64.0
KH05669,43.0,12.9,10.0,nhan_vien,Ha Noi,4,83.0
KH05670,37.0,11.5,10.1,nhan_vien,Hai Phong,6,71.0
KH05671,58.0,27.6,12.8,kinh_doanh,TP HCM,4,54.0
KH05672,31.0,29.2,8.5,kinh_doanh,TP HCM,3,27.0
KH05673,40.0,14.6,4.6,nhan_vien,TP HCM,2,33.0
KH05674,49.0,10.5,10.3,nhan_vien,Can Tho,3,100.0
KH05675,38.0,20.6,12.0,ky_su,TP HCM,4,56.0
KH05676,38.0,19.6,9.6,nhan_vien,Ha Noi,3,53.0
KH05677,38.0,49.6,40.2,kinh_doanh,Ha Noi,13,87.0
KH05678,44.0,24.7,11.2,ky_su,Da Nang,4,38.0
KH05679,30.0,8.1,5.0,nhan_vien,Da Nang,0,72.0
KH05680,34.0,20.8,11.0,nhan_vien,TP HCM,3,62.0
KH05681,31.0,5.4,2.2,sinh_vien,TP HCM,1,36.0
KH05682,49.0,27.4,13.7,giao_vien,Ha Noi,2,54.0
KH05683,23.0,16.2,11.3,nhan_vien,Hai Phong,5,60.0
KH05684,38.0,37.7,14.7,ky_su,TP HCM,1,39.0
KH05685,43.0,9.2,7.5,nhan_vien,TP HCM,2,73.0
KH05686,40.0,15.3,9.5,ky_su,Da Nang,4,64.0
KH05687,29.0,13.9,9.3,giao_vien,Ha Noi,3,69.0
KH05688,35.0,4.9,3.9,sinh_vien,Hai Phong,0,70.0
KH05689,67.0,11.2,4.4,nhan_vien,Ha Noi,1,35.0
KH05690,37.0,18.2,11.9,ky_su,TP HCM,4,71.0
KH05691,55.0,5.4,2.1,nhan_vien,TP HCM,1,39.0
KH05692,41.0,18.4,12.9,nhan_vien,Hai Phong,2,70.0
KH05693,46.0,13.5,12.7,giao_vien,Hai Phong,2,97.0
KH05694,45.0,27.4,21.3,kinh_doanh,TP HCM,5,86.0
KH05695,26.0,12.6,7.4,ky_su,TP HCM,0,64.0
KH05696,44.0,21.6,11.3,bac_si,Can Tho,3,52.0
KH05697,57.0,13.9,6.9,nhan_vien,TP HCM,0,59.0
KH05698,49.0,29.1,16.2,kinh_doanh,TP HCM,4,58.0
KH05699,33.0,15.0,12.5,giao_vien,Can Tho,2,89.0
KH05700,52.0,22.7,15.9,nhan_vien,Ha Noi,4,78.0
KH05701,33.0,27.0,12.3,bac_si,TP HCM,1,43.0
KH05702,36.0,17.5,7.6,ky_su,TP HCM,3,43.0
KH05703,36.0,19.0,15.8,kinh_doanh,Da Nang,6,75.0
KH05704,22.0,10.3,7.1,nhan_vien,Hai Phong,1,56.0
KH05705,27.0,10.4,7.2,ky_su,TP HCM,1,64.0
KH05706,51.0,6.7,0.5,nhan_vien,Da Nang,0,8.0
KH05707,23.0,16.4,12.8,nhan_vien,Ha Noi,0,88.0
KH05708,42.0,24.7,21.7,nhan_vien,Ha Noi,6,100.0
KH05709,33.0,8.0,6.6,nhan_vien,Hai Phong,2,92.0
KH05710,28.0,18.3,7.9,giao_vien,TP HCM,1,45.0
KH05711,28.0,8.7,1.4,nhan_vien,Hai Phong,0,18.0
KH05712,32.0,10.9,5.8,giao_vien,TP HCM,2,54.0
KH05713,44.0,9.9,3.2,nhan_vien,Can Tho,1,36.0
KH05714,35.0,9.7,8.7,nhan_vien,Can Tho,3,98.0
KH05715,51.0,24.3,12.5,kinh_doanh,TP HCM,4,48.0
KH05716,32.0,20.9,19.3,kinh_doanh,TP HCM,6,96.0
KH05717,21.0,21.9,18.2,kinh_doanh,Da Nang,3,79.0
KH05718,38.0,21.8,16.7,nhan_vien,Da Nang,2,69.0
KH05719,32.0,13.3,4.8,giao_vien,TP HCM,4,37.0
KH05720,31.0,25.6,12.4,kinh_doanh,TP HCM,2,55.0
KH05721,56.0,8.4,5.2,nhan_vien,Hai Phong,1,65.0
KH05722,35.0,21.4,17.5,ky_su,TP HCM,4,90.0
KH05723,39.0,12.8,6.4,giao_vien,TP HCM,2,57.0
KH05724,51.0,29.1,12.3,ky_su,TP HCM,3,36.0
KH05725,49.0,17.2,14.4,nhan_vien,Ha Noi,4,91.0
KH05726,58.0,34.4,25.1,bac_si,Ha Noi,4,80.0
KH05727,41.0,29.0,20.2,nhan_vien,Ha Noi,7,60.0
KH05728,18.0,26.5,13.2,nhan_vien,TP HCM,5,53.0
KH05729,52.0,12.2,8.9,kinh_doanh,Ha Noi,2,69.0
KH05730,36.0,4.2,3.5,sinh_vien,TP HCM,1,73.0
KH05731,37.0,34.6,23.0,ky_su,TP HCM,2,60.0
KH05732,35.0,5.6,1.1,sinh_vien,Hai Phong,0,19.0
KH05733,26.0,42.9,26.1,kinh_doanh,Ha Noi,9,72.0
KH05734,36.0,22.4,12.4,ky_su,Ha Noi,4,49.0
KH05735,30.0,16.5,10.6,nhan_vien,TP HCM,3,73.0
KH05736,32.0,19.5,11.4,ky_su,Hai Phong,5,64.0
KH05737,24.0,14.6,7.8,nhan_vien,Hai Phong,1,49.0
KH05738,31.0,16.4,7.6,kinh_doanh,Da Nang,0,54.0
KH05739,21.0,3.5,3.6,sinh_vien,Ha Noi,1,99.0
KH05740,53.0,13.6,6.1,giao_vien,TP HCM,4,46.0
KH05741,26.0,10.6,5.8,sinh_vien,TP HCM,1,63.0
KH05742,38.0,34.4,13.5,kinh_doanh,TP HCM,10,38.0
KH05743,48.0,24.8,17.4,nhan_vien,Ha Noi,3,82.0
KH05744,38.0,27.7,12.0,giao_vien,Ha Noi,2,50.0
KH05745,65.0,5.1,2.8,sinh_vien,Ha Noi,0,63.0
KH05746,36.0,6.9,4.6,nhan_vien,Ha Noi,2,73.0
KH05747,19.0,26.4,9.5,ky_su,Ha Noi,3,33.0
KH05748,24.0,20.9,16.0,nhan_vien,TP HCM,3,82.0
KH05749,57.0,38.5,28.2,nhan_vien,TP HCM,4,60.0
KH05750,39.0,12.1,6.0,nhan_vien,Ha Noi,0,51.0
KH05751,26.0,10.0,7.2,giao_vien,TP HCM,2,62.0
KH05752,28.0,8.3,7.2,giao_vien,Can Tho,1,77.0
KH05753,37.0,13.9,5.0,ky_su,Ha Noi,1,40.0
KH05754,38.0,16.6,9.0,ky_su,Ha Noi,1,45.0
KH05755,28.0,11.4,7.0,nhan_vien,Hai Phong,7,70.0
KH05756,29.0,53.9,34.8,kinh_doanh,TP HCM,8,74.0
KH05757,34.0,19.8,11.0,nhan_vien,Hai Phong,2,63.0
KH05758,27.0,24.1,17.8,giao_vien,TP HCM,3,75.0
KH05759,30.0,9.7,6.6,nhan_vien,Ha Noi,0,70.0
KH05760,35.0,18.0,15.0,giao_vien,TP HCM,5,76.0
KH05761,40.0,15.2,10.6,giao_vien,Hai Phong,2,72.0
KH05762,39.0,20.9,17.1,kinh_doanh,Ha Noi,5,68.0
KH05763,41.0,8.6,2.3,giao_vien,Ha Noi,0,22.0
KH05764,26.0,12.2,4.8,nhan_vien,TP HCM,0,41.0
KH05765,51.0,13.2,7.5,ky_su,Ha Noi,2,55.0
KH05766,42.0,12.8,5.4,ky_su,TP HCM,2,36.0
KH05767,18.0,14.2,11.0,giao_vien,Can Tho,4,82.0
KH05768,44.0,9.0,6.0,nhan_vien,Ha Noi,2,77.0
KH05769,18.0,9.8,3.6,nhan_vien,TP HCM,2,40.0
KH05770,18.0,16.7,9.0,nhan_vien,Ha Noi,3,63.0
KH05771,44.0,26.3,11.5,bac_si,TP HCM,4,41.0
KH05772,34.0,32.1,21.9,ky_su,TP HCM,2,58.0
KH05773,47.0,15.5,5.7,nhan_vien,Ha Noi,2,41.0
KH05774,36.0,72.7,42.4,bac_si,TP HCM,6,47.0
KH05775,29.0,13.2,13.0,nhan_vien,TP HCM,2,100.0
KH05776,31.0,16.8,13.0,nhan_vien,Ha Noi,4,88.0
KH05777,58.0,19.0,14.1,ky_su,Ha Noi,3,64.0
KH05778,23.0,5.7,4.8,sinh_vien,Da Nang,0,96.0
KH05779,27.0,11.3,7.1,nhan_vien,Ha Noi,2,71.0
KH05780,46.0,11.0,8.0,giao_vien,TP HCM,3,82.0
KH05781,42.0,13.3,7.1,nhan_vien,TP HCM,2,54.0
KH05782,29.0,12.9,5.8,ky_su,TP HCM,1,47.0
KH05783,29.0,11.3,8.1,ky_su,TP HCM,1,81.0
KH05784,22.0,21.0,10.5,nhan_vien,Can Tho,6,44.0
KH05785,21.0,8.6,5.9,sinh_vien,Da Nang,1,58.0
KH05786,41.0,7.1,4.8,sinh_vien,TP HCM,0,78.0
KH05787,52.0,58.7,46.0,nhan_vien,Da Nang,11,73.0
KH05788,30.0,38.5,23.8,nhan_vien,Can Tho,7,73.0
KH05789,30.0,34.1,15.7,kinh_doanh,Hai Phong,7,44.0
KH05790,36.0,26.1,16.1,ky_su,Can Tho,2,59.0
KH05791,36.0,18.5,11.3,nhan_vien,TP HCM,3,61.0
KH05792,25.0,29.5,12.2,nhan_vien,Ha Noi,2,36.0
KH05793,28.0,11.7,5.0,nhan_vien,Da Nang,0,36.0
KH05794,18.0,17.4,9.1,kinh_doanh,Can Tho,2,61.0
KH05795,19.0,17.3,10.4,bac_si,Ha Noi,5,59.0
KH05796,26.0,21.1,7.3,nhan_vien,TP HCM,3,31.0
KH05797,25.0,28.6,19.4,bac_si,Ha Noi,7,62.0
KH05798,36.0,8.0,5.5,sinh_vien,TP HCM,0,80.0
KH05799,39.0,13.5,11.3,nhan_vien,TP HCM,1,92.0
KH05800,18.0,14.8,9.3,nhan_vien,TP HCM,2,70.0
KH05801,35.0,28.3,12.7,bac_si,TP HCM,4,49.0
KH05802,31.0,31.7,14.0,nhan_vien,Hai Phong,1,47.0
KH05803,18.0,23.7,16.6,giao_vien,TP HCM,6,72.0
KH05804,35.0,12.6,9.4,kinh_doanh,Can Tho,2,82.0
KH05805,29.0,36.6,14.2,nhan_vien,Ha Noi,2,43.0
KH05806,50.0,18.5,14.1,giao_vien,Can Tho,2,77.0
KH05807,32.0,7.4,5.0,nhan_vien,Ha Noi,1,64.0
KH05808,27.0,8.5,6.9,nhan_vien,Ha Noi,1,87.0
KH05809,34.0,33.1,26.1,kinh_doanh,Da Nang,7,73.0
KH05810,18.0,9.5,2.9,giao_vien,Da Nang,0,32.0
KH05811,42.0,17.0,13.9,giao_vien,Ha Noi,4,77.0
KH05812,36.0,14.2,9.6,ky_su,Ha Noi,2,68.0
KH05813,38.0,16.2,9.7,nhan_vien,TP HCM,2,52.0
KH05814,37.0,37.0,31.4,kinh_doanh,Da Nang,3,72.0
KH05815,20.0,11.3,9.5,sinh_vien,Hai Phong,1,98.0
KH05816,49.0,11.0,6.9,giao_vien,Ha Noi,3,74.0
KH05817,55.0,15.5,7.4,nhan_vien,Ha Noi,0,47.0
KH05818,45.0,18.2,10.9,nhan_vien,Da Nang,1,62.0
KH05819,33.0,8.3,5.2,nhan_vien,Can Tho,2,53.0
KH05820,36.0,20.5,12.8,kinh_doanh,Ha Noi,8,55.0
KH05821,24.0,19.0,10.4,giao_vien,Da Nang,3,58.0
KH05822,28.0,16.5,12.9,nhan_vien,TP HCM,3,87.0
KH05823,18.0,12.6,11.4,giao_vien,TP HCM,3,100.0
KH05824,27.0,31.0,14.4,kinh_doanh,Ha Noi,3,45.0
KH05825,56.0,36.3,16.1,nhan_vien,Can Tho,2,42.0
KH05826,29.0,28.9,8.9,kinh_doanh,Ha Noi,1,36.0
KH05827,36.0,14.8,10.3,ky_su,TP HCM,7,73.0
KH05828,42.0,19.0,6.5,ky_su,TP HCM,1,40.0
KH05829,26.0,24.2,18.6,bac_si,TP HCM,3,64.0
KH05830,34.0,13.7,7.3,nhan_vien,TP HCM,2,49.0
KH05831,26.0,25.6,11.6,ky_su,Can Tho,3,39.0
KH05832,35.0,16.7,9.8,bac_si,Ha Noi,1,70.0
KH05833,25.0,15.2,14.2,nhan_vien,Can Tho,9,100.0
KH05834,37.0,10.0,6.2,bac_si,TP HCM,2,65.0
KH05835,46.0,24.4,13.4,ky_su,TP HCM,5,59.0
KH05836,29.0,18.6,8.2,nhan_vien,TP HCM,2,38.0
KH05837,37.0,47.7,17.9,kinh_doanh,TP HCM,2,30.0
KH05838,18.0,14.6,7.6,nhan_vien,TP HCM,1,56.0
KH05839,41.0,7.2,6.1,nhan_vien,Ha Noi,1,80.0
KH05840,39.0,18.6,5.2,nhan_vien,Ha Noi,1,25.0
KH05841,36.0,14.0,5.4,kinh_doanh,Ha Noi,2,44.0
KH05842,36.0,24.9,15.6,giao_vien,Ha Noi,2,73.0
KH05843,46.0,25.2,10.5,kinh_doanh,TP HCM,3,39.0
KH05844,44.0,28.6,24.0,giao_vien,Ha Noi,8,93.0
KH05845,29.0,20.5,14.6,giao_vien,TP HCM,6,83.0
KH05846,45.0,15.6,9.3,ky_su,Ha Noi,3,69.0
KH05847,44.0,20.1,15.1,kinh_doanh,TP HCM,4,79.0
KH05848,26.0,3.9,0.5,sinh_vien,Hai Phong,0,11.0
KH05849,40.0,11.4,6.7,nhan_vien,TP HCM,1,68.0
KH05850,36.0,26.1,14.8,nhan_vien,TP HCM,8,57.0
KH05851,38.0,16.8,14.4,kinh_doanh,TP HCM,2,71.0
KH05852,26.0,17.0,11.7,nhan_vien,Da Nang,2,83.0
KH05853,18.0,15.4,12.3,kinh_doanh,Ha Noi,2,85.0
KH05854,39.0,37.8,21.9,kinh_doanh,Ha Noi,4,60.0
KH05855,42.0,23.9,19.8,nhan_vien,Ha Noi,6,94.0
KH05856,24.0,40.0,32.0,bac_si,TP HCM,11,68.0
KH05857,44.0,15.9,5.4,nhan_vien,Ha Noi,1,31.0
KH05858,51.0,56.2,21.0,ky_su,TP HCM,4,32.0
KH05859,53.0,8.9,7.1,nhan_vien,TP HCM,2,67.0
KH05860,43.0,6.3,4.1,giao_vien,Ha Noi,2,55.0
KH05861,39.0,24.0,10.2,giao_vien,Ha Noi,4,42.0
KH05862,30.0,20.3,11.4,ky_su,Can Tho,5,61.0
KH05863,54.0,21.6,9.3,nhan_vien,TP HCM,1,35.0
KH05864,27.0,27.2,16.6,kinh_doanh,TP HCM,10,67.0
KH05865,35.0,50.4,21.6,kinh_doanh,Ha Noi,7,44.0
KH05866,52.0,23.6,10.8,kinh_doanh,Ha Noi,1,52.0
KH05867,40.0,11.3,0.6,giao_vien,TP HCM,0,5.0
KH05868,26.0,29.2,14.2,ky_su,Ha Noi,1,52.0
KH05869,56.0,57.4,33.2,kinh_doanh,Ha Noi,6,55.0
KH05870,36.0,20.1,18.3,ky_su,Ha Noi,3,77.0
KH05871,43.0,4.2,1.0,sinh_vien,Ha Noi,1,27.0
KH05872,65.0,37.8,29.8,ky_su,Hai Phong,6,89.0
KH05873,56.0,17.1,8.8,kinh_doanh,TP HCM,0,57.0
KH05874,26.0,13.6,11.2,giao_vien,Da Nang,3,73.0
KH05875,36.0,9.9,7.3,nhan_vien,Ha Noi,0,84.0
KH05876,38.0,17.3,9.8,kinh_doanh,Can Tho,3,64.0
KH05877,53.0,50.2,29.3,kinh_doanh,TP HCM,10,64.0
KH05878,45.0,7.9,0.5,sinh_vien,TP HCM,1,6.0
KH05879,45.0,4.6,2.7,giao_vien,Ha Noi,1,63.0
KH05880,34.0,14.8,11.5,giao_vien,Ha Noi,4,66.0
KH05881,33.0,19.2,12.8,nhan_vien,TP HCM,2,68.0
KH05882,18.0,17.9,5.9,nhan_vien,Ha Noi,3,34.0
KH05883,34.0,13.3,6.6,nhan_vien,Can Tho,0,42.0
KH05884,55.0,16.8,6.4,giao_vien,Da Nang,1,32.0
KH05885,46.0,10.5,8.1,nhan_vien,Hai Phong,1,72.0
KH05886,21.0,10.9,10.7,nhan_vien,Can Tho,0,84.0
KH05887,33.0,6.9,4.4,sinh_vien,Ha Noi,0,65.0
KH05888,53.0,15.5,9.9,giao_vien,Da Nang,2,65.0
KH05889,40.0,6.5,4.7,nhan_vien,Hai Phong,2,85.0
KH05890,18.0,31.1,16.9,kinh_doanh,Hai Phong,1,58.0
KH05891,45.0,23.3,7.3,ky_su,TP HCM,2,29.0
KH05892,29.0,18.9,6.7,ky_su,TP HCM,2,34.0
KH05893,59.0,27.5,16.4,nhan_vien,Can Tho,5,58.0
KH05894,24.0,20.9,7.4,giao_vien,Ha Noi,0,39.0
KH05895,51.0,5.6,3.2,sinh_vien,TP HCM,1,67.0
KH05896,49.0,41.2,28.3,ky_su,Ha Noi,5,70.0
KH05897,36.0,19.1,7.7,kinh_doanh,TP HCM,2,38.0
KH05898,38.0,13.2,8.7,ky_su,Ha Noi,2,66.0
KH05899,28.0,31.2,14.8,bac_si,TP HCM,1,41.0
KH05900,18.0,12.5,10.3,nhan_vien,Ha Noi,1,82.0
KH05901,31.0,16.1,4.1,kinh_doanh,Ha Noi,2,30.0
KH05902,25.0,12.0,7.5,kinh_doanh,Ha Noi,1,68.0
KH05903,56.0,4.7,2.7,giao_vien,Can Tho,1,62.0
KH05904,35.0,38.2,18.0,ky_su,TP HCM,5,41.0
KH05905,40.0,24.5,17.3,bac_si,TP HCM,1,65.0
KH05906,36.0,10.8,5.7,nhan_vien,Can Tho,3,54.0
KH05907,35.0,8.8,3.3,sinh_vien,TP HCM,1,39.0
KH05908,45.0,10.6,6.5,sinh_vien,Ha Noi,2,59.0
KH05909,23.0,3.4,2.5,sinh_vien,TP HCM,0,60.0
KH05910,33.0,14.9,10.7,nhan_vien,TP HCM,4,83.0
KH05911,35.0,12.4,7.3,kinh_doanh,Can Tho,2,52.0
KH05912,50.0,11.9,10.1,giao_vien,TP HCM,1,89.0
KH05913,30.0,19.4,9.3,giao_vien,TP HCM,1,39.0
KH05914,18.0,36.3,13.6,kinh_doanh,TP HCM,3,37.0
KH05915,37.0,11.2,4.3,nhan_vien,Hai Phong,0,38.0
KH05916,38.0,39.5,32.6,ky_su,TP HCM,6,87.0
KH05917,42.0,14.1,11.9,ky_su,TP HCM,4,87.0
KH05918,33.0,17.8,7.1,kinh_doanh,Ha Noi,2,46.0
KH05919,19.0,23.6,12.7,giao_vien,Ha Noi,4,54.0
KH05920,48.0,4.9,4.9,sinh_vien,Ha Noi,0,100.0
KH05921,44.0,42.7,31.3,nhan_vien,TP HCM,9,86.0
KH05922,24.0,7.5,2.3,nhan_vien,TP HCM,2,34.0
KH05923,46.0,28.0,14.3,bac_si,Hai Phong,2,46.0
KH05924,32.0,31.4,13.7,kinh_doanh,Can Tho,3,46.0
KH05925,27.0,30.7,14.9,bac_si,Da Nang,3,51.0
KH05926,32.0,25.9,9.1,bac_si,Ha Noi,0,36.0
KH05927,34.0,12.8,2.2,kinh_doanh,Ha Noi,1,17.0
KH05928,53.0,36.4,21.4,ky_su,Ha Noi,8,64.0
KH05929,40.0,4.0,3.3,sinh_vien,TP HCM,1,82.0
KH05930,25.0,11.2,4.0,sinh_vien,Ha Noi,0,41.0
KH05931,42.0,19.4,14.9,kinh_doanh,Ha Noi,5,82.0
KH05932,25.0,19.2,12.1,ky_su,Ha Noi,7,58.0
KH05933,59.0,21.1,9.0,bac_si,TP HCM,3,46.0
KH05934,35.0,6.7,3.9,ky_su,Ha Noi,2,47.0
KH05935,51.0,5.5,2.4,giao_vien,Can Tho,0,48.0
KH05936,32.0,18.8,12.5,ky_su,Ha Noi,1,78.0
KH05937,40.0,13.8,11.1,ky_su,TP HCM,2,76.0
KH05938,62.0,10.5,4.8,nhan_vien,TP HCM,1,50.0
KH05939,18.0,20.2,9.5,kinh_doanh,Da Nang,0,47.0
KH05940,31.0,38.6,33.7,ky_su,Hai Phong,8,100.0
KH05941,33.0,23.4,10.4,bac_si,TP HCM,2,39.0
KH05942,35.0,6.5,4.7,sinh_vien,Hai Phong,2,85.0
KH05943,45.0,33.5,19.1,ky_su,TP HCM,7,48.0
KH05944,72.0,7.7,5.8,giao_vien,Ha Noi,0,65.0
KH05945,37.0,23.7,14.4,giao_vien,TP HCM,1,50.0
KH05946,44.0,19.1,11.0,nhan_vien,Ha Noi,3,64.0
KH05947,38.0,6.9,4.4,giao_vien,Can Tho,1,66.0
KH05948,45.0,6.5,2.6,giao_vien,TP HCM,0,47.0
KH05949,42.0,28.7,17.6,ky_su,Can Tho,4,69.0
KH05950,36.0,2.0,0.9,sinh_vien,Ha Noi,0,52.0
KH05951,37.0,24.2,16.4,nhan_vien,TP HCM,2,79.0
KH05952,46.0,17.6,9.9,kinh_doanh,TP HCM,2,60.0
KH05953,48.0,17.3,7.0,nhan_vien,Can Tho,2,46.0
KH05954,40.0,70.2,48.0,kinh_doanh,Ha Noi,13,57.0
KH05955,28.0,31.2,21.0,kinh_doanh,Ha Noi,3,73.0
KH05956,37.0,19.1,5.8,ky_su,Ha Noi,0,31.0
KH05957,25.0,8.9,5.3,sinh_vien,TP HCM,1,50.0
KH05958,34.0,8.7,4.8,nhan_vien,Hai Phong,2,48.0
KH05959,42.0,8.9,5.2,sinh_vien,Da Nang,0,65.0
KH05960,36.0,22.2,13.7,bac_si,TP HCM,3,73.0
KH05961,26.0,24.7,21.8,kinh_doanh,Hai Phong,8,72.0
KH05962,67.0,11.6,4.3,giao_vien,Ha Noi,0,35.0
KH05963,32.0,19.9,16.6,nhan_vien,Ha Noi,4,76.0
KH05964,25.0,5.3,5.5,sinh_vien,TP HCM,1,91.0
KH05965,64.0,11.9,3.7,ky_su,TP HCM,3,36.0
KH05966,42.0,16.6,11.7,giao_vien,TP HCM,2,79.0
KH05967,31.0,15.0,7.9,ky_su,Da Nang,1,53.0
KH05968,29.0,11.2,9.7,giao_vien,TP HCM,2,93.0
KH05969,43.0,17.0,10.0,kinh_doanh,TP HCM,1,67.0
KH05970,55.0,11.8,8.4,giao_vien,TP HCM,2,71.0
KH05971,33.0,7.6,6.2,nhan_vien,TP HCM,2,79.0
KH05972,40.0,11.0,6.8,kinh_doanh,Can Tho,0,65.0
KH05973,48.0,6.8,7.9,giao_vien,TP HCM,1,98.0
KH05974,29.0,10.4,8.8,nhan_vien,Ha Noi,2,93.0
KH05975,35.0,39.8,29.2,giao_vien,Ha Noi,9,78.0
KH05976,31.0,23.1,17.0,ky_su,Ha Noi,4,87.0
KH05977,24.0,8.2,7.3,giao_vien,Ha Noi,0,85.0
KH05978,37.0,11.8,5.8,nhan_vien,TP HCM,1,42.0
KH05979,35.0,12.0,5.2,kinh_doanh,Ha Noi,1,49.0
KH05980,18.0,13.5,11.1,nhan_vien,Can Tho,2,85.0
KH05981,36.0,19.1,18.0,kinh_doanh,TP HCM,1,100.0
KH05982,55.0,35.0,27.1,ky_su,TP HCM,8,67.0
KH05983,40.0,35.2,23.5,ky_su,TP HCM,2,57.0
KH05984,54.0,17.8,10.5,ky_su,Ha Noi,0,60.0
KH05985,34.0,15.8,8.2,ky_su,TP HCM,3,62.0
KH05986,18.0,18.8,10.3,nhan_vien,Ha Noi,6,59.0
KH05987,37.0,42.6,32.9,bac_si,Ha Noi,8,64.0
KH05988,32.0,42.9,28.6,bac_si,TP HCM,10,76.0
KH05989,36.0,17.5,10.7,kinh_doanh,Hai Phong,3,61.0
KH05990,18.0,12.6,10.0,nhan_vien,TP HCM,3,82.0
KH05991,40.0,11.1,9.0,nhan_vien,Can Tho,4,72.0
KH05992,35.0,10.0,1.9,ky_su,Ha Noi,0,20.0
KH05993,21.0,4.4,0.5,sinh_vien,TP HCM,1,11.0
KH05994,34.0,23.6,11.8,bac_si,TP HCM,1,58.0
KH05995,49.0,17.4,8.3,ky_su,Ha Noi,5,46.0
KH05996,31.0,10.7,5.0,ky_su,TP HCM,0,54.0
KH05997,53.0,6.2,5.3,giao_vien,Can Tho,0,92.0
KH05998,20.0,18.6,7.3,nhan_vien,TP HCM,0,39.0
KH05999,29.0,8.6,6.7,nhan_vien,Hai Phong,3,89.0
KH06000,40.0,9.1,3.7,nhan_vien,TP HCM,0,40.0
KH06001,59.0,15.3,9.2,nhan_vien,TP HCM,3,64.0
KH06002,34.0,35.5,23.2,kinh_doanh,Hai Phong,3,68.0
KH06003,40.0,8.4,5.4,nhan_vien,Ha Noi,0,52.0
KH06004,49.0,23.2,16.6,kinh_doanh,TP HCM,4,61.0
KH06005,41.0,39.7,32.7,kinh_doanh,Ha Noi,7,69.0
KH06006,30.0,10.7,7.1,nhan_vien,TP HCM,4,55.0
KH06007,55.0,14.7,7.7,nhan_vien,TP HCM,6,54.0
KH06008,18.0,21.8,11.1,kinh_doanh,Hai Phong,3,47.0
KH06009,37.0,19.4,12.1,giao_vien,TP HCM,2,74.0
KH06010,27.0,21.7,7.4,ky_su,Ha Noi,3,30.0
KH06011,37.0,17.5,14.5,nhan_vien,TP HCM,2,94.0
KH06012,33.0,19.3,7.4,nhan_vien,TP HCM,1,33.0
KH06013,55.0,53.8,43.9,ky_su,Hai Phong,12,82.0
KH06014,48.0,17.7,16.0,nhan_vien,TP HCM,6,100.0
KH06015,35.0,74.5,55.5,kinh_doanh,Ha Noi,12,74.0
KH06016,32.0,20.7,8.4,kinh_doanh,TP HCM,4,41.0
KH06017,45.0,8.0,4.7,sinh_vien,Da Nang,0,57.0
KH06018,57.0,21.5,12.8,kinh_doanh,Can Tho,3,53.0
KH06019,42.0,15.6,10.9,nhan_vien,Ha Noi,3,72.0
KH06020,32.0,12.7,3.6,giao_vien,Can Tho,2,28.0
KH06021,27.0,14.3,8.4,nhan_vien,TP HCM,2,66.0
KH06022,43.0,18.6,15.1,kinh_doanh,TP HCM,3,67.0
KH06023,34.0,10.7,5.5,giao_vien,Da Nang,2,41.0
KH06024,37.0,37.7,31.4,bac_si,Da Nang,11,70.0
KH06025,18.0,7.7,3.1,nhan_vien,Ha Noi,1,32.0
KH06026,50.0,26.0,9.6,bac_si,TP HCM,3,33.0
KH06027,42.0,28.7,18.0,ky_su,Can Tho,2,57.0
KH06028,28.0,37.1,22.4,kinh_doanh,Hai Phong,11,71.0
KH06029,18.0,14.3,9.2,giao_vien,Ha Noi,4,71.0
KH06030,31.0,4.8,3.3,sinh_vien,Da Nang,1,74.0
KH06031,37.0,8.6,4.4,nhan_vien,Hai Phong,1,59.0
KH06032,35.0,25.6,20.0,kinh_doanh,Da Nang,1,93.0
KH06033,30.0,24.5,10.4,ky_su,Da Nang,4,42.0
KH06034,51.0,5.1,3.9,sinh_vien,TP HCM,2,76.0
KH06035,45.0,39.0,27.0,kinh_doanh,TP HCM,6,76.0
KH06036,22.0,15.8,7.9,nhan_vien,Hai Phong,2,58.0
KH06037,27.0,17.6,10.0,ky_su,TP HCM,3,55.0
KH06038,18.0,7.7,5.1,nhan_vien,Ha Noi,0,79.0
KH06039,28.0,10.9,3.3,nhan_vien,Ha Noi,0,31.0
KH06040,32.0,13.1,10.0,giao_vien,TP HCM,1,76.0
KH06041,52.0,1.5,0.5,sinh_vien,Ha Noi,0,29.0
KH06042,26.0,20.7,15.7,ky_su,TP HCM,2,84.0
KH06043,41.0,9.2,5.9,nhan_vien,Ha Noi,2,64.0
KH06044,30.0,24.9,16.1,kinh_doanh,Can Tho,1,59.0
KH06045,35.0,4.5,0.5,sinh_vien,TP HCM,0,13.0
KH06046,31.0,21.8,9.1,kinh_doanh,Da Nang,1,49.0
KH06047,33.0,18.2,9.9,ky_su,TP HCM,3,65.0
KH06048,35.0,2.5,0.5,sinh_vien,TP HCM,0,20.0
KH06049,45.0,21.4,14.6,ky_su,Ha Noi,0,82.0
KH06050,49.0,13.1,6.4,giao_vien,Ha Noi,1,45.0
KH06051,43.0,8.7,3.6,giao_vien,Da Nang,1,47.0
KH06052,33.0,29.9,26.1,ky_su,Can Tho,6,73.0
KH06053,55.0,30.2,13.2,nhan_vien,Da Nang,3,40.0
KH06054,32.0,8.9,5.4,nhan_vien,TP HCM,1,56.0
KH06055,34.0,36.7,30.8,ky_su,Ha Noi,10,100.0
KH06056,32.0,29.6,18.9,kinh_doanh,Ha Noi,7,59.0
KH06057,20.0,9.4,6.0,nhan_vien,TP HCM,0,56.0
KH06058,43.0,26.8,20.1,bac_si,TP HCM,4,60.0
KH06059,37.0,15.7,9.8,ky_su,TP HCM,2,68.0
KH06060,45.0,27.8,13.0,giao_vien,TP HCM,3,55.0
KH06061,29.0,20.6,5.1,nhan_vien,TP HCM,1,20.0
KH06062,40.0,34.9,16.8,kinh_doanh,Ha Noi,3,52.0
KH06063,46.0,10.1,6.5,giao_vien,Hai Phong,1,65.0
KH06064,38.0,5.3,2.1,sinh_vien,Ha Noi,0,34.0
KH06065,18.0,31.0,16.0,kinh_doanh,Hai Phong,2,60.0
KH06066,38.0,19.9,11.2,giao_vien,Ha Noi,1,58.0
KH06067,35.0,18.8,9.2,nhan_vien,Ha Noi,0,51.0
KH06068,30.0,13.4,9.9,nhan_vien,Ha Noi,0,67.0
KH06069,33.0,15.5,7.7,kinh_doanh,TP HCM,1,51.0
KH06070,34.0,50.9,21.8,nhan_vien,Da Nang,9,44.0
KH06071,49.0,34.7,24.0,nhan_vien,Can Tho,6,76.0
KH06072,39.0,14.8,5.3,kinh_doanh,Ha Noi,1,40.0
KH06073,18.0,9.9,6.6,nhan_vien,TP HCM,0,58.0
KH06074,39.0,12.1,11.0,nhan_vien,TP HCM,1,92.0
KH06075,28.0,26.5,15.2,nhan_vien,TP HCM,2,51.0
KH06076,40.0,21.8,12.7,ky_su,TP HCM,3,56.0
KH06077,47.0,18.3,10.8,ky_su,TP HCM,3,54.0
KH06078,18.0,26.0,14.3,nhan_vien,Ha Noi,1,57.0
KH06079,25.0,11.4,6.5,giao_vien,TP HCM,1,56.0
KH06080,21.0,31.7,11.2,bac_si,Can Tho,3,32.0
KH06081,27.0,20.5,12.3,giao_vien,TP HCM,3,54.0
KH06082,52.0,32.1,19.3,giao_vien,TP HCM,8,64.0
KH06083,29.0,41.2,23.2,kinh_doanh,TP HCM,9,55.0
KH06084,56.0,15.6,9.4,nhan_vien,TP HCM,1,54.0
KH06085,38.0,19.7,17.1,kinh_doanh,TP HCM,3,98.0
KH06086,42.0,23.6,20.9,nhan_vien,Ha Noi,11,84.0
KH06087,27.0,33.8,22.4,bac_si,Ha Noi,2,57.0
KH06088,42.0,12.7,5.1,ky_su,Hai Phong,2,37.0
KH06089,34.0,10.4,9.3,nhan_vien,Da Nang,1,75.0
KH06090,30.0,6.7,2.8,sinh_vien,Ha Noi,0,34.0
KH06091,35.0,9.1,9.3,sinh_vien,Da Nang,3,100.0
KH06092,45.0,20.3,9.2,kinh_doanh,TP HCM,4,48.0
KH06093,18.0,5.2,3.7,sinh_vien,Can Tho,0,62.0
KH06094,42.0,24.2,13.2,giao_vien,Can Tho,9,51.0
KH06095,42.0,10.8,7.7,ky_su,Hai Phong,0,60.0
KH06096,18.0,7.7,3.3,sinh_vien,TP HCM,1,43.0
KH06097,34.0,16.3,13.4,ky_su,Da Nang,2,90.0
KH06098,43.0,23.5,20.8,ky_su,Hai Phong,7,100.0
KH06099,46.0,25.9,22.5,ky_su,TP HCM,9,83.0
KH06100,33.0,16.1,12.7,ky_su,Da Nang,5,89.0
KH06101,37.0,31.2,14.5,ky_su,Ha Noi,1,39.0
KH06102,36.0,13.0,6.2,giao_vien,Ha Noi,3,38.0
KH06103,26.0,35.3,29.4,kinh_doanh,Hai Phong,8,96.0
KH06104,46.0,34.9,25.2,nhan_vien,Ha Noi,6,59.0
KH06105,40.0,4.5,2.9,sinh_vien,Ha Noi,0,75.0
KH06106,39.0,46.5,36.1,kinh_doanh,TP HCM,6,70.0
KH06107,48.0,15.9,10.9,ky_su,Ha Noi,4,58.0
KH06108,39.0,18.4,10.3,ky_su,TP HCM,4,47.0
KH06109,41.0,22.8,14.9,kinh_doanh,Ha Noi,2,61.0
KH06110,38.0,16.1,10.2,nhan_vien,Ha Noi,6,60.0
KH06111,34.0,28.5,13.6,kinh_doanh,Da Nang,2,45.0
KH06112,40.0,6.2,4.3,nhan_vien,Hai Phong,1,77.0
KH06113,18.0,11.2,3.3,nhan_vien,TP HCM,2,25.0
KH06114,34.0,30.5,17.3,giao_vien,Can Tho,9,61.0
KH06115,33.0,9.1,5.5,giao_vien,Can Tho,2,57.0
KH06116,36.0,32.3,24.4,nhan_vien,TP HCM,9,64.0
KH06117,54.0,3.3,2.6,sinh_vien,Ha Noi,0,94.0
KH06118,34.0,15.5,12.7,nhan_vien,Can Tho,2,89.0
KH06119,22.0,30.0,18.2,ky_su,Ha Noi,4,61.0
KH06120,25.0,32.6,24.6,kinh_doanh,Da Nang,6,83.0
KH06121,24.0,33.1,22.9,ky_su,Ha Noi,3,80.0
KH06122,32.0,2.8,0.8,sinh_vien,Da Nang,1,30.0
KH06123,35.0,18.2,13.4,nhan_vien,Ha Noi,3,64.0
KH06124,56.0,12.1,4.7,nhan_vien,Da Nang,0,42.0
KH06125,26.0,17.8,11.8,giao_vien,TP HCM,4,68.0
KH06126,30.0,7.6,5.2,sinh_vien,TP HCM,2,60.0
KH06127,27.0,11.3,6.9,nhan_vien,Ha Noi,2,62.0
KH06128,35.0,29.3,19.0,ky_su,Da Nang,5,74.0
KH06129,44.0,24.5,10.6,kinh_doanh,Da Nang,3,45.0
KH06130,38.0,10.4,6.6,giao_vien,Ha Noi,1,52.0
KH06131,44.0,53.3,26.8,bac_si,TP HCM,9,48.0
KH06132,24.0,27.6,22.3,kinh_doanh,TP HCM,4,91.0
KH06133,41.0,27.7,17.4,nhan_vien,TP HCM,4,58.0
KH06134,35.0,40.0,35.4,kinh_doanh,Da Nang,9,83.0
KH06135,32.0,29.8,17.5,ky_su,Ha Noi,3,48.0
KH06136,27.0,18.9,9.7,nhan_vien,Hai Phong,0,41.0
KH06137,39.0,9.0,6.1,giao_vien,TP HCM,0,69.0
KH06138,38.0,18.1,8.7,nhan_vien,Ha Noi,1,42.0
KH06139,41.0,7.8,9.8,nhan_vien,Ha Noi,3,100.0
KH06140,49.0,7.2,5.5,sinh_vien,TP HCM,2,63.0
KH06141,24.0,24.4,9.3,bac_si,TP HCM,2,34.0
KH06142,22.0,21.6,9.1,ky_su,Ha Noi,1,41.0
KH06143,31.0,25.5,12.1,kinh_doanh,Da Nang,3,40.0
KH06144,30.0,20.4,18.0,bac_si,Hai Phong,7,92.0
KH06145,23.0,15.4,7.4,nhan_vien,TP HCM,1,48.0
KH06146,22.0,20.7,12.2,giao_vien,Hai Phong,6,64.0
KH06147,47.0,33.7,24.4,ky_su,Ha Noi,7,68.0
KH06148,32.0,13.8,8.2,nhan_vien,Ha Noi,0,59.0
KH06149,20.0,1.9,1.9,sinh_vien,Hai Phong,1,100.0
KH06150,46.0,6.2,5.7,sinh_vien,TP HCM,1,99.0
KH06151,39.0,39.4,15.3,kinh_doanh,Da Nang,1,35.0
KH06152,35.0,15.9,12.6,kinh_doanh,TP HCM,1,66.0
KH06153,59.0,5.1,4.8,sinh_vien,TP HCM,1,100.0
KH06154,46.0,16.8,15.0,kinh_doanh,TP HCM,5,72.0
KH06155,44.0,32.8,27.9,ky_su,Can Tho,11,76.0
KH06156,31.0,8.0,2.9,nhan_vien,TP HCM,2,42.0
KH06157,18.0,10.9,5.7,ky_su,Ha Noi,0,42.0
KH06158,45.0,34.1,26.0,ky_su,TP HCM,6,78.0
KH06159,41.0,20.0,9.9,kinh_doanh,TP HCM,2,55.0
KH06160,18.0,19.6,11.2,kinh_doanh,Ha Noi,4,66.0
KH06161,18.0,19.1,8.0,kinh_doanh,Can Tho,3,44.0
KH06162,45.0,20.3,15.5,nhan_vien,Ha Noi,5,86.0
KH06163,29.0,21.3,16.8,nhan_vien,Da Nang,4,72.0
KH06164,41.0,17.2,14.2,kinh_doanh,Hai Phong,6,78.0
KH06165,24.0,16.4,15.0,nhan_vien,TP HCM,4,100.0
KH06166,24.0,27.5,21.4,kinh_doanh,Ha Noi,4,63.0
KH06167,47.0,12.8,3.7,nhan_vien,TP HCM,2,29.0
KH06168,40.0,34.1,23.8,kinh_doanh,Can Tho,8,77.0
KH06169,51.0,37.4,17.6,ky_su,TP HCM,4,54.0
KH06170,44.0,6.1,4.4,nhan_vien,Ha Noi,0,60.0
KH06171,40.0,8.6,6.7,nhan_vien,TP HCM,1,80.0
KH06172,18.0,9.2,4.6,giao_vien,Hai Phong,1,56.0
KH06173,29.0,8.4,4.2,nhan_vien,TP HCM,1,58.0
KH06174,38.0,24.7,15.2,nhan_vien,Ha Noi,4,62.0
KH06175,45.0,40.7,26.1,ky_su,TP HCM,8,63.0
KH06176,24.0,17.0,8.7,bac_si,TP HCM,3,46.0
KH06177,27.0,13.9,11.2,giao_vien,TP HCM,0,85.0
KH06178,27.0,16.5,10.0,nhan_vien,Hai Phong,3,51.0
KH06179,39.0,6.7,4.1,nhan_vien,Can Tho,1,51.0
KH06180,52.0,38.1,18.3,ky_su,Da Nang,5,46.0
KH06181,32.0,16.0,6.3,nhan_vien,TP HCM,4,44.0
KH06182,43.0,22.1,12.8,nhan_vien,TP HCM,3,55.0
KH06183,20.0,34.8,10.3,ky_su,Ha Noi,4,32.0
KH06184,31.0,12.3,10.9,bac_si,TP HCM,4,86.0
KH06185,44.0,33.5,23.0,nhan_vien,Da Nang,8,77.0
KH06186,23.0,47.0,18.7,ky_su,Da Nang,3,36.0
KH06187,42.0,12.9,5.8,kinh_doanh,Hai Phong,1,42.0
KH06188,47.0,30.5,23.3,ky_su,Ha Noi,2,72.0
KH06189,36.0,9.5,2.5,nhan_vien,Can Tho,1,31.0
KH06190,44.0,15.5,6.4,nhan_vien,TP HCM,3,37.0
KH06191,40.0,14.9,11.1,ky_su,Hai Phong,5,83.0
KH06192,49.0,10.0,7.4,giao_vien,Ha Noi,1,86.0
KH06193,18.0,25.1,11.5,ky_su,Ha Noi,3,47.0
KH06194,25.0,17.4,10.2,nhan_vien,TP HCM,3,65.0
KH06195,39.0,11.3,4.5,bac_si,Ha Noi,1,44.0
KH06196,49.0,21.4,12.2,ky_su,Ha Noi,1,47.0
KH06197,49.0,6.9,4.3,giao_vien,TP HCM,1,60.0
KH06198,27.0,12.2,11.5,nhan_vien,TP HCM,2,100.0
KH06199,38.0,9.7,3.3,giao_vien,Hai Phong,0,29.0
KH06200,33.0,27.5,11.3,bac_si,TP HCM,5,44.0
KH06201,18.0,12.6,9.0,nhan_vien,Ha Noi,4,84.0
KH06202,44.0,16.4,13.6,nhan_vien,Ha Noi,2,78.0
KH06203,25.0,12.5,10.1,kinh_doanh,Da Nang,3,80.0
KH06204,52.0,28.8,15.3,ky_su,Ha Noi,2,55.0
KH06205,30.0,15.7,7.9,giao_vien,Ha Noi,3,58.0
KH06206,39.0,31.6,17.6,nhan_vien,Da Nang,5,61.0
KH06207,36.0,16.7,10.4,nhan_vien,Ha Noi,5,51.0
KH06208,41.0,11.0,5.5,nhan_vien,TP HCM,3,58.0
KH06209,37.0,11.0,2.6,kinh_doanh,Can Tho,0,28.0
KH06210,43.0,18.7,7.5,ky_su,Ha Noi,6,35.0
KH06211,41.0,22.3,8.1,ky_su,Ha Noi,2,41.0
KH06212,37.0,6.0,4.7,sinh_vien,TP HCM,1,80.0
KH06213,34.0,33.9,22.0,kinh_doanh,TP HCM,9,59.0
KH06214,34.0,9.6,10.1,giao_vien,Ha Noi,4,90.0
KH06215,45.0,13.9,7.4,giao_vien,Can Tho,1,49.0
KH06216,18.0,3.9,4.4,sinh_vien,TP HCM,2,100.0
KH06217,47.0,32.3,28.4,kinh_doanh,TP HCM,9,75.0
KH06218,35.0,23.8,15.4,ky_su,TP HCM,2,64.0
KH06219,33.0,18.3,9.2,ky_su,Ha Noi,0,47.0
KH06220,45.0,17.7,13.7,ky_su,Ha Noi,3,76.0
KH06221,32.0,27.8,23.2,nhan_vien,TP HCM,5,92.0
KH06222,27.0,7.1,4.8,sinh_vien,Hai Phong,2,66.0
KH06223,22.0,16.9,9.9,kinh_doanh,Can Tho,4,48.0
KH06224,35.0,23.7,14.5,kinh_doanh,Ha Noi,7,49.0
KH06225,40.0,14.9,8.7,kinh_doanh,TP HCM,3,59.0
KH06226,36.0,10.1,5.4,nhan_vien,Da Nang,0,49.0
KH06227,31.0,14.6,9.6,kinh_doanh,Da Nang,2,57.0
KH06228,43.0,29.9,19.3,bac_si,TP HCM,6,67.0
KH06229,41.0,23.6,9.8,kinh_doanh,Can Tho,4,39.0
KH06230,39.0,18.6,8.4,kinh_doanh,Hai Phong,1,39.0
KH06231,24.0,3.0,1.1,sinh_vien,TP HCM,2,43.0
KH06232,24.0,6.6,1.0,nhan_vien,TP HCM,0,15.0
KH06233,33.0,4.9,3.5,nhan_vien,Da Nang,0,73.0
KH06234,36.0,17.6,10.0,giao_vien,Ha Noi,3,64.0
KH06235,62.0,23.8,22.1,bac_si,Ha Noi,7,82.0
KH06236,18.0,31.7,14.7,kinh_doanh,Ha Noi,2,55.0
KH06237,50.0,13.4,8.0,nhan_vien,TP HCM,2,54.0
KH06238,41.0,145.4,79.4,bac_si,Da Nang,16,59.0
KH06239,51.0,24.0,13.1,ky_su,TP HCM,1,61.0
KH06240,47.0,31.2,12.1,ky_su,Ha Noi,2,33.0
KH06241,47.0,9.9,4.1,giao_vien,Ha Noi,1,41.0
KH06242,26.0,29.7,19.5,ky_su,Da Nang,6,74.0
KH06243,20.0,38.3,14.0,ky_su,Hai Phong,3,39.0
KH06244,27.0,26.1,9.6,ky_su,Ha Noi,3,40.0
KH06245,52.0,20.5,16.6,nhan_vien,Ha Noi,5,72.0
KH06246,38.0,26.4,9.0,ky_su,TP HCM,3,35.0
KH06247,34.0,13.8,6.7,nhan_vien,Hai Phong,2,51.0
KH06248,36.0,28.7,11.5,ky_su,TP HCM,3,38.0
KH06249,34.0,16.9,13.5,giao_vien,TP HCM,4,75.0
KH06250,30.0,14.1,9.3,kinh_doanh,Ha Noi,0,53.0
KH06251,23.0,8.3,6.6,nhan_vien,TP HCM,3,69.0
KH06252,37.0,15.8,11.4,nhan_vien,Ha Noi,6,84.0
KH06253,66.0,24.6,17.5,nhan_vien,Hai Phong,6,63.0
KH06254,34.0,19.6,17.2,nhan_vien,TP HCM,6,100.0
KH06255,41.0,13.4,5.5,giao_vien,Da Nang,2,47.0
KH06256,44.0,3.1,3.3,sinh_vien,TP HCM,3,100.0
KH06257,35.0,27.5,16.0,bac_si,Hai Phong,6,57.0
KH06258,27.0,26.2,15.2,kinh_doanh,TP HCM,6,65.0
KH06259,24.0,37.5,23.4,kinh_doanh,Da Nang,4,66.0
KH06260,37.0,24.8,13.2,bac_si,TP HCM,4,46.0
KH06261,42.0,31.3,11.0,ky_su,Ha Noi,2,41.0
KH06262,43.0,22.6,18.1,bac_si,TP HCM,5,76.0
KH06263,23.0,12.1,7.1,giao_vien,Ha Noi,0,59.0
KH06264,25.0,40.8,28.6,kinh_doanh,Ha Noi,5,74.0
KH06265,42.0,19.4,10.3,bac_si,Hai Phong,5,43.0
KH06266,34.0,26.9,15.2,giao_vien,TP HCM,3,49.0
KH06267,25.0,15.4,5.7,kinh_doanh,Da Nang,2,35.0
KH06268,50.0,12.2,8.9,giao_vien,Da Nang,1,65.0
KH06269,46.0,15.7,5.0,nhan_vien,Ha Noi,3,34.0
KH06270,37.0,37.3,26.9,nhan_vien,TP HCM,7,79.0
KH06271,34.0,18.4,12.9,bac_si,TP HCM,5,64.0
KH06272,44.0,30.9,23.4,bac_si,Hai Phong,8,66.0
KH06273,35.0,9.7,4.8,giao_vien,TP HCM,0,57.0
KH06274,43.0,15.0,6.9,giao_vien,TP HCM,0,44.0
KH06275,36.0,21.2,11.5,kinh_doanh,TP HCM,4,46.0
KH06276,31.0,40.9,17.1,ky_su,Da Nang,2,45.0
KH06277,49.0,6.1,4.3,sinh_vien,TP HCM,0,70.0
KH06278,57.0,4.3,4.1,sinh_vien,TP HCM,1,85.0
KH06279,45.0,20.7,6.8,nhan_vien,Ha Noi,2,29.0
KH06280,26.0,6.6,5.8,sinh_vien,TP HCM,1,77.0
KH06281,45.0,16.7,9.2,nhan_vien,TP HCM,1,56.0
KH06282,49.0,15.7,6.3,ky_su,Ha Noi,2,42.0
KH06283,39.0,15.9,5.2,nhan_vien,TP HCM,2,29.0
KH06284,35.0,9.9,6.4,nhan_vien,TP HCM,2,69.0
KH06285,38.0,14.9,6.0,ky_su,Ha Noi,2,45.0
KH06286,30.0,19.7,12.4,giao_vien,Da Nang,4,68.0
KH06287,39.0,14.1,9.4,nhan_vien,Da Nang,0,59.0
KH06288,27.0,10.7,5.5,ky_su,TP HCM,1,50.0
KH06289,41.0,8.4,3.0,ky_su,TP HCM,2,39.0
KH06290,47.0,19.1,8.9,bac_si,TP HCM,3,40.0
KH06291,32.0,14.5,12.2,nhan_vien,Ha Noi,2,90.0
KH06292,25.0,9.9,3.1,sinh_vien,Hai Phong,1,32.0
KH06293,45.0,23.7,17.7,kinh_doanh,Hai Phong,4,87.0
KH06294,24.0,11.1,10.7,kinh_doanh,TP HCM,2,100.0
KH06295,35.0,10.5,8.1,nhan_vien,Ha Noi,6,82.0
KH06296,41.0,19.3,13.5,kinh_doanh,TP HCM,3,67.0
KH06297,43.0,39.7,30.0,kinh_doanh,Ha Noi,7,76.0
KH06298,27.0,10.2,6.5,bac_si,Can Tho,5,73.0
KH06299,34.0,29.0,24.9,ky_su,TP HCM,6,75.0
KH06300,23.0,8.1,6.5,nhan_vien,TP HCM,0,93.0
KH06301,46.0,13.6,7.5,nhan_vien,Ha Noi,1,64.0
KH06302,36.0,43.5,24.4,kinh_doanh,Da Nang,3,61.0
KH06303,27.0,4.7,3.1,sinh_vien,Can Tho,2,78.0
KH06304,26.0,17.5,11.7,giao_vien,Da Nang,5,55.0
KH06305,42.0,2.3,0.7,sinh_vien,Ha Noi,0,33.0
KH06306,33.0,9.1,6.4,nhan_vien,TP HCM,2,74.0
KH06307,18.0,8.5,3.2,bac_si,Ha Noi,0,45.0
KH06308,39.0,8.1,7.7,nhan_vien,Da Nang,1,100.0
KH06309,41.0,3.7,1.5,nhan_vien,Can Tho,0,39.0
KH06310,44.0,60.0,34.7,bac_si,TP HCM,5,53.0
KH06311,35.0,21.7,10.4,nhan_vien,Hai Phong,4,50.0
KH06312,56.0,9.5,3.3,nhan_vien,Ha Noi,0,31.0
KH06313,32.0,37.9,19.1,bac_si,Ha Noi,5,50.0
KH06314,35.0,6.7,3.3,nhan_vien,Da Nang,0,41.0
KH06315,27.0,10.4,3.3,sinh_vien,Can Tho,0,31.0
KH06316,41.0,19.6,12.8,nhan_vien,Da Nang,1,65.0
KH06317,48.0,8.2,3.2,nhan_vien,TP HCM,0,39.0
KH06318,34.0,10.9,4.3,nhan_vien,Can Tho,1,32.0
KH06319,41.0,17.0,8.5,giao_vien,TP HCM,1,56.0
KH06320,42.0,34.4,12.6,bac_si,Da Nang,6,31.0
KH06321,54.0,4.1,3.3,sinh_vien,Ha Noi,0,73.0
KH06322,39.0,28.7,19.7,kinh_doanh,TP HCM,3,65.0
KH06323,26.0,10.8,8.1,giao_vien,Can Tho,5,72.0
KH06324,25.0,25.8,7.5,kinh_doanh,Ha Noi,2,30.0
KH06325,20.0,14.0,8.8,nhan_vien,TP HCM,0,65.0
KH06326,40.0,41.0,18.0,ky_su,TP HCM,1,37.0
KH06327,39.0,16.8,8.2,bac_si,Da Nang,3,56.0
KH06328,35.0,11.7,5.9,giao_vien,Ha Noi,1,40.0
KH06329,26.0,7.6,4.4,sinh_vien,Da Nang,1,46.0
KH06330,32.0,30.5,10.4,giao_vien,Da Nang,3,32.0
KH06331,35.0,58.8,46.8,bac_si,Ha Noi,12,71.0
KH06332,31.0,21.8,14.8,ky_su,Hai Phong,1,65.0
KH06333,42.0,13.5,12.0,giao_vien,TP HCM,2,98.0
KH06334,47.0,7.6,1.5,sinh_vien,TP HCM,0,17.0
KH06335,28.0,6.2,5.6,nhan_vien,TP HCM,3,95.0
KH06336,35.0,29.0,14.7,nhan_vien,Da Nang,4,42.0
KH06337,47.0,13.7,6.4,giao_vien,Ha Noi,1,55.0
KH06338,24.0,29.8,17.0,nhan_vien,Can Tho,3,50.0
KH06339,29.0,23.0,10.5,nhan_vien,TP HCM,2,41.0
KH06340,30.0,43.8,21.7,bac_si,Ha Noi,4,49.0
KH06341,35.0,17.2,8.0,nhan_vien,Hai Phong,3,38.0
KH06342,37.0,27.7,20.1,nhan_vien,Ha Noi,4,69.0
KH06343,22.0,22.4,9.7,nhan_vien,TP HCM,2,42.0
KH06344,27.0,6.9,2.7,ky_su,TP HCM,1,36.0
KH06345,45.0,11.5,7.1,nhan_vien,TP HCM,1,53.0
KH06346,34.0,27.3,15.8,bac_si,Can Tho,7,48.0
KH06347,47.0,11.3,6.8,giao_vien,Da Nang,2,69.0
KH06348,35.0,43.9,34.3,ky_su,Ha Noi,7,66.0
KH06349,30.0,22.6,20.9,bac_si,Can Tho,5,80.0
KH06350,39.0,18.1,14.9,nhan_vien,TP HCM,1,74.0
KH06351,23.0,8.4,5.3,giao_vien,TP HCM,1,61.0
KH06352,28.0,13.2,11.5,nhan_vien,Can Tho,3,73.0
KH06353,49.0,32.3,13.9,kinh_doanh,TP HCM,3,37.0
KH06354,44.0,9.1,7.4,sinh_vien,TP HCM,1,86.0
KH06355,33.0,38.6,24.1,ky_su,TP HCM,2,59.0
KH06356,33.0,18.1,13.3,ky_su,TP HCM,2,76.0
KH06357,47.0,26.5,12.6,kinh_doanh,TP HCM,3,54.0
KH06358,26.0,37.8,20.2,giao_vien,Can Tho,6,46.0
KH06359,38.0,22.3,14.8,kinh_doanh,TP HCM,6,70.0
KH06360,29.0,22.4,17.5,kinh_doanh,TP HCM,5,76.0
KH06361,56.0,9.9,8.2,sinh_vien,Ha Noi,4,96.0
KH06362,30.0,27.8,18.5,ky_su,Da Nang,6,78.0
KH06363,39.0,19.2,11.4,ky_su,TP HCM,1,54.0
KH06364,44.0,30.2,18.1,ky_su,Da Nang,7,71.0
KH06365,50.0,37.6,23.9,ky_su,TP HCM,8,54.0
KH06366,18.0,7.3,5.9,sinh_vien,Ha Noi,3,93.0
KH06367,38.0,6.9,1.6,sinh_vien,TP HCM,0,24.0
KH06368,24.0,38.7,17.1,bac_si,Ha Noi,5,38.0
KH06369,48.0,33.5,17.7,kinh_doanh,TP HCM,6,59.0
KH06370,33.0,18.1,9.8,kinh_doanh,Ha Noi,3,61.0
KH06371,18.0,11.8,6.0,giao_vien,Ha Noi,2,58.0
KH06372,35.0,20.5,15.4,nhan_vien,TP HCM,5,78.0
KH06373,34.0,20.4,12.6,nhan_vien,Ha Noi,7,53.0
KH06374,44.0,30.0,14.9,ky_su,TP HCM,7,40.0
KH06375,38.0,17.5,13.5,kinh_doanh,TP HCM,6,79.0
KH06376,24.0,27.3,9.2,ky_su,Ha Noi,3,30.0
KH06377,41.0,10.5,6.1,nhan_vien,Ha Noi,2,64.0
KH06378,41.0,11.0,7.3,nhan_vien,Ha Noi,0,55.0
KH06379,41.0,17.4,7.4,ky_su,Can Tho,0,43.0
KH06380,44.0,20.8,8.8,nhan_vien,Da Nang,2,42.0
KH06381,50.0,18.4,12.7,giao_vien,Hai Phong,4,69.0
KH06382,49.0,2.9,3.6,sinh_vien,Hai Phong,2,100.0
KH06383,47.0,23.4,12.6,giao_vien,Ha Noi,3,48.0
KH06384,18.0,12.7,3.7,giao_vien,TP HCM,0,27.0
KH06385,44.0,10.5,4.3,kinh_doanh,TP HCM,0,39.0
KH06386,47.0,6.0,3.5,sinh_vien,Ha Noi,0,58.0
KH06387,45.0,17.0,9.9,nhan_vien,Can Tho,2,48.0
KH06388,18.0,19.7,10.6,nhan_vien,Hai Phong,2,46.0
KH06389,18.0,26.9,11.9,giao_vien,TP HCM,3,42.0
KH06390,24.0,18.0,9.5,giao_vien,Can Tho,4,62.0
KH06391,31.0,15.0,11.7,nhan_vien,Hai Phong,2,77.0
KH06392,53.0,24.4,11.4,bac_si,Da Nang,2,42.0
KH06393,42.0,12.5,5.8,nhan_vien,Ha Noi,0,38.0
KH06394,46.0,20.9,9.5,kinh_doanh,Can Tho,2,39.0
KH06395,18.0,12.9,7.6,giao_vien,Da Nang,2,59.0
KH06396,52.0,10.2,7.6,nhan_vien,TP HCM,0,67.0
KH06397,37.0,21.5,5.6,nhan_vien,TP HCM,1,27.0
KH06398,32.0,9.5,3.2,nhan_vien,Can Tho,0,33.0
KH06399,34.0,19.8,17.7,bac_si,Ha Noi,2,94.0
KH06400,36.0,23.5,9.5,kinh_doanh,Ha Noi,2,35.0
KH06401,31.0,2.1,0.5,sinh_vien,Ha Noi,0,25.0
KH06402,26.0,24.8,16.3,nhan_vien,Can Tho,4,62.0
KH06403,20.0,16.2,3.6,nhan_vien,TP HCM,1,24.0
KH06404,45.0,19.8,9.2,ky_su,Ha Noi,4,44.0
KH06405,29.0,15.6,12.7,ky_su,Can Tho,3,89.0
KH06406,53.0,15.9,7.2,nhan_vien,Da Nang,2,44.0
KH06407,26.0,17.3,3.2,giao_vien,TP HCM,0,15.0
KH06408,34.0,26.3,11.3,kinh_doanh,Ha Noi,3,48.0
KH06409,27.0,15.7,10.8,giao_vien,TP HCM,1,70.0
KH06410,29.0,13.6,10.4,nhan_vien,Da Nang,5,72.0
KH06411,32.0,17.0,12.6,giao_vien,TP HCM,7,86.0
KH06412,18.0,13.1,11.7,ky_su,Can Tho,2,100.0
KH06413,36.0,32.3,25.4,ky_su,Ha Noi,7,93.0
KH06414,50.0,17.1,10.4,nhan_vien,Hai Phong,6,65.0
KH06415,47.0,4.9,2.3,sinh_vien,Ha Noi,3,49.0
KH06416,29.0,25.3,11.7,bac_si,Can Tho,2,39.0
KH06417,43.0,28.2,18.9,kinh_doanh,Da Nang,5,70.0
KH06418,36.0,14.8,6.7,kinh_doanh,Da Nang,4,48.0
KH06419,40.0,13.9,10.0,bac_si,Ha Noi,3,85.0
KH06420,34.0,7.2,4.4,nhan_vien,TP HCM,0,56.0
KH06421,41.0,7.2,4.7,nhan_vien,TP HCM,2,57.0
KH06422,55.0,43.5,33.7,bac_si,TP HCM,12,87.0
KH06423,31.0,3.1,5.0,sinh_vien,TP HCM,1,100.0
KH06424,47.0,21.4,7.3,ky_su,Ha Noi,0,28.0
KH06425,50.0,10.9,4.9,giao_vien,Ha Noi,1,50.0
KH06426,18.0,18.6,4.6,kinh_doanh,Ha Noi,2,26.0
KH06427,39.0,22.6,15.7,nhan_vien,TP HCM,1,83.0
KH06428,30.0,20.4,8.1,nhan_vien,Ha Noi,2,47.0
KH06429,32.0,18.3,10.8,ky_su,TP HCM,2,71.0
KH06430,24.0,28.6,15.8,nhan_vien,Hai Phong,7,53.0
KH06431,67.0,17.5,6.3,ky_su,TP HCM,0,36.0
KH06432,34.0,6.8,1.6,sinh_vien,Ha Noi,1,22.0
KH06433,37.0,32.9,16.4,bac_si,TP HCM,3,40.0
KH06434,45.0,17.8,9.3,nhan_vien,TP HCM,0,42.0
KH06435,51.0,14.2,7.0,nhan_vien,Da Nang,1,49.0
KH06436,47.0,9.0,7.8,nhan_vien,TP HCM,2,70.0
KH06437,21.0,36.6,18.1,kinh_doanh,Can Tho,3,41.0
KH06438,23.0,19.8,14.5,kinh_doanh,Da Nang,8,73.0
KH06439,48.0,19.1,7.4,ky_su,TP HCM,3,32.0
KH06440,21.0,16.0,8.7,nhan_vien,Hai Phong,2,47.0
KH06441,38.0,9.4,5.0,nhan_vien,Can Tho,1,55.0
KH06442,48.0,43.1,18.0,bac_si,TP HCM,7,46.0
KH06443,41.0,10.7,5.9,giao_vien,TP HCM,1,55.0
KH06444,55.0,21.3,16.2,nhan_vien,Can Tho,2,81.0
KH06445,25.0,16.3,8.6,ky_su,Hai Phong,3,48.0
KH06446,41.0,11.8,7.6,giao_vien,Ha Noi,2,63.0
KH06447,46.0,12.0,9.6,giao_vien,Ha Noi,2,88.0
KH06448,35.0,27.7,12.2,nhan_vien,Hai Phong,4,35.0
KH06449,36.0,22.4,7.6,ky_su,TP HCM,0,35.0
KH06450,41.0,15.6,7.8,nhan_vien,Hai Phong,2,59.0
KH06451,44.0,14.5,9.6,nhan_vien,TP HCM,3,60.0
KH06452,40.0,6.0,4.8,nhan_vien,TP HCM,2,78.0
KH06453,27.0,11.4,10.2,giao_vien,Da Nang,4,89.0
KH06454,44.0,14.6,11.8,giao_vien,Da Nang,4,82.0
KH06455,25.0,16.7,10.4,kinh_doanh,Da Nang,3,53.0
KH06456,25.0,22.8,8.4,ky_su,Ha Noi,0,31.0
KH06457,18.0,14.6,6.1,nhan_vien,Can Tho,0,45.0
KH06458,43.0,11.8,7.2,giao_vien,TP HCM,2,66.0
KH06459,61.0,14.9,8.4,giao_vien,Can Tho,5,56.0
KH06460,40.0,23.5,10.4,giao_vien,Hai Phong,3,41.0
KH06461,37.0,23.1,12.7,nhan_vien,Da Nang,2,60.0
KH06462,34.0,19.0,14.7,ky_su,TP HCM,2,86.0
KH06463,52.0,45.1,19.6,kinh_doanh,Ha Noi,5,36.0
KH06464,18.0,23.2,16.7,bac_si,Ha Noi,2,86.0
KH06465,48.0,2.8,1.6,sinh_vien,Ha Noi,0,47.0
KH06466,21.0,19.3,6.9,bac_si,Da Nang,2,37.0
KH06467,18.0,20.1,16.0,ky_su,Da Nang,4,94.0
KH06468,47.0,4.9,4.3,sinh_vien,TP HCM,0,72.0
KH06469,45.0,10.2,10.0,ky_su,TP HCM,3,91.0
KH06470,36.0,17.8,12.0,kinh_doanh,Da Nang,5,64.0
KH06471,39.0,12.5,10.6,giao_vien,Ha Noi,4,87.0
KH06472,55.0,20.1,14.4,giao_vien,Da Nang,7,58.0
KH06473,25.0,27.1,14.9,kinh_doanh,TP HCM,4,48.0
KH06474,35.0,10.4,2.2,giao_vien,Ha Noi,1,23.0
KH06475,63.0,16.9,6.4,ky_su,Hai Phong,3,38.0
KH06476,22.0,8.8,3.5,nhan_vien,TP HCM,0,40.0
KH06477,26.0,21.6,12.8,giao_vien,Can Tho,0,54.0
KH06478,36.0,6.7,4.8,sinh_vien,Da Nang,4,65.0
KH06479,41.0,16.8,8.9,ky_su,Hai Phong,5,62.0
KH06480,41.0,8.7,4.2,nhan_vien,TP HCM,1,44.0
KH06481,48.0,17.1,11.3,nhan_vien,Hai Phong,1,70.0
KH06482,55.0,2.8,1.5,sinh_vien,Ha Noi,0,61.0
KH06483,36.0,13.1,4.9,ky_su,Ha Noi,0,35.0
KH06484,41.0,50.3,41.5,kinh_doanh,Can Tho,13,92.0
KH06485,36.0,9.6,6.6,nhan_vien,TP HCM,2,64.0
KH06486,32.0,12.3,7.1,giao_vien,Ha Noi,2,58.0
KH06487,44.0,21.0,6.9,ky_su,Ha Noi,1,33.0
KH06488,58.0,34.8,25.8,ky_su,Can Tho,4,89.0
KH06489,42.0,7.3,3.1,giao_vien,TP HCM,1,38.0
KH06490,52.0,26.5,10.5,nhan_vien,Hai Phong,4,47.0
KH06491,39.0,23.8,17.2,ky_su,TP HCM,4,68.0
KH06492,20.0,17.6,6.5,nhan_vien,Ha Noi,4,43.0
KH06493,46.0,41.0,20.0,ky_su,Can Tho,5,47.0
KH06494,31.0,18.5,13.2,kinh_doanh,Hai Phong,1,65.0
KH06495,51.0,23.6,8.7,nhan_vien,TP HCM,2,38.0
KH06496,20.0,26.2,14.8,kinh_doanh,TP HCM,4,59.0
KH06497,41.0,4.5,5.9,sinh_vien,Can Tho,1,100.0
KH06498,37.0,6.2,5.2,nhan_vien,TP HCM,0,75.0
KH06499,25.0,7.5,3.9,giao_vien,Hai Phong,0,49.0
KH06500,18.0,34.3,24.5,bac_si,Can Tho,8,70.0
KH06501,41.0,10.1,2.9,giao_vien,TP HCM,1,30.0
KH06502,36.0,39.8,15.3,ky_su,Ha Noi,4,31.0
KH06503,33.0,3.7,2.6,sinh_vien,TP HCM,0,68.0
KH06504,62.0,12.1,7.5,giao_vien,Hai Phong,1,58.0
KH06505,32.0,35.2,24.0,ky_su,TP HCM,9,73.0
KH06506,43.0,12.4,8.8,nhan_vien,Ha Noi,2,61.0
KH06507,43.0,8.6,5.2,sinh_vien,Ha Noi,1,52.0
KH06508,32.0,21.1,17.3,giao_vien,Ha Noi,8,68.0
KH06509,31.0,32.0,20.5,bac_si,Ha Noi,4,58.0
KH06510,23.0,6.4,4.1,nhan_vien,TP HCM,2,61.0
KH06511,24.0,26.2,11.6,nhan_vien,TP HCM,3,47.0
KH06512,27.0,29.6,18.6,nhan_vien,Ha Noi,0,69.0
KH06513,31.0,25.3,14.9,ky_su,Can Tho,3,47.0
KH06514,38.0,8.5,0.5,giao_vien,Ha Noi,0,6.0
KH06515,48.0,20.4,14.8,ky_su,TP HCM,4,78.0
KH06516,33.0,16.3,10.7,bac_si,Ha Noi,1,71.0
KH06517,25.0,18.8,11.6,nhan_vien,Ha Noi,3,53.0
KH06518,37.0,22.8,16.8,ky_su,TP HCM,8,61.0
KH06519,43.0,21.8,16.9,kinh_doanh,Can Tho,6,79.0
KH06520,47.0,7.9,8.1,giao_vien,TP HCM,2,97.0
KH06521,31.0,11.3,1.9,sinh_vien,TP HCM,1,16.0
KH06522,54.0,28.6,18.3,kinh_doanh,TP HCM,7,71.0
KH06523,31.0,14.0,8.5,kinh_doanh,TP HCM,3,67.0
KH06524,32.0,14.5,7.9,ky_su,Da Nang,1,51.0
KH06525,34.0,32.6,21.0,kinh_doanh,Da Nang,3,58.0
KH06526,30.0,37.8,19.6,giao_vien,Ha Noi,5,51.0
KH06527,39.0,32.8,22.9,kinh_doanh,Ha Noi,7,60.0
KH06528,46.0,16.2,8.0,nhan_vien,Ha Noi,4,59.0
KH06529,22.0,23.0,13.2,ky_su,Ha Noi,2,57.0
KH06530,20.0,5.6,1.3,sinh_vien,TP HCM,0,26.0
KH06531,33.0,21.4,10.2,ky_su,Can Tho,5,42.0
KH06532,27.0,17.2,13.8,nhan_vien,Ha Noi,0,93.0
KH06533,33.0,30.5,22.9,nhan_vien,Can Tho,5,62.0
KH06534,47.0,12.2,6.5,ky_su,Ha Noi,1,45.0
KH06535,53.0,31.1,18.6,ky_su,Ha Noi,6,63.0
KH06536,50.0,15.2,2.4,nhan_vien,TP HCM,0,13.0
KH06537,34.0,17.3,12.7,nhan_vien,Da Nang,4,77.0
KH06538,35.0,4.2,1.5,sinh_vien,Ha Noi,0,38.0
KH06539,31.0,26.9,11.6,kinh_doanh,Can Tho,6,39.0
KH06540,55.0,17.3,13.1,kinh_doanh,Hai Phong,4,73.0
KH06541,19.0,12.7,5.5,nhan_vien,TP HCM,3,48.0
KH06542,34.0,19.3,11.7,nhan_vien,Ha Noi,6,60.0
KH06543,51.0,56.9,42.0,ky_su,Da Nang,8,60.0
KH06544,37.0,22.0,11.1,kinh_doanh,Hai Phong,4,52.0
KH06545,39.0,14.2,4.8,nhan_vien,Ha Noi,1,34.0
KH06546,48.0,14.6,10.5,nhan_vien,Ha Noi,2,65.0
KH06547,31.0,18.5,13.1,nhan_vien,Ha Noi,4,60.0
KH06548,36.0,12.9,5.1,sinh_vien,Ha Noi,1,47.0
KH06549,40.0,20.4,17.9,giao_vien,Ha Noi,4,79.0
KH06550,49.0,8.9,7.4,nhan_vien,TP HCM,4,98.0
KH06551,37.0,49.4,31.6,ky_su,Hai Phong,7,67.0
KH06552,61.0,25.5,17.2,kinh_doanh,Ha Noi,3,60.0
KH06553,42.0,76.1,43.8,kinh_doanh,TP HCM,12,48.0
KH06554,47.0,33.9,22.2,nhan_vien,Da Nang,6,75.0
KH06555,42.0,8.0,5.7,nhan_vien,Ha Noi,1,81.0
KH06556,31.0,31.5,19.6,kinh_doanh,Can Tho,8,73.0
KH06557,33.0,44.2,31.3,nhan_vien,TP HCM,9,74.0
KH06558,37.0,21.1,16.7,ky_su,TP HCM,9,84.0
KH06559,47.0,44.5,36.0,ky_su,TP HCM,5,68.0
KH06560,42.0,6.7,4.7,giao_vien,Can Tho,0,80.0
KH06561,24.0,36.4,14.5,bac_si,TP HCM,2,41.0
KH06562,48.0,9.0,4.0,nhan_vien,Ha Noi,0,40.0
KH06563,26.0,2.7,2.0,sinh_vien,TP HCM,0,61.0
KH06564,19.0,11.6,4.1,nhan_vien,TP HCM,1,35.0
KH06565,32.0,18.8,14.1,giao_vien,TP HCM,7,75.0
KH06566,36.0,20.3,9.0,ky_su,TP HCM,5,38.0
KH06567,36.0,16.2,11.8,bac_si,Hai Phong,3,79.0
KH06568,54.0,35.5,29.1,bac_si,Ha Noi,7,76.0
KH06569,35.0,65.1,32.7,ky_su,TP HCM,2,51.0
KH06570,35.0,32.1,16.2,kinh_doanh,TP HCM,3,49.0
KH06571,28.0,13.0,12.3,nhan_vien,TP HCM,6,100.0
KH06572,49.0,16.7,12.3,giao_vien,TP HCM,2,81.0
KH06573,28.0,55.1,17.5,ky_su,Can Tho,5,27.0
KH06574,26.0,24.1,15.2,kinh_doanh,TP HCM,1,52.0
KH06575,43.0,33.4,14.5,nhan_vien,Da Nang,3,45.0
KH06576,19.0,16.3,12.1,kinh_doanh,Can Tho,3,63.0
KH06577,38.0,23.9,7.6,kinh_doanh,TP HCM,1,30.0
KH06578,18.0,11.4,7.6,nhan_vien,Da Nang,2,79.0
KH06579,33.0,22.6,19.6,kinh_doanh,TP HCM,7,71.0
KH06580,34.0,6.3,6.5,nhan_vien,Ha Noi,2,100.0
KH06581,39.0,25.7,14.9,nhan_vien,TP HCM,3,53.0
KH06582,48.0,19.4,10.1,ky_su,Ha Noi,5,44.0
KH06583,43.0,23.4,13.9,nhan_vien,Da Nang,10,71.0
KH06584,35.0,17.9,15.2,nhan_vien,Ha Noi,2,87.0
KH06585,18.0,6.8,5.4,sinh_vien,Ha Noi,1,92.0
KH06586,41.0,6.0,5.2,sinh_vien,TP HCM,2,100.0
KH06587,56.0,14.8,11.0,nhan_vien,Ha Noi,2,75.0
KH06588,24.0,12.7,6.1,nhan_vien,TP HCM,2,39.0
KH06589,25.0,21.6,15.9,ky_su,Can Tho,2,73.0
KH06590,31.0,16.3,6.1,ky_su,Hai Phong,3,38.0
KH06591,39.0,13.4,11.2,ky_su,Ha Noi,0,86.0
KH06592,27.0,22.3,8.5,kinh_doanh,Ha Noi,0,39.0
KH06593,39.0,14.4,7.8,giao_vien,Ha Noi,1,65.0
KH06594,34.0,21.6,15.5,giao_vien,Hai Phong,3,71.0
KH06595,48.0,19.0,10.4,nhan_vien,Da Nang,3,56.0
KH06596,18.0,28.1,22.9,kinh_doanh,Da Nang,6,82.0
KH06597,61.0,6.0,3.5,sinh_vien,Ha Noi,0,64.0
KH06598,38.0,3.7,1.9,sinh_vien,Da Nang,0,42.0
KH06599,35.0,14.1,12.1,nhan_vien,Hai Phong,1,88.0
KH06600,39.0,6.3,2.3,nhan_vien,Ha Noi,0,42.0
KH06601,37.0,16.3,13.7,nhan_vien,Hai Phong,2,76.0
KH06602,27.0,34.5,25.9,bac_si,Da Nang,12,75.0
KH06603,51.0,13.1,9.7,nhan_vien,TP HCM,2,60.0
KH06604,51.0,20.7,13.0,bac_si,Ha Noi,3,68.0
KH06605,49.0,11.7,4.9,kinh_doanh,Can Tho,0,39.0
KH06606,45.0,23.2,19.1,giao_vien,Ha Noi,8,91.0
KH06607,43.0,10.6,10.0,sinh_vien,Ha Noi,2,90.0
KH06608,37.0,22.0,16.7,nhan_vien,Ha Noi,1,68.0
KH06609,39.0,42.3,31.9,nhan_vien,Ha Noi,8,65.0
KH06610,43.0,7.7,3.5,giao_vien,TP HCM,1,50.0
KH06611,27.0,20.1,9.3,ky_su,TP HCM,4,44.0
KH06612,29.0,26.2,15.3,ky_su,Hai Phong,8,56.0
KH06613,27.0,12.2,5.0,giao_vien,Hai Phong,0,43.0
KH06614,33.0,19.2,15.4,nhan_vien,Ha Noi,3,65.0
KH06615,35.0,15.9,9.5,nhan_vien,Ha Noi,1,68.0
KH06616,47.0,10.0,8.5,sinh_vien,Ha Noi,1,98.0
KH06617,39.0,12.6,9.5,giao_vien,Can Tho,5,67.0
KH06618,24.0,13.5,7.9,nhan_vien,TP HCM,0,52.0
KH06619,40.0,21.9,13.8,giao_vien,TP HCM,4,61.0
KH06620,43.0,35.0,13.5,kinh_doanh,TP HCM,5,40.0
KH06621,43.0,16.7,7.1,nhan_vien,TP HCM,2,50.0
KH06622,26.0,4.9,3.0,sinh_vien,TP HCM,0,60.0
KH06623,34.0,24.3,16.1,bac_si,TP HCM,7,64.0
KH06624,23.0,8.2,6.5,nhan_vien,Can Tho,1,64.0
KH06625,23.0,11.4,5.9,nhan_vien,Ha Noi,1,42.0
KH06626,35.0,11.6,7.9,sinh_vien,Ha Noi,3,61.0
KH06627,21.0,21.0,13.5,giao_vien,Da Nang,4,77.0
KH06628,28.0,10.8,5.0,ky_su,Hai Phong,0,38.0
KH06629,24.0,50.4,31.2,bac_si,Da Nang,3,69.0
KH06630,37.0,14.4,11.2,giao_vien,TP HCM,2,85.0
KH06631,37.0,10.4,4.1,nhan_vien,TP HCM,1,43.0
KH06632,34.0,20.0,8.1,nhan_vien,TP HCM,3,43.0
KH06633,41.0,12.8,4.6,ky_su,Ha Noi,1,31.0
KH06634,30.0,9.5,7.0,nhan_vien,Ha Noi,0,74.0
KH06635,32.0,32.8,21.6,kinh_doanh,TP HCM,3,66.0
KH06636,62.0,24.1,14.8,kinh_doanh,Ha Noi,1,52.0
KH06637,50.0,16.9,11.3,ky_su,TP HCM,0,59.0
KH06638,54.0,8.2,4.7,nhan_vien,Ha Noi,1,61.0
KH06639,42.0,49.3,38.4,kinh_doanh,TP HCM,6,63.0
KH06640,33.0,24.8,16.1,nhan_vien,Can Tho,2,72.0
KH06641,23.0,2.6,1.6,sinh_vien,Da Nang,0,66.0
KH06642,44.0,7.0,4.1,sinh_vien,Ha Noi,1,64.0
KH06643,36.0,40.3,18.6,bac_si,Hai Phong,3,45.0
KH06644,26.0,19.6,16.3,ky_su,TP HCM,5,93.0
KH06645,28.0,14.3,9.0,kinh_doanh,TP HCM,0,71.0
KH06646,30.0,16.5,14.2,nhan_vien,Da Nang,2,85.0
KH06647,21.0,16.5,11.7,ky_su,TP HCM,4,69.0
KH06648,42.0,15.1,11.7,nhan_vien,Hai Phong,5,73.0
KH06649,24.0,9.6,4.5,nhan_vien,TP HCM,0,47.0
KH06650,50.0,17.9,8.5,bac_si,TP HCM,1,40.0
KH06651,42.0,8.3,5.1,nhan_vien,Da Nang,0,60.0
KH06652,38.0,14.0,9.1,giao_vien,Ha Noi,2,67.0
KH06653,42.0,13.9,11.3,nhan_vien,TP HCM,5,82.0
KH06654,39.0,24.3,17.4,ky_su,Da Nang,5,57.0
KH06655,33.0,22.2,11.8,bac_si,TP HCM,2,59.0
KH06656,44.0,29.2,24.6,ky_su,TP HCM,8,86.0
KH06657,43.0,15.1,11.8,bac_si,Da Nang,3,81.0
KH06658,40.0,21.3,11.1,ky_su,Ha Noi,0,49.0
KH06659,55.0,24.2,22.1,ky_su,Can Tho,7,94.0
KH06660,35.0,3.9,3.7,sinh_vien,Da Nang,0,97.0
KH06661,31.0,27.6,17.6,kinh_doanh,Da Nang,2,55.0
KH06662,39.0,6.0,3.0,sinh_vien,TP HCM,2,40.0
KH06663,48.0,8.7,7.1,giao_vien,TP HCM,0,80.0
KH06664,30.0,10.8,4.7,giao_vien,Hai Phong,1,44.0
KH06665,49.0,39.3,25.9,bac_si,Hai Phong,3,53.0
KH06666,41.0,11.0,9.1,giao_vien,Ha Noi,4,89.0
KH06667,45.0,13.5,11.2,nhan_vien,TP HCM,2,73.0
KH06668,27.0,31.9,22.1,kinh_doanh,TP HCM,11,70.0
KH06669,42.0,31.6,17.9,kinh_doanh,Can Tho,3,66.0
KH06670,41.0,15.9,11.4,giao_vien,Hai Phong,3,60.0
KH06671,46.0,5.1,4.8,sinh_vien,Ha Noi,2,92.0
KH06672,38.0,29.0,9.7,ky_su,Can Tho,1,31.0
KH06673,36.0,24.8,15.9,giao_vien,TP HCM,5,71.0
KH06674,18.0,11.8,2.8,giao_vien,Da Nang,1,20.0
KH06675,52.0,14.6,11.1,giao_vien,Da Nang,3,83.0
KH06676,39.0,21.0,10.4,ky_su,Ha Noi,2,46.0
KH06677,37.0,18.0,5.0,kinh_doanh,TP HCM,3,29.0
KH06678,49.0,21.6,17.3,nhan_vien,Da Nang,4,71.0
KH06679,18.0,31.9,13.9,kinh_doanh,Ha Noi,3,40.0
KH06680,33.0,8.3,4.8,nhan_vien,Can Tho,0,55.0
KH06681,35.0,3.8,2.2,sinh_vien,Ha Noi,0,60.0
KH06682,26.0,16.3,9.6,nhan_vien,Hai Phong,1,69.0
KH06683,41.0,14.8,8.8,ky_su,Ha Noi,5,59.0
KH06684,44.0,29.0,12.3,nhan_vien,Ha Noi,2,47.0
KH06685,40.0,15.3,6.4,bac_si,Can Tho,0,46.0
KH06686,38.0,13.9,5.9,giao_vien,Hai Phong,0,44.0
KH06687,35.0,9.2,5.2,ky_su,TP HCM,0,55.0
KH06688,45.0,28.1,15.3,nhan_vien,Ha Noi,2,61.0
KH06689,22.0,18.0,14.5,giao_vien,Ha Noi,4,96.0
KH06690,44.0,50.2,16.7,ky_su,TP HCM,2,39.0
KH06691,21.0,19.8,11.5,kinh_doanh,Ha Noi,3,52.0
KH06692,50.0,29.4,15.3,ky_su,Can Tho,1,45.0
KH06693,36.0,17.0,11.9,giao_vien,Ha Noi,5,74.0
KH06694,37.0,24.8,13.4,ky_su,Hai Phong,6,54.0
KH06695,46.0,27.3,12.1,kinh_doanh,TP HCM,2,49.0
KH06696,48.0,39.5,29.4,ky_su,Ha Noi,11,64.0
KH06697,37.0,12.7,9.2,ky_su,TP HCM,1,70.0
KH06698,27.0,26.8,11.1,bac_si,TP HCM,2,38.0
KH06699,31.0,24.4,8.7,giao_vien,Da Nang,3,43.0
KH06700,26.0,18.9,15.0,kinh_doanh,TP HCM,2,91.0
KH06701,44.0,25.0,18.9,nhan_vien,Ha Noi,7,86.0
KH06702,47.0,12.2,4.7,giao_vien,Ha Noi,1,41.0
KH06703,44.0,14.6,5.3,bac_si,TP HCM,1,32.0
KH06704,22.0,16.7,9.4,nhan_vien,TP HCM,1,53.0
KH06705,25.0,22.1,18.4,ky_su,Hai Phong,6,73.0
KH06706,24.0,24.2,9.9,kinh_doanh,Ha Noi,0,47.0
KH06707,44.0,10.9,9.6,nhan_vien,Hai Phong,1,83.0
KH06708,33.0,13.2,6.9,bac_si,TP HCM,3,50.0
KH06709,29.0,14.8,5.2,kinh_doanh,TP HCM,0,30.0
KH06710,52.0,18.8,9.1,kinh_doanh,TP HCM,1,45.0
KH06711,21.0,7.9,5.7,nhan_vien,Ha Noi,1,62.0
KH06712,39.0,16.7,15.6,kinh_doanh,TP HCM,2,86.0
KH06713,39.0,15.4,8.9,kinh_doanh,Ha Noi,2,64.0
KH06714,40.0,10.3,5.9,nhan_vien,TP HCM,1,51.0
KH06715,41.0,16.2,8.6,ky_su,TP HCM,3,58.0
KH06716,30.0,17.9,7.9,ky_su,Hai Phong,2,39.0
KH06717,49.0,12.6,9.2,giao_vien,Ha Noi,3,84.0
KH06718,22.0,27.7,22.6,ky_su,Ha Noi,2,72.0
KH06719,49.0,26.7,10.2,kinh_doanh,TP HCM,5,44.0
KH06720,34.0,28.4,12.4,ky_su,Can Tho,7,43.0
KH06721,31.0,26.0,16.8,ky_su,TP HCM,2,60.0
KH06722,47.0,14.9,10.9,nhan_vien,TP HCM,0,64.0
KH06723,34.0,13.4,11.9,bac_si,Hai Phong,3,85.0
KH06724,30.0,13.2,9.6,nhan_vien,Can Tho,3,84.0
KH06725,53.0,4.7,2.0,nhan_vien,Da Nang,1,49.0
KH06726,33.0,10.3,8.5,nhan_vien,Ha Noi,3,82.0
KH06727,45.0,29.1,9.6,nhan_vien,Da Nang,1,27.0
KH06728,46.0,11.7,4.8,ky_su,Ha Noi,1,38.0
KH06729,27.0,7.7,1.7,nhan_vien,Ha Noi,0,19.0
KH06730,18.0,10.5,7.4,ky_su,TP HCM,1,63.0
KH06731,36.0,24.6,18.8,kinh_doanh,Da Nang,3,88.0
KH06732,40.0,13.3,12.3,nhan_vien,TP HCM,4,100.0
KH06733,21.0,29.9,22.9,giao_vien,TP HCM,4,83.0
KH06734,36.0,19.6,5.7,nhan_vien,Ha Noi,2,28.0
KH06735,48.0,22.2,18.6,nhan_vien,Da Nang,4,89.0
KH06736,35.0,29.9,14.0,ky_su,Ha Noi,3,43.0
KH06737,18.0,13.4,4.3,giao_vien,Can Tho,2,32.0
KH06738,49.0,13.1,11.9,nhan_vien,Da Nang,2,100.0
KH06739,36.0,25.9,14.6,nhan_vien,TP HCM,3,62.0
KH06740,35.0,10.4,2.9,nhan_vien,Da Nang,0,28.0
KH06741,29.0,11.1,3.7,giao_vien,TP HCM,0,33.0
KH06742,34.0,14.4,6.2,giao_vien,Can Tho,3,44.0
KH06743,18.0,8.9,3.6,ky_su,TP HCM,1,37.0
KH06744,44.0,17.9,9.5,nhan_vien,TP HCM,5,54.0
KH06745,41.0,12.2,7.9,sinh_vien,Can Tho,2,72.0
KH06746,39.0,17.4,7.7,nhan_vien,Da Nang,3,53.0
KH06747,18.0,16.0,13.8,kinh_doanh,Can Tho,5,94.0
KH06748,27.0,10.3,7.9,nhan_vien,Hai Phong,0,85.0
KH06749,34.0,24.4,18.6,nhan_vien,TP HCM,3,87.0
KH06750,38.0,15.8,6.6,ky_su,TP HCM,2,50.0
KH06751,33.0,13.8,6.9,kinh_doanh,TP HCM,1,58.0
KH06752,28.0,15.6,13.6,bac_si,Ha Noi,4,99.0
KH06753,27.0,9.1,0.7,giao_vien,TP HCM,1,6.0
KH06754,27.0,19.6,10.3,ky_su,Ha Noi,3,42.0
KH06755,42.0,14.3,5.4,kinh_doanh,TP HCM,1,35.0
KH06756,56.0,4.9,2.7,sinh_vien,Can Tho,1,54.0
KH06757,35.0,10.9,8.3,giao_vien,TP HCM,3,69.0
KH06758,25.0,18.8,10.4,kinh_doanh,TP HCM,2,61.0
KH06759,32.0,35.1,14.7,kinh_doanh,Can Tho,3,45.0
KH06760,18.0,25.1,11.5,ky_su,Da Nang,6,43.0
KH06761,23.0,16.6,15.9,ky_su,Da Nang,2,91.0
KH06762,34.0,7.3,3.7,nhan_vien,TP HCM,0,59.0
KH06763,58.0,19.7,13.4,ky_su,Ha Noi,3,56.0
KH06764,40.0,19.3,11.3,nhan_vien,TP HCM,3,54.0
KH06765,38.0,37.7,19.4,nhan_vien,TP HCM,7,49.0
KH06766,53.0,5.8,2.9,sinh_vien,TP HCM,1,52.0
KH06767,59.0,20.8,15.0,giao_vien,TP HCM,3,77.0
KH06768,41.0,14.0,4.6,ky_su,Ha Noi,0,33.0
KH06769,38.0,1.8,4.1,sinh_vien,TP HCM,2,100.0
KH06770,27.0,14.8,9.5,nhan_vien,Da Nang,3,56.0
KH06771,29.0,18.2,12.6,giao_vien,Ha Noi,3,83.0
KH06772,27.0,11.5,6.0,nhan_vien,Hai Phong,3,56.0
KH06773,49.0,20.9,8.5,giao_vien,Can Tho,2,40.0
KH06774,42.0,3.2,1.1,sinh_vien,Ha Noi,2,29.0
KH06775,24.0,8.6,6.6,giao_vien,TP HCM,2,66.0
KH06776,41.0,12.0,6.9,giao_vien,TP HCM,1,52.0
KH06777,38.0,10.2,5.3,sinh_vien,TP HCM,0,42.0
KH06778,22.0,19.7,5.6,kinh_doanh,TP HCM,2,26.0
KH06779,41.0,6.7,4.3,nhan_vien,TP HCM,0,62.0
KH06780,26.0,6.4,1.5,giao_vien,Ha Noi,0,25.0
KH06781,32.0,6.5,4.5,sinh_vien,Hai Phong,1,64.0
KH06782,29.0,16.2,11.4,giao_vien,TP HCM,3,79.0
KH06783,44.0,22.7,8.5,ky_su,TP HCM,3,41.0
KH06784,27.0,11.1,7.3,nhan_vien,Ha Noi,1,74.0
KH06785,43.0,25.9,17.7,kinh_doanh,Ha Noi,4,80.0
KH06786,43.0,5.3,7.0,nhan_vien,Ha Noi,0,100.0
KH06787,29.0,22.8,15.6,kinh_doanh,TP HCM,9,75.0
KH06788,18.0,9.4,6.7,nhan_vien,Ha Noi,2,67.0
KH06789,35.0,38.9,16.7,ky_su,TP HCM,4,42.0
KH06790,28.0,15.7,11.0,ky_su,TP HCM,1,71.0
KH06791,20.0,7.1,2.9,sinh_vien,Ha Noi,2,33.0
KH06792,34.0,13.1,10.7,nhan_vien,Ha Noi,5,90.0
KH06793,43.0,9.0,3.4,ky_su,Ha Noi,1,33.0
KH06794,27.0,14.7,13.8,nhan_vien,Hai Phong,3,97.0
KH06795,20.0,15.7,9.3,nhan_vien,Ha Noi,3,58.0
KH06796,39.0,13.3,10.3,giao_vien,Da Nang,3,71.0
KH06797,45.0,30.2,22.6,kinh_doanh,Ha Noi,6,67.0
KH06798,29.0,23.4,12.8,ky_su,Ha Noi,5,45.0
KH06799,40.0,13.5,8.4,nhan_vien,Can Tho,2,53.0
KH06800,51.0,45.8,37.7,bac_si,TP HCM,7,83.0
KH06801,27.0,25.4,11.9,nhan_vien,Ha Noi,1,41.0
KH06802,43.0,5.1,1.9,giao_vien,Ha Noi,0,44.0
KH06803,31.0,17.8,12.7,nhan_vien,Can Tho,2,67.0
KH06804,24.0,24.3,15.8,kinh_doanh,TP HCM,6,73.0
KH06805,22.0,5.4,4.5,sinh_vien,Da Nang,4,86.0
KH06806,23.0,3.3,4.1,sinh_vien,TP HCM,2,100.0
KH06807,57.0,36.3,15.7,bac_si,Ha Noi,5,36.0
KH06808,41.0,28.8,22.7,nhan_vien,Da Nang,12,77.0
KH06809,52.0,9.4,5.6,sinh_vien,Ha Noi,4,62.0
KH06810,55.0,7.3,7.0,sinh_vien,TP HCM,1,100.0
KH06811,46.0,17.8,8.4,sinh_vien,Ha Noi,3,43.0
KH06812,43.0,20.2,13.5,bac_si,TP HCM,3,80.0
KH06813,39.0,20.9,7.2,kinh_doanh,Ha Noi,1,29.0
KH06814,55.0,27.9,19.9,ky_su,TP HCM,10,71.0
KH06815,45.0,16.1,12.2,bac_si,Hai Phong,6,65.0
KH06816,42.0,73.8,49.0,ky_su,Ha Noi,13,58.0
KH06817,28.0,22.1,11.6,giao_vien,TP HCM,5,45.0
KH06818,57.0,3.3,5.1,sinh_vien,Ha Noi,1,100.0
KH06819,39.0,42.7,31.1,ky_su,Da Nang,7,77.0
KH06820,38.0,6.9,3.7,nhan_vien,Hai Phong,2,54.0
KH06821,42.0,19.7,7.1,kinh_doanh,Da Nang,2,38.0
KH06822,35.0,13.5,8.1,kinh_doanh,TP HCM,2,69.0
KH06823,28.0,6.0,1.9,sinh_vien,TP HCM,1,36.0
KH06824,55.0,15.4,11.2,nhan_vien,Da Nang,5,81.0
KH06825,29.0,26.4,23.1,kinh_doanh,TP HCM,7,89.0
KH06826,42.0,24.2,17.2,giao_vien,TP HCM,6,78.0
KH06827,48.0,43.4,29.8,ky_su,Hai Phong,10,72.0
KH06828,23.0,39.5,31.3,bac_si,Ha Noi,5,67.0
KH06829,38.0,57.1,28.3,kinh_doanh,TP HCM,8,45.0
KH06830,29.0,5.9,5.2,giao_vien,Hai Phong,1,73.0
KH06831,33.0,36.9,12.7,kinh_doanh,Ha Noi,4,39.0
KH06832,40.0,5.3,4.0,sinh_vien,Da Nang,0,85.0
KH06833,52.0,28.4,11.3,ky_su,TP HCM,3,32.0
KH06834,49.0,12.0,3.3,giao_vien,TP HCM,0,27.0
KH06835,31.0,17.6,11.3,kinh_doanh,TP HCM,4,59.0
KH06836,32.0,14.9,10.9,ky_su,Ha Noi,1,66.0
KH06837,54.0,10.4,7.8,nhan_vien,Can Tho,3,62.0
KH06838,43.0,18.4,9.9,kinh_doanh,Hai Phong,7,52.0
KH06839,25.0,13.8,8.6,nhan_vien,Hai Phong,4,57.0
KH06840,40.0,14.7,7.5,nhan_vien,Da Nang,0,51.0
KH06841,30.0,3.7,3.5,sinh_vien,Da Nang,0,100.0
KH06842,39.0,16.3,9.1,nhan_vien,TP HCM,4,56.0
KH06843,39.0,29.9,11.3,kinh_doanh,Da Nang,1,35.0
KH06844,46.0,34.0,25.2,kinh_doanh,TP HCM,5,62.0
KH06845,48.0,29.6,25.3,nhan_vien,Ha Noi,7,97.0
KH06846,32.0,19.9,13.5,bac_si,Ha Noi,4,75.0
KH06847,50.0,28.7,20.4,kinh_doanh,TP HCM,4,70.0
KH06848,20.0,18.8,10.5,giao_vien,Da Nang,2,45.0
KH06849,18.0,9.6,4.9,sinh_vien,Da Nang,0,56.0
KH06850,27.0,16.2,8.5,ky_su,Can Tho,0,59.0
KH06851,29.0,6.8,6.0,nhan_vien,Ha Noi,4,81.0
KH06852,33.0,17.5,11.7,nhan_vien,TP HCM,3,77.0
KH06853,49.0,26.7,22.6,bac_si,Ha Noi,6,99.0
KH06854,24.0,30.4,18.2,ky_su,Da Nang,3,53.0
KH06855,28.0,104.3,71.4,bac_si,TP HCM,17,66.0
KH06856,40.0,30.1,13.6,nhan_vien,TP HCM,7,52.0
KH06857,40.0,4.9,3.9,nhan_vien,TP HCM,2,93.0
KH06858,32.0,21.5,12.2,kinh_doanh,Ha Noi,4,62.0
KH06859,47.0,17.8,13.0,bac_si,TP HCM,1,69.0
KH06860,35.0,25.5,11.3,nhan_vien,Ha Noi,3,44.0
KH06861,43.0,22.8,16.8,ky_su,Da Nang,6,66.0
KH06862,40.0,20.0,8.3,nhan_vien,TP HCM,1,48.0
KH06863,57.0,3.7,0.8,sinh_vien,TP HCM,0,22.0
KH06864,31.0,41.0,15.5,kinh_doanh,TP HCM,1,38.0
KH06865,27.0,18.4,15.2,nhan_vien,TP HCM,2,71.0
KH06866,37.0,36.8,24.9,ky_su,Can Tho,10,76.0
KH06867,18.0,7.8,8.2,giao_vien,Ha Noi,0,93.0
KH06868,40.0,10.6,9.2,giao_vien,Da Nang,3,100.0
KH06869,32.0,33.6,12.4,bac_si,Can Tho,3,30.0
KH06870,38.0,8.5,4.7,nhan_vien,TP HCM,0,56.0
KH06871,36.0,12.7,4.7,bac_si,Da Nang,2,37.0
KH06872,40.0,21.4,8.6,ky_su,Can Tho,3,38.0
KH06873,18.0,25.5,21.2,ky_su,Ha Noi,8,90.0
KH06874,39.0,22.6,17.1,ky_su,Da Nang,2,82.0
KH06875,33.0,4.5,2.2,sinh_vien,Ha Noi,0,49.0
KH06876,29.0,32.7,28.8,ky_su,TP HCM,9,73.0
KH06877,46.0,15.2,8.6,nhan_vien,TP HCM,3,50.0
KH06878,34.0,25.2,14.0,kinh_doanh,TP HCM,2,55.0
KH06879,44.0,17.3,9.1,giao_vien,Hai Phong,2,45.0
KH06880,51.0,20.2,9.7,nhan_vien,Da Nang,0,46.0
KH06881,39.0,53.2,38.6,bac_si,TP HCM,11,66.0
KH06882,47.0,10.1,5.1,kinh_doanh,TP HCM,2,44.0
KH06883,44.0,18.8,18.0,nhan_vien,Ha Noi,6,84.0
KH06884,26.0,18.3,8.4,ky_su,Ha Noi,1,51.0
KH06885,39.0,14.9,12.1,nhan_vien,Da Nang,1,94.0
KH06886,47.0,29.0,10.9,ky_su,TP HCM,1,41.0
KH06887,41.0,27.4,19.2,ky_su,TP HCM,1,82.0
KH06888,22.0,13.9,9.7,nhan_vien,Ha Noi,2,56.0
KH06889,52.0,20.8,10.4,kinh_doanh,TP HCM,3,58.0
KH06890,22.0,26.5,13.6,ky_su,TP HCM,5,54.0
KH06891,29.0,24.5,11.1,kinh_doanh,TP HCM,2,46.0
KH06892,39.0,6.2,5.4,sinh_vien,Ha Noi,0,87.0
KH06893,29.0,23.0,20.2,nhan_vien,Ha Noi,2,95.0
KH06894,51.0,2.3,2.4,sinh_vien,Da Nang,0,100.0
KH06895,51.0,6.3,8.0,nhan_vien,TP HCM,3,100.0
KH06896,40.0,12.4,8.6,nhan_vien,Da Nang,3,58.0
KH06897,24.0,21.5,9.8,nhan_vien,Can Tho,6,39.0
KH06898,35.0,8.5,5.8,giao_vien,TP HCM,1,72.0
KH06899,37.0,14.6,10.4,nhan_vien,Ha Noi,2,65.0
KH06900,46.0,9.9,6.9,nhan_vien,TP HCM,0,75.0
KH06901,37.0,39.4,33.4,kinh_doanh,Ha Noi,9,93.0
KH06902,38.0,20.2,8.1,nhan_vien,Ha Noi,0,45.0
KH06903,45.0,9.3,5.8,giao_vien,Can Tho,1,60.0
KH06904,24.0,11.9,8.5,sinh_vien,TP HCM,0,70.0
KH06905,37.0,12.2,7.3,ky_su,Ha Noi,2,62.0
KH06906,37.0,29.9,21.9,ky_su,Ha Noi,2,71.0
KH06907,39.0,8.1,4.7,kinh_doanh,Hai Phong,2,68.0
KH06908,36.0,17.7,12.8,ky_su,TP HCM,0,66.0
KH06909,35.0,7.6,5.9,sinh_vien,Ha Noi,2,68.0
KH06910,18.0,15.8,12.4,ky_su,Ha Noi,6,92.0
KH06911,45.0,6.7,4.7,sinh_vien,TP HCM,1,83.0
KH06912,39.0,31.6,13.2,ky_su,Ha Noi,2,43.0
KH06913,32.0,19.4,15.5,bac_si,Da Nang,2,96.0
KH06914,41.0,11.0,8.4,nhan_vien,Can Tho,4,70.0
KH06915,43.0,61.5,32.6,ky_su,Can Tho,11,56.0
KH06916,44.0,4.6,3.7,sinh_vien,Ha Noi,1,83.0
KH06917,30.0,18.9,17.5,nhan_vien,TP HCM,4,82.0
KH06918,34.0,28.0,13.2,bac_si,TP HCM,2,38.0
KH06919,45.0,29.9,17.9,nhan_vien,TP HCM,4,68.0
KH06920,19.0,18.9,13.9,ky_su,Hai Phong,3,77.0
KH06921,44.0,17.4,9.2,ky_su,Hai Phong,1,49.0
KH06922,29.0,20.7,14.4,ky_su,Ha Noi,4,71.0
KH06923,36.0,9.5,6.5,kinh_doanh,TP HCM,1,66.0
KH06924,35.0,14.0,0.5,kinh_doanh,TP HCM,0,3.0
KH06925,34.0,46.0,34.1,bac_si,Hai Phong,8,87.0
KH06926,36.0,33.9,23.0,bac_si,TP HCM,6,59.0
KH06927,27.0,24.5,18.3,nhan_vien,Hai Phong,5,78.0
KH06928,21.0,27.3,11.8,ky_su,Ha Noi,2,49.0
KH06929,18.0,14.8,11.3,ky_su,TP HCM,1,67.0
KH06930,34.0,8.9,8.0,giao_vien,Ha Noi,5,92.0
KH06931,34.0,23.5,12.1,ky_su,Ha Noi,5,52.0
KH06932,36.0,28.4,11.3,kinh_doanh,Can Tho,0,48.0
KH06933,30.0,15.3,12.3,giao_vien,Hai Phong,6,80.0
KH06934,57.0,11.7,7.1,nhan_vien,Can Tho,1,50.0
KH06935,52.0,9.8,6.5,nhan_vien,TP HCM,3,63.0
KH06936,35.0,8.4,3.8,nhan_vien,Ha Noi,1,39.0
KH06937,18.0,32.0,16.9,ky_su,TP HCM,1,62.0
KH06938,35.0,12.1,8.5,nhan_vien,Ha Noi,3,82.0
KH06939,38.0,21.4,19.7,kinh_doanh,Hai Phong,2,98.0
KH06940,42.0,11.7,11.6,kinh_doanh,Hai Phong,3,95.0
KH06941,35.0,16.0,14.1,ky_su,Da Nang,6,77.0
KH06942,54.0,24.2,17.2,ky_su,TP HCM,4,61.0
KH06943,29.0,16.9,14.5,kinh_doanh,Da Nang,3,73.0
KH06944,45.0,3.8,0.7,sinh_vien,Da Nang,0,20.0
KH06945,35.0,43.8,19.8,ky_su,Ha Noi,4,41.0
KH06946,47.0,37.8,23.9,bac_si,Ha Noi,5,56.0
KH06947,43.0,13.8,7.5,nhan_vien,TP HCM,1,62.0
KH06948,22.0,25.2,17.8,kinh_doanh,TP HCM,6,67.0
KH06949,48.0,5.8,3.4,sinh_vien,Hai Phong,0,70.0
KH06950,42.0,52.3,22.5,ky_su,Da Nang,4,45.0
KH06951,30.0,27.0,20.8,giao_vien,TP HCM,5,90.0
KH06952,20.0,38.7,27.3,bac_si,Can Tho,6,57.0
KH06953,44.0,20.9,14.6,ky_su,TP HCM,2,82.0
KH06954,35.0,6.6,3.8,sinh_vien,TP HCM,2,62.0
KH06955,40.0,15.8,11.5,kinh_doanh,TP HCM,3,63.0
KH06956,18.0,28.5,20.7,bac_si,Ha Noi,4,83.0
KH06957,42.0,14.6,7.2,kinh_doanh,TP HCM,3,47.0
KH06958,41.0,3.8,6.1,sinh_vien,Can Tho,1,100.0
KH06959,39.0,2.1,2.0,sinh_vien,Can Tho,0,100.0
KH06960,38.0,19.3,14.9,nhan_vien,Ha Noi,1,88.0
KH06961,49.0,16.4,10.8,ky_su,Ha Noi,1,66.0
KH06962,54.0,18.4,13.0,kinh_doanh,Hai Phong,5,84.0
KH06963,53.0,3.9,2.1,sinh_vien,Ha Noi,0,50.0
KH06964,37.0,9.8,3.8,nhan_vien,TP HCM,1,40.0
KH06965,35.0,14.1,8.7,ky_su,TP HCM,2,52.0
KH06966,28.0,6.9,4.9,kinh_doanh,Ha Noi,0,73.0
KH06967,40.0,5.3,1.3,sinh_vien,Da Nang,0,20.0
KH06968,51.0,16.8,6.1,ky_su,TP HCM,1,33.0
KH06969,44.0,31.7,10.4,giao_vien,Can Tho,3,30.0
KH06970,33.0,20.6,13.5,nhan_vien,Ha Noi,5,62.0
KH06971,32.0,12.9,7.4,giao_vien,TP HCM,3,65.0
KH06972,35.0,4.8,4.4,sinh_vien,Hai Phong,2,100.0
KH06973,36.0,19.6,8.7,nhan_vien,TP HCM,5,36.0
KH06974,25.0,38.3,17.6,nhan_vien,TP HCM,4,39.0
KH06975,23.0,7.6,5.2,nhan_vien,Ha Noi,3,80.0
KH06976,37.0,15.3,10.6,nhan_vien,TP HCM,0,76.0
KH06977,48.0,6.7,2.8,giao_vien,TP HCM,1,48.0
KH06978,19.0,18.1,9.7,bac_si,Can Tho,2,64.0
KH06979,24.0,7.7,1.0,sinh_vien,TP HCM,0,16.0
KH06980,37.0,7.5,5.0,giao_vien,TP HCM,0,76.0
KH06981,54.0,11.0,5.6,bac_si,TP HCM,2,42.0
KH06982,33.0,16.0,9.3,nhan_vien,Ha Noi,1,49.0
KH06983,62.0,26.5,18.6,ky_su,TP HCM,7,63.0
KH06984,32.0,9.5,5.8,giao_vien,TP HCM,1,73.0
KH06985,24.0,10.6,7.5,ky_su,TP HCM,2,77.0
KH06986,33.0,10.9,9.3,ky_su,Hai Phong,2,82.0
KH06987,35.0,58.3,48.1,ky_su,Ha Noi,13,91.0
KH06988,35.0,33.4,25.3,kinh_doanh,Ha Noi,11,88.0
KH06989,39.0,31.6,13.5,nhan_vien,TP HCM,4,35.0
KH06990,25.0,16.3,12.4,nhan_vien,TP HCM,4,71.0
KH06991,34.0,15.1,7.6,giao_vien,TP HCM,1,55.0
KH06992,42.0,8.7,4.3,nhan_vien,Da Nang,3,53.0
KH06993,31.0,6.5,5.1,sinh_vien,Ha Noi,0,90.0
KH06994,34.0,29.0,15.1,ky_su,TP HCM,1,60.0
KH06995,38.0,7.4,5.7,bac_si,TP HCM,0,71.0
KH06996,41.0,10.8,9.7,giao_vien,TP HCM,2,82.0
KH06997,27.0,49.9,26.7,ky_su,Ha Noi,5,53.0
KH06998,40.0,34.9,28.3,kinh_doanh,TP HCM,4,69.0
KH06999,18.0,11.7,7.5,nhan_vien,Can Tho,3,67.0
KH07000,18.0,24.6,21.1,kinh_doanh,Da Nang,9,85.0
KH07001,28.0,19.3,6.7,nhan_vien,Da Nang,2,30.0
KH07002,49.0,34.2,15.2,kinh_doanh,TP HCM,4,42.0
KH07003,32.0,41.5,21.2,ky_su,Ha Noi,7,44.0
KH07004,18.0,14.3,11.0,nhan_vien,TP HCM,5,86.0
KH07005,30.0,5.9,4.2,sinh_vien,Can Tho,1,59.0
KH07006,18.0,11.4,8.2,kinh_doanh,TP HCM,1,69.0
KH07007,31.0,12.8,10.7,nhan_vien,Da Nang,4,81.0
KH07008,37.0,10.0,6.9,giao_vien,Ha Noi,0,71.0
KH07009,25.0,7.5,3.1,giao_vien,TP HCM,2,42.0
KH07010,48.0,15.4,9.5,giao_vien,Ha Noi,3,55.0
KH07011,42.0,15.2,12.4,ky_su,TP HCM,3,72.0
KH07012,18.0,18.5,14.3,nhan_vien,TP HCM,5,81.0
KH07013,32.0,34.6,18.6,kinh_doanh,TP HCM,4,56.0
KH07014,32.0,19.1,15.9,nhan_vien,TP HCM,2,95.0
KH07015,18.0,54.4,41.9,kinh_doanh,Hai Phong,16,87.0
KH07016,51.0,31.0,18.4,ky_su,Ha Noi,5,59.0
KH07017,22.0,6.1,1.6,sinh_vien,TP HCM,1,21.0
KH07018,40.0,30.6,17.4,nhan_vien,TP HCM,6,66.0
KH07019,43.0,10.0,5.5,giao_vien,TP HCM,3,47.0
KH07020,24.0,26.0,13.8,nhan_vien,TP HCM,1,47.0
KH07021,51.0,11.4,6.8,giao_vien,TP HCM,1,66.0
KH07022,46.0,34.8,15.3,ky_su,Hai Phong,1,40.0
KH07023,41.0,35.0,24.7,kinh_doanh,TP HCM,6,74.0
KH07024,55.0,30.3,21.3,nhan_vien,Can Tho,10,75.0
KH07025,18.0,13.6,9.6,nhan_vien,Da Nang,4,84.0
KH07026,20.0,10.6,7.7,giao_vien,TP HCM,1,59.0
KH07027,41.0,25.0,13.7,kinh_doanh,Hai Phong,1,51.0
KH07028,34.0,22.7,19.6,nhan_vien,TP HCM,6,80.0
KH07029,29.0,9.8,4.6,giao_vien,Ha Noi,2,50.0
KH07030,29.0,25.3,18.9,nhan_vien,Ha Noi,5,72.0
KH07031,50.0,13.7,11.9,giao_vien,Da Nang,3,81.0
KH07032,30.0,18.6,8.1,ky_su,TP HCM,6,39.0
KH07033,26.0,13.4,12.9,giao_vien,TP HCM,1,100.0
KH07034,22.0,12.1,8.6,nhan_vien,TP HCM,4,60.0
KH07035,27.0,10.7,4.8,giao_vien,Ha Noi,3,51.0
KH07036,45.0,7.2,4.0,sinh_vien,Ha Noi,1,45.0
KH07037,41.0,25.4,18.9,ky_su,TP HCM,0,84.0
KH07038,34.0,22.6,10.9,kinh_doanh,TP HCM,2,39.0
KH07039,45.0,14.3,5.7,nhan_vien,TP HCM,1,43.0
KH07040,33.0,39.8,21.8,bac_si,TP HCM,9,57.0
KH07041,22.0,15.6,8.5,giao_vien,Ha Noi,3,58.0
KH07042,35.0,28.6,15.0,giao_vien,TP HCM,6,58.0
KH07043,40.0,9.3,8.3,nhan_vien,TP HCM,2,100.0
KH07044,49.0,8.4,9.5,nhan_vien,TP HCM,3,94.0
KH07045,43.0,11.8,7.3,kinh_doanh,Can Tho,1,74.0
KH07046,39.0,34.8,24.7,bac_si,Ha Noi,3,66.0
KH07047,50.0,5.5,3.6,sinh_vien,TP HCM,0,76.0
KH07048,26.0,12.3,4.7,nhan_vien,Da Nang,0,35.0
KH07049,37.0,13.4,5.1,giao_vien,Da Nang,3,45.0
KH07050,54.0,23.2,17.5,ky_su,Hai Phong,2,86.0
KH07051,34.0,8.4,5.3,nhan_vien,TP HCM,2,69.0
KH07052,22.0,38.1,25.5,ky_su,Hai Phong,8,54.0
KH07053,31.0,12.7,5.1,nhan_vien,TP HCM,0,48.0
KH07054,28.0,7.2,4.7,nhan_vien,Ha Noi,3,72.0
KH07055,18.0,45.3,24.7,ky_su,TP HCM,12,64.0
KH07056,25.0,21.4,13.5,ky_su,Ha Noi,1,60.0
KH07057,38.0,9.8,4.3,nhan_vien,Can Tho,1,51.0
KH07058,39.0,25.4,12.7,ky_su,TP HCM,5,56.0
KH07059,48.0,33.9,25.5,ky_su,Ha Noi,11,70.0
KH07060,23.0,18.1,6.1,kinh_doanh,TP HCM,2,33.0
KH07061,22.0,17.9,13.4,kinh_doanh,Ha Noi,1,85.0
KH07062,29.0,28.0,9.2,ky_su,Da Nang,2,34.0
KH07063,56.0,14.9,16.1,kinh_doanh,TP HCM,2,100.0
KH07064,25.0,12.3,3.5,giao_vien,Ha Noi,2,32.0
KH07065,47.0,10.1,8.8,nhan_vien,Can Tho,5,97.0
KH07066,29.0,13.2,6.5,nhan_vien,Ha Noi,3,43.0
KH07067,19.0,33.8,17.5,nhan_vien,TP HCM,3,43.0
KH07068,28.0,22.3,14.0,giao_vien,TP HCM,5,65.0
KH07069,31.0,48.3,31.6,kinh_doanh,TP HCM,5,67.0
KH07070,36.0,23.1,15.8,bac_si,Ha Noi,4,59.0
KH07071,22.0,32.2,16.4,kinh_doanh,Can Tho,7,48.0
KH07072,40.0,8.7,7.7,giao_vien,Hai Phong,1,74.0
KH07073,34.0,22.6,10.9,nhan_vien,TP HCM,3,39.0
KH07074,31.0,16.7,3.3,nhan_vien,Da Nang,3,18.0
KH07075,41.0,5.8,1.6,giao_vien,TP HCM,0,31.0
KH07076,30.0,7.6,3.9,sinh_vien,TP HCM,1,57.0
KH07077,49.0,50.4,21.6,kinh_doanh,Can Tho,4,43.0
KH07078,34.0,7.3,5.6,sinh_vien,Hai Phong,0,81.0
KH07079,21.0,30.5,25.0,bac_si,TP HCM,6,67.0
KH07080,20.0,52.7,23.4,ky_su,Da Nang,3,51.0
KH07081,30.0,8.5,8.7,sinh_vien,Can Tho,4,100.0
KH07082,28.0,5.8,3.0,nhan_vien,TP HCM,1,55.0
KH07083,43.0,11.5,10.0,ky_su,Can Tho,3,95.0
KH07084,18.0,17.7,11.2,kinh_doanh,TP HCM,2,55.0
KH07085,25.0,27.4,9.9,ky_su,TP HCM,4,38.0
KH07086,29.0,17.6,9.5,kinh_doanh,Ha Noi,2,62.0
KH07087,34.0,8.4,5.1,sinh_vien,Can Tho,1,61.0
KH07088,47.0,16.2,7.0,nhan_vien,Ha Noi,1,37.0
KH07089,45.0,21.5,7.0,kinh_doanh,Hai Phong,4,28.0
KH07090,18.0,34.5,26.7,nhan_vien,TP HCM,5,79.0
KH07091,39.0,22.9,12.2,ky_su,TP HCM,3,56.0
KH07092,41.0,43.4,21.0,ky_su,TP HCM,1,50.0
KH07093,27.0,19.6,10.8,ky_su,Ha Noi,3,59.0
KH07094,40.0,15.2,7.8,nhan_vien,Hai Phong,3,43.0
KH07095,27.0,13.7,5.5,nhan_vien,Can Tho,1,39.0
KH07096,18.0,27.5,21.9,kinh_doanh,Da Nang,10,89.0
KH07097,38.0,14.7,11.7,ky_su,TP HCM,5,86.0
KH07098,39.0,15.5,13.1,nhan_vien,Da Nang,4,88.0
KH07099,38.0,28.9,24.0,ky_su,Da Nang,8,68.0
KH07100,26.0,15.5,9.1,giao_vien,Ha Noi,2,50.0
KH07101,28.0,22.5,20.4,ky_su,TP HCM,9,82.0
KH07102,27.0,10.3,6.1,nhan_vien,TP HCM,3,69.0
KH07103,38.0,24.3,19.7,nhan_vien,Hai Phong,4,81.0
KH07104,56.0,6.4,3.4,sinh_vien,Hai Phong,1,56.0
KH07105,37.0,39.8,15.4,nhan_vien,TP HCM,3,41.0
KH07106,36.0,10.6,4.8,nhan_vien,Ha Noi,2,51.0
KH07107,50.0,36.7,17.9,nhan_vien,Ha Noi,2,45.0
KH07108,44.0,21.5,14.7,nhan_vien,Ha Noi,3,71.0
KH07109,51.0,5.6,4.6,sinh_vien,Can Tho,0,83.0
KH07110,43.0,10.5,1.9,giao_vien,Da Nang,0,15.0
KH07111,60.0,25.6,19.1,nhan_vien,Ha Noi,6,82.0
KH07112,55.0,7.5,3.4,giao_vien,TP HCM,0,52.0
KH07113,53.0,11.5,8.0,giao_vien,Can Tho,1,59.0
KH07114,25.0,23.1,15.2,nhan_vien,TP HCM,2,64.0
KH07115,52.0,14.7,6.2,ky_su,Can Tho,2,46.0
KH07116,23.0,30.7,20.1,nhan_vien,Can Tho,3,57.0
KH07117,32.0,11.9,6.0,nhan_vien,TP HCM,1,48.0
KH07118,28.0,7.5,4.2,bac_si,Da Nang,0,52.0
KH07119,36.0,2.3,1.3,sinh_vien,TP HCM,1,55.0
KH07120,52.0,11.8,8.0,giao_vien,Ha Noi,0,60.0
KH07121,51.0,13.7,11.5,giao_vien,TP HCM,2,73.0
KH07122,37.0,11.3,8.9,ky_su,Ha Noi,3,70.0
KH07123,45.0,17.6,10.4,kinh_doanh,TP HCM,3,58.0
KH07124,27.0,9.3,8.8,kinh_doanh,Can Tho,5,100.0
KH07125,21.0,12.5,11.0,giao_vien,Ha Noi,4,100.0
KH07126,43.0,22.6,10.9,kinh_doanh,TP HCM,3,55.0
KH07127,29.0,19.8,14.8,nhan_vien,TP HCM,5,60.0
KH07128,34.0,46.3,20.3,bac_si,Can Tho,9,42.0
KH07129,27.0,20.0,14.7,nhan_vien,Da Nang,5,70.0
KH07130,29.0,21.9,14.8,nhan_vien,Can Tho,4,70.0
KH07131,20.0,6.5,6.3,sinh_vien,Can Tho,5,100.0
KH07132,44.0,10.5,5.8,nhan_vien,TP HCM,1,60.0
KH07133,45.0,42.5,33.4,kinh_doanh,TP HCM,11,79.0
KH07134,43.0,31.4,23.7,kinh_doanh,Hai Phong,7,63.0
KH07135,55.0,27.0,10.3,kinh_doanh,Ha Noi,5,31.0
KH07136,30.0,16.4,4.9,nhan_vien,Ha Noi,1,26.0
KH07137,32.0,31.4,13.5,nhan_vien,TP HCM,5,41.0
KH07138,48.0,24.9,20.6,nhan_vien,Da Nang,5,95.0
KH07139,50.0,13.6,5.5,giao_vien,TP HCM,1,33.0
KH07140,38.0,9.8,6.3,kinh_doanh,Ha Noi,1,58.0
KH07141,50.0,5.3,3.3,sinh_vien,Can Tho,1,61.0
KH07142,41.0,19.3,11.7,nhan_vien,Da Nang,1,49.0
KH07143,43.0,37.0,24.6,nhan_vien,Ha Noi,4,67.0
KH07144,20.0,14.5,8.3,nhan_vien,Hai Phong,3,48.0
KH07145,26.0,25.8,11.9,ky_su,TP HCM,4,38.0
KH07146,44.0,6.5,5.5,giao_vien,TP HCM,0,73.0
KH07147,31.0,26.5,10.1,ky_su,TP HCM,1,31.0
KH07148,26.0,14.1,10.3,nhan_vien,TP HCM,0,83.0
KH07149,43.0,19.7,10.3,ky_su,Ha Noi,1,56.0
KH07150,25.0,12.9,6.6,giao_vien,Can Tho,1,59.0
KH07151,40.0,27.3,21.1,nhan_vien,Can Tho,5,77.0
KH07152,33.0,18.2,12.7,ky_su,TP HCM,2,71.0
KH07153,25.0,13.4,6.4,ky_su,TP HCM,1,52.0
KH07154,20.0,23.9,17.0,kinh_doanh,TP HCM,4,61.0
KH07155,34.0,18.6,10.1,nhan_vien,TP HCM,2,46.0
KH07156,49.0,9.7,7.4,nhan_vien,Ha Noi,4,73.0
KH07157,41.0,17.6,11.0,nhan_vien,TP HCM,2,67.0
KH07158,40.0,14.7,8.5,nhan_vien,TP HCM,2,46.0
KH07159,41.0,20.2,15.0,bac_si,TP HCM,3,66.0
KH07160,39.0,14.7,6.2,nhan_vien,Ha Noi,0,42.0
KH07161,48.0,51.4,40.7,kinh_doanh,Ha Noi,11,94.0
KH07162,35.0,12.6,11.5,ky_su,TP HCM,1,93.0
KH07163,22.0,15.3,9.9,nhan_vien,TP HCM,3,71.0
KH07164,41.0,3.7,2.2,sinh_vien,TP HCM,0,66.0
KH07165,64.0,64.9,49.5,kinh_doanh,Can Tho,13,72.0
KH07166,29.0,20.3,11.0,ky_su,Hai Phong,3,57.0
KH07167,55.0,9.7,6.5,nhan_vien,TP HCM,0,62.0
KH07168,51.0,24.3,14.1,ky_su,TP HCM,1,60.0
KH07169,29.0,30.0,21.6,bac_si,Da Nang,7,62.0
KH07170,28.0,10.8,8.0,giao_vien,Can Tho,3,86.0
KH07171,30.0,12.0,13.6,sinh_vien,Da Nang,4,100.0
KH07172,57.0,16.0,6.8,giao_vien,TP HCM,3,42.0
KH07173,41.0,6.4,2.7,sinh_vien,Da Nang,2,35.0
KH07174,37.0,43.6,16.5,ky_su,Ha Noi,7,41.0
KH07175,30.0,73.6,41.4,bac_si,Ha Noi,11,46.0
KH07176,32.0,10.3,4.9,nhan_vien,Ha Noi,2,44.0
KH07177,24.0,15.4,5.9,bac_si,TP HCM,0,33.0
KH07178,37.0,7.2,5.9,nhan_vien,Da Nang,0,89.0
KH07179,51.0,2.0,3.8,sinh_vien,TP HCM,4,100.0
KH07180,39.0,4.4,3.4,sinh_vien,Ha Noi,1,79.0
KH07181,35.0,5.3,2.6,giao_vien,Ha Noi,0,59.0
KH07182,35.0,24.1,12.1,nhan_vien,TP HCM,2,42.0
KH07183,49.0,43.6,33.8,ky_su,TP HCM,9,70.0
KH07184,21.0,34.2,22.8,ky_su,TP HCM,6,70.0
KH07185,44.0,15.4,6.6,giao_vien,Can Tho,3,35.0
KH07186,32.0,84.8,64.4,kinh_doanh,Ha Noi,11,74.0
KH07187,56.0,15.8,9.0,giao_vien,Ha Noi,2,67.0
KH07188,41.0,16.5,6.0,ky_su,TP HCM,0,35.0
KH07189,47.0,17.5,12.3,giao_vien,Ha Noi,4,76.0
KH07190,24.0,25.7,15.8,ky_su,TP HCM,1,67.0
KH07191,20.0,5.4,4.2,sinh_vien,Can Tho,2,88.0
KH07192,31.0,10.4,6.0,nhan_vien,Hai Phong,4,47.0
KH07193,24.0,24.5,16.4,bac_si,Da Nang,1,73.0
KH07194,18.0,30.2,17.0,ky_su,Ha Noi,6,57.0
KH07195,18.0,7.5,3.3,giao_vien,Hai Phong,4,47.0
KH07196,26.0,9.4,5.6,nhan_vien,Da Nang,2,64.0
KH07197,36.0,22.9,14.9,nhan_vien,Can Tho,4,78.0
KH07198,31.0,36.5,27.0,kinh_doanh,TP HCM,9,85.0
KH07199,26.0,19.8,13.5,kinh_doanh,Can Tho,6,74.0
KH07200,30.0,36.7,31.1,kinh_doanh,Hai Phong,8,76.0
KH07201,30.0,20.4,15.0,bac_si,Ha Noi,2,82.0
KH07202,29.0,17.2,7.6,giao_vien,Ha Noi,4,40.0
KH07203,22.0,37.9,28.4,ky_su,Ha Noi,5,83.0
KH07204,26.0,8.6,5.7,sinh_vien,Da Nang,0,53.0
KH07205,19.0,10.1,4.1,giao_vien,Da Nang,0,36.0
KH07206,29.0,3.1,1.0,sinh_vien,Ha Noi,0,30.0
KH07207,39.0,13.8,3.7,nhan_vien,Da Nang,2,29.0
KH07208,39.0,15.2,7.3,giao_vien,TP HCM,0,52.0
KH07209,18.0,33.8,16.8,ky_su,TP HCM,2,42.0
KH07210,21.0,18.9,14.5,kinh_doanh,Ha Noi,3,80.0
KH07211,37.0,23.8,14.9,ky_su,Ha Noi,4,65.0
KH07212,38.0,4.6,1.3,sinh_vien,Ha Noi,0,25.0
KH07213,38.0,30.1,22.5,kinh_doanh,Hai Phong,7,83.0
KH07214,21.0,39.0,29.1,ky_su,TP HCM,4,85.0
KH07215,40.0,18.7,13.6,kinh_doanh,TP HCM,3,61.0
KH07216,21.0,25.9,17.6,nhan_vien,Da Nang,3,76.0
KH07217,18.0,8.8,6.7,giao_vien,TP HCM,3,81.0
KH07218,49.0,12.2,9.4,giao_vien,Ha Noi,0,86.0
KH07219,50.0,6.6,5.9,sinh_vien,Can Tho,1,83.0
KH07220,38.0,73.3,45.4,ky_su,TP HCM,12,56.0
KH07221,26.0,26.4,12.4,ky_su,Da Nang,4,45.0
KH07222,38.0,42.2,24.2,bac_si,Hai Phong,5,47.0
KH07223,33.0,3.1,2.8,sinh_vien,Da Nang,1,96.0
KH07224,25.0,18.9,14.5,ky_su,Ha Noi,5,65.0
KH07225,19.0,18.5,7.8,nhan_vien,Ha Noi,3,50.0
KH07226,41.0,36.6,15.4,ky_su,Ha Noi,3,38.0
KH07227,31.0,11.4,2.4,nhan_vien,Ha Noi,0,22.0
KH07228,43.0,23.4,18.0,ky_su,Hai Phong,4,86.0
KH07229,60.0,13.9,10.1,nhan_vien,Hai Phong,2,81.0
KH07230,36.0,15.3,9.7,giao_vien,Ha Noi,4,51.0
KH07231,24.0,27.0,19.5,ky_su,TP HCM,7,83.0
KH07232,24.0,12.9,10.7,ky_su,TP HCM,3,99.0
KH07233,35.0,35.6,17.5,nhan_vien,Da Nang,6,49.0
KH07234,29.0,22.4,10.6,giao_vien,TP HCM,5,52.0
KH07235,36.0,4.8,1.3,nhan_vien,TP HCM,0,32.0
KH07236,36.0,35.0,23.9,kinh_doanh,Ha Noi,8,74.0
KH07237,39.0,16.3,7.4,giao_vien,TP HCM,2,45.0
KH07238,38.0,22.2,20.6,kinh_doanh,Ha Noi,8,100.0
KH07239,27.0,13.9,14.4,nhan_vien,Ha Noi,2,100.0
KH07240,43.0,9.3,4.6,ky_su,Ha Noi,3,49.0
KH07241,35.0,24.2,16.8,ky_su,TP HCM,1,61.0
KH07242,46.0,28.4,14.7,nhan_vien,Can Tho,3,43.0
KH07243,30.0,5.0,2.8,sinh_vien,Da Nang,0,60.0
KH07244,38.0,20.2,15.2,ky_su,Hai Phong,7,72.0
KH07245,50.0,17.9,7.0,nhan_vien,Can Tho,2,42.0
KH07246,25.0,14.6,8.9,nhan_vien,Can Tho,4,72.0
KH07247,37.0,18.0,11.2,nhan_vien,Ha Noi,2,71.0
KH07248,35.0,32.7,19.8,kinh_doanh,TP HCM,7,49.0
KH07249,18.0,10.1,5.7,kinh_doanh,TP HCM,1,60.0
KH07250,28.0,35.7,15.3,ky_su,Ha Noi,6,35.0
KH07251,44.0,23.2,10.2,giao_vien,TP HCM,3,47.0
KH07252,18.0,35.3,25.9,ky_su,Hai Phong,6,74.0
KH07253,42.0,13.3,5.8,giao_vien,Ha Noi,1,38.0
KH07254,35.0,35.5,27.8,nhan_vien,TP HCM,4,90.0
KH07255,18.0,8.6,7.0,sinh_vien,Ha Noi,2,92.0
KH07256,25.0,7.3,3.8,sinh_vien,TP HCM,2,42.0
KH07257,18.0,18.0,10.2,nhan_vien,TP HCM,3,48.0
KH07258,18.0,4.5,2.9,sinh_vien,TP HCM,0,67.0
KH07259,25.0,14.5,12.0,nhan_vien,Ha Noi,1,81.0
KH07260,37.0,13.7,8.1,kinh_doanh,Da Nang,2,64.0
KH07261,31.0,13.3,6.2,giao_vien,Hai Phong,0,50.0
KH07262,33.0,21.6,11.4,nhan_vien,TP HCM,2,47.0
KH07263,38.0,16.8,8.7,nhan_vien,TP HCM,2,45.0
KH07264,35.0,42.3,17.6,bac_si,Ha Noi,6,42.0
KH07265,43.0,9.7,6.3,nhan_vien,Can Tho,2,78.0
KH07266,26.0,29.2,22.5,kinh_doanh,Can Tho,3,90.0
KH07267,29.0,22.0,15.7,ky_su,TP HCM,10,82.0
KH07268,45.0,6.3,5.2,ky_su,Ha Noi,2,68.0
KH07269,40.0,22.0,12.7,nhan_vien,TP HCM,2,62.0
KH07270,30.0,4.9,1.2,sinh_vien,TP HCM,0,22.0
KH07271,18.0,23.0,8.3,nhan_vien,Ha Noi,4,43.0
KH07272,37.0,15.1,8.9,kinh_doanh,TP HCM,1,65.0
KH07273,18.0,16.7,9.0,giao_vien,Ha Noi,3,44.0
KH07274,48.0,12.8,11.5,nhan_vien,Can Tho,2,85.0
KH07275,21.0,29.6,20.9,ky_su,Da Nang,1,79.0
KH07276,18.0,14.6,7.5,ky_su,Hai Phong,0,43.0
KH07277,27.0,19.3,17.3,kinh_doanh,TP HCM,8,74.0
KH07278,26.0,16.6,17.0,kinh_doanh,TP HCM,3,100.0
KH07279,40.0,6.6,2.3,sinh_vien,Can Tho,0,29.0
KH07280,18.0,6.7,1.6,nhan_vien,TP HCM,1,20.0
KH07281,27.0,11.8,2.2,ky_su,TP HCM,0,21.0
KH07282,41.0,15.7,8.0,nhan_vien,Ha Noi,2,42.0
KH07283,41.0,19.0,12.3,kinh_doanh,TP HCM,4,56.0
KH07284,45.0,16.2,6.4,nhan_vien,Hai Phong,1,47.0
KH07285,51.0,9.1,5.6,nhan_vien,TP HCM,1,59.0
KH07286,37.0,33.9,21.7,ky_su,TP HCM,10,62.0
KH07287,45.0,32.4,17.8,giao_vien,Da Nang,6,56.0
KH07288,39.0,10.2,2.9,giao_vien,TP HCM,1,24.0
KH07289,18.0,23.8,16.4,ky_su,TP HCM,3,63.0
KH07290,26.0,21.1,19.2,ky_su,Ha Noi,4,76.0
KH07291,61.0,32.1,17.7,kinh_doanh,TP HCM,3,54.0
KH07292,45.0,37.3,24.3,ky_su,Can Tho,4,61.0
KH07293,33.0,8.1,4.6,nhan_vien,Ha Noi,2,66.0
KH07294,40.0,35.4,23.7,kinh_doanh,TP HCM,7,72.0
KH07295,18.0,9.2,4.8,nhan_vien,Ha Noi,3,46.0
KH07296,33.0,4.0,1.8,sinh_vien,TP HCM,0,51.0
KH07297,37.0,23.7,13.4,ky_su,Hai Phong,2,46.0
KH07298,25.0,23.6,8.4,kinh_doanh,Ha Noi,2,42.0
KH07299,30.0,22.2,6.5,nhan_vien,Da Nang,1,26.0
KH07300,45.0,22.1,16.4,kinh_doanh,TP HCM,1,72.0
KH07301,25.0,48.0,40.6,bac_si,TP HCM,13,71.0
KH07302,29.0,21.2,12.6,ky_su,Da Nang,6,54.0
KH07303,40.0,18.6,12.5,ky_su,Hai Phong,4,62.0
KH07304,46.0,27.2,18.8,bac_si,Ha Noi,6,82.0
KH07305,29.0,8.9,2.6,sinh_vien,TP HCM,1,34.0
KH07306,36.0,19.5,15.9,nhan_vien,Ha Noi,1,89.0
KH07307,49.0,5.0,3.8,sinh_vien,TP HCM,0,80.0
KH07308,51.0,11.2,7.1,nhan_vien,TP HCM,2,70.0
KH07309,33.0,17.9,16.5,bac_si,Ha Noi,7,79.0
KH07310,26.0,16.0,9.1,nhan_vien,Can Tho,6,53.0
KH07311,32.0,38.4,25.8,nhan_vien,Hai Phong,10,79.0
KH07312,29.0,34.2,16.4,nhan_vien,TP HCM,8,49.0
KH07313,27.0,9.8,9.7,giao_vien,Da Nang,2,100.0
KH07314,46.0,26.3,14.4,kinh_doanh,TP HCM,3,60.0
KH07315,27.0,67.8,28.7,ky_su,Ha Noi,8,50.0
KH07316,32.0,21.7,10.5,ky_su,Da Nang,1,47.0
KH07317,22.0,18.8,7.7,kinh_doanh,Ha Noi,1,39.0
KH07318,46.0,20.3,11.9,nhan_vien,Da Nang,5,70.0
KH07319,52.0,16.3,11.2,giao_vien,Hai Phong,1,65.0
KH07320,58.0,13.8,9.8,nhan_vien,TP HCM,1,70.0
KH07321,70.0,15.3,11.0,nhan_vien,Ha Noi,4,85.0
KH07322,18.0,27.8,13.6,bac_si,Hai Phong,3,40.0
KH07323,46.0,12.6,5.9,nhan_vien,Da Nang,3,44.0
KH07324,47.0,10.6,7.3,nhan_vien,Can Tho,1,64.0
KH07325,34.0,31.5,26.1,nhan_vien,TP HCM,7,87.0
KH07326,34.0,7.6,3.2,nhan_vien,Ha Noi,0,49.0
KH07327,44.0,14.2,9.8,ky_su,Can Tho,6,59.0
KH07328,40.0,3.3,2.8,sinh_vien,TP HCM,0,68.0
KH07329,18.0,10.0,4.6,giao_vien,Ha Noi,0,44.0
KH07330,36.0,25.2,16.0,kinh_doanh,TP HCM,2,60.0
KH07331,50.0,37.9,29.1,ky_su,Ha Noi,7,90.0
KH07332,44.0,29.4,19.1,kinh_doanh,Hai Phong,8,61.0
KH07333,36.0,43.8,14.9,bac_si,Da Nang,1,35.0
KH07334,35.0,7.0,4.8,nhan_vien,Ha Noi,0,72.0
KH07335,53.0,44.1,14.8,ky_su,TP HCM,3,35.0
KH07336,26.0,15.7,10.6,nhan_vien,Hai Phong,4,72.0
KH07337,27.0,20.2,7.8,ky_su,Ha Noi,2,40.0
KH07338,58.0,10.0,4.0,ky_su,TP HCM,0,45.0
KH07339,37.0,49.1,31.0,kinh_doanh,Da Nang,5,61.0
KH07340,35.0,40.7,28.4,ky_su,TP HCM,5,64.0
KH07341,49.0,21.3,18.5,kinh_doanh,Ha Noi,1,98.0
KH07342,32.0,8.8,1.9,kinh_doanh,TP HCM,0,18.0
KH07343,45.0,16.7,13.6,nhan_vien,Can Tho,3,97.0
KH07344,50.0,40.0,17.4,kinh_doanh,TP HCM,2,36.0
KH07345,43.0,43.0,23.9,ky_su,Ha Noi,8,45.0
KH07346,38.0,20.3,10.9,giao_vien,Ha Noi,1,54.0
KH07347,35.0,10.7,4.0,nhan_vien,Ha Noi,1,41.0
KH07348,40.0,27.0,22.4,bac_si,Ha Noi,6,84.0
KH07349,34.0,17.1,12.0,nhan_vien,TP HCM,2,66.0
KH07350,26.0,19.4,7.4,kinh_doanh,Hai Phong,0,39.0
KH07351,28.0,12.4,6.4,nhan_vien,TP HCM,2,44.0
KH07352,54.0,16.4,9.6,nhan_vien,Ha Noi,1,57.0
KH07353,50.0,39.0,15.5,kinh_doanh,Ha Noi,7,40.0
KH07354,20.0,12.1,5.6,nhan_vien,Ha Noi,3,45.0
KH07355,38.0,23.7,18.9,bac_si,Ha Noi,5,89.0
KH07356,35.0,38.4,19.9,ky_su,Ha Noi,6,44.0
KH07357,35.0,36.6,20.1,nhan_vien,Da Nang,5,51.0
KH07358,46.0,21.4,14.3,giao_vien,TP HCM,1,58.0
KH07359,38.0,10.1,8.7,giao_vien,Hai Phong,1,100.0
KH07360,47.0,12.4,7.2,nhan_vien,Hai Phong,2,48.0
KH07361,38.0,18.7,7.6,nhan_vien,TP HCM,3,33.0
KH07362,34.0,13.0,7.9,nhan_vien,TP HCM,1,62.0
KH07363,50.0,35.0,18.7,kinh_doanh,Can Tho,1,61.0
KH07364,25.0,5.2,1.8,sinh_vien,Ha Noi,2,28.0
KH07365,30.0,2.5,2.7,sinh_vien,Ha Noi,0,94.0
KH07366,27.0,25.2,17.5,kinh_doanh,Hai Phong,5,76.0
KH07367,41.0,24.2,17.5,kinh_doanh,TP HCM,6,73.0
KH07368,56.0,26.3,11.9,ky_su,Hai Phong,1,45.0
KH07369,55.0,8.3,4.0,ky_su,Ha Noi,1,42.0
KH07370,50.0,29.9,24.6,ky_su,TP HCM,9,85.0
KH07371,34.0,9.7,6.0,ky_su,TP HCM,0,72.0
KH07372,18.0,25.2,16.2,ky_su,Ha Noi,4,59.0
KH07373,21.0,31.9,18.1,bac_si,Ha Noi,2,53.0
KH07374,45.0,14.7,8.0,ky_su,Da Nang,4,44.0
KH07375,35.0,72.3,45.8,kinh_doanh,Ha Noi,18,70.0
KH07376,22.0,18.8,6.8,bac_si,TP HCM,1,42.0
KH07377,19.0,22.1,13.1,bac_si,Hai Phong,3,67.0
KH07378,38.0,24.6,11.2,nhan_vien,Da Nang,2,52.0
KH07379,23.0,31.4,21.8,kinh_doanh,Ha Noi,3,67.0
KH07380,36.0,28.2,22.0,nhan_vien,Ha Noi,6,76.0
KH07381,23.0,24.2,20.4,ky_su,Hai Phong,3,100.0
KH07382,33.0,6.3,2.5,sinh_vien,Hai Phong,1,44.0
KH07383,36.0,8.8,1.7,giao_vien,TP HCM,2,20.0
KH07384,43.0,2.6,4.9,sinh_vien,Ha Noi,1,100.0
KH07385,37.0,4.9,3.5,nhan_vien,TP HCM,1,68.0
KH07386,38.0,42.4,27.5,kinh_doanh,Da Nang,14,57.0
KH07387,41.0,5.6,1.9,sinh_vien,Ha Noi,0,35.0
KH07388,50.0,39.1,27.6,kinh_doanh,Ha Noi,7,76.0
KH07389,37.0,52.4,25.3,kinh_doanh,Can Tho,8,46.0
KH07390,47.0,38.9,23.1,bac_si,Ha Noi,7,61.0
KH07391,42.0,6.9,4.9,sinh_vien,TP HCM,1,76.0
KH07392,27.0,23.2,8.0,ky_su,Ha Noi,1,41.0
KH07393,36.0,23.3,19.0,ky_su,Da Nang,11,93.0
KH07394,25.0,62.4,32.4,bac_si,TP HCM,12,45.0
KH07395,33.0,17.4,10.7,nhan_vien,TP HCM,4,57.0
KH07396,30.0,4.1,0.5,sinh_vien,Da Nang,1,12.0
KH07397,23.0,12.2,9.2,bac_si,Can Tho,3,71.0
KH07398,47.0,11.0,7.1,nhan_vien,Ha Noi,1,55.0
KH07399,31.0,30.8,27.8,kinh_doanh,Ha Noi,7,77.0
KH07400,27.0,34.1,19.1,bac_si,TP HCM,5,45.0
KH07401,62.0,11.0,5.3,sinh_vien,Da Nang,4,54.0
KH07402,35.0,6.5,1.9,sinh_vien,Can Tho,0,24.0
KH07403,43.0,14.9,11.0,nhan_vien,Ha Noi,2,63.0
KH07404,29.0,22.9,11.7,bac_si,TP HCM,1,51.0
KH07405,42.0,16.7,7.0,ky_su,Ha Noi,0,43.0
KH07406,27.0,41.8,13.7,ky_su,Da Nang,6,29.0
KH07407,32.0,13.6,7.3,giao_vien,Ha Noi,2,59.0
KH07408,32.0,16.7,16.1,giao_vien,Hai Phong,7,100.0
KH07409,29.0,7.0,3.7,nhan_vien,TP HCM,0,62.0
KH07410,45.0,6.6,4.2,nhan_vien,Ha Noi,3,62.0
KH07411,39.0,44.2,14.9,ky_su,Ha Noi,6,38.0
KH07412,47.0,35.3,24.9,giao_vien,Ha Noi,8,57.0
KH07413,34.0,35.8,26.4,ky_su,Da Nang,7,66.0
KH07414,50.0,25.6,22.8,ky_su,Hai Phong,7,71.0
KH07415,41.0,19.1,13.9,giao_vien,Da Nang,1,64.0
KH07416,40.0,9.9,6.8,ky_su,Ha Noi,1,78.0
KH07417,26.0,34.5,13.5,bac_si,Ha Noi,6,43.0
KH07418,20.0,22.7,13.2,ky_su,TP HCM,4,60.0
KH07419,44.0,15.9,11.0,ky_su,TP HCM,3,82.0
KH07420,44.0,13.4,8.5,kinh_doanh,Can Tho,3,68.0
KH07421,31.0,27.0,20.9,ky_su,TP HCM,6,66.0
KH07422,25.0,19.2,16.0,giao_vien,Ha Noi,3,78.0
KH07423,30.0,23.6,8.3,giao_vien,TP HCM,2,35.0
KH07424,20.0,11.7,10.9,nhan_vien,TP HCM,1,100.0
KH07425,22.0,18.0,9.7,nhan_vien,Hai Phong,0,51.0
KH07426,34.0,24.1,15.3,nhan_vien,TP HCM,4,61.0
KH07427,18.0,8.9,3.8,nhan_vien,TP HCM,2,36.0
KH07428,56.0,15.0,4.1,ky_su,Da Nang,2,26.0
KH07429,32.0,10.3,5.1,ky_su,Can Tho,1,41.0
KH07430,36.0,8.7,4.8,nhan_vien,Hai Phong,2,50.0
KH07431,38.0,25.9,19.4,nhan_vien,TP HCM,4,61.0
KH07432,32.0,30.4,14.9,ky_su,Ha Noi,4,47.0
KH07433,56.0,5.6,1.1,sinh_vien,Ha Noi,0,20.0
KH07434,30.0,54.8,30.9,kinh_doanh,Da Nang,15,51.0
KH07435,45.0,10.5,4.8,nhan_vien,Hai Phong,1,39.0
KH07436,42.0,24.8,14.0,bac_si,TP HCM,1,52.0
KH07437,34.0,17.2,10.2,giao_vien,TP HCM,3,60.0
KH07438,27.0,16.7,9.9,nhan_vien,Hai Phong,3,48.0
KH07439,40.0,15.6,7.6,giao_vien,Ha Noi,0,47.0
KH07440,33.0,23.4,9.2,kinh_doanh,Can Tho,1,45.0
KH07441,25.0,24.1,12.3,bac_si,Ha Noi,2,57.0
KH07442,62.0,10.2,4.2,nhan_vien,Da Nang,3,34.0
KH07443,43.0,13.3,8.2,nhan_vien,Can Tho,1,58.0
KH07444,39.0,4.9,3.8,sinh_vien,TP HCM,2,83.0
KH07445,18.0,27.9,15.8,ky_su,TP HCM,4,56.0
KH07446,18.0,51.0,30.4,ky_su,Da Nang,10,64.0
KH07447,29.0,17.5,9.0,ky_su,TP HCM,1,55.0
KH07448,39.0,19.6,9.1,giao_vien,Ha Noi,1,56.0
KH07449,27.0,15.4,7.5,nhan_vien,TP HCM,2,56.0
KH07450,51.0,10.3,9.0,nhan_vien,Ha Noi,0,80.0
KH07451,28.0,8.2,5.7,nhan_vien,TP HCM,1,80.0
KH07452,21.0,10.8,8.5,nhan_vien,Ha Noi,3,88.0
KH07453,33.0,37.4,24.0,ky_su,TP HCM,3,72.0
KH07454,33.0,11.8,5.3,nhan_vien,TP HCM,3,52.0
KH07455,35.0,28.4,16.4,ky_su,TP HCM,6,61.0
KH07456,51.0,6.1,6.2,nhan_vien,Hai Phong,3,100.0
KH07457,41.0,16.6,10.4,bac_si,Da Nang,1,52.0
KH07458,38.0,34.8,30.0,ky_su,Can Tho,9,71.0
KH07459,39.0,3.6,5.7,sinh_vien,Hai Phong,2,100.0
KH07460,33.0,20.8,11.9,nhan_vien,Ha Noi,1,66.0
KH07461,46.0,20.8,15.1,bac_si,Hai Phong,5,82.0
KH07462,20.0,4.2,5.1,sinh_vien,Hai Phong,2,100.0
KH07463,49.0,19.1,12.9,kinh_doanh,Hai Phong,3,56.0
KH07464,40.0,13.4,9.7,giao_vien,TP HCM,4,78.0
KH07465,18.0,37.0,30.0,nhan_vien,Can Tho,8,69.0
KH07466,40.0,11.0,6.8,ky_su,Ha Noi,1,59.0
KH07467,41.0,36.6,20.7,kinh_doanh,TP HCM,4,65.0
KH07468,47.0,18.6,11.9,nhan_vien,Ha Noi,2,73.0
KH07469,47.0,8.4,3.2,nhan_vien,TP HCM,3,44.0
KH07470,46.0,34.9,26.7,nhan_vien,TP HCM,8,78.0
KH07471,40.0,16.8,9.5,nhan_vien,Da Nang,4,48.0
KH07472,55.0,22.7,9.3,ky_su,TP HCM,2,36.0
KH07473,37.0,28.1,12.0,kinh_doanh,Ha Noi,2,46.0
KH07474,45.0,37.0,29.0,ky_su,Can Tho,9,84.0
KH07475,45.0,17.4,11.2,giao_vien,Hai Phong,2,76.0
KH07476,41.0,8.7,6.6,nhan_vien,TP HCM,3,85.0
KH07477,36.0,15.9,10.6,nhan_vien,TP HCM,2,70.0
KH07478,30.0,14.6,6.6,giao_vien,TP HCM,1,38.0
KH07479,19.0,22.7,11.8,ky_su,TP HCM,1,58.0
KH07480,52.0,18.6,12.5,giao_vien,Ha Noi,2,54.0
KH07481,34.0,17.2,5.8,nhan_vien,Can Tho,1,33.0
KH07482,47.0,14.7,4.8,ky_su,TP HCM,2,31.0
KH07483,34.0,23.4,13.0,kinh_doanh,Hai Phong,3,57.0
KH07484,24.0,19.9,20.4,nhan_vien,TP HCM,1,92.0
KH07485,27.0,14.6,7.5,ky_su,Da Nang,1,45.0
KH07486,53.0,28.9,22.4,giao_vien,Ha Noi,7,76.0
KH07487,39.0,25.4,12.5,ky_su,Ha Noi,6,53.0
KH07488,27.0,14.6,6.9,ky_su,TP HCM,1,49.0
KH07489,45.0,10.0,4.3,giao_vien,TP HCM,1,41.0
KH07490,27.0,23.6,10.6,ky_su,TP HCM,2,43.0
KH07491,22.0,20.7,9.7,ky_su,Can Tho,3,47.0
KH07492,37.0,16.2,11.0,ky_su,TP HCM,4,78.0
KH07493,48.0,35.8,16.4,bac_si,Ha Noi,3,41.0
KH07494,26.0,10.0,6.7,giao_vien,Hai Phong,2,80.0
KH07495,58.0,8.4,6.1,giao_vien,TP HCM,3,73.0
KH07496,38.0,15.2,15.2,giao_vien,Ha Noi,2,100.0
KH07497,40.0,8.4,3.0,sinh_vien,Hai Phong,0,31.0
KH07498,36.0,37.0,25.0,ky_su,Ha Noi,6,79.0
KH07499,33.0,11.5,9.9,nhan_vien,Ha Noi,5,76.0
KH07500,39.0,7.6,6.0,giao_vien,Da Nang,1,93.0
KH07501,31.0,35.7,30.7,kinh_doanh,Hai Phong,6,92.0
KH07502,42.0,22.2,8.6,bac_si,Da Nang,2,33.0
KH07503,41.0,27.3,13.2,kinh_doanh,Ha Noi,6,53.0
KH07504,31.0,26.4,18.1,ky_su,TP HCM,4,56.0
KH07505,40.0,14.0,4.5,nhan_vien,Hai Phong,2,26.0
KH07506,23.0,26.9,14.1,kinh_doanh,Ha Noi,2,50.0
KH07507,44.0,38.2,13.0,kinh_doanh,TP HCM,4,27.0
KH07508,18.0,16.0,8.6,ky_su,TP HCM,2,51.0
KH07509,67.0,13.1,8.1,nhan_vien,Ha Noi,5,73.0
KH07510,39.0,23.9,8.0,ky_su,TP HCM,2,31.0
KH07511,28.0,6.3,8.1,nhan_vien,Ha Noi,2,100.0
KH07512,44.0,53.4,19.0,ky_su,Da Nang,4,39.0
KH07513,35.0,10.6,8.5,nhan_vien,TP HCM,3,70.0
KH07514,33.0,13.1,8.5,giao_vien,Ha Noi,1,55.0
KH07515,44.0,17.5,12.7,kinh_doanh,Hai Phong,4,85.0
KH07516,50.0,10.0,4.2,ky_su,TP HCM,1,40.0
KH07517,41.0,13.5,12.6,ky_su,Can Tho,4,100.0
KH07518,27.0,12.2,8.1,giao_vien,Da Nang,1,67.0
KH07519,38.0,23.0,19.0,giao_vien,Ha Noi,5,76.0
KH07520,45.0,9.3,1.5,ky_su,Da Nang,0,15.0
KH07521,42.0,11.1,12.2,nhan_vien,Ha Noi,4,100.0
KH07522,37.0,38.4,22.7,nhan_vien,Ha Noi,7,65.0
KH07523,35.0,7.2,2.8,sinh_vien,Ha Noi,2,46.0
KH07524,30.0,24.9,18.2,ky_su,TP HCM,8,62.0
KH07525,34.0,42.4,31.4,nhan_vien,TP HCM,9,61.0
KH07526,45.0,26.3,16.2,nhan_vien,TP HCM,5,50.0
KH07527,40.0,37.4,19.1,kinh_doanh,TP HCM,5,41.0
KH07528,41.0,17.3,10.0,nhan_vien,TP HCM,3,50.0
KH07529,27.0,31.6,14.2,ky_su,TP HCM,3,51.0
KH07530,36.0,10.2,4.6,giao_vien,TP HCM,2,51.0
KH07531,31.0,44.7,36.1,bac_si,TP HCM,10,65.0
KH07532,40.0,9.9,2.7,ky_su,TP HCM,0,26.0
KH07533,27.0,8.4,6.1,nhan_vien,TP HCM,5,58.0
KH07534,31.0,54.9,49.6,kinh_doanh,Hai Phong,13,74.0
KH07535,37.0,30.3,15.5,kinh_doanh,Da Nang,3,42.0
KH07536,48.0,2.9,0.8,sinh_vien,TP HCM,0,31.0
KH07537,39.0,23.1,9.2,ky_su,TP HCM,2,39.0
KH07538,26.0,11.8,5.3,sinh_vien,Ha Noi,0,40.0
KH07539,34.0,27.7,20.0,kinh_doanh,TP HCM,2,73.0
KH07540,38.0,30.0,18.5,ky_su,Ha Noi,4,59.0
KH07541,28.0,47.1,29.1,giao_vien,TP HCM,8,57.0
KH07542,51.0,3.7,4.3,sinh_vien,Ha Noi,0,100.0
KH07543,28.0,34.4,23.4,nhan_vien,TP HCM,7,81.0
KH07544,24.0,18.2,10.5,giao_vien,Ha Noi,3,65.0
KH07545,43.0,4.7,2.8,sinh_vien,TP HCM,1,54.0
KH07546,37.0,12.6,4.8,giao_vien,Ha Noi,3,32.0
KH07547,40.0,11.2,9.4,giao_vien,TP HCM,4,85.0
KH07548,50.0,9.0,7.8,giao_vien,Hai Phong,0,91.0
KH07549,41.0,21.3,11.3,kinh_doanh,TP HCM,3,62.0
KH07550,21.0,11.5,1.2,nhan_vien,TP HCM,2,11.0
KH07551,23.0,9.1,5.9,sinh_vien,Ha Noi,0,56.0
KH07552,43.0,72.8,25.9,kinh_doanh,Can Tho,3,38.0
KH07553,41.0,24.7,9.2,giao_vien,TP HCM,6,45.0
KH07554,18.0,13.2,7.0,nhan_vien,Da Nang,2,49.0
KH07555,46.0,12.4,13.4,nhan_vien,TP HCM,3,90.0
KH07556,52.0,29.7,21.1,ky_su,Ha Noi,3,83.0
KH07557,41.0,12.0,2.1,nhan_vien,Da Nang,1,16.0
KH07558,41.0,17.8,10.7,giao_vien,Da Nang,1,52.0
KH07559,57.0,3.7,1.1,sinh_vien,TP HCM,1,25.0
KH07560,39.0,25.1,21.6,ky_su,TP HCM,9,99.0
KH07561,23.0,14.1,9.0,nhan_vien,Ha Noi,5,54.0
KH07562,29.0,28.2,9.2,kinh_doanh,Da Nang,3,26.0
KH07563,39.0,9.6,7.5,nhan_vien,Ha Noi,3,78.0
KH07564,24.0,16.1,9.5,kinh_doanh,Ha Noi,4,56.0
KH07565,48.0,6.3,6.1,nhan_vien,Da Nang,3,85.0
KH07566,36.0,11.2,3.8,ky_su,Ha Noi,2,29.0
KH07567,38.0,23.5,11.2,nhan_vien,Ha Noi,2,42.0
KH07568,18.0,36.2,17.4,bac_si,Can Tho,9,49.0
KH07569,34.0,15.5,8.5,nhan_vien,TP HCM,2,62.0
KH07570,18.0,30.9,23.0,ky_su,Ha Noi,6,74.0
KH07571,39.0,20.2,15.7,ky_su,Ha Noi,5,83.0
KH07572,47.0,28.4,14.2,nhan_vien,Ha Noi,3,53.0
KH07573,48.0,11.8,6.5,nhan_vien,TP HCM,2,61.0
KH07574,36.0,30.1,16.5,kinh_doanh,Ha Noi,6,55.0
KH07575,40.0,10.7,10.0,sinh_vien,Ha Noi,2,100.0
KH07576,32.0,7.9,5.9,sinh_vien,Da Nang,0,74.0
KH07577,30.0,12.0,7.1,nhan_vien,Ha Noi,1,65.0
KH07578,56.0,19.6,16.6,nhan_vien,TP HCM,7,72.0
KH07579,42.0,17.7,12.6,giao_vien,TP HCM,5,83.0
KH07580,29.0,10.3,6.6,nhan_vien,TP HCM,3,76.0
KH07581,26.0,91.3,42.1,kinh_doanh,TP HCM,5,44.0
KH07582,33.0,13.6,9.5,nhan_vien,Can Tho,4,81.0
KH07583,44.0,39.5,14.0,ky_su,TP HCM,6,31.0
KH07584,45.0,4.7,3.3,sinh_vien,Hai Phong,0,80.0
KH07585,43.0,21.0,11.0,nhan_vien,Can Tho,4,52.0
KH07586,35.0,6.8,6.3,nhan_vien,Can Tho,2,80.0
KH07587,28.0,6.4,6.8,sinh_vien,Ha Noi,2,100.0
KH07588,41.0,11.9,4.6,nhan_vien,Ha Noi,1,43.0
KH07589,31.0,47.4,29.6,ky_su,Ha Noi,13,57.0
KH07590,42.0,25.7,11.0,giao_vien,TP HCM,2,39.0
KH07591,28.0,40.1,20.3,nhan_vien,TP HCM,7,48.0
KH07592,19.0,17.1,6.5,nhan_vien,TP HCM,1,41.0
KH07593,42.0,15.8,9.4,nhan_vien,Ha Noi,3,59.0
KH07594,56.0,15.4,6.1,ky_su,Da Nang,4,47.0
KH07595,24.0,27.2,16.9,kinh_doanh,TP HCM,2,70.0
KH07596,57.0,15.6,14.3,nhan_vien,TP HCM,4,100.0
KH07597,33.0,33.4,20.5,ky_su,TP HCM,5,49.0
KH07598,33.0,1.6,0.5,sinh_vien,Ha Noi,0,31.0
KH07599,20.0,30.4,13.8,ky_su,Ha Noi,1,42.0
KH07600,62.0,12.0,3.9,giao_vien,TP HCM,0,32.0
KH07601,26.0,2.5,0.9,sinh_vien,TP HCM,1,31.0
KH07602,36.0,9.8,3.1,giao_vien,Can Tho,1,37.0
KH07603,50.0,12.1,7.0,nhan_vien,Ha Noi,0,64.0
KH07604,41.0,27.9,13.5,kinh_doanh,Can Tho,4,48.0
KH07605,20.0,11.4,9.2,ky_su,Ha Noi,6,69.0
KH07606,37.0,11.7,9.5,ky_su,TP HCM,1,82.0
KH07607,26.0,17.0,5.9,nhan_vien,Ha Noi,0,32.0
KH07608,28.0,22.2,14.3,ky_su,Ha Noi,4,74.0
KH07609,21.0,24.8,12.8,ky_su,Ha Noi,1,55.0
KH07610,34.0,18.8,14.4,nhan_vien,TP HCM,2,63.0
KH07611,46.0,26.0,10.8,kinh_doanh,TP HCM,3,38.0
KH07612,18.0,8.3,6.7,sinh_vien,Hai Phong,0,91.0
KH07613,49.0,13.1,10.4,kinh_doanh,Ha Noi,3,70.0
KH07614,18.0,20.1,15.6,nhan_vien,Ha Noi,4,67.0
KH07615,31.0,16.6,13.5,ky_su,Ha Noi,4,96.0
KH07616,47.0,22.7,15.1,ky_su,Ha Noi,3,77.0
KH07617,51.0,23.4,6.8,bac_si,Ha Noi,2,27.0
KH07618,27.0,25.5,22.5,nhan_vien,Can Tho,7,78.0
KH07619,21.0,28.4,14.4,kinh_doanh,Hai Phong,3,44.0
KH07620,46.0,25.5,15.2,ky_su,TP HCM,5,55.0
KH07621,45.0,8.3,3.4,kinh_doanh,Hai Phong,0,36.0
KH07622,27.0,13.7,9.1,kinh_doanh,Can Tho,1,55.0
KH07623,28.0,25.5,8.7,nhan_vien,Ha Noi,4,41.0
KH07624,29.0,4.5,2.7,sinh_vien,TP HCM,0,71.0
KH07625,40.0,17.8,4.7,giao_vien,Ha Noi,1,32.0
KH07626,22.0,16.5,8.9,nhan_vien,Can Tho,2,50.0
KH07627,47.0,9.5,8.2,nhan_vien,TP HCM,1,94.0
KH07628,48.0,25.8,18.4,ky_su,Ha Noi,3,76.0
KH07629,60.0,8.7,3.9,giao_vien,TP HCM,1,38.0
KH07630,50.0,37.0,17.0,bac_si,Da Nang,5,38.0
KH07631,40.0,19.3,12.6,nhan_vien,TP HCM,4,56.0
KH07632,40.0,13.2,5.0,nhan_vien,TP HCM,3,31.0
KH07633,46.0,15.1,11.0,nhan_vien,Can Tho,2,72.0
KH07634,35.0,7.4,2.1,giao_vien,TP HCM,3,30.0
KH07635,30.0,25.8,18.0,kinh_doanh,Ha Noi,2,60.0
KH07636,47.0,18.1,7.7,nhan_vien,Ha Noi,0,40.0
KH07637,44.0,9.3,5.4,nhan_vien,Da Nang,2,53.0
KH07638,18.0,8.1,4.4,giao_vien,Da Nang,0,47.0
KH07639,46.0,12.0,10.2,giao_vien,Can Tho,2,72.0
KH07640,31.0,25.7,20.7,ky_su,TP HCM,9,92.0
KH07641,40.0,7.4,1.1,sinh_vien,Can Tho,0,15.0
KH07642,63.0,16.8,14.5,kinh_doanh,Ha Noi,2,99.0
KH07643,18.0,26.1,18.5,giao_vien,Can Tho,7,57.0
KH07644,38.0,22.0,18.8,nhan_vien,Ha Noi,4,87.0
KH07645,43.0,16.8,14.8,nhan_vien,Can Tho,7,76.0
KH07646,36.0,20.9,11.4,nhan_vien,Ha Noi,1,55.0
KH07647,25.0,36.1,18.0,kinh_doanh,Ha Noi,6,54.0
KH07648,27.0,11.6,8.1,bac_si,TP HCM,3,76.0
KH07649,35.0,8.3,4.5,sinh_vien,TP HCM,1,62.0
KH07650,44.0,12.9,7.5,nhan_vien,Da Nang,1,64.0
KH07651,26.0,7.4,6.1,sinh_vien,Ha Noi,1,73.0
KH07652,53.0,40.0,18.6,kinh_doanh,Can Tho,8,37.0
KH07653,35.0,12.5,12.7,giao_vien,TP HCM,5,83.0
KH07654,28.0,12.8,11.6,giao_vien,Can Tho,1,96.0
KH07655,35.0,11.9,10.7,nhan_vien,TP HCM,4,91.0
KH07656,48.0,17.6,17.4,giao_vien,TP HCM,9,100.0
KH07657,35.0,30.1,16.4,bac_si,Da Nang,5,56.0
KH07658,63.0,28.5,15.4,kinh_doanh,TP HCM,4,44.0
KH07659,30.0,5.8,3.6,giao_vien,TP HCM,0,68.0
KH07660,47.0,13.3,14.1,nhan_vien,TP HCM,1,100.0
KH07661,34.0,11.7,7.1,giao_vien,TP HCM,0,58.0
KH07662,32.0,17.9,15.6,giao_vien,TP HCM,6,95.0
KH07663,50.0,25.0,8.2,ky_su,Da Nang,2,33.0
KH07664,38.0,28.3,11.5,ky_su,TP HCM,5,39.0
KH07665,28.0,22.7,15.1,ky_su,Ha Noi,2,78.0
KH07666,26.0,30.3,23.7,ky_su,TP HCM,3,63.0
KH07667,32.0,18.5,7.2,kinh_doanh,Hai Phong,2,41.0
KH07668,35.0,28.8,14.2,giao_vien,Can Tho,2,48.0
KH07669,19.0,4.6,3.0,sinh_vien,TP HCM,1,55.0
KH07670,38.0,12.1,9.8,giao_vien,Hai Phong,2,92.0
KH07671,39.0,17.1,14.5,nhan_vien,Ha Noi,7,89.0
KH07672,30.0,20.1,8.5,nhan_vien,TP HCM,2,34.0
KH07673,42.0,8.5,3.5,giao_vien,Ha Noi,0,49.0
KH07674,32.0,6.9,4.0,giao_vien,Ha Noi,0,52.0
KH07675,44.0,21.3,13.6,ky_su,TP HCM,7,71.0
KH07676,30.0,20.7,15.5,giao_vien,TP HCM,4,88.0
KH07677,48.0,7.3,2.8,kinh_doanh,TP HCM,1,36.0
KH07678,50.0,3.8,2.9,sinh_vien,Can Tho,0,89.0
KH07679,52.0,12.0,7.5,kinh_doanh,TP HCM,2,52.0
KH07680,28.0,16.3,8.3,ky_su,Ha Noi,6,54.0
KH07681,37.0,29.4,24.0,kinh_doanh,TP HCM,5,88.0
KH07682,18.0,19.9,11.0,kinh_doanh,Hai Phong,1,46.0
KH07683,34.0,13.1,9.5,nhan_vien,TP HCM,2,81.0
KH07684,49.0,33.0,22.7,bac_si,Ha Noi,5,75.0
KH07685,45.0,27.3,15.3,kinh_doanh,Ha Noi,0,53.0
KH07686,39.0,25.4,20.1,giao_vien,TP HCM,2,84.0
KH07687,33.0,34.3,18.8,kinh_doanh,Can Tho,5,47.0
KH07688,26.0,15.1,14.6,giao_vien,Ha Noi,0,100.0
KH07689,36.0,14.1,8.4,giao_vien,Ha Noi,2,52.0
KH07690,30.0,16.4,10.8,nhan_vien,TP HCM,4,69.0
KH07691,33.0,10.2,5.9,bac_si,Hai Phong,0,68.0
KH07692,27.0,21.1,13.5,ky_su,Da Nang,6,69.0
KH07693,23.0,17.1,10.1,nhan_vien,Ha Noi,2,55.0
KH07694,26.0,13.2,11.7,ky_su,Can Tho,3,89.0
KH07695,39.0,28.0,14.5,ky_su,Can Tho,3,54.0
KH07696,49.0,11.2,3.4,sinh_vien,TP HCM,1,32.0
KH07697,36.0,22.4,20.2,nhan_vien,Hai Phong,8,96.0
KH07698,48.0,22.1,15.1,nhan_vien,Can Tho,6,72.0
KH07699,36.0,13.8,8.8,nhan_vien,TP HCM,0,52.0
KH07700,25.0,19.1,9.8,kinh_doanh,Hai Phong,4,56.0
KH07701,56.0,20.8,8.4,nhan_vien,TP HCM,1,47.0
KH07702,43.0,5.4,4.0,sinh_vien,TP HCM,1,79.0
KH07703,55.0,16.4,6.7,kinh_doanh,Can Tho,1,37.0
KH07704,29.0,2.2,2.7,sinh_vien,TP HCM,0,100.0
KH07705,47.0,8.8,8.1,ky_su,Ha Noi,1,82.0
KH07706,29.0,16.9,8.1,giao_vien,TP HCM,1,57.0
KH07707,31.0,11.9,5.6,nhan_vien,Da Nang,1,48.0
KH07708,44.0,39.5,17.2,kinh_doanh,Can Tho,4,38.0
KH07709,46.0,22.9,10.2,nhan_vien,Ha Noi,3,36.0
KH07710,30.0,13.0,6.6,giao_vien,Hai Phong,4,44.0
KH07711,43.0,8.8,7.7,sinh_vien,Ha Noi,4,80.0
KH07712,50.0,2.7,0.6,sinh_vien,TP HCM,0,18.0
KH07713,36.0,27.5,20.2,bac_si,Hai Phong,3,66.0
KH07714,36.0,2.9,3.1,sinh_vien,TP HCM,0,100.0
KH07715,42.0,9.6,6.7,nhan_vien,Can Tho,0,63.0
KH07716,21.0,22.8,11.4,kinh_doanh,TP HCM,1,45.0
KH07717,42.0,20.6,11.5,kinh_doanh,Hai Phong,2,54.0
KH07718,28.0,43.4,18.8,bac_si,TP HCM,5,42.0
KH07719,67.0,22.5,13.8,bac_si,Hai Phong,3,68.0
KH07720,29.0,25.4,19.5,kinh_doanh,TP HCM,5,73.0
KH07721,40.0,20.6,13.8,ky_su,Can Tho,3,72.0
KH07722,44.0,14.9,7.9,nhan_vien,Da Nang,3,60.0
KH07723,18.0,25.4,14.7,nhan_vien,Da Nang,3,65.0
KH07724,43.0,5.6,3.2,sinh_vien,Hai Phong,0,49.0
KH07725,43.0,19.6,11.0,giao_vien,Ha Noi,3,64.0
KH07726,27.0,22.0,17.1,bac_si,TP HCM,6,81.0
KH07727,44.0,58.9,24.8,nhan_vien,Ha Noi,3,39.0
KH07728,28.0,31.9,16.2,kinh_doanh,Da Nang,4,53.0
KH07729,18.0,9.1,4.2,sinh_vien,TP HCM,0,42.0
KH07730,47.0,26.4,10.3,ky_su,Ha Noi,1,41.0
KH07731,29.0,14.1,7.2,kinh_doanh,Ha Noi,1,53.0
KH07732,37.0,33.5,29.6,kinh_doanh,Da Nang,7,95.0
KH07733,48.0,19.0,15.0,ky_su,TP HCM,3,67.0
KH07734,46.0,19.3,9.0,kinh_doanh,TP HCM,2,55.0
KH07735,35.0,14.8,10.0,nhan_vien,Can Tho,0,57.0
KH07736,51.0,8.7,6.4,nhan_vien,Ha Noi,0,86.0
KH07737,33.0,21.7,11.6,giao_vien,Ha Noi,2,48.0
KH07738,47.0,23.2,15.9,nhan_vien,Can Tho,5,56.0
KH07739,36.0,6.8,4.2,nhan_vien,TP HCM,0,65.0
KH07740,37.0,13.0,11.1,nhan_vien,TP HCM,2,100.0
KH07741,42.0,11.3,6.5,nhan_vien,TP HCM,1,49.0
KH07742,18.0,32.8,29.2,bac_si,Da Nang,7,77.0
KH07743,49.0,18.9,10.5,giao_vien,TP HCM,2,56.0
KH07744,32.0,5.5,4.7,sinh_vien,Ha Noi,3,70.0
KH07745,42.0,17.5,13.7,nhan_vien,TP HCM,3,66.0
KH07746,40.0,14.1,10.0,kinh_doanh,Da Nang,2,58.0
KH07747,38.0,15.8,7.5,ky_su,Ha Noi,2,42.0
KH07748,21.0,22.7,9.0,nhan_vien,TP HCM,2,35.0
KH07749,18.0,38.7,27.9,kinh_doanh,Ha Noi,10,77.0
KH07750,38.0,21.7,15.9,giao_vien,Da Nang,5,61.0
KH07751,35.0,9.6,7.4,nhan_vien,TP HCM,2,64.0
KH07752,45.0,18.2,13.7,bac_si,Hai Phong,2,70.0
KH07753,22.0,7.9,7.1,kinh_doanh,Da Nang,1,89.0
KH07754,19.0,11.8,5.5,sinh_vien,TP HCM,1,49.0
KH07755,31.0,12.9,6.8,nhan_vien,Ha Noi,3,51.0
KH07756,47.0,24.7,15.5,nhan_vien,Ha Noi,4,53.0
KH07757,52.0,17.4,8.9,ky_su,TP HCM,1,45.0
KH07758,41.0,10.2,3.9,giao_vien,Ha Noi,0,36.0
KH07759,39.0,36.1,20.4,kinh_doanh,Hai Phong,9,49.0
KH07760,36.0,17.2,14.3,nhan_vien,Ha Noi,5,89.0
KH07761,56.0,8.8,6.1,nhan_vien,Can Tho,1,74.0
KH07762,18.0,11.2,4.3,kinh_doanh,TP HCM,0,32.0
KH07763,28.0,22.9,7.3,kinh_doanh,Ha Noi,1,32.0
KH07764,54.0,18.2,12.5,kinh_doanh,TP HCM,3,73.0
KH07765,52.0,22.6,16.6,kinh_doanh,Da Nang,7,82.0
KH07766,28.0,18.6,10.9,kinh_doanh,TP HCM,2,59.0
KH07767,30.0,15.5,10.7,nhan_vien,TP HCM,2,72.0
KH07768,43.0,9.8,3.6,nhan_vien,Can Tho,0,32.0
KH07769,23.0,9.5,5.9,nhan_vien,TP HCM,4,73.0
KH07770,35.0,18.4,14.2,kinh_doanh,Ha Noi,1,88.0
KH07771,40.0,15.6,4.6,kinh_doanh,TP HCM,1,30.0
KH07772,23.0,92.2,40.9,bac_si,TP HCM,13,45.0
KH07773,24.0,10.2,5.2,nhan_vien,Da Nang,1,48.0
KH07774,42.0,54.6,21.1,kinh_doanh,Hai Phong,4,42.0
KH07775,19.0,4.9,4.7,sinh_vien,Ha Noi,1,100.0
KH07776,43.0,5.7,4.6,giao_vien,Ha Noi,1,72.0
KH07777,49.0,3.2,3.2,sinh_vien,Can Tho,2,95.0
KH07778,45.0,11.2,7.1,giao_vien,Can Tho,2,72.0
KH07779,18.0,12.7,8.4,nhan_vien,Ha Noi,2,72.0
KH07780,18.0,16.1,6.5,nhan_vien,TP HCM,1,38.0
KH07781,34.0,13.9,7.5,kinh_doanh,Hai Phong,0,63.0
KH07782,32.0,10.1,6.0,giao_vien,TP HCM,0,71.0
KH07783,43.0,6.2,0.8,sinh_vien,TP HCM,0,13.0
KH07784,46.0,4.3,3.7,sinh_vien,Ha Noi,1,95.0
KH07785,34.0,13.8,9.2,kinh_doanh,Can Tho,0,78.0
KH07786,18.0,15.1,10.1,kinh_doanh,TP HCM,3,74.0
KH07787,29.0,13.2,3.0,sinh_vien,TP HCM,1,26.0
KH07788,40.0,3.1,5.4,sinh_vien,Ha Noi,1,100.0
KH07789,30.0,16.1,5.9,nhan_vien,Ha Noi,1,42.0
KH07790,28.0,15.4,6.1,bac_si,Ha Noi,0,35.0
KH07791,35.0,49.0,20.1,kinh_doanh,Hai Phong,4,36.0
KH07792,52.0,26.4,19.4,ky_su,TP HCM,9,66.0
KH07793,41.0,5.4,0.7,sinh_vien,TP HCM,0,11.0
KH07794,47.0,27.7,15.4,giao_vien,Hai Phong,6,58.0
KH07795,36.0,10.9,6.1,nhan_vien,Can Tho,2,49.0
KH07796,46.0,29.1,17.2,kinh_doanh,TP HCM,3,61.0
KH07797,28.0,10.2,6.6,nhan_vien,Hai Phong,2,76.0
KH07798,31.0,21.8,13.1,nhan_vien,Ha Noi,3,71.0
KH07799,25.0,23.3,13.4,nhan_vien,TP HCM,3,46.0
KH07800,36.0,21.3,11.8,ky_su,TP HCM,4,50.0
KH07801,36.0,4.4,4.2,sinh_vien,Ha Noi,0,100.0
KH07802,61.0,8.7,4.7,giao_vien,Hai Phong,1,60.0
KH07803,31.0,17.3,11.2,nhan_vien,Da Nang,5,68.0
KH07804,18.0,16.9,5.7,nhan_vien,TP HCM,1,33.0
KH07805,39.0,11.2,4.7,giao_vien,Can Tho,0,37.0
KH07806,41.0,36.4,17.2,kinh_doanh,TP HCM,2,52.0
KH07807,33.0,13.4,7.8,giao_vien,Can Tho,2,63.0
KH07808,45.0,36.4,15.4,kinh_doanh,Ha Noi,5,41.0
KH07809,48.0,7.0,2.9,sinh_vien,Da Nang,1,50.0
KH07810,40.0,7.6,1.5,nhan_vien,Hai Phong,1,22.0
KH07811,27.0,17.6,6.6,nhan_vien,Da Nang,2,34.0
KH07812,18.0,14.1,11.0,giao_vien,Hai Phong,2,86.0
KH07813,33.0,26.2,22.9,ky_su,TP HCM,5,87.0
KH07814,20.0,11.0,7.4,kinh_doanh,Can Tho,2,55.0
KH07815,44.0,21.8,8.6,ky_su,TP HCM,0,36.0
KH07816,20.0,41.3,31.7,bac_si,Ha Noi,10,90.0
KH07817,40.0,11.3,10.0,nhan_vien,Hai Phong,1,78.0
KH07818,28.0,10.4,8.1,nhan_vien,TP HCM,2,69.0
KH07819,30.0,28.6,8.3,kinh_doanh,TP HCM,3,33.0
KH07820,18.0,17.2,6.9,ky_su,Hai Phong,2,34.0
KH07821,21.0,12.2,4.8,nhan_vien,TP HCM,3,33.0
KH07822,46.0,16.0,7.4,giao_vien,TP HCM,4,45.0
KH07823,25.0,40.8,21.5,bac_si,Ha Noi,4,62.0
KH07824,43.0,39.7,13.9,nhan_vien,TP HCM,6,40.0
KH07825,34.0,19.5,13.0,kinh_doanh,Ha Noi,2,68.0
KH07826,44.0,15.6,5.8,nhan_vien,Da Nang,0,35.0
KH07827,40.0,7.0,2.8,nhan_vien,Da Nang,1,38.0
KH07828,38.0,23.3,9.5,kinh_doanh,Ha Noi,1,47.0
KH07829,47.0,34.2,20.8,ky_su,Da Nang,5,51.0
KH07830,32.0,18.8,9.4,bac_si,TP HCM,1,41.0
KH07831,33.0,3.7,2.8,sinh_vien,Da Nang,0,83.0
KH07832,33.0,18.4,12.9,nhan_vien,Ha Noi,1,76.0
KH07833,23.0,18.8,6.6,ky_su,Ha Noi,0,33.0
KH07834,53.0,18.5,6.5,nhan_vien,Ha Noi,1,29.0
KH07835,38.0,9.5,7.4,giao_vien,TP HCM,3,84.0
KH07836,55.0,15.3,9.1,nhan_vien,Ha Noi,1,58.0
KH07837,61.0,13.3,5.2,nhan_vien,TP HCM,3,41.0
KH07838,47.0,14.0,8.2,giao_vien,Can Tho,2,47.0
KH07839,23.0,12.6,5.0,nhan_vien,Can Tho,1,47.0
KH07840,43.0,27.9,14.9,kinh_doanh,Ha Noi,2,45.0
KH07841,31.0,16.9,10.3,giao_vien,Ha Noi,0,69.0
KH07842,39.0,30.4,17.6,bac_si,Ha Noi,5,57.0
KH07843,52.0,12.6,5.7,giao_vien,Ha Noi,1,53.0
KH07844,47.0,11.0,8.7,ky_su,Ha Noi,0,68.0
KH07845,43.0,18.8,12.3,giao_vien,Ha Noi,3,58.0
KH07846,35.0,27.2,24.8,giao_vien,Hai Phong,7,79.0
KH07847,65.0,32.8,11.6,ky_su,TP HCM,3,34.0
KH07848,54.0,7.3,3.8,ky_su,Ha Noi,0,46.0
KH07849,37.0,41.4,17.8,giao_vien,Ha Noi,3,51.0
KH07850,47.0,75.8,44.3,kinh_doanh,Ha Noi,11,63.0
KH07851,31.0,5.9,6.6,giao_vien,Can Tho,1,100.0
KH07852,49.0,25.7,12.6,nhan_vien,Da Nang,3,48.0
KH07853,29.0,14.7,6.2,giao_vien,TP HCM,0,39.0
KH07854,35.0,7.3,6.3,nhan_vien,Da Nang,2,98.0
KH07855,45.0,23.6,11.4,kinh_doanh,Hai Phong,3,52.0
KH07856,31.0,12.3,10.3,nhan_vien,TP HCM,5,78.0
KH07857,19.0,19.4,11.7,ky_su,TP HCM,1,61.0
KH07858,49.0,5.3,4.2,sinh_vien,Hai Phong,1,71.0
KH07859,18.0,36.8,21.8,kinh_doanh,Ha Noi,3,49.0
KH07860,35.0,5.5,4.4,sinh_vien,Da Nang,2,93.0
KH07861,34.0,24.6,15.6,ky_su,TP HCM,2,63.0
KH07862,58.0,10.9,8.6,nhan_vien,Hai Phong,2,65.0
KH07863,45.0,12.9,4.8,giao_vien,TP HCM,2,39.0
KH07864,35.0,5.7,6.3,nhan_vien,Da Nang,2,100.0
KH07865,35.0,17.3,8.1,ky_su,Ha Noi,1,42.0
KH07866,31.0,11.4,8.5,nhan_vien,Can Tho,3,63.0
KH07867,33.0,25.4,16.2,ky_su,Ha Noi,7,72.0
KH07868,29.0,11.7,4.1,nhan_vien,Ha Noi,0,35.0
KH07869,45.0,36.7,26.3,ky_su,TP HCM,8,80.0
KH07870,39.0,14.6,8.0,nhan_vien,Can Tho,3,49.0
KH07871,53.0,19.1,10.8,giao_vien,TP HCM,2,47.0
KH07872,32.0,14.4,9.3,nhan_vien,Can Tho,2,77.0
KH07873,36.0,27.2,18.6,giao_vien,Ha Noi,9,80.0
KH07874,44.0,20.2,14.2,nhan_vien,TP HCM,2,65.0
KH07875,49.0,33.1,24.8,kinh_doanh,Ha Noi,11,70.0
KH07876,31.0,12.9,9.6,ky_su,Hai Phong,5,84.0
KH07877,35.0,32.2,24.6,ky_su,Ha Noi,6,90.0
KH07878,27.0,22.6,16.7,kinh_doanh,Ha Noi,6,76.0
KH07879,41.0,17.4,14.2,ky_su,Ha Noi,2,96.0
KH07880,25.0,12.1,7.3,giao_vien,TP HCM,1,48.0
KH07881,47.0,5.8,3.1,giao_vien,Da Nang,0,59.0
KH07882,57.0,17.6,5.8,kinh_doanh,TP HCM,0,32.0
KH07883,42.0,9.0,5.6,sinh_vien,Ha Noi,3,58.0
KH07884,29.0,4.6,4.4,sinh_vien,Hai Phong,0,100.0
KH07885,36.0,15.5,8.1,ky_su,Hai Phong,1,56.0
KH07886,38.0,25.4,18.6,bac_si,TP HCM,7,77.0
KH07887,31.0,21.7,18.2,giao_vien,Ha Noi,5,76.0
KH07888,29.0,30.3,20.8,kinh_doanh,TP HCM,6,81.0
KH07889,37.0,29.8,20.6,ky_su,TP HCM,3,79.0
KH07890,51.0,38.4,28.2,ky_su,TP HCM,3,67.0
KH07891,34.0,32.1,23.4,nhan_vien,TP HCM,10,62.0
KH07892,42.0,22.5,8.2,ky_su,TP HCM,6,39.0
KH07893,40.0,8.2,6.0,nhan_vien,TP HCM,2,74.0
KH07894,38.0,12.3,5.4,ky_su,TP HCM,1,51.0
KH07895,45.0,24.6,18.6,ky_su,TP HCM,5,83.0
KH07896,34.0,21.4,11.4,ky_su,Ha Noi,3,51.0
KH07897,46.0,11.5,8.0,nhan_vien,Ha Noi,3,62.0
KH07898,40.0,26.0,12.1,ky_su,Da Nang,2,43.0
KH07899,40.0,12.9,8.1,kinh_doanh,Ha Noi,1,51.0
KH07900,38.0,17.1,7.8,kinh_doanh,TP HCM,3,44.0
KH07901,43.0,16.0,10.0,ky_su,TP HCM,2,57.0
KH07902,34.0,25.3,20.0,giao_vien,TP HCM,1,85.0
KH07903,67.0,8.2,5.1,sinh_vien,TP HCM,1,57.0
KH07904,34.0,18.5,10.1,nhan_vien,TP HCM,1,46.0
KH07905,32.0,6.0,3.6,sinh_vien,Hai Phong,0,68.0
KH07906,43.0,18.8,6.2,kinh_doanh,TP HCM,2,27.0
KH07907,32.0,32.9,21.3,kinh_doanh,Ha Noi,5,63.0
KH07908,39.0,11.2,9.2,sinh_vien,Da Nang,3,87.0
KH07909,34.0,12.6,7.9,nhan_vien,Ha Noi,1,57.0
KH07910,55.0,20.6,13.3,ky_su,Hai Phong,2,69.0
KH07911,43.0,16.7,11.6,kinh_doanh,TP HCM,4,57.0
KH07912,36.0,12.1,5.6,nhan_vien,TP HCM,3,54.0
KH07913,26.0,42.5,26.1,bac_si,TP HCM,8,61.0
KH07914,38.0,25.4,10.3,kinh_doanh,Hai Phong,2,33.0
KH07915,36.0,5.7,4.2,sinh_vien,Can Tho,0,61.0
KH07916,32.0,27.6,21.6,kinh_doanh,Da Nang,4,84.0
KH07917,28.0,25.5,17.1,nhan_vien,TP HCM,4,55.0
KH07918,20.0,46.0,32.5,ky_su,Ha Noi,4,78.0
KH07919,50.0,20.7,10.8,kinh_doanh,Da Nang,3,59.0
KH07920,48.0,10.2,8.7,ky_su,Ha Noi,0,100.0
KH07921,45.0,16.5,13.1,kinh_doanh,Ha Noi,3,91.0
KH07922,43.0,16.3,11.3,nhan_vien,Ha Noi,5,58.0
KH07923,34.0,17.0,13.6,ky_su,TP HCM,6,69.0
KH07924,39.0,15.3,4.8,nhan_vien,Ha Noi,3,29.0
KH07925,24.0,30.2,26.0,nhan_vien,Da Nang,9,98.0
KH07926,42.0,49.1,18.0,kinh_doanh,Ha Noi,5,43.0
KH07927,62.0,11.2,7.3,nhan_vien,Da Nang,3,60.0
KH07928,39.0,10.6,9.4,giao_vien,Ha Noi,1,86.0
KH07929,18.0,12.9,4.2,nhan_vien,Hai Phong,2,36.0
KH07930,27.0,33.9,19.3,ky_su,TP HCM,3,58.0
KH07931,45.0,9.5,9.3,nhan_vien,Ha Noi,1,100.0
KH07932,42.0,23.4,13.9,kinh_doanh,Da Nang,3,58.0
KH07933,43.0,25.5,15.6,nhan_vien,Can Tho,2,50.0
KH07934,36.0,16.7,8.3,nhan_vien,Ha Noi,2,41.0
KH07935,18.0,14.3,7.0,giao_vien,Hai Phong,0,46.0
KH07936,18.0,7.7,3.9,sinh_vien,Da Nang,0,50.0
KH07937,26.0,12.9,7.2,giao_vien,TP HCM,0,63.0
KH07938,36.0,25.5,15.9,kinh_doanh,Ha Noi,3,69.0
KH07939,39.0,15.7,10.6,kinh_doanh,Ha Noi,0,61.0
KH07940,29.0,25.7,12.1,ky_su,Can Tho,2,39.0
KH07941,38.0,14.8,12.5,ky_su,TP HCM,2,83.0
KH07942,39.0,45.9,36.8,ky_su,Ha Noi,12,75.0
KH07943,37.0,25.9,9.3,ky_su,Ha Noi,1,37.0
KH07944,18.0,27.1,18.8,ky_su,Ha Noi,5,77.0
KH07945,36.0,37.3,17.2,kinh_doanh,TP HCM,6,53.0
KH07946,30.0,14.0,8.7,bac_si,Ha Noi,1,61.0
KH07947,49.0,16.5,10.4,nhan_vien,Ha Noi,2,51.0
KH07948,41.0,7.9,5.8,nhan_vien,Hai Phong,1,87.0
KH07949,27.0,25.6,8.4,ky_su,Can Tho,2,30.0
KH07950,35.0,12.6,2.9,giao_vien,Can Tho,1,27.0
KH07951,28.0,18.0,13.8,nhan_vien,TP HCM,6,68.0
KH07952,18.0,10.0,3.8,nhan_vien,Ha Noi,0,35.0
KH07953,60.0,17.6,10.5,nhan_vien,TP HCM,4,61.0
KH07954,38.0,29.2,21.9,giao_vien,Da Nang,8,82.0
KH07955,18.0,39.5,21.4,bac_si,Ha Noi,5,60.0
KH07956,18.0,10.6,3.8,nhan_vien,Ha Noi,0,30.0
KH07957,36.0,15.1,10.5,nhan_vien,Can Tho,1,58.0
KH07958,35.0,52.5,21.2,kinh_doanh,Da Nang,0,42.0
KH07959,26.0,16.5,7.9,nhan_vien,Ha Noi,4,43.0
KH07960,18.0,19.8,8.6,kinh_doanh,Can Tho,2,43.0
KH07961,43.0,3.5,0.5,sinh_vien,Hai Phong,1,16.0
KH07962,37.0,37.3,16.5,kinh_doanh,TP HCM,6,49.0
KH07963,18.0,4.3,4.5,nhan_vien,Ha Noi,1,100.0
KH07964,45.0,18.3,11.2,kinh_doanh,TP HCM,3,66.0
KH07965,27.0,58.2,20.4,kinh_doanh,TP HCM,3,31.0
KH07966,55.0,16.2,7.6,ky_su,Ha Noi,5,43.0
KH07967,18.0,32.9,21.5,bac_si,TP HCM,5,61.0
KH07968,44.0,23.8,11.7,nhan_vien,Ha Noi,2,43.0
KH07969,43.0,19.4,11.8,nhan_vien,Ha Noi,6,67.0
KH07970,59.0,37.8,24.2,kinh_doanh,Hai Phong,7,72.0
KH07971,37.0,12.5,8.6,nhan_vien,TP HCM,2,72.0
KH07972,42.0,11.0,3.1,giao_vien,Ha Noi,0,29.0
KH07973,29.0,46.7,18.1,kinh_doanh,Da Nang,6,42.0
KH07974,35.0,25.1,15.6,ky_su,TP HCM,4,71.0
KH07975,27.0,5.2,3.5,giao_vien,Ha Noi,2,54.0
KH07976,38.0,13.0,4.9,giao_vien,Ha Noi,2,43.0
KH07977,32.0,12.3,8.7,bac_si,Ha Noi,3,71.0
KH07978,33.0,28.0,20.1,nhan_vien,Da Nang,3,85.0
KH07979,35.0,31.2,24.5,ky_su,Can Tho,6,71.0
KH07980,40.0,8.4,8.8,nhan_vien,TP HCM,0,100.0
KH07981,18.0,25.8,16.5,ky_su,Ha Noi,4,53.0
KH07982,45.0,38.9,20.3,ky_su,TP HCM,5,57.0
KH07983,23.0,7.3,6.1,giao_vien,Ha Noi,6,71.0
KH07984,37.0,4.5,4.4,sinh_vien,TP HCM,1,96.0
KH07985,38.0,36.4,24.5,ky_su,TP HCM,6,59.0
KH07986,28.0,28.4,23.8,ky_su,TP HCM,5,97.0
KH07987,25.0,10.7,7.6,giao_vien,TP HCM,3,59.0
KH07988,43.0,20.9,11.6,kinh_doanh,Hai Phong,1,56.0
KH07989,39.0,27.8,12.1,kinh_doanh,Da Nang,4,42.0
KH07990,42.0,24.5,12.3,ky_su,Ha Noi,4,51.0
KH07991,18.0,8.1,4.4,giao_vien,Ha Noi,0,58.0
KH07992,62.0,20.3,11.8,ky_su,Ha Noi,2,56.0
KH07993,30.0,32.7,13.0,ky_su,Hai Phong,2,37.0
KH07994,30.0,10.5,6.7,ky_su,Da Nang,4,53.0
KH07995,18.0,2.9,2.8,sinh_vien,Hai Phong,1,80.0
KH07996,37.0,3.9,3.4,sinh_vien,TP HCM,2,89.0
KH07997,38.0,20.7,15.2,bac_si,Ha Noi,2,69.0
KH07998,47.0,13.5,3.3,giao_vien,TP HCM,1,28.0
KH07999,69.0,11.8,9.9,giao_vien,Da Nang,1,87.0
KH08000,19.0,37.5,15.9,kinh_doanh,Ha Noi,3,42.0
KH08001,45.0,8.5,5.1,nhan_vien,Da Nang,0,71.0
KH08002,27.0,19.2,14.7,nhan_vien,Da Nang,3,78.0
KH08003,18.0,8.1,5.4,sinh_vien,Can Tho,1,56.0
KH08004,36.0,9.8,8.1,nhan_vien,Da Nang,1,67.0
KH08005,25.0,67.3,24.8,kinh_doanh,Hai Phong,6,39.0
KH08006,53.0,6.5,4.7,sinh_vien,Hai Phong,1,63.0
KH08007,48.0,4.5,3.5,sinh_vien,Can Tho,3,86.0
KH08008,50.0,16.8,11.0,giao_vien,Ha Noi,4,73.0
KH08009,30.0,19.8,7.6,bac_si,Can Tho,2,40.0
KH08010,29.0,28.2,21.2,ky_su,Can Tho,8,63.0
KH08011,49.0,58.7,35.4,kinh_doanh,Ha Noi,7,51.0
KH08012,49.0,21.0,11.3,nhan_vien,Hai Phong,2,57.0
KH08013,35.0,11.6,6.0,kinh_doanh,Ha Noi,3,47.0
KH08014,34.0,15.5,8.2,nhan_vien,Da Nang,1,62.0
KH08015,38.0,19.6,13.3,giao_vien,Can Tho,3,58.0
KH08016,66.0,9.8,5.8,nhan_vien,TP HCM,2,64.0
KH08017,36.0,3.7,1.7,sinh_vien,TP HCM,0,46.0
KH08018,35.0,24.8,15.7,kinh_doanh,TP HCM,5,72.0
KH08019,46.0,17.9,15.8,kinh_doanh,TP HCM,5,81.0
KH08020,24.0,24.8,13.9,kinh_doanh,Ha Noi,4,53.0
KH08021,45.0,12.1,7.5,giao_vien,TP HCM,3,63.0
KH08022,42.0,16.5,8.8,ky_su,Ha Noi,3,55.0
KH08023,21.0,11.0,8.5,nhan_vien,TP HCM,0,63.0
KH08024,45.0,13.8,8.6,ky_su,Ha Noi,1,55.0
KH08025,37.0,18.4,11.2,ky_su,Ha Noi,7,60.0
KH08026,41.0,39.0,24.4,ky_su,Da Nang,4,65.0
KH08027,31.0,21.8,16.1,ky_su,Hai Phong,3,69.0
KH08028,34.0,31.4,23.4,ky_su,Ha Noi,3,61.0
KH08029,25.0,13.1,8.4,giao_vien,Da Nang,5,62.0
KH08030,26.0,32.7,25.2,kinh_doanh,TP HCM,7,84.0
KH08031,48.0,24.1,13.0,nhan_vien,Hai Phong,3,61.0
KH08032,27.0,35.1,27.3,ky_su,TP HCM,7,72.0
KH08033,30.0,28.6,24.4,nhan_vien,TP HCM,10,90.0
KH08034,49.0,39.1,26.6,ky_su,Ha Noi,9,65.0
KH08035,49.0,17.1,12.2,ky_su,Ha Noi,4,72.0
KH08036,34.0,22.4,10.5,nhan_vien,Ha Noi,0,38.0
KH08037,18.0,38.0,21.5,ky_su,TP HCM,3,67.0
KH08038,37.0,45.3,17.9,ky_su,Ha Noi,2,41.0
KH08039,31.0,34.6,18.8,kinh_doanh,Can Tho,5,63.0
KH08040,42.0,22.1,11.7,ky_su,TP HCM,1,49.0
KH08041,36.0,48.2,42.2,bac_si,Ha Noi,16,89.0
KH08042,37.0,45.1,37.1,ky_su,Ha Noi,21,80.0
KH08043,38.0,21.5,10.4,ky_su,Ha Noi,4,53.0
KH08044,39.0,48.4,19.7,kinh_doanh,Ha Noi,7,37.0
KH08045,36.0,9.6,6.7,giao_vien,Hai Phong,1,66.0
KH08046,41.0,13.9,6.3,kinh_doanh,Da Nang,1,50.0
KH08047,26.0,31.1,15.9,kinh_doanh,Da Nang,4,46.0
KH08048,49.0,16.3,7.2,ky_su,TP HCM,3,39.0
KH08049,32.0,9.2,8.9,sinh_vien,TP HCM,0,100.0
KH08050,21.0,19.1,7.6,ky_su,Ha Noi,0,35.0
KH08051,38.0,18.1,11.8,ky_su,TP HCM,4,63.0
KH08052,53.0,6.4,4.0,sinh_vien,Ha Noi,1,74.0
KH08053,18.0,25.3,17.0,kinh_doanh,Hai Phong,3,72.0
KH08054,23.0,20.4,13.9,bac_si,TP HCM,3,59.0
KH08055,39.0,17.3,6.5,nhan_vien,Ha Noi,1,32.0
KH08056,51.0,5.2,4.1,sinh_vien,Hai Phong,2,85.0
KH08057,25.0,42.7,27.6,ky_su,Da Nang,7,67.0
KH08058,25.0,23.9,8.4,ky_su,TP HCM,3,39.0
KH08059,34.0,33.1,18.6,ky_su,TP HCM,4,61.0
KH08060,43.0,16.4,10.0,kinh_doanh,Can Tho,3,69.0
KH08061,44.0,9.3,3.8,nhan_vien,Da Nang,0,40.0
KH08062,46.0,11.8,8.8,nhan_vien,Can Tho,1,64.0
KH08063,47.0,18.3,14.2,kinh_doanh,TP HCM,1,71.0
KH08064,18.0,21.2,11.1,kinh_doanh,Ha Noi,2,50.0
KH08065,43.0,45.2,28.7,bac_si,TP HCM,3,65.0
KH08066,39.0,30.3,13.5,kinh_doanh,Can Tho,5,46.0
KH08067,40.0,15.2,15.3,nhan_vien,Ha Noi,5,85.0
KH08068,52.0,11.1,10.6,nhan_vien,Can Tho,4,88.0
KH08069,33.0,3.2,2.3,sinh_vien,Ha Noi,0,74.0
KH08070,47.0,14.1,10.4,nhan_vien,Ha Noi,4,79.0
KH08071,40.0,9.0,5.2,giao_vien,Da Nang,3,50.0
KH08072,47.0,6.8,3.3,nhan_vien,Hai Phong,2,56.0
KH08073,47.0,30.6,17.6,ky_su,TP HCM,4,57.0
KH08074,47.0,15.8,9.0,nhan_vien,Ha Noi,3,48.0
KH08075,38.0,14.3,7.4,ky_su,Ha Noi,4,42.0
KH08076,21.0,9.4,4.6,giao_vien,TP HCM,2,40.0
KH08077,34.0,11.9,4.3,kinh_doanh,TP HCM,4,30.0
KH08078,18.0,9.3,6.9,nhan_vien,Ha Noi,4,83.0
KH08079,24.0,14.0,8.2,nhan_vien,Ha Noi,2,60.0
KH08080,44.0,18.9,12.9,giao_vien,Ha Noi,2,76.0
KH08081,22.0,17.4,12.0,giao_vien,Ha Noi,2,76.0
KH08082,37.0,22.3,10.6,bac_si,Da Nang,2,46.0
KH08083,50.0,18.4,14.6,nhan_vien,Hai Phong,5,79.0
KH08084,26.0,28.2,15.8,kinh_doanh,Can Tho,5,58.0
KH08085,49.0,11.9,4.5,nhan_vien,Ha Noi,0,39.0
KH08086,47.0,11.4,7.2,nhan_vien,Da Nang,0,61.0
KH08087,29.0,14.0,9.0,ky_su,Can Tho,3,67.0
KH08088,48.0,26.1,10.9,kinh_doanh,TP HCM,3,34.0
KH08089,22.0,7.4,4.4,nhan_vien,TP HCM,2,64.0
KH08090,28.0,15.3,9.6,ky_su,Ha Noi,3,52.0
KH08091,50.0,38.3,16.5,kinh_doanh,Can Tho,6,35.0
KH08092,44.0,20.8,16.5,bac_si,TP HCM,4,88.0
KH08093,34.0,23.9,18.5,giao_vien,TP HCM,2,63.0
KH08094,27.0,20.1,7.7,ky_su,Da Nang,3,46.0
KH08095,33.0,28.6,25.1,bac_si,Can Tho,3,89.0
KH08096,23.0,12.8,5.7,nhan_vien,TP HCM,0,39.0
KH08097,41.0,27.4,15.2,ky_su,TP HCM,4,54.0
KH08098,31.0,58.1,48.4,kinh_doanh,TP HCM,10,69.0
KH08099,49.0,6.2,6.1,sinh_vien,Da Nang,1,89.0
KH08100,49.0,5.2,3.3,sinh_vien,TP HCM,1,58.0
KH08101,39.0,12.9,9.1,bac_si,TP HCM,3,85.0
KH08102,37.0,17.2,10.5,nhan_vien,TP HCM,2,63.0
KH08103,43.0,46.5,37.1,ky_su,TP HCM,8,75.0
KH08104,31.0,19.8,12.3,nhan_vien,TP HCM,1,74.0
KH08105,26.0,22.6,18.4,nhan_vien,Ha Noi,8,91.0
KH08106,33.0,14.9,6.3,nhan_vien,TP HCM,1,41.0
KH08107,39.0,4.3,2.0,sinh_vien,Can Tho,1,40.0
KH08108,19.0,7.3,1.5,sinh_vien,Da Nang,0,22.0
KH08109,47.0,24.1,7.3,nhan_vien,TP HCM,1,36.0
KH08110,24.0,20.1,11.4,kinh_doanh,Hai Phong,3,55.0
KH08111,40.0,10.3,4.6,nhan_vien,TP HCM,1,38.0
KH08112,32.0,19.4,7.5,nhan_vien,Hai Phong,2,40.0
KH08113,47.0,18.4,18.9,nhan_vien,TP HCM,5,100.0
KH08114,40.0,22.3,12.9,nhan_vien,TP HCM,3,57.0
KH08115,36.0,30.2,22.6,kinh_doanh,Hai Phong,5,83.0
KH08116,30.0,40.4,30.2,kinh_doanh,Da Nang,6,63.0
KH08117,42.0,22.7,20.4,nhan_vien,Ha Noi,3,100.0
KH08118,39.0,9.0,2.6,sinh_vien,Ha Noi,0,29.0
KH08119,43.0,8.2,4.2,sinh_vien,TP HCM,1,54.0
KH08120,18.0,16.4,9.8,ky_su,Da Nang,5,60.0
KH08121,18.0,18.0,5.4,giao_vien,Ha Noi,3,33.0
KH08122,37.0,56.3,27.1,ky_su,Ha Noi,10,51.0
KH08123,19.0,19.8,8.1,giao_vien,TP HCM,4,41.0
KH08124,42.0,12.5,8.2,nhan_vien,Da Nang,4,74.0
KH08125,43.0,13.1,7.0,nhan_vien,TP HCM,1,47.0
KH08126,30.0,12.9,8.6,nhan_vien,Ha Noi,1,54.0
KH08127,62.0,14.5,8.7,nhan_vien,Ha Noi,6,69.0
KH08128,18.0,21.9,15.1,nhan_vien,TP HCM,1,61.0
KH08129,44.0,43.5,27.6,kinh_doanh,Hai Phong,2,74.0
KH08130,38.0,37.9,29.1,nhan_vien,TP HCM,5,82.0
KH08131,29.0,21.8,18.1,nhan_vien,Ha Noi,3,88.0
KH08132,28.0,18.6,11.9,nhan_vien,Da Nang,2,60.0
KH08133,57.0,42.2,26.1,nhan_vien,Ha Noi,3,65.0
KH08134,40.0,13.9,9.2,giao_vien,TP HCM,4,71.0
KH08135,51.0,12.3,5.2,giao_vien,Can Tho,1,42.0
KH08136,21.0,26.2,15.6,ky_su,Can Tho,4,69.0
KH08137,37.0,52.7,40.7,ky_su,TP HCM,9,63.0
KH08138,30.0,24.0,20.5,ky_su,Can Tho,5,81.0
KH08139,45.0,32.5,16.2,bac_si,TP HCM,0,45.0
KH08140,52.0,7.7,7.0,giao_vien,TP HCM,1,90.0
KH08141,35.0,72.9,47.3,ky_su,Hai Phong,13,66.0
KH08142,19.0,55.9,42.8,kinh_doanh,TP HCM,12,66.0
KH08143,37.0,10.6,9.0,sinh_vien,Hai Phong,5,100.0
KH08144,34.0,4.5,0.5,sinh_vien,TP HCM,0,9.0
KH08145,27.0,23.5,9.5,kinh_doanh,Hai Phong,2,41.0
KH08146,38.0,16.3,9.0,nhan_vien,TP HCM,2,46.0
KH08147,43.0,23.5,12.1,ky_su,TP HCM,3,58.0
KH08148,30.0,51.8,39.5,ky_su,TP HCM,14,82.0
KH08149,27.0,21.3,10.1,kinh_doanh,Ha Noi,1,43.0
KH08150,35.0,47.3,33.2,kinh_doanh,TP HCM,8,58.0
KH08151,65.0,24.6,11.2,ky_su,TP HCM,3,38.0
KH08152,44.0,33.7,13.1,kinh_doanh,TP HCM,1,42.0
KH08153,32.0,50.0,35.6,giao_vien,Ha Noi,7,58.0
KH08154,40.0,11.5,4.8,giao_vien,Ha Noi,2,39.0
KH08155,37.0,16.3,8.9,giao_vien,Ha Noi,2,52.0
KH08156,37.0,35.5,19.2,bac_si,Can Tho,5,47.0
KH08157,29.0,10.9,6.2,sinh_vien,Ha Noi,0,50.0
KH08158,34.0,5.0,0.8,sinh_vien,Can Tho,0,18.0
KH08159,22.0,30.3,14.6,ky_su,TP HCM,6,44.0
KH08160,19.0,18.4,15.2,giao_vien,Ha Noi,2,87.0
KH08161,28.0,10.6,3.2,ky_su,TP HCM,1,34.0
KH08162,51.0,28.7,15.6,ky_su,TP HCM,4,45.0
KH08163,18.0,14.0,11.0,nhan_vien,Ha Noi,1,77.0
KH08164,26.0,23.5,15.0,kinh_doanh,Ha Noi,8,63.0
KH08165,26.0,3.9,0.5,sinh_vien,TP HCM,1,13.0
KH08166,50.0,18.7,15.0,nhan_vien,Hai Phong,6,71.0
KH08167,18.0,10.9,5.5,nhan_vien,Ha Noi,2,49.0
KH08168,51.0,15.2,5.9,kinh_doanh,Da Nang,2,41.0
KH08169,33.0,31.9,18.5,ky_su,Ha Noi,8,50.0
KH08170,37.0,9.9,6.4,nhan_vien,Ha Noi,0,60.0
KH08171,18.0,15.3,12.1,bac_si,TP HCM,4,75.0
KH08172,46.0,37.8,19.9,bac_si,Da Nang,8,55.0
KH08173,30.0,12.9,7.3,giao_vien,Ha Noi,5,50.0
KH08174,37.0,15.3,9.6,kinh_doanh,TP HCM,0,64.0
KH08175,20.0,15.7,8.9,nhan_vien,TP HCM,3,63.0
KH08176,43.0,8.8,5.7,sinh_vien,TP HCM,3,71.0
KH08177,34.0,32.5,14.7,bac_si,Ha Noi,10,41.0
KH08178,44.0,30.6,13.8,kinh_doanh,Can Tho,8,51.0
KH08179,27.0,9.2,2.3,nhan_vien,TP HCM,1,22.0
KH08180,34.0,29.0,11.3,nhan_vien,Can Tho,2,42.0
KH08181,39.0,21.4,11.2,nhan_vien,Da Nang,4,43.0
KH08182,48.0,15.0,4.4,giao_vien,Ha Noi,1,33.0
KH08183,56.0,15.4,9.6,kinh_doanh,Ha Noi,3,73.0
KH08184,47.0,22.5,15.8,ky_su,Ha Noi,9,82.0
KH08185,28.0,10.5,5.4,nhan_vien,Ha Noi,2,46.0
KH08186,18.0,45.6,31.0,ky_su,Ha Noi,4,60.0
KH08187,24.0,2.5,2.6,sinh_vien,Da Nang,0,97.0
KH08188,28.0,13.9,9.5,nhan_vien,TP HCM,2,55.0
KH08189,55.0,37.4,14.4,ky_su,Hai Phong,5,42.0
KH08190,39.0,24.5,13.8,ky_su,Ha Noi,2,66.0
KH08191,31.0,20.2,18.8,nhan_vien,Ha Noi,6,85.0
KH08192,40.0,26.2,12.9,ky_su,TP HCM,3,59.0
KH08193,22.0,14.8,11.8,ky_su,Hai Phong,1,74.0
KH08194,36.0,8.9,5.0,giao_vien,Ha Noi,1,48.0
KH08195,45.0,12.6,7.9,nhan_vien,TP HCM,4,54.0
KH08196,21.0,45.7,17.4,ky_su,Ha Noi,8,35.0
KH08197,33.0,10.6,11.6,ky_su,Hai Phong,0,100.0
KH08198,45.0,12.0,3.7,giao_vien,Ha Noi,0,32.0
KH08199,35.0,32.3,17.5,ky_su,TP HCM,6,45.0
KH08200,56.0,16.1,5.9,giao_vien,Da Nang,3,43.0
KH08201,22.0,10.4,8.4,nhan_vien,Ha Noi,4,74.0
KH08202,26.0,14.5,12.4,nhan_vien,TP HCM,2,95.0
KH08203,40.0,27.7,23.3,ky_su,Da Nang,3,100.0
KH08204,21.0,17.7,8.8,nhan_vien,TP HCM,6,55.0
KH08205,44.0,13.1,5.2,giao_vien,Hai Phong,4,44.0
KH08206,25.0,17.6,10.1,nhan_vien,Da Nang,1,59.0
KH08207,42.0,25.5,24.1,bac_si,Ha Noi,5,95.0
KH08208,42.0,12.4,9.8,nhan_vien,TP HCM,5,67.0
KH08209,44.0,10.6,2.4,nhan_vien,Hai Phong,1,19.0
KH08210,49.0,16.0,14.2,giao_vien,Can Tho,3,78.0
KH08211,41.0,60.6,27.6,kinh_doanh,Ha Noi,11,40.0
KH08212,37.0,11.7,12.5,nhan_vien,TP HCM,1,100.0
KH08213,37.0,19.6,16.3,bac_si,Hai Phong,2,89.0
KH08214,41.0,12.9,10.1,kinh_doanh,TP HCM,2,71.0
KH08215,18.0,10.0,7.2,nhan_vien,Can Tho,3,58.0
KH08216,33.0,25.4,23.9,nhan_vien,TP HCM,6,89.0
KH08217,44.0,43.9,28.6,kinh_doanh,Can Tho,6,62.0
KH08218,35.0,9.4,4.6,sinh_vien,TP HCM,2,46.0
KH08219,58.0,36.1,30.1,ky_su,TP HCM,5,88.0
KH08220,41.0,23.0,14.0,ky_su,Hai Phong,4,58.0
KH08221,44.0,13.6,9.1,kinh_doanh,Da Nang,2,67.0
KH08222,38.0,35.9,30.4,ky_su,TP HCM,4,80.0
KH08223,49.0,19.6,5.5,nhan_vien,TP HCM,2,28.0
KH08224,18.0,22.2,17.0,bac_si,TP HCM,4,82.0
KH08225,48.0,47.3,24.8,ky_su,Ha Noi,3,51.0
KH08226,25.0,59.1,21.6,bac_si,Can Tho,4,33.0
KH08227,42.0,12.5,8.6,ky_su,TP HCM,3,77.0
KH08228,27.0,21.0,15.0,bac_si,Ha Noi,4,71.0
KH08229,36.0,21.0,15.1,ky_su,Hai Phong,3,78.0
KH08230,21.0,21.0,18.6,nhan_vien,Can Tho,4,71.0
KH08231,42.0,17.8,11.0,nhan_vien,Da Nang,4,69.0
KH08232,45.0,28.9,14.7,kinh_doanh,Ha Noi,4,50.0
KH08233,38.0,4.5,3.7,sinh_vien,Ha Noi,0,79.0
KH08234,35.0,18.7,13.5,kinh_doanh,TP HCM,1,86.0
KH08235,20.0,9.1,6.3,bac_si,Can Tho,1,75.0
KH08236,33.0,20.1,10.7,nhan_vien,Can Tho,2,55.0
KH08237,32.0,14.7,3.2,nhan_vien,Hai Phong,2,26.0
KH08238,33.0,28.6,23.2,bac_si,Ha Noi,6,91.0
KH08239,34.0,9.6,4.9,giao_vien,TP HCM,3,58.0
KH08240,38.0,2.6,1.5,sinh_vien,TP HCM,2,47.0
KH08241,41.0,18.8,8.4,nhan_vien,Hai Phong,2,44.0
KH08242,31.0,12.7,12.2,nhan_vien,TP HCM,3,83.0
KH08243,41.0,9.2,8.5,giao_vien,TP HCM,3,82.0
KH08244,29.0,22.9,14.3,giao_vien,Da Nang,5,57.0
KH08245,44.0,11.6,7.1,giao_vien,Ha Noi,1,55.0
KH08246,57.0,11.9,5.0,nhan_vien,TP HCM,1,49.0
KH08247,27.0,21.7,13.5,kinh_doanh,Ha Noi,6,63.0
KH08248,30.0,15.9,9.5,giao_vien,Ha Noi,4,63.0
KH08249,20.0,28.9,13.2,kinh_doanh,Ha Noi,5,47.0
KH08250,40.0,11.0,9.8,ky_su,TP HCM,3,79.0
KH08251,25.0,1.6,3.1,sinh_vien,Da Nang,0,100.0
KH08252,51.0,46.7,25.8,ky_su,Hai Phong,6,63.0
KH08253,33.0,15.6,10.7,nhan_vien,TP HCM,1,76.0
KH08254,32.0,12.4,7.7,nhan_vien,Can Tho,2,56.0
KH08255,38.0,16.0,12.3,nhan_vien,TP HCM,2,63.0
KH08256,38.0,27.1,18.7,kinh_doanh,Can Tho,7,62.0
KH08257,30.0,14.4,9.8,kinh_doanh,Da Nang,2,71.0
KH08258,30.0,7.4,4.7,sinh_vien,TP HCM,0,65.0
KH08259,40.0,15.0,12.2,nhan_vien,Hai Phong,3,80.0
KH08260,34.0,4.0,2.1,sinh_vien,Hai Phong,0,51.0
KH08261,29.0,12.4,9.2,kinh_doanh,TP HCM,0,82.0
KH08262,47.0,9.2,4.7,giao_vien,Ha Noi,0,43.0
KH08263,30.0,22.3,11.4,bac_si,Can Tho,5,47.0
KH08264,36.0,31.6,8.3,kinh_doanh,TP HCM,1,27.0
KH08265,28.0,25.1,18.8,nhan_vien,Ha Noi,5,71.0
KH08266,41.0,16.3,6.4,ky_su,Ha Noi,1,33.0
KH08267,64.0,17.6,9.8,nhan_vien,Can Tho,2,60.0
KH08268,43.0,8.8,5.1,giao_vien,TP HCM,0,49.0
KH08269,39.0,19.0,16.6,giao_vien,Hai Phong,3,79.0
KH08270,34.0,29.8,15.6,nhan_vien,Ha Noi,7,52.0
KH08271,44.0,18.8,15.4,ky_su,TP HCM,3,87.0
KH08272,20.0,28.5,20.4,ky_su,TP HCM,3,71.0
KH08273,23.0,17.3,7.9,kinh_doanh,Ha Noi,2,43.0
KH08274,36.0,16.2,10.0,giao_vien,TP HCM,1,50.0
KH08275,26.0,14.4,12.1,ky_su,Da Nang,0,75.0
KH08276,39.0,3.5,0.8,sinh_vien,Ha Noi,0,24.0
KH08277,41.0,20.2,15.8,kinh_doanh,Ha Noi,7,85.0
KH08278,18.0,13.6,6.7,ky_su,Can Tho,1,58.0
KH08279,35.0,11.2,6.8,sinh_vien,Ha Noi,0,64.0
KH08280,48.0,10.1,8.1,giao_vien,Ha Noi,0,71.0
KH08281,44.0,7.6,3.6,nhan_vien,Ha Noi,5,45.0
KH08282,40.0,22.3,14.3,nhan_vien,Ha Noi,1,53.0
KH08283,49.0,7.5,1.5,sinh_vien,Ha Noi,0,19.0
KH08284,26.0,19.3,15.2,giao_vien,Hai Phong,5,93.0
KH08285,55.0,12.8,8.3,nhan_vien,Da Nang,2,66.0
KH08286,32.0,16.6,4.3,ky_su,Ha Noi,0,30.0
KH08287,41.0,22.9,11.0,ky_su,Hai Phong,0,51.0
KH08288,44.0,34.7,28.3,kinh_doanh,Ha Noi,7,71.0
KH08289,23.0,21.6,15.4,nhan_vien,Ha Noi,3,82.0
KH08290,33.0,22.8,12.1,kinh_doanh,Da Nang,0,49.0
KH08291,31.0,11.7,7.9,kinh_doanh,Ha Noi,1,55.0
KH08292,20.0,7.1,5.2,nhan_vien,Hai Phong,2,70.0
KH08293,62.0,13.8,6.5,giao_vien,TP HCM,3,53.0
KH08294,57.0,8.5,8.3,sinh_vien,Da Nang,3,80.0
KH08295,40.0,14.8,6.2,nhan_vien,Da Nang,0,50.0
KH08296,29.0,16.7,11.5,ky_su,TP HCM,5,70.0
KH08297,21.0,47.0,18.0,nhan_vien,TP HCM,4,41.0
KH08298,27.0,17.7,14.4,giao_vien,Ha Noi,7,84.0
KH08299,37.0,12.1,5.1,kinh_doanh,Ha Noi,0,37.0
KH08300,19.0,21.7,16.3,nhan_vien,TP HCM,3,65.0
KH08301,45.0,12.4,6.5,nhan_vien,Hai Phong,2,59.0
KH08302,56.0,6.3,4.4,sinh_vien,TP HCM,0,67.0
KH08303,28.0,16.1,13.8,kinh_doanh,TP HCM,0,76.0
KH08304,36.0,13.7,8.4,giao_vien,Hai Phong,1,54.0
KH08305,34.0,6.1,3.9,nhan_vien,Ha Noi,4,64.0
KH08306,18.0,39.5,23.6,kinh_doanh,Can Tho,3,61.0
KH08307,40.0,31.0,13.4,ky_su,Da Nang,3,39.0
KH08308,49.0,13.1,8.7,nhan_vien,TP HCM,4,54.0
KH08309,27.0,4.0,2.6,sinh_vien,Ha Noi,2,55.0
KH08310,50.0,7.0,3.4,nhan_vien,Can Tho,0,48.0
KH08311,34.0,12.7,4.5,nhan_vien,TP HCM,1,32.0
KH08312,30.0,25.7,11.0,kinh_doanh,Ha Noi,3,41.0
KH08313,27.0,17.2,7.8,nhan_vien,TP HCM,4,54.0
KH08314,33.0,22.1,13.7,nhan_vien,Ha Noi,3,68.0
KH08315,54.0,15.8,10.3,kinh_doanh,Da Nang,3,67.0
KH08316,35.0,10.1,9.5,giao_vien,Ha Noi,2,100.0
KH08317,55.0,19.9,17.0,giao_vien,Hai Phong,6,78.0
KH08318,40.0,31.4,13.5,kinh_doanh,Ha Noi,5,36.0
KH08319,32.0,30.1,11.7,ky_su,Ha Noi,4,36.0
KH08320,33.0,24.1,16.1,ky_su,Ha Noi,2,56.0
KH08321,49.0,21.4,14.8,nhan_vien,Ha Noi,4,58.0
KH08322,27.0,10.8,9.8,nhan_vien,Can Tho,6,100.0
KH08323,30.0,49.3,40.4,bac_si,Da Nang,14,69.0
KH08324,38.0,9.9,5.7,giao_vien,Da Nang,4,46.0
KH08325,49.0,21.9,7.6,ky_su,Ha Noi,1,34.0
KH08326,30.0,42.3,20.9,kinh_doanh,TP HCM,7,54.0
KH08327,40.0,33.8,22.9,bac_si,TP HCM,8,70.0
KH08328,35.0,21.3,18.9,ky_su,Hai Phong,4,92.0
KH08329,38.0,20.4,6.1,nhan_vien,Ha Noi,1,24.0
KH08330,28.0,12.0,4.8,nhan_vien,TP HCM,0,35.0
KH08331,47.0,34.1,28.7,nhan_vien,Hai Phong,5,89.0
KH08332,55.0,36.8,28.7,nhan_vien,Da Nang,8,63.0
KH08333,42.0,35.8,21.7,kinh_doanh,TP HCM,8,51.0
KH08334,71.0,28.9,13.3,ky_su,Da Nang,2,44.0
KH08335,31.0,40.1,12.9,ky_su,TP HCM,2,26.0
KH08336,35.0,45.6,26.7,kinh_doanh,TP HCM,14,54.0
KH08337,47.0,24.4,14.4,kinh_doanh,TP HCM,5,53.0
KH08338,31.0,25.4,19.7,ky_su,Hai Phong,6,70.0
KH08339,27.0,13.3,9.1,nhan_vien,Can Tho,2,70.0
KH08340,26.0,7.1,3.0,nhan_vien,Ha Noi,2,48.0
KH08341,49.0,75.2,40.5,kinh_doanh,Ha Noi,8,48.0
KH08342,30.0,19.3,15.8,kinh_doanh,Hai Phong,6,73.0
KH08343,38.0,16.3,9.2,giao_vien,TP HCM,1,64.0
KH08344,32.0,32.1,20.6,giao_vien,TP HCM,7,52.0
KH08345,52.0,54.4,32.6,nhan_vien,TP HCM,12,67.0
KH08346,31.0,24.6,15.2,bac_si,Ha Noi,3,74.0
KH08347,51.0,19.9,12.3,nhan_vien,TP HCM,1,62.0
KH08348,33.0,37.0,21.1,ky_su,Ha Noi,2,63.0
KH08349,29.0,4.3,1.7,giao_vien,TP HCM,2,42.0
KH08350,43.0,16.4,10.6,kinh_doanh,Ha Noi,3,64.0
KH08351,41.0,14.1,5.7,kinh_doanh,Ha Noi,1,32.0
KH08352,57.0,14.7,10.8,ky_su,TP HCM,3,87.0
KH08353,52.0,29.3,19.9,kinh_doanh,Ha Noi,5,57.0
KH08354,26.0,14.6,11.3,ky_su,Ha Noi,4,82.0
KH08355,58.0,43.8,37.3,ky_su,Can Tho,9,92.0
KH08356,24.0,8.2,4.9,sinh_vien,Da Nang,1,50.0
KH08357,26.0,12.9,7.9,giao_vien,Da Nang,0,69.0
KH08358,50.0,18.8,17.6,giao_vien,TP HCM,9,93.0
KH08359,30.0,28.3,17.8,kinh_doanh,Da Nang,7,71.0
KH08360,44.0,30.4,12.4,ky_su,TP HCM,4,33.0
KH08361,34.0,66.9,29.3,ky_su,Da Nang,9,50.0
KH08362,39.0,5.3,1.6,sinh_vien,Ha Noi,0,29.0
KH08363,20.0,34.7,22.6,ky_su,Ha Noi,3,61.0
KH08364,18.0,33.2,26.9,ky_su,TP HCM,7,68.0
KH08365,41.0,25.8,18.1,bac_si,TP HCM,5,60.0
KH08366,56.0,23.9,15.7,ky_su,Ha Noi,4,74.0
KH08367,45.0,12.5,6.1,kinh_doanh,Ha Noi,1,42.0
KH08368,30.0,24.1,15.8,nhan_vien,Da Nang,2,56.0
KH08369,34.0,2.8,0.9,sinh_vien,Ha Noi,1,26.0
KH08370,26.0,41.0,13.9,kinh_doanh,TP HCM,2,35.0
KH08371,36.0,27.2,17.0,ky_su,TP HCM,7,74.0
KH08372,23.0,11.9,6.2,giao_vien,TP HCM,2,46.0
KH08373,32.0,12.9,8.2,nhan_vien,Can Tho,4,57.0
KH08374,49.0,6.9,2.8,giao_vien,Can Tho,0,49.0
KH08375,39.0,18.0,5.9,kinh_doanh,Ha Noi,0,30.0
KH08376,55.0,6.3,5.3,giao_vien,TP HCM,0,88.0
KH08377,33.0,24.4,18.9,ky_su,Can Tho,7,92.0
KH08378,31.0,3.0,3.0,sinh_vien,Ha Noi,2,92.0
KH08379,41.0,9.8,6.1,giao_vien,TP HCM,0,71.0
KH08380,38.0,15.5,10.1,nhan_vien,TP HCM,2,62.0
KH08381,48.0,34.1,24.3,ky_su,Hai Phong,2,73.0
KH08382,35.0,35.4,16.3,kinh_doanh,TP HCM,5,39.0
KH08383,44.0,9.4,5.3,giao_vien,Hai Phong,2,47.0
KH08384,45.0,14.3,4.3,kinh_doanh,Da Nang,0,34.0
KH08385,18.0,15.2,6.3,ky_su,Ha Noi,1,43.0
KH08386,18.0,14.4,3.4,nhan_vien,Can Tho,1,26.0
KH08387,25.0,15.8,11.5,kinh_doanh,TP HCM,4,74.0
KH08388,41.0,6.5,7.8,nhan_vien,Da Nang,2,100.0
KH08389,54.0,17.7,8.1,nhan_vien,TP HCM,2,51.0
KH08390,37.0,25.2,21.7,kinh_doanh,TP HCM,5,85.0
KH08391,30.0,21.5,10.6,giao_vien,TP HCM,6,43.0
KH08392,38.0,37.6,17.9,ky_su,Da Nang,6,43.0
KH08393,48.0,27.7,15.8,kinh_doanh,Da Nang,3,61.0
KH08394,31.0,13.0,9.9,giao_vien,TP HCM,3,73.0
KH08395,33.0,8.0,5.3,nhan_vien,TP HCM,2,70.0
KH08396,29.0,20.1,15.1,nhan_vien,TP HCM,4,63.0
KH08397,42.0,5.5,2.3,giao_vien,Da Nang,0,44.0
KH08398,28.0,5.4,4.2,giao_vien,TP HCM,0,88.0
KH08399,46.0,20.2,16.0,nhan_vien,TP HCM,5,87.0
KH08400,55.0,7.9,6.1,sinh_vien,Ha Noi,1,80.0
KH08401,32.0,20.6,9.6,giao_vien,Ha Noi,1,37.0
KH08402,30.0,17.1,8.5,ky_su,TP HCM,2,57.0
KH08403,31.0,6.3,0.5,sinh_vien,TP HCM,0,9.0
KH08404,42.0,16.3,13.5,nhan_vien,TP HCM,5,68.0
KH08405,18.0,15.9,6.9,ky_su,Can Tho,2,35.0
KH08406,57.0,7.3,2.1,giao_vien,TP HCM,0,29.0
KH08407,42.0,4.9,4.3,sinh_vien,TP HCM,3,86.0
KH08408,46.0,26.3,16.1,nhan_vien,TP HCM,5,50.0
KH08409,27.0,27.6,14.8,kinh_doanh,Hai Phong,4,50.0
KH08410,46.0,26.6,16.8,kinh_doanh,Hai Phong,7,52.0
KH08411,30.0,18.3,12.2,giao_vien,TP HCM,2,75.0
KH08412,31.0,22.8,8.5,ky_su,TP HCM,1,39.0
KH08413,29.0,23.2,17.5,nhan_vien,Da Nang,2,69.0
KH08414,41.0,12.7,9.5,kinh_doanh,Hai Phong,1,77.0
KH08415,24.0,47.3,24.0,nhan_vien,Ha Noi,3,58.0
KH08416,28.0,5.2,3.4,sinh_vien,TP HCM,2,61.0
KH08417,41.0,15.0,13.0,nhan_vien,Ha Noi,2,99.0
KH08418,20.0,10.1,4.1,giao_vien,Can Tho,0,37.0
KH08419,31.0,16.3,8.8,nhan_vien,Da Nang,1,55.0
KH08420,33.0,16.4,10.6,bac_si,Hai Phong,5,57.0
KH08421,36.0,28.3,10.9,ky_su,Ha Noi,4,42.0
KH08422,33.0,18.1,7.2,nhan_vien,Can Tho,2,47.0
KH08423,33.0,23.8,7.1,ky_su,Da Nang,0,36.0
KH08424,53.0,19.9,9.6,giao_vien,TP HCM,5,58.0
KH08425,42.0,25.6,19.8,bac_si,TP HCM,1,89.0
KH08426,28.0,6.3,4.4,sinh_vien,Hai Phong,1,58.0
KH08427,29.0,13.2,9.1,nhan_vien,Da Nang,1,66.0
KH08428,30.0,21.8,10.2,bac_si,TP HCM,2,44.0
KH08429,27.0,15.6,12.7,kinh_doanh,Hai Phong,6,80.0
KH08430,44.0,29.7,13.6,bac_si,Can Tho,3,50.0
KH08431,32.0,25.5,20.3,bac_si,Hai Phong,8,91.0
KH08432,36.0,13.2,8.5,ky_su,TP HCM,2,70.0
KH08433,24.0,2.2,1.5,sinh_vien,Can Tho,0,58.0
KH08434,53.0,22.0,15.3,nhan_vien,TP HCM,8,61.0
KH08435,32.0,68.1,37.7,ky_su,TP HCM,7,47.0
KH08436,29.0,33.8,29.8,nhan_vien,TP HCM,5,79.0
KH08437,34.0,13.9,6.9,nhan_vien,TP HCM,0,58.0
KH08438,51.0,7.2,4.2,sinh_vien,Ha Noi,0,52.0
KH08439,31.0,18.2,14.1,ky_su,Hai Phong,1,64.0
KH08440,39.0,17.8,7.0,bac_si,TP HCM,1,34.0
KH08441,30.0,17.3,12.3,nhan_vien,Da Nang,4,73.0
KH08442,25.0,27.5,16.6,giao_vien,Hai Phong,4,53.0
KH08443,24.0,17.4,10.5,nhan_vien,Can Tho,2,66.0
KH08444,45.0,10.0,4.6,giao_vien,Ha Noi,0,40.0
KH08445,23.0,14.7,5.9,ky_su,TP HCM,3,46.0
KH08446,39.0,14.0,10.4,ky_su,TP HCM,0,77.0
KH08447,43.0,16.3,15.4,kinh_doanh,Can Tho,0,100.0
KH08448,37.0,9.1,2.9,nhan_vien,Ha Noi,0,31.0
KH08449,48.0,9.0,5.3,nhan_vien,Ha Noi,0,60.0
KH08450,62.0,21.7,8.9,ky_su,TP HCM,1,45.0
KH08451,25.0,1.7,2.9,sinh_vien,TP HCM,0,100.0
KH08452,39.0,9.4,6.6,nhan_vien,TP HCM,2,71.0
KH08453,35.0,27.3,10.8,giao_vien,Hai Phong,3,45.0
KH08454,53.0,28.5,16.7,bac_si,Hai Phong,5,54.0
KH08455,26.0,16.4,6.0,bac_si,Hai Phong,4,36.0
KH08456,38.0,37.5,15.5,nhan_vien,Ha Noi,4,37.0
KH08457,60.0,19.7,10.3,nhan_vien,Ha Noi,2,43.0
KH08458,33.0,31.5,24.0,nhan_vien,Da Nang,10,82.0
KH08459,28.0,16.7,13.6,nhan_vien,TP HCM,2,84.0
KH08460,27.0,48.2,21.9,kinh_doanh,Ha Noi,6,38.0
KH08461,29.0,35.1,25.2,kinh_doanh,TP HCM,7,80.0
KH08462,38.0,17.6,16.1,bac_si,Hai Phong,4,100.0
KH08463,30.0,13.9,7.0,nhan_vien,TP HCM,0,42.0
KH08464,41.0,36.6,14.8,kinh_doanh,Can Tho,5,39.0
KH08465,28.0,18.4,10.4,giao_vien,Ha Noi,1,55.0
KH08466,55.0,13.2,5.6,nhan_vien,TP HCM,0,48.0
KH08467,24.0,28.7,19.9,ky_su,Da Nang,4,58.0
KH08468,27.0,3.8,2.4,sinh_vien,TP HCM,0,55.0
KH08469,18.0,15.9,6.9,giao_vien,Ha Noi,2,38.0
KH08470,48.0,28.1,16.5,kinh_doanh,TP HCM,2,63.0
KH08471,49.0,12.9,9.8,giao_vien,Ha Noi,1,91.0
KH08472,33.0,37.2,27.7,ky_su,Can Tho,10,67.0
KH08473,29.0,8.1,3.8,nhan_vien,Ha Noi,0,56.0
KH08474,53.0,26.5,23.7,bac_si,Ha Noi,4,100.0
KH08475,25.0,7.7,3.4,sinh_vien,Ha Noi,0,35.0
KH08476,37.0,10.6,5.1,giao_vien,Ha Noi,0,54.0
KH08477,41.0,2.4,2.9,giao_vien,Hai Phong,0,100.0
KH08478,30.0,19.6,17.1,kinh_doanh,TP HCM,2,97.0
KH08479,32.0,37.6,22.3,bac_si,Hai Phong,6,66.0
KH08480,41.0,27.5,17.2,kinh_doanh,TP HCM,4,52.0
KH08481,55.0,20.7,15.0,ky_su,Ha Noi,2,62.0
KH08482,37.0,6.4,1.2,nhan_vien,Can Tho,0,22.0
KH08483,44.0,23.6,15.1,nhan_vien,TP HCM,6,57.0
KH08484,45.0,23.8,17.6,kinh_doanh,TP HCM,5,62.0
KH08485,40.0,3.9,4.6,sinh_vien,Ha Noi,3,100.0
KH08486,41.0,35.5,26.9,ky_su,TP HCM,6,90.0
KH08487,18.0,29.0,12.2,giao_vien,Ha Noi,3,43.0
KH08488,65.0,30.2,23.0,nhan_vien,TP HCM,6,65.0
KH08489,37.0,12.5,4.9,nhan_vien,TP HCM,0,46.0
KH08490,44.0,13.6,9.1,giao_vien,TP HCM,1,70.0
KH08491,44.0,42.3,16.2,nhan_vien,TP HCM,4,40.0
KH08492,20.0,19.0,15.2,ky_su,TP HCM,2,75.0
KH08493,41.0,17.0,7.0,nhan_vien,TP HCM,2,38.0
KH08494,51.0,17.2,11.7,nhan_vien,Da Nang,1,75.0
KH08495,38.0,24.0,15.5,giao_vien,TP HCM,2,55.0
KH08496,18.0,16.2,12.7,nhan_vien,TP HCM,3,67.0
KH08497,42.0,15.5,9.2,ky_su,Da Nang,2,64.0
KH08498,30.0,11.6,7.6,nhan_vien,TP HCM,0,76.0
KH08499,49.0,24.8,12.4,kinh_doanh,Ha Noi,1,58.0
KH08500,41.0,9.3,3.2,nhan_vien,TP HCM,2,39.0
KH08501,29.0,27.8,22.2,kinh_doanh,TP HCM,6,75.0
KH08502,43.0,27.4,21.5,ky_su,Ha Noi,3,91.0
KH08503,20.0,13.9,11.8,ky_su,Ha Noi,1,91.0
KH08504,31.0,12.3,6.7,nhan_vien,Ha Noi,3,63.0
KH08505,28.0,49.9,36.7,kinh_doanh,TP HCM,6,63.0
KH08506,33.0,12.6,9.6,giao_vien,Ha Noi,1,87.0
KH08507,34.0,5.6,3.5,nhan_vien,TP HCM,0,51.0
KH08508,54.0,32.8,24.0,kinh_doanh,TP HCM,3,79.0
KH08509,43.0,9.2,5.0,sinh_vien,Can Tho,0,47.0
KH08510,18.0,9.5,3.1,nhan_vien,Hai Phong,0,33.0
KH08511,34.0,19.1,7.4,kinh_doanh,Da Nang,3,44.0
KH08512,51.0,43.6,32.6,kinh_doanh,TP HCM,10,85.0
KH08513,30.0,15.6,13.2,kinh_doanh,Ha Noi,4,86.0
KH08514,24.0,16.0,5.6,giao_vien,Ha Noi,2,29.0
KH08515,56.0,9.5,5.3,ky_su,Can Tho,1,46.0
KH08516,32.0,14.9,8.0,bac_si,Hai Phong,1,46.0
KH08517,56.0,11.0,7.9,nhan_vien,TP HCM,2,83.0
KH08518,45.0,35.9,25.3,ky_su,Ha Noi,7,74.0
KH08519,43.0,6.7,3.9,kinh_doanh,Can Tho,1,63.0
KH08520,23.0,22.4,11.0,nhan_vien,TP HCM,5,50.0
KH08521,40.0,9.0,6.3,nhan_vien,Can Tho,2,71.0
KH08522,41.0,13.6,9.7,nhan_vien,TP HCM,3,69.0
KH08523,37.0,20.5,9.3,kinh_doanh,Ha Noi,1,42.0
KH08524,43.0,2.3,0.5,sinh_vien,Hai Phong,1,19.0
KH08525,18.0,11.7,13.9,giao_vien,Ha Noi,6,100.0
KH08526,28.0,12.1,6.3,kinh_doanh,Ha Noi,3,48.0
KH08527,47.0,23.8,21.5,ky_su,Da Nang,6,95.0
KH08528,43.0,14.9,12.3,nhan_vien,TP HCM,4,80.0
KH08529,46.0,18.3,9.7,kinh_doanh,Hai Phong,4,50.0
KH08530,36.0,6.3,3.9,nhan_vien,TP HCM,2,74.0
KH08531,45.0,18.1,12.7,bac_si,Ha Noi,3,80.0
KH08532,50.0,15.4,4.9,kinh_doanh,TP HCM,2,34.0
KH08533,31.0,26.4,11.4,nhan_vien,Ha Noi,2,38.0
KH08534,24.0,26.7,8.0,ky_su,TP HCM,3,25.0
KH08535,34.0,15.3,8.9,nhan_vien,Can Tho,1,51.0
KH08536,41.0,27.4,16.7,kinh_doanh,Ha Noi,2,54.0
KH08537,51.0,8.3,8.5,giao_vien,Can Tho,1,91.0
KH08538,30.0,17.8,9.8,nhan_vien,TP HCM,1,64.0
KH08539,40.0,27.0,20.7,kinh_doanh,Hai Phong,7,79.0
KH08540,36.0,5.0,0.7,sinh_vien,Da Nang,0,12.0
KH08541,33.0,21.1,13.4,kinh_doanh,TP HCM,4,64.0
KH08542,26.0,7.8,3.2,nhan_vien,Ha Noi,0,44.0
KH08543,40.0,3.0,0.5,sinh_vien,Ha Noi,0,17.0
KH08544,39.0,18.7,11.0,nhan_vien,Ha Noi,3,54.0
KH08545,58.0,49.2,39.4,ky_su,Ha Noi,12,79.0
KH08546,25.0,19.6,10.7,kinh_doanh,Da Nang,6,63.0
KH08547,35.0,15.5,4.4,nhan_vien,Can Tho,1,33.0
KH08548,41.0,18.0,13.7,ky_su,TP HCM,7,90.0
KH08549,18.0,2.5,1.7,sinh_vien,TP HCM,0,81.0
KH08550,46.0,33.2,19.6,kinh_doanh,TP HCM,5,58.0
KH08551,22.0,16.2,8.2,nhan_vien,Ha Noi,4,58.0
KH08552,54.0,12.7,4.5,ky_su,TP HCM,1,39.0
KH08553,42.0,6.1,1.1,sinh_vien,TP HCM,0,19.0
KH08554,33.0,37.2,11.5,bac_si,Can Tho,2,33.0
KH08555,40.0,9.0,8.4,nhan_vien,TP HCM,0,100.0
KH08556,34.0,43.1,34.0,kinh_doanh,Ha Noi,7,68.0
KH08557,24.0,11.6,10.2,nhan_vien,Ha Noi,6,76.0
KH08558,45.0,17.1,9.8,nhan_vien,Ha Noi,4,60.0
KH08559,21.0,27.2,10.9,bac_si,Hai Phong,3,36.0
KH08560,36.0,32.1,29.0,kinh_doanh,Da Nang,11,73.0
KH08561,52.0,30.4,23.2,kinh_doanh,Da Nang,6,82.0
KH08562,37.0,15.5,10.3,kinh_doanh,Ha Noi,2,62.0
KH08563,27.0,5.7,2.6,giao_vien,Ha Noi,1,50.0
KH08564,45.0,27.5,11.3,nhan_vien,Da Nang,0,48.0
KH08565,36.0,21.4,17.3,kinh_doanh,Can Tho,7,97.0
KH08566,30.0,27.9,20.5,ky_su,Ha Noi,3,71.0
KH08567,40.0,18.4,4.7,ky_su,Hai Phong,0,26.0
KH08568,35.0,16.3,9.9,kinh_doanh,Ha Noi,2,56.0
KH08569,45.0,18.3,14.7,kinh_doanh,Ha Noi,3,81.0
KH08570,37.0,34.6,20.1,bac_si,Can Tho,7,57.0
KH08571,39.0,8.9,9.0,giao_vien,Ha Noi,1,94.0
KH08572,44.0,12.7,5.8,ky_su,TP HCM,1,47.0
KH08573,46.0,22.4,15.3,ky_su,Can Tho,5,68.0
KH08574,25.0,24.0,14.5,kinh_doanh,TP HCM,6,62.0
KH08575,31.0,4.8,1.5,giao_vien,Ha Noi,1,26.0
KH08576,46.0,18.1,12.8,bac_si,Can Tho,2,77.0
KH08577,38.0,7.4,4.4,ky_su,Da Nang,0,56.0
KH08578,51.0,17.7,7.4,nhan_vien,Ha Noi,2,45.0
KH08579,41.0,16.6,5.2,giao_vien,TP HCM,3,28.0
KH08580,39.0,43.9,21.9,ky_su,Da Nang,3,47.0
KH08581,56.0,14.8,9.5,nhan_vien,TP HCM,2,65.0
KH08582,31.0,22.2,9.5,nhan_vien,Da Nang,5,39.0
KH08583,18.0,6.3,3.2,giao_vien,TP HCM,0,43.0
KH08584,51.0,9.2,9.3,kinh_doanh,TP HCM,2,92.0
KH08585,57.0,25.2,10.0,nhan_vien,TP HCM,3,37.0
KH08586,42.0,16.4,14.0,nhan_vien,TP HCM,2,72.0
KH08587,29.0,14.9,7.1,nhan_vien,TP HCM,2,50.0
KH08588,32.0,11.6,6.3,nhan_vien,TP HCM,6,58.0
KH08589,46.0,24.8,22.2,nhan_vien,Da Nang,10,86.0
KH08590,40.0,2.7,0.5,sinh_vien,Ha Noi,0,22.0
KH08591,29.0,11.1,3.1,nhan_vien,Ha Noi,2,27.0
KH08592,41.0,15.2,11.1,nhan_vien,Da Nang,2,79.0
KH08593,37.0,8.7,6.7,giao_vien,TP HCM,2,67.0
KH08594,24.0,17.1,7.2,nhan_vien,Ha Noi,2,34.0
KH08595,43.0,26.7,17.2,ky_su,Ha Noi,3,71.0
KH08596,30.0,9.7,6.4,nhan_vien,Ha Noi,0,59.0
KH08597,45.0,42.1,15.9,kinh_doanh,TP HCM,6,39.0
KH08598,34.0,11.4,10.2,nhan_vien,Ha Noi,0,78.0
KH08599,37.0,4.0,0.8,sinh_vien,TP HCM,0,24.0
KH08600,28.0,10.6,6.9,giao_vien,Da Nang,2,63.0
KH08601,35.0,30.3,17.8,kinh_doanh,TP HCM,4,61.0
KH08602,61.0,25.4,19.2,bac_si,Ha Noi,6,86.0
KH08603,55.0,9.2,8.2,giao_vien,Ha Noi,4,88.0
KH08604,38.0,37.8,18.0,kinh_doanh,Ha Noi,5,52.0
KH08605,33.0,3.5,3.2,sinh_vien,TP HCM,0,100.0
KH08606,41.0,33.6,14.7,kinh_doanh,Hai Phong,4,39.0
KH08607,25.0,7.5,7.5,sinh_vien,Hai Phong,2,100.0
KH08608,37.0,15.1,6.9,nhan_vien,Ha Noi,2,40.0
KH08609,18.0,16.2,10.4,bac_si,Ha Noi,3,52.0
KH08610,53.0,21.9,16.6,kinh_doanh,Can Tho,4,89.0
KH08611,34.0,10.0,6.7,nhan_vien,Da Nang,1,68.0
KH08612,27.0,12.4,10.6,giao_vien,Da Nang,1,72.0
KH08613,18.0,12.8,5.7,ky_su,Ha Noi,1,48.0
KH08614,20.0,19.7,13.7,ky_su,Ha Noi,1,70.0
KH08615,30.0,25.5,18.4,kinh_doanh,Ha Noi,1,73.0
KH08616,24.0,29.5,13.7,nhan_vien,Ha Noi,2,43.0
KH08617,33.0,19.9,11.4,giao_vien,Ha Noi,6,56.0
KH08618,42.0,37.2,23.3,bac_si,TP HCM,8,67.0
KH08619,21.0,14.0,6.9,nhan_vien,Ha Noi,1,42.0
KH08620,41.0,28.5,17.0,ky_su,Da Nang,1,48.0
KH08621,41.0,37.3,30.4,kinh_doanh,Can Tho,4,70.0
KH08622,29.0,24.9,19.9,ky_su,TP HCM,5,78.0
KH08623,35.0,38.3,24.2,ky_su,TP HCM,6,70.0
KH08624,39.0,20.0,9.9,giao_vien,TP HCM,0,46.0
KH08625,37.0,20.3,9.3,ky_su,Ha Noi,3,43.0
KH08626,20.0,18.8,15.0,ky_su,Ha Noi,2,73.0
KH08627,33.0,7.6,6.1,nhan_vien,Da Nang,3,96.0
KH08628,34.0,26.3,18.5,nhan_vien,Ha Noi,8,79.0
KH08629,50.0,12.1,6.1,nhan_vien,TP HCM,1,42.0
KH08630,18.0,8.9,4.1,nhan_vien,Ha Noi,1,42.0
KH08631,21.0,23.6,15.4,nhan_vien,Da Nang,5,70.0
KH08632,23.0,8.9,3.3,giao_vien,Da Nang,0,36.0
KH08633,30.0,13.6,9.9,nhan_vien,Ha Noi,4,71.0
KH08634,48.0,14.8,9.4,ky_su,Da Nang,2,52.0
KH08635,25.0,24.1,14.8,ky_su,Ha Noi,5,58.0
KH08636,33.0,25.0,20.8,kinh_doanh,TP HCM,8,97.0
KH08637,20.0,13.3,6.1,nhan_vien,TP HCM,2,54.0
KH08638,22.0,16.6,8.0,nhan_vien,Da Nang,1,39.0
KH08639,25.0,12.5,5.3,nhan_vien,Can Tho,0,39.0
KH08640,26.0,26.2,18.2,giao_vien,Hai Phong,9,60.0
KH08641,55.0,24.0,8.4,nhan_vien,Da Nang,4,30.0
KH08642,34.0,7.3,6.7,nhan_vien,Can Tho,0,77.0
KH08643,41.0,4.2,2.1,sinh_vien,TP HCM,1,43.0
KH08644,34.0,16.4,13.6,nhan_vien,TP HCM,2,95.0
KH08645,36.0,10.3,6.7,giao_vien,TP HCM,1,70.0
KH08646,53.0,19.5,10.8,nhan_vien,TP HCM,1,58.0
KH08647,22.0,21.8,12.9,kinh_doanh,TP HCM,1,69.0
KH08648,49.0,6.8,7.0,sinh_vien,TP HCM,0,88.0
KH08649,32.0,16.9,13.7,ky_su,Can Tho,2,70.0
KH08650,51.0,25.0,10.6,nhan_vien,Can Tho,4,47.0
KH08651,62.0,17.3,10.3,nhan_vien,Ha Noi,6,65.0
KH08652,48.0,18.5,17.4,giao_vien,Hai Phong,4,87.0
KH08653,32.0,17.5,8.6,ky_su,Can Tho,1,59.0
KH08654,42.0,21.6,15.9,ky_su,Can Tho,2,64.0
KH08655,46.0,27.4,12.0,kinh_doanh,Ha Noi,1,36.0
KH08656,21.0,12.0,10.8,giao_vien,TP HCM,1,86.0
KH08657,30.0,7.9,5.0,giao_vien,Ha Noi,1,64.0
KH08658,52.0,31.1,13.7,bac_si,Da Nang,1,37.0
KH08659,24.0,5.1,6.2,sinh_vien,Ha Noi,3,100.0
KH08660,45.0,28.3,16.4,kinh_doanh,TP HCM,5,55.0
KH08661,37.0,24.7,17.4,nhan_vien,Da Nang,2,70.0
KH08662,27.0,32.9,28.6,ky_su,TP HCM,6,100.0
KH08663,39.0,20.7,9.6,ky_su,TP HCM,3,55.0
KH08664,51.0,11.4,9.5,nhan_vien,Can Tho,4,95.0
KH08665,30.0,15.3,10.1,nhan_vien,Da Nang,2,59.0
KH08666,36.0,26.3,11.7,bac_si,TP HCM,2,42.0
KH08667,32.0,30.4,21.3,bac_si,Can Tho,4,56.0
KH08668,47.0,18.6,11.2,nhan_vien,TP HCM,3,50.0
KH08669,36.0,22.9,15.0,ky_su,Can Tho,5,66.0
KH08670,38.0,22.3,10.6,bac_si,TP HCM,1,39.0
KH08671,35.0,28.5,17.7,kinh_doanh,Ha Noi,3,62.0
KH08672,43.0,18.9,9.7,giao_vien,TP HCM,3,60.0
KH08673,42.0,18.7,14.1,kinh_doanh,Da Nang,4,73.0
KH08674,57.0,19.6,15.3,nhan_vien,TP HCM,5,66.0
KH08675,37.0,28.4,20.3,kinh_doanh,Hai Phong,2,76.0
KH08676,43.0,14.6,12.8,kinh_doanh,TP HCM,1,94.0
KH08677,44.0,19.3,13.2,nhan_vien,TP HCM,4,57.0
KH08678,48.0,40.5,20.2,nhan_vien,Ha Noi,6,56.0
KH08679,28.0,29.3,13.0,nhan_vien,TP HCM,3,42.0
KH08680,21.0,4.9,1.3,giao_vien,Ha Noi,0,30.0
KH08681,31.0,13.9,3.8,nhan_vien,Ha Noi,1,28.0
KH08682,33.0,3.2,0.5,sinh_vien,Ha Noi,0,14.0
KH08683,46.0,14.5,11.6,nhan_vien,Ha Noi,0,73.0
KH08684,18.0,33.6,26.2,nhan_vien,Da Nang,5,92.0
KH08685,43.0,15.7,12.7,ky_su,TP HCM,2,88.0
KH08686,36.0,14.2,9.2,ky_su,Hai Phong,2,68.0
KH08687,43.0,34.7,20.9,nhan_vien,TP HCM,6,67.0
KH08688,24.0,23.2,17.6,ky_su,Can Tho,2,84.0
KH08689,35.0,3.8,0.5,sinh_vien,Can Tho,0,14.0
KH08690,18.0,22.8,11.6,ky_su,Can Tho,2,49.0
KH08691,24.0,19.2,11.1,nhan_vien,Ha Noi,2,60.0
KH08692,44.0,14.5,10.4,kinh_doanh,Ha Noi,2,77.0
KH08693,39.0,33.3,21.4,bac_si,TP HCM,8,61.0
KH08694,44.0,30.7,17.5,nhan_vien,Ha Noi,0,50.0
KH08695,23.0,18.6,11.7,nhan_vien,Ha Noi,4,62.0
KH08696,45.0,9.7,5.1,nhan_vien,Hai Phong,1,46.0
KH08697,69.0,20.4,10.8,nhan_vien,TP HCM,2,43.0
KH08698,67.0,24.2,6.3,nhan_vien,Hai Phong,3,27.0
KH08699,46.0,38.1,13.7,nhan_vien,Ha Noi,0,34.0
KH08700,25.0,15.2,12.2,ky_su,TP HCM,3,68.0
KH08701,43.0,45.6,19.2,kinh_doanh,TP HCM,4,45.0
KH08702,44.0,18.0,12.7,nhan_vien,TP HCM,5,71.0
KH08703,41.0,35.8,20.0,ky_su,Hai Phong,4,49.0
KH08704,33.0,24.4,15.5,bac_si,Hai Phong,6,62.0
KH08705,24.0,8.5,4.1,nhan_vien,TP HCM,3,52.0
KH08706,25.0,6.0,1.1,sinh_vien,Da Nang,1,20.0
KH08707,37.0,13.0,6.4,nhan_vien,TP HCM,0,48.0
KH08708,37.0,14.0,11.4,kinh_doanh,Da Nang,4,71.0
KH08709,36.0,34.3,16.4,nhan_vien,Can Tho,3,52.0
KH08710,39.0,20.3,13.3,ky_su,Hai Phong,4,61.0
KH08711,18.0,16.1,5.0,sinh_vien,TP HCM,0,26.0
KH08712,43.0,4.7,0.7,sinh_vien,Can Tho,0,16.0
KH08713,30.0,12.2,8.2,kinh_doanh,Can Tho,1,66.0
KH08714,34.0,40.3,16.5,kinh_doanh,TP HCM,4,39.0
KH08715,48.0,23.8,8.0,bac_si,Hai Phong,0,33.0
KH08716,42.0,15.9,10.2,nhan_vien,Da Nang,0,71.0
KH08717,37.0,7.7,5.5,sinh_vien,TP HCM,1,78.0
KH08718,32.0,11.3,7.6,nhan_vien,Da Nang,1,61.0
KH08719,61.0,21.1,13.9,nhan_vien,TP HCM,4,58.0
KH08720,26.0,8.6,4.1,sinh_vien,TP HCM,0,55.0
KH08721,25.0,18.5,8.5,kinh_doanh,Da Nang,2,48.0
KH08722,58.0,16.5,5.5,nhan_vien,TP HCM,1,34.0
KH08723,40.0,27.2,10.5,ky_su,Ha Noi,4,36.0
KH08724,37.0,6.4,4.5,giao_vien,Da Nang,1,58.0
KH08725,39.0,26.6,14.3,kinh_doanh,Hai Phong,1,47.0
KH08726,64.0,15.3,12.2,giao_vien,TP HCM,4,74.0
KH08727,45.0,10.9,8.2,nhan_vien,TP HCM,4,88.0
KH08728,45.0,22.2,7.6,ky_su,TP HCM,2,38.0
KH08729,37.0,9.2,5.4,nhan_vien,Ha Noi,3,69.0
KH08730,44.0,13.3,9.7,nhan_vien,Hai Phong,4,61.0
KH08731,46.0,11.6,11.7,ky_su,Hai Phong,4,99.0
KH08732,47.0,9.3,8.8,kinh_doanh,TP HCM,1,99.0
KH08733,23.0,24.8,12.3,giao_vien,Ha Noi,4,51.0
KH08734,25.0,9.5,4.0,giao_vien,TP HCM,1,37.0
KH08735,52.0,9.1,3.5,nhan_vien,Ha Noi,0,31.0
KH08736,18.0,29.8,21.9,ky_su,TP HCM,4,60.0
KH08737,53.0,9.3,7.1,nhan_vien,TP HCM,2,90.0
KH08738,47.0,30.7,9.9,kinh_doanh,TP HCM,1,33.0
KH08739,42.0,14.9,9.6,nhan_vien,TP HCM,3,69.0
KH08740,33.0,13.7,9.8,nhan_vien,TP HCM,1,73.0
KH08741,37.0,23.2,16.2,nhan_vien,TP HCM,6,56.0
KH08742,24.0,19.3,15.6,bac_si,Ha Noi,3,76.0
KH08743,32.0,19.4,11.9,nhan_vien,TP HCM,6,60.0
KH08744,36.0,6.7,3.4,nhan_vien,TP HCM,0,45.0
KH08745,42.0,25.7,11.5,bac_si,Ha Noi,2,42.0
KH08746,48.0,19.9,8.6,kinh_doanh,TP HCM,2,38.0
KH08747,31.0,7.6,1.6,nhan_vien,Ha Noi,0,24.0
KH08748,40.0,13.3,2.8,nhan_vien,TP HCM,1,22.0
KH08749,51.0,19.2,13.0,ky_su,Da Nang,2,75.0
KH08750,38.0,27.2,17.9,ky_su,Da Nang,3,58.0
KH08751,51.0,14.7,12.6,nhan_vien,TP HCM,3,93.0
KH08752,18.0,28.6,23.8,kinh_doanh,Da Nang,8,94.0
KH08753,56.0,19.7,6.5,nhan_vien,TP HCM,1,34.0
KH08754,37.0,105.4,45.1,bac_si,TP HCM,15,47.0
KH08755,28.0,22.8,15.8,giao_vien,Ha Noi,6,77.0
KH08756,59.0,16.2,6.3,nhan_vien,Can Tho,0,37.0
KH08757,18.0,10.8,6.0,nhan_vien,TP HCM,0,65.0
KH08758,33.0,14.4,6.9,nhan_vien,Ha Noi,2,50.0
KH08759,38.0,10.0,8.1,nhan_vien,Ha Noi,2,96.0
KH08760,40.0,12.8,8.9,nhan_vien,Ha Noi,2,57.0
KH08761,31.0,13.0,4.4,giao_vien,Ha Noi,0,39.0
KH08762,38.0,15.9,5.1,nhan_vien,Can Tho,0,28.0
KH08763,43.0,9.7,4.7,nhan_vien,Can Tho,1,45.0
KH08764,32.0,3.0,1.8,sinh_vien,Can Tho,1,54.0
KH08765,18.0,38.5,14.5,kinh_doanh,TP HCM,6,33.0
KH08766,30.0,46.2,34.6,ky_su,Da Nang,10,63.0
KH08767,31.0,23.5,7.2,giao_vien,Can Tho,3,27.0
KH08768,26.0,5.6,3.7,sinh_vien,TP HCM,2,75.0
KH08769,64.0,53.7,43.6,kinh_doanh,Da Nang,11,84.0
KH08770,40.0,15.5,9.3,ky_su,Can Tho,3,54.0
KH08771,51.0,12.0,8.6,giao_vien,Ha Noi,5,74.0
KH08772,24.0,29.4,20.8,bac_si,TP HCM,5,80.0
KH08773,41.0,16.8,9.9,nhan_vien,TP HCM,0,56.0
KH08774,19.0,71.9,50.7,ky_su,TP HCM,15,63.0
KH08775,26.0,15.6,13.1,nhan_vien,Da Nang,3,97.0
KH08776,51.0,32.0,28.3,nhan_vien,TP HCM,7,88.0
KH08777,33.0,9.7,6.9,nhan_vien,TP HCM,3,78.0
KH08778,34.0,17.6,15.2,nhan_vien,Ha Noi,8,91.0
KH08779,36.0,15.6,11.0,nhan_vien,Ha Noi,2,64.0
KH08780,29.0,20.7,11.9,giao_vien,TP HCM,4,65.0
KH08781,32.0,13.9,12.0,nhan_vien,Ha Noi,2,96.0
KH08782,33.0,16.5,13.7,nhan_vien,Can Tho,3,68.0
KH08783,37.0,25.3,16.2,nhan_vien,Can Tho,5,73.0
KH08784,44.0,30.0,14.0,ky_su,Ha Noi,2,46.0
KH08785,38.0,19.5,15.5,giao_vien,Ha Noi,5,71.0
KH08786,38.0,15.3,4.6,nhan_vien,Hai Phong,1,25.0
KH08787,29.0,29.9,22.3,ky_su,TP HCM,6,81.0
KH08788,41.0,16.6,5.4,nhan_vien,TP HCM,1,27.0
KH08789,55.0,20.4,6.1,nhan_vien,TP HCM,2,32.0
KH08790,29.0,19.2,13.1,nhan_vien,Hai Phong,1,71.0
KH08791,19.0,13.4,7.0,ky_su,Da Nang,1,61.0
KH08792,53.0,11.2,7.8,giao_vien,TP HCM,3,82.0
KH08793,58.0,17.2,11.4,giao_vien,Da Nang,3,76.0
KH08794,23.0,24.1,18.4,kinh_doanh,Can Tho,2,76.0
KH08795,41.0,34.3,12.1,giao_vien,TP HCM,4,40.0
KH08796,29.0,14.0,5.3,ky_su,TP HCM,2,38.0
KH08797,45.0,24.6,18.6,nhan_vien,Ha Noi,4,65.0
KH08798,57.0,13.0,4.5,nhan_vien,TP HCM,1,38.0
KH08799,28.0,22.0,14.0,giao_vien,TP HCM,4,63.0
KH08800,18.0,12.7,6.8,kinh_doanh,TP HCM,0,56.0
KH08801,32.0,12.9,6.7,giao_vien,Ha Noi,1,46.0
KH08802,46.0,7.9,1.9,nhan_vien,Ha Noi,0,22.0
KH08803,39.0,20.1,10.6,ky_su,Hai Phong,5,60.0
KH08804,58.0,24.7,17.8,nhan_vien,TP HCM,7,72.0
KH08805,37.0,15.4,13.0,ky_su,Ha Noi,2,100.0
KH08806,31.0,21.8,11.1,giao_vien,Da Nang,2,49.0
KH08807,41.0,18.0,8.6,ky_su,TP HCM,2,43.0
KH08808,51.0,21.6,17.3,nhan_vien,Hai Phong,1,87.0
KH08809,31.0,17.2,10.7,giao_vien,Ha Noi,4,67.0
KH08810,38.0,11.0,7.3,giao_vien,Can Tho,0,68.0
KH08811,41.0,6.9,6.6,sinh_vien,TP HCM,1,100.0
KH08812,18.0,30.6,13.4,kinh_doanh,TP HCM,1,45.0
KH08813,54.0,25.7,19.2,ky_su,Hai Phong,7,67.0
KH08814,43.0,16.2,12.9,nhan_vien,TP HCM,3,72.0
KH08815,22.0,24.4,14.0,ky_su,Ha Noi,4,56.0
KH08816,36.0,28.4,13.2,nhan_vien,TP HCM,5,45.0
KH08817,56.0,12.1,9.9,ky_su,Hai Phong,0,66.0
KH08818,34.0,22.8,10.0,ky_su,TP HCM,1,46.0
KH08819,38.0,21.3,9.1,ky_su,Ha Noi,2,47.0
KH08820,26.0,9.0,2.9,sinh_vien,Hai Phong,0,30.0
KH08821,37.0,17.6,9.2,nhan_vien,Ha Noi,4,42.0
KH08822,18.0,8.7,1.9,sinh_vien,TP HCM,0,25.0
KH08823,36.0,12.2,8.6,nhan_vien,Ha Noi,1,75.0
KH08824,22.0,7.7,5.5,sinh_vien,Ha Noi,0,77.0
KH08825,19.0,41.7,32.8,kinh_doanh,TP HCM,9,70.0
KH08826,47.0,3.2,4.5,sinh_vien,TP HCM,1,100.0
KH08827,56.0,18.8,10.3,nhan_vien,Ha Noi,3,46.0
KH08828,24.0,23.0,13.7,kinh_doanh,TP HCM,5,57.0
KH08829,20.0,14.2,5.4,giao_vien,Ha Noi,0,45.0
KH08830,39.0,15.8,13.5,giao_vien,Ha Noi,3,100.0
KH08831,42.0,14.2,6.6,giao_vien,TP HCM,2,46.0
KH08832,46.0,23.6,16.6,ky_su,TP HCM,6,67.0
KH08833,49.0,11.9,11.4,nhan_vien,Ha Noi,1,84.0
KH08834,25.0,10.6,6.8,nhan_vien,TP HCM,0,67.0
KH08835,34.0,19.4,7.2,kinh_doanh,Ha Noi,2,38.0
KH08836,36.0,39.7,19.1,giao_vien,TP HCM,5,40.0
KH08837,29.0,26.5,14.7,bac_si,Ha Noi,2,47.0
KH08838,23.0,37.9,23.7,bac_si,Ha Noi,6,70.0
KH08839,45.0,33.2,18.2,bac_si,Ha Noi,6,61.0
KH08840,53.0,13.2,8.3,ky_su,Ha Noi,0,72.0
KH08841,50.0,12.1,10.4,nhan_vien,Ha Noi,6,76.0
KH08842,47.0,35.6,18.8,ky_su,Hai Phong,7,55.0
KH08843,28.0,13.7,11.4,nhan_vien,Can Tho,4,69.0
KH08844,52.0,18.3,13.3,nhan_vien,Da Nang,1,77.0
KH08845,32.0,13.6,8.6,nhan_vien,Can Tho,3,68.0
KH08846,41.0,14.2,7.6,nhan_vien,Ha Noi,1,62.0
KH08847,25.0,31.1,11.4,ky_su,Ha Noi,2,39.0
KH08848,55.0,8.9,3.6,giao_vien,Ha Noi,1,35.0
KH08849,32.0,13.2,6.2,nhan_vien,TP HCM,3,50.0
KH08850,30.0,11.7,10.1,nhan_vien,TP HCM,3,77.0
KH08851,28.0,19.9,13.2,ky_su,TP HCM,1,73.0
KH08852,21.0,16.2,10.5,kinh_doanh,TP HCM,2,55.0
KH08853,30.0,11.3,7.1,ky_su,TP HCM,1,65.0
KH08854,35.0,34.5,14.3,kinh_doanh,TP HCM,2,49.0
KH08855,57.0,6.5,2.5,sinh_vien,Can Tho,0,46.0
KH08856,52.0,34.7,18.6,kinh_doanh,Can Tho,5,50.0
KH08857,34.0,16.2,11.0,giao_vien,TP HCM,3,74.0
KH08858,35.0,17.2,11.5,giao_vien,Can Tho,2,74.0
KH08859,33.0,25.8,24.0,kinh_doanh,Ha Noi,5,100.0
KH08860,52.0,28.3,13.1,nhan_vien,Hai Phong,3,37.0
KH08861,46.0,10.1,8.5,nhan_vien,Can Tho,1,73.0
KH08862,29.0,5.5,4.8,sinh_vien,Ha Noi,1,90.0
KH08863,37.0,15.4,11.8,giao_vien,TP HCM,7,88.0
KH08864,44.0,10.7,5.0,giao_vien,TP HCM,2,49.0
KH08865,31.0,8.0,6.3,nhan_vien,Can Tho,3,68.0
KH08866,29.0,23.0,9.6,kinh_doanh,TP HCM,2,48.0
KH08867,28.0,15.7,7.1,nhan_vien,Da Nang,1,53.0
KH08868,23.0,25.2,12.6,kinh_doanh,TP HCM,2,45.0
KH08869,51.0,21.0,8.8,nhan_vien,Da Nang,3,37.0
KH08870,18.0,15.8,9.6,bac_si,TP HCM,1,66.0
KH08871,32.0,5.4,2.6,nhan_vien,Hai Phong,0,45.0
KH08872,26.0,72.3,31.1,ky_su,Ha Noi,7,47.0
KH08873,30.0,9.5,7.2,nhan_vien,TP HCM,5,66.0
KH08874,35.0,17.0,7.6,kinh_doanh,Da Nang,1,50.0
KH08875,24.0,25.3,6.9,kinh_doanh,Can Tho,1,28.0
KH08876,40.0,10.5,1.1,ky_su,Da Nang,0,8.0
KH08877,31.0,17.5,7.4,kinh_doanh,TP HCM,3,45.0
KH08878,38.0,17.6,12.9,kinh_doanh,TP HCM,5,73.0
KH08879,41.0,14.0,7.4,kinh_doanh,Ha Noi,2,53.0
KH08880,44.0,38.5,29.5,kinh_doanh,Da Nang,5,69.0
KH08881,18.0,10.1,5.4,nhan_vien,Ha Noi,4,58.0
KH08882,18.0,26.3,18.2,bac_si,Can Tho,4,66.0
KH08883,40.0,26.3,10.5,nhan_vien,TP HCM,3,45.0
KH08884,34.0,15.3,12.1,ky_su,TP HCM,1,75.0
KH08885,41.0,37.4,31.0,bac_si,Ha Noi,5,80.0
KH08886,29.0,18.8,7.1,nhan_vien,Ha Noi,1,37.0
KH08887,18.0,8.5,2.5,ky_su,Can Tho,0,33.0
KH08888,30.0,3.0,3.5,sinh_vien,Da Nang,1,100.0
KH08889,42.0,17.4,12.5,kinh_doanh,Ha Noi,6,82.0
KH08890,26.0,21.5,14.4,kinh_doanh,TP HCM,2,75.0
KH08891,49.0,15.6,7.5,bac_si,Ha Noi,1,52.0
KH08892,55.0,6.5,2.6,giao_vien,Ha Noi,3,47.0
KH08893,41.0,44.5,29.4,kinh_doanh,Ha Noi,9,67.0
KH08894,54.0,5.6,2.7,nhan_vien,Hai Phong,0,56.0
KH08895,48.0,19.5,16.5,ky_su,Can Tho,6,87.0
KH08896,33.0,7.0,4.3,nhan_vien,Da Nang,1,67.0
KH08897,30.0,80.3,53.2,kinh_doanh,Ha Noi,10,65.0
KH08898,49.0,31.7,11.2,kinh_doanh,Ha Noi,2,32.0
KH08899,62.0,14.0,6.2,kinh_doanh,TP HCM,0,47.0
KH08900,34.0,24.9,15.0,ky_su,TP HCM,7,59.0
KH08901,33.0,42.4,23.5,bac_si,TP HCM,6,47.0
KH08902,45.0,28.1,11.5,ky_su,TP HCM,4,37.0
KH08903,40.0,21.1,7.7,kinh_doanh,Can Tho,0,38.0
KH08904,23.0,8.8,6.0,giao_vien,TP HCM,0,69.0
KH08905,40.0,14.7,5.0,nhan_vien,Ha Noi,2,30.0
KH08906,45.0,20.7,11.0,ky_su,Ha Noi,2,62.0
KH08907,48.0,16.9,13.2,nhan_vien,Ha Noi,2,63.0
KH08908,24.0,17.2,8.5,kinh_doanh,Ha Noi,1,49.0
KH08909,18.0,15.3,11.2,bac_si,Da Nang,1,60.0
KH08910,25.0,31.5,19.8,kinh_doanh,Hai Phong,3,57.0
KH08911,40.0,11.1,7.7,nhan_vien,TP HCM,2,59.0
KH08912,35.0,17.5,14.8,bac_si,TP HCM,3,85.0
KH08913,27.0,20.8,10.3,ky_su,Ha Noi,5,55.0
KH08914,33.0,12.8,7.8,ky_su,TP HCM,1,72.0
KH08915,51.0,11.4,9.9,sinh_vien,TP HCM,0,100.0
KH08916,31.0,20.5,16.2,bac_si,TP HCM,6,89.0
KH08917,31.0,36.3,14.8,ky_su,Hai Phong,3,39.0
KH08918,39.0,32.4,16.0,nhan_vien,TP HCM,6,57.0
KH08919,31.0,7.8,1.5,sinh_vien,TP HCM,1,22.0
KH08920,31.0,19.5,9.4,ky_su,TP HCM,0,48.0
KH08921,30.0,23.6,10.9,bac_si,Can Tho,3,40.0
KH08922,39.0,39.2,30.0,ky_su,TP HCM,8,74.0
KH08923,44.0,31.0,19.8,nhan_vien,TP HCM,8,69.0
KH08924,36.0,13.1,7.0,nhan_vien,Hai Phong,2,56.0
KH08925,38.0,8.0,1.2,sinh_vien,Da Nang,0,14.0
KH08926,40.0,13.6,8.7,nhan_vien,Hai Phong,2,73.0
KH08927,49.0,52.1,31.1,ky_su,Ha Noi,9,67.0
KH08928,52.0,32.9,26.5,ky_su,Da Nang,6,87.0
KH08929,35.0,18.3,7.2,nhan_vien,Can Tho,2,42.0
KH08930,24.0,10.1,3.2,ky_su,Ha Noi,1,33.0
KH08931,41.0,16.3,16.2,bac_si,Ha Noi,0,100.0
KH08932,35.0,9.3,4.3,kinh_doanh,Ha Noi,1,40.0
KH08933,39.0,30.2,16.4,ky_su,Hai Phong,0,59.0
KH08934,47.0,14.7,12.2,kinh_doanh,TP HCM,6,72.0
KH08935,26.0,12.6,4.6,giao_vien,TP HCM,0,31.0
KH08936,26.0,17.9,13.6,ky_su,TP HCM,4,71.0
KH08937,63.0,39.0,32.7,bac_si,Ha Noi,10,95.0
KH08938,31.0,14.8,11.3,nhan_vien,Ha Noi,2,62.0
KH08939,24.0,10.5,5.3,nhan_vien,TP HCM,2,60.0
KH08940,54.0,22.3,16.0,nhan_vien,TP HCM,7,63.0
KH08941,18.0,27.8,15.2,nhan_vien,Ha Noi,6,60.0
KH08942,18.0,15.3,12.7,kinh_doanh,TP HCM,3,97.0
KH08943,18.0,35.8,26.1,kinh_doanh,TP HCM,4,82.0
KH08944,28.0,22.0,19.3,nhan_vien,Da Nang,6,100.0
KH08945,33.0,17.9,9.4,nhan_vien,TP HCM,2,60.0
KH08946,41.0,31.3,13.8,ky_su,TP HCM,5,48.0
KH08947,33.0,22.8,11.0,nhan_vien,Hai Phong,1,54.0
KH08948,18.0,27.9,11.0,kinh_doanh,TP HCM,1,42.0
KH08949,40.0,21.8,13.5,nhan_vien,TP HCM,4,68.0
KH08950,45.0,19.5,12.9,nhan_vien,TP HCM,4,67.0
KH08951,44.0,23.2,9.0,kinh_doanh,TP HCM,1,37.0
KH08952,35.0,19.0,14.4,ky_su,TP HCM,5,75.0
KH08953,21.0,27.2,13.7,ky_su,Can Tho,3,42.0
KH08954,33.0,4.1,3.2,giao_vien,Da Nang,1,94.0
KH08955,18.0,14.7,10.8,nhan_vien,TP HCM,1,70.0
KH08956,50.0,15.9,14.1,nhan_vien,Hai Phong,4,100.0
KH08957,18.0,13.0,8.9,kinh_doanh,Ha Noi,3,67.0
KH08958,46.0,11.1,3.1,nhan_vien,Ha Noi,2,30.0
KH08959,33.0,26.9,14.0,nhan_vien,Ha Noi,6,47.0
KH08960,27.0,24.4,17.5,ky_su,TP HCM,5,58.0
KH08961,52.0,17.3,8.3,nhan_vien,Da Nang,2,51.0
KH08962,28.0,27.3,15.8,ky_su,Hai Phong,1,53.0
KH08963,29.0,11.9,5.3,nhan_vien,Ha Noi,0,44.0
KH08964,34.0,8.6,5.8,giao_vien,Ha Noi,0,66.0
KH08965,39.0,18.9,15.0,nhan_vien,Ha Noi,4,72.0
KH08966,18.0,40.3,20.3,bac_si,TP HCM,8,42.0
KH08967,49.0,12.8,7.7,nhan_vien,Ha Noi,2,56.0
KH08968,37.0,35.0,15.6,nhan_vien,Ha Noi,8,45.0
KH08969,34.0,12.3,4.6,nhan_vien,Ha Noi,2,41.0
KH08970,32.0,29.0,15.7,ky_su,Da Nang,5,64.0
KH08971,52.0,15.9,9.4,giao_vien,Can Tho,4,51.0
KH08972,41.0,25.9,12.3,ky_su,Ha Noi,4,45.0
KH08973,34.0,22.6,6.6,ky_su,Da Nang,2,30.0
KH08974,24.0,13.2,11.1,ky_su,TP HCM,3,74.0
KH08975,43.0,22.1,19.2,ky_su,Hai Phong,1,93.0
KH08976,38.0,12.0,10.1,giao_vien,TP HCM,1,95.0
KH08977,21.0,11.5,8.4,nhan_vien,TP HCM,5,75.0
KH08978,27.0,7.1,1.2,nhan_vien,Hai Phong,0,16.0
KH08979,40.0,12.3,7.4,nhan_vien,Ha Noi,3,56.0
KH08980,23.0,16.6,10.7,nhan_vien,Can Tho,3,75.0
KH08981,34.0,14.1,12.3,giao_vien,Ha Noi,3,99.0
KH08982,36.0,5.0,1.4,nhan_vien,Ha Noi,1,26.0
KH08983,29.0,16.7,7.8,nhan_vien,Ha Noi,1,51.0
KH08984,53.0,9.2,8.2,nhan_vien,Ha Noi,0,86.0
KH08985,39.0,9.1,4.5,nhan_vien,Ha Noi,1,50.0
KH08986,26.0,13.4,5.9,nhan_vien,TP HCM,1,51.0
KH08987,23.0,13.7,4.1,giao_vien,TP HCM,1,31.0
KH08988,32.0,11.2,8.3,ky_su,TP HCM,4,67.0
KH08989,37.0,5.9,2.6,sinh_vien,TP HCM,0,45.0
KH08990,34.0,12.3,11.3,nhan_vien,Da Nang,3,89.0
KH08991,35.0,29.4,18.9,ky_su,TP HCM,9,64.0
KH08992,36.0,19.3,14.2,ky_su,TP HCM,6,83.0
KH08993,31.0,16.9,11.2,giao_vien,Ha Noi,4,76.0
KH08994,34.0,10.7,8.6,ky_su,Da Nang,4,90.0
KH08995,18.0,17.2,13.8,nhan_vien,TP HCM,7,79.0
KH08996,48.0,28.0,18.8,ky_su,Da Nang,9,79.0
KH08997,29.0,16.3,10.9,nhan_vien,Ha Noi,1,55.0
KH08998,35.0,12.6,8.8,nhan_vien,Ha Noi,2,62.0
KH08999,31.0,12.4,6.0,nhan_vien,Ha Noi,2,54.0
KH09000,51.0,6.2,2.6,sinh_vien,TP HCM,0,44.0
KH09001,32.0,10.1,4.7,giao_vien,Ha Noi,2,52.0
KH09002,33.0,7.9,5.5,giao_vien,TP HCM,0,59.0
KH09003,40.0,26.6,16.8,ky_su,TP HCM,2,61.0
KH09004,31.0,15.3,8.5,nhan_vien,Da Nang,1,63.0
KH09005,36.0,27.1,15.1,bac_si,Can Tho,2,48.0
KH09006,29.0,12.6,6.2,nhan_vien,Ha Noi,2,45.0
KH09007,34.0,6.4,2.7,sinh_vien,TP HCM,1,39.0
KH09008,25.0,7.2,4.5,nhan_vien,Ha Noi,1,67.0
KH09009,47.0,11.5,7.6,nhan_vien,TP HCM,1,53.0
KH09010,18.0,70.4,48.7,kinh_doanh,Ha Noi,7,80.0
KH09011,31.0,9.8,7.9,giao_vien,Da Nang,4,68.0
KH09012,26.0,30.7,11.7,ky_su,Hai Phong,2,34.0
KH09013,41.0,4.3,4.0,nhan_vien,Ha Noi,0,100.0
KH09014,33.0,28.4,22.4,ky_su,Da Nang,7,93.0
KH09015,50.0,15.3,10.7,giao_vien,Ha Noi,4,60.0
KH09016,18.0,16.1,9.7,kinh_doanh,TP HCM,3,55.0
KH09017,30.0,11.5,10.8,nhan_vien,TP HCM,1,100.0
KH09018,21.0,11.9,6.2,giao_vien,TP HCM,1,61.0
KH09019,39.0,14.3,11.4,nhan_vien,Ha Noi,2,86.0
KH09020,49.0,20.1,8.7,bac_si,TP HCM,2,37.0
KH09021,19.0,44.4,36.5,ky_su,Can Tho,16,77.0
KH09022,31.0,25.1,19.2,bac_si,Ha Noi,6,75.0
KH09023,32.0,8.6,5.3,nhan_vien,Ha Noi,1,70.0
KH09024,41.0,8.5,6.7,nhan_vien,Da Nang,1,86.0
KH09025,42.0,16.7,3.8,nhan_vien,TP HCM,1,27.0
KH09026,38.0,24.1,14.1,kinh_doanh,Ha Noi,5,53.0
KH09027,38.0,5.9,2.8,giao_vien,Ha Noi,1,46.0
KH09028,29.0,26.0,11.8,nhan_vien,Da Nang,4,48.0
KH09029,26.0,3.8,0.5,sinh_vien,Ha Noi,0,12.0
KH09030,38.0,12.1,9.5,giao_vien,TP HCM,2,82.0
KH09031,39.0,10.5,9.0,ky_su,Da Nang,1,100.0
KH09032,25.0,24.7,17.6,kinh_doanh,Ha Noi,4,68.0
KH09033,30.0,9.7,4.8,sinh_vien,Hai Phong,2,58.0
KH09034,25.0,25.4,15.0,ky_su,Ha Noi,2,48.0
KH09035,31.0,26.0,13.1,kinh_doanh,TP HCM,2,51.0
KH09036,38.0,3.0,0.9,sinh_vien,TP HCM,0,33.0
KH09037,41.0,12.0,3.7,nhan_vien,Can Tho,0,28.0
KH09038,18.0,3.9,0.8,sinh_vien,Ha Noi,0,22.0
KH09039,18.0,8.4,6.2,sinh_vien,Da Nang,1,72.0
KH09040,52.0,34.0,26.2,kinh_doanh,Ha Noi,9,82.0
KH09041,44.0,29.5,14.2,giao_vien,Ha Noi,3,45.0
KH09042,37.0,18.9,10.2,nhan_vien,Da Nang,1,62.0
KH09043,55.0,14.7,8.4,nhan_vien,TP HCM,3,68.0
KH09044,44.0,15.7,5.0,ky_su,Ha Noi,1,29.0
KH09045,21.0,52.7,43.5,ky_su,TP HCM,7,93.0
KH09046,53.0,19.3,10.3,ky_su,TP HCM,2,45.0
KH09047,42.0,21.0,9.2,ky_su,Da Nang,5,45.0
KH09048,44.0,36.7,21.7,kinh_doanh,Can Tho,4,63.0
KH09049,45.0,16.7,10.1,giao_vien,Hai Phong,3,57.0
KH09050,34.0,9.2,8.9,ky_su,Can Tho,0,99.0
KH09051,38.0,31.8,21.6,kinh_doanh,Ha Noi,4,65.0
KH09052,34.0,18.8,7.3,kinh_doanh,TP HCM,2,44.0
KH09053,35.0,11.8,7.8,nhan_vien,Hai Phong,0,54.0
KH09054,57.0,21.0,13.3,ky_su,Ha Noi,3,54.0
KH09055,26.0,11.3,11.0,ky_su,TP HCM,4,100.0
KH09056,46.0,15.2,11.5,nhan_vien,Ha Noi,4,79.0
KH09057,41.0,11.9,8.1,nhan_vien,Ha Noi,2,61.0
KH09058,44.0,10.5,5.0,ky_su,Hai Phong,3,49.0
KH09059,45.0,31.1,16.2,kinh_doanh,TP HCM,7,57.0
KH09060,31.0,18.8,8.7,nhan_vien,TP HCM,1,54.0
KH09061,43.0,10.4,2.9,nhan_vien,Ha Noi,1,31.0
KH09062,44.0,7.8,7.1,nhan_vien,TP HCM,3,77.0
KH09063,20.0,8.1,2.5,nhan_vien,Ha Noi,1,32.0
KH09064,46.0,10.9,9.2,giao_vien,TP HCM,3,88.0
KH09065,44.0,9.8,5.6,nhan_vien,Ha Noi,1,46.0
KH09066,30.0,31.5,13.1,bac_si,TP HCM,4,35.0
KH09067,25.0,19.3,7.3,kinh_doanh,TP HCM,3,32.0
KH09068,53.0,4.7,3.3,ky_su,Da Nang,1,61.0
KH09069,24.0,15.7,10.2,nhan_vien,Ha Noi,0,72.0
KH09070,43.0,22.6,12.6,nhan_vien,Ha Noi,2,47.0
KH09071,31.0,38.6,20.0,nhan_vien,Ha Noi,3,46.0
KH09072,24.0,5.7,3.6,sinh_vien,TP HCM,1,73.0
KH09073,37.0,20.5,12.3,nhan_vien,TP HCM,7,48.0
KH09074,41.0,34.4,28.8,bac_si,Ha Noi,6,69.0
KH09075,44.0,30.7,19.9,bac_si,TP HCM,3,57.0
KH09076,54.0,9.2,5.9,kinh_doanh,Ha Noi,2,67.0
KH09077,29.0,21.4,12.2,kinh_doanh,Hai Phong,1,62.0
KH09078,50.0,8.8,1.4,nhan_vien,Hai Phong,1,14.0
KH09079,23.0,52.9,31.5,kinh_doanh,Ha Noi,6,65.0
KH09080,29.0,23.8,14.8,bac_si,Da Nang,3,64.0
KH09081,21.0,54.5,28.1,nhan_vien,Hai Phong,17,58.0
KH09082,27.0,40.3,30.6,kinh_doanh,Can Tho,7,85.0
KH09083,52.0,24.6,17.9,nhan_vien,Ha Noi,8,65.0
KH09084,59.0,2.7,0.6,sinh_vien,TP HCM,0,21.0
KH09085,26.0,15.8,12.1,nhan_vien,Ha Noi,5,85.0
KH09086,42.0,10.5,5.9,ky_su,TP HCM,0,55.0
KH09087,41.0,21.1,9.2,kinh_doanh,Da Nang,3,44.0
KH09088,26.0,29.7,25.4,ky_su,Ha Noi,3,92.0
KH09089,39.0,21.6,8.7,nhan_vien,Ha Noi,3,37.0
KH09090,35.0,31.5,20.4,nhan_vien,Can Tho,3,54.0
KH09091,51.0,28.2,25.7,ky_su,Da Nang,6,88.0
KH09092,41.0,32.0,24.2,nhan_vien,TP HCM,4,82.0
KH09093,37.0,19.9,9.1,nhan_vien,Can Tho,1,53.0
KH09094,40.0,8.9,7.1,nhan_vien,Ha Noi,4,79.0
KH09095,44.0,17.2,8.5,kinh_doanh,Da Nang,2,42.0
KH09096,34.0,13.5,10.9,nhan_vien,TP HCM,2,73.0
KH09097,27.0,6.4,2.4,nhan_vien,Da Nang,2,36.0
KH09098,51.0,42.4,28.9,bac_si,Can Tho,12,81.0
KH09099,27.0,39.3,32.2,ky_su,Ha Noi,11,93.0
KH09100,37.0,20.3,16.9,ky_su,TP HCM,4,82.0
KH09101,18.0,17.6,7.2,nhan_vien,TP HCM,1,45.0
KH09102,42.0,2.8,0.5,sinh_vien,Ha Noi,0,18.0
KH09103,33.0,4.6,2.9,sinh_vien,Ha Noi,0,61.0
KH09104,38.0,22.5,12.8,ky_su,TP HCM,2,49.0
KH09105,34.0,57.2,45.1,kinh_doanh,TP HCM,10,75.0
KH09106,30.0,7.9,6.0,nhan_vien,TP HCM,1,64.0
KH09107,21.0,26.0,12.3,bac_si,Can Tho,3,49.0
KH09108,38.0,24.6,17.8,ky_su,Can Tho,3,61.0
KH09109,42.0,35.4,15.6,nhan_vien,TP HCM,2,51.0
KH09110,18.0,11.9,6.2,nhan_vien,TP HCM,0,55.0
KH09111,36.0,4.0,3.0,sinh_vien,Hai Phong,1,82.0
KH09112,35.0,20.4,8.2,nhan_vien,Ha Noi,2,46.0
KH09113,41.0,15.3,10.5,nhan_vien,TP HCM,3,63.0
KH09114,28.0,36.6,25.1,kinh_doanh,Hai Phong,4,55.0
KH09115,46.0,29.5,9.4,ky_su,Ha Noi,2,34.0
KH09116,37.0,13.2,9.0,ky_su,Ha Noi,2,66.0
KH09117,39.0,8.8,7.6,giao_vien,Can Tho,0,86.0
KH09118,20.0,4.4,3.9,sinh_vien,TP HCM,0,90.0
KH09119,33.0,5.6,3.9,sinh_vien,TP HCM,2,65.0
KH09120,43.0,24.3,12.0,kinh_doanh,Can Tho,1,52.0
KH09121,25.0,52.6,30.9,ky_su,Da Nang,6,57.0
KH09122,45.0,19.6,15.2,nhan_vien,TP HCM,4,91.0
KH09123,36.0,16.9,14.3,ky_su,Ha Noi,2,92.0
KH09124,41.0,3.1,3.7,sinh_vien,TP HCM,0,100.0
KH09125,27.0,13.9,7.6,giao_vien,Ha Noi,1,55.0
KH09126,22.0,18.5,9.8,giao_vien,Ha Noi,2,44.0
KH09127,25.0,17.7,12.6,ky_su,TP HCM,1,68.0
KH09128,23.0,39.7,22.8,kinh_doanh,Can Tho,5,63.0
KH09129,46.0,14.5,8.1,nhan_vien,Hai Phong,0,54.0
KH09130,47.0,23.4,20.0,nhan_vien,Can Tho,2,71.0
KH09131,30.0,4.5,2.4,sinh_vien,TP HCM,1,52.0
KH09132,19.0,26.2,16.4,bac_si,TP HCM,3,63.0
KH09133,36.0,53.7,34.9,ky_su,TP HCM,12,61.0
KH09134,35.0,10.0,3.7,nhan_vien,Ha Noi,3,34.0
KH09135,42.0,16.6,11.0,sinh_vien,Ha Noi,2,69.0
KH09136,39.0,41.4,16.6,kinh_doanh,Can Tho,7,41.0
KH09137,31.0,29.5,11.3,ky_su,Hai Phong,6,46.0
KH09138,36.0,16.5,11.6,bac_si,Hai Phong,1,73.0
KH09139,54.0,12.6,9.2,ky_su,TP HCM,2,86.0
KH09140,46.0,19.1,14.0,ky_su,Can Tho,2,73.0
KH09141,33.0,23.6,9.3,nhan_vien,TP HCM,4,42.0
KH09142,35.0,27.3,13.4,bac_si,Ha Noi,2,51.0
KH09143,36.0,20.9,18.3,ky_su,TP HCM,7,79.0
KH09144,35.0,9.5,1.1,nhan_vien,TP HCM,0,10.0
KH09145,50.0,17.6,9.5,kinh_doanh,Hai Phong,4,50.0
KH09146,33.0,11.2,4.5,kinh_doanh,TP HCM,2,44.0
KH09147,47.0,20.6,17.2,bac_si,TP HCM,1,93.0
KH09148,36.0,13.1,7.7,giao_vien,Ha Noi,4,59.0
KH09149,41.0,33.9,26.6,ky_su,Ha Noi,7,64.0
KH09150,18.0,10.5,8.3,nhan_vien,Ha Noi,1,87.0
KH09151,50.0,19.4,6.8,bac_si,TP HCM,3,38.0
KH09152,39.0,35.5,16.3,ky_su,Hai Phong,7,50.0
KH09153,33.0,14.1,7.5,nhan_vien,TP HCM,0,48.0
KH09154,28.0,42.6,34.8,kinh_doanh,Da Nang,15,67.0
KH09155,36.0,29.6,10.2,kinh_doanh,Ha Noi,3,36.0
KH09156,43.0,12.3,8.8,ky_su,Ha Noi,3,74.0
KH09157,36.0,12.4,9.2,kinh_doanh,Hai Phong,2,61.0
KH09158,38.0,25.0,13.8,kinh_doanh,TP HCM,2,66.0
KH09159,49.0,10.2,6.3,nhan_vien,Ha Noi,3,56.0
KH09160,32.0,4.2,4.7,sinh_vien,TP HCM,1,100.0
KH09161,32.0,16.6,12.7,nhan_vien,TP HCM,7,91.0
KH09162,63.0,12.8,7.7,giao_vien,TP HCM,0,55.0
KH09163,48.0,33.2,23.7,kinh_doanh,Hai Phong,5,59.0
KH09164,38.0,6.0,3.1,giao_vien,TP HCM,0,46.0
KH09165,50.0,21.1,12.4,bac_si,TP HCM,3,68.0
KH09166,31.0,16.7,7.8,nhan_vien,Ha Noi,0,48.0
KH09167,45.0,13.7,8.7,nhan_vien,Ha Noi,1,73.0
KH09168,38.0,12.9,5.5,giao_vien,TP HCM,3,45.0
KH09169,70.0,23.0,15.2,bac_si,Ha Noi,2,73.0
KH09170,26.0,7.0,5.6,sinh_vien,Ha Noi,3,73.0
KH09171,50.0,16.9,9.6,bac_si,TP HCM,2,51.0
KH09172,38.0,4.4,1.7,nhan_vien,TP HCM,0,45.0
KH09173,34.0,18.9,7.1,nhan_vien,TP HCM,2,41.0
KH09174,46.0,13.0,8.1,nhan_vien,Hai Phong,1,65.0
KH09175,34.0,27.3,16.2,ky_su,TP HCM,3,63.0
KH09176,43.0,30.9,12.5,ky_su,Ha Noi,3,38.0
KH09177,51.0,19.8,16.0,kinh_doanh,TP HCM,5,68.0
KH09178,42.0,8.3,9.3,nhan_vien,Can Tho,5,100.0
KH09179,42.0,8.4,6.4,giao_vien,TP HCM,2,82.0
KH09180,22.0,23.8,15.7,giao_vien,Can Tho,0,75.0
KH09181,47.0,34.1,18.2,kinh_doanh,Da Nang,5,46.0
KH09182,51.0,16.0,4.4,ky_su,TP HCM,0,22.0
KH09183,40.0,10.3,4.6,nhan_vien,TP HCM,0,48.0
KH09184,40.0,3.9,2.8,sinh_vien,Can Tho,0,68.0
KH09185,49.0,10.9,6.8,kinh_doanh,TP HCM,0,74.0
KH09186,39.0,4.8,0.5,sinh_vien,Ha Noi,0,10.0
KH09187,52.0,13.1,6.4,giao_vien,Ha Noi,2,51.0
KH09188,35.0,21.3,9.1,nhan_vien,Ha Noi,5,39.0
KH09189,48.0,11.3,11.0,giao_vien,Da Nang,2,100.0
KH09190,27.0,44.8,27.8,kinh_doanh,Can Tho,5,52.0
KH09191,33.0,24.5,11.2,ky_su,TP HCM,3,45.0
KH09192,33.0,6.7,3.2,nhan_vien,Hai Phong,0,55.0
KH09193,30.0,29.7,22.8,ky_su,TP HCM,9,73.0
KH09194,47.0,14.3,11.9,bac_si,Ha Noi,2,84.0
KH09195,31.0,20.0,19.0,nhan_vien,TP HCM,2,100.0
KH09196,29.0,7.4,2.4,giao_vien,Can Tho,1,31.0
KH09197,23.0,25.3,19.9,giao_vien,Ha Noi,3,89.0
KH09198,42.0,17.0,13.7,giao_vien,Can Tho,2,65.0
KH09199,61.0,38.2,15.7,kinh_doanh,TP HCM,2,45.0
KH09200,49.0,10.3,7.1,giao_vien,Can Tho,1,76.0
KH09201,42.0,4.1,1.2,sinh_vien,Ha Noi,0,32.0
KH09202,29.0,14.7,5.1,ky_su,TP HCM,2,32.0
KH09203,41.0,30.4,20.8,ky_su,Ha Noi,4,81.0
KH09204,57.0,20.3,14.4,giao_vien,TP HCM,4,74.0
KH09205,49.0,50.5,30.6,kinh_doanh,Ha Noi,8,49.0
KH09206,54.0,34.9,32.3,ky_su,TP HCM,6,76.0
KH09207,36.0,31.6,21.8,kinh_doanh,Ha Noi,6,57.0
KH09208,35.0,22.0,12.6,nhan_vien,Da Nang,2,48.0
KH09209,27.0,25.2,13.2,ky_su,TP HCM,4,62.0
KH09210,30.0,10.2,5.3,sinh_vien,Can Tho,0,62.0
KH09211,47.0,54.0,34.2,ky_su,Ha Noi,13,51.0
KH09212,52.0,22.5,21.8,giao_vien,TP HCM,7,97.0
KH09213,49.0,13.4,5.8,nhan_vien,TP HCM,0,48.0
KH09214,28.0,35.0,17.5,bac_si,Da Nang,4,52.0
KH09215,49.0,10.8,7.4,nhan_vien,Ha Noi,1,81.0
KH09216,28.0,4.4,3.1,giao_vien,TP HCM,1,79.0
KH09217,52.0,8.5,7.1,giao_vien,Ha Noi,3,76.0
KH09218,43.0,12.5,6.7,nhan_vien,TP HCM,2,59.0
KH09219,38.0,5.8,2.4,sinh_vien,Ha Noi,1,42.0
KH09220,38.0,27.5,20.5,ky_su,Can Tho,7,86.0
KH09221,18.0,24.2,18.5,kinh_doanh,Can Tho,4,90.0
KH09222,39.0,16.6,14.3,nhan_vien,Hai Phong,6,85.0
KH09223,35.0,12.5,7.3,giao_vien,Can Tho,1,57.0
KH09224,56.0,7.4,0.8,sinh_vien,Hai Phong,0,13.0
KH09225,38.0,9.5,6.3,nhan_vien,Da Nang,3,80.0
KH09226,29.0,38.0,14.6,ky_su,TP HCM,5,42.0
KH09227,22.0,21.0,16.6,ky_su,Can Tho,4,69.0
KH09228,28.0,8.6,7.8,nhan_vien,TP HCM,4,84.0
KH09229,26.0,60.9,27.4,bac_si,Da Nang,3,38.0
KH09230,42.0,14.6,9.1,nhan_vien,Ha Noi,0,71.0
KH09231,50.0,30.2,19.4,nhan_vien,TP HCM,5,75.0
KH09232,34.0,18.4,11.9,ky_su,Hai Phong,3,70.0
KH09233,26.0,24.0,15.5,nhan_vien,Da Nang,4,55.0
KH09234,28.0,50.4,29.8,ky_su,Da Nang,8,56.0
KH09235,27.0,7.3,5.6,nhan_vien,Da Nang,0,80.0
KH09236,31.0,4.3,1.6,sinh_vien,Ha Noi,1,38.0
KH09237,33.0,14.0,4.6,giao_vien,TP HCM,0,30.0
KH09238,49.0,20.9,11.6,nhan_vien,Can Tho,6,58.0
KH09239,33.0,8.8,7.5,nhan_vien,Hai Phong,1,98.0
KH09240,37.0,26.2,9.6,nhan_vien,Ha Noi,2,34.0
KH09241,20.0,22.0,9.6,giao_vien,TP HCM,1,42.0
KH09242,50.0,12.0,5.3,giao_vien,TP HCM,3,37.0
KH09243,24.0,10.7,7.4,nhan_vien,Da Nang,2,67.0
KH09244,38.0,20.3,13.4,ky_su,TP HCM,6,54.0
KH09245,40.0,5.2,1.4,sinh_vien,TP HCM,0,26.0
KH09246,31.0,12.4,4.3,kinh_doanh,TP HCM,1,28.0
KH09247,52.0,8.1,2.8,kinh_doanh,Ha Noi,0,40.0
KH09248,37.0,19.7,7.2,bac_si,Hai Phong,3,33.0
KH09249,50.0,18.4,14.0,kinh_doanh,Hai Phong,5,68.0
KH09250,18.0,22.2,8.9,kinh_doanh,TP HCM,1,32.0
KH09251,35.0,17.4,13.3,nhan_vien,TP HCM,4,80.0
KH09252,37.0,16.2,12.3,nhan_vien,TP HCM,2,64.0
KH09253,26.0,14.0,6.4,giao_vien,Hai Phong,1,51.0
KH09254,28.0,20.3,11.0,bac_si,TP HCM,1,55.0
KH09255,58.0,10.9,8.6,kinh_doanh,Hai Phong,6,94.0
KH09256,24.0,44.6,28.9,ky_su,Hai Phong,6,69.0
KH09257,18.0,28.3,21.2,ky_su,Ha Noi,11,83.0
KH09258,46.0,18.2,12.8,ky_su,Can Tho,5,72.0
KH09259,24.0,15.9,12.2,nhan_vien,TP HCM,4,62.0
KH09260,33.0,11.0,5.2,bac_si,Can Tho,0,50.0
KH09261,41.0,4.5,1.6,sinh_vien,Can Tho,1,35.0
KH09262,47.0,29.2,17.5,ky_su,Ha Noi,3,55.0
KH09263,33.0,21.4,14.1,ky_su,Can Tho,4,66.0
KH09264,38.0,15.2,11.8,nhan_vien,TP HCM,3,81.0
KH09265,36.0,39.5,27.3,ky_su,Da Nang,11,82.0
KH09266,18.0,36.5,24.7,ky_su,Ha Noi,8,75.0
KH09267,30.0,33.8,27.7,ky_su,Can Tho,8,86.0
KH09268,32.0,10.5,4.6,sinh_vien,Ha Noi,0,39.0
KH09269,35.0,21.5,14.5,kinh_doanh,Ha Noi,2,77.0
KH09270,21.0,20.2,18.2,ky_su,Da Nang,5,100.0
KH09271,58.0,14.5,9.8,nhan_vien,TP HCM,1,74.0
KH09272,40.0,2.8,1.3,sinh_vien,TP HCM,1,54.0
KH09273,32.0,34.5,22.0,kinh_doanh,Ha Noi,9,66.0
KH09274,35.0,6.7,0.6,nhan_vien,TP HCM,1,10.0
KH09275,35.0,21.4,12.3,ky_su,Da Nang,2,57.0
KH09276,29.0,21.9,12.8,bac_si,Da Nang,4,49.0
KH09277,38.0,30.0,24.7,ky_su,Ha Noi,8,93.0
KH09278,36.0,7.3,6.0,nhan_vien,TP HCM,4,75.0
KH09279,31.0,15.6,5.0,kinh_doanh,Hai Phong,1,38.0
KH09280,18.0,13.8,2.6,nhan_vien,Hai Phong,1,20.0
KH09281,45.0,12.0,8.3,nhan_vien,Ha Noi,3,79.0
KH09282,43.0,20.4,5.7,giao_vien,Ha Noi,1,27.0
KH09283,18.0,28.2,15.3,bac_si,Ha Noi,1,56.0
KH09284,35.0,31.8,12.8,nhan_vien,TP HCM,2,37.0
KH09285,30.0,8.5,6.0,giao_vien,TP HCM,1,77.0
KH09286,39.0,10.0,7.7,ky_su,Can Tho,2,66.0
KH09287,26.0,17.4,13.6,giao_vien,TP HCM,6,81.0
KH09288,22.0,8.8,5.7,nhan_vien,TP HCM,2,72.0
KH09289,22.0,39.6,19.3,ky_su,Hai Phong,4,53.0
KH09290,18.0,22.6,18.0,kinh_doanh,TP HCM,3,74.0
KH09291,38.0,10.1,0.9,nhan_vien,Hai Phong,0,10.0
KH09292,33.0,9.8,4.9,nhan_vien,Can Tho,2,51.0
KH09293,44.0,26.1,15.2,bac_si,Can Tho,4,68.0
KH09294,35.0,12.2,9.2,giao_vien,Ha Noi,3,71.0
KH09295,41.0,22.4,9.6,bac_si,TP HCM,5,45.0
KH09296,54.0,3.6,5.7,sinh_vien,TP HCM,3,100.0
KH09297,37.0,48.3,36.4,bac_si,TP HCM,8,83.0
KH09298,28.0,4.6,2.6,sinh_vien,Da Nang,1,65.0
KH09299,42.0,5.2,4.2,sinh_vien,Ha Noi,1,93.0
KH09300,33.0,14.1,9.3,ky_su,TP HCM,0,53.0
KH09301,25.0,3.7,1.6,sinh_vien,TP HCM,0,43.0
KH09302,28.0,13.3,4.1,giao_vien,Hai Phong,2,32.0
KH09303,34.0,15.1,8.2,nhan_vien,TP HCM,2,51.0
KH09304,33.0,13.2,8.1,ky_su,Ha Noi,1,63.0
KH09305,45.0,11.8,5.4,sinh_vien,TP HCM,2,50.0
KH09306,28.0,18.0,8.0,nhan_vien,Ha Noi,2,45.0
KH09307,22.0,8.3,5.0,ky_su,Ha Noi,1,59.0
KH09308,46.0,10.9,9.5,kinh_doanh,TP HCM,5,73.0
KH09309,20.0,26.2,15.5,kinh_doanh,Ha Noi,4,58.0
KH09310,28.0,29.9,11.9,nhan_vien,Ha Noi,2,45.0
KH09311,27.0,59.1,45.3,kinh_doanh,TP HCM,9,80.0
KH09312,32.0,11.1,7.6,nhan_vien,TP HCM,2,71.0
KH09313,26.0,3.3,2.4,sinh_vien,Ha Noi,0,80.0
KH09314,34.0,28.0,24.7,nhan_vien,TP HCM,9,83.0
KH09315,48.0,12.1,8.5,kinh_doanh,TP HCM,1,70.0
KH09316,29.0,23.4,11.0,ky_su,TP HCM,3,47.0
KH09317,30.0,32.9,22.3,bac_si,Ha Noi,6,74.0
KH09318,29.0,17.2,8.7,giao_vien,TP HCM,3,60.0
KH09319,25.0,21.2,13.2,ky_su,Da Nang,1,74.0
KH09320,37.0,11.9,10.1,giao_vien,TP HCM,2,71.0
KH09321,25.0,17.8,10.6,kinh_doanh,Hai Phong,3,63.0
KH09322,49.0,22.3,12.0,nhan_vien,Ha Noi,3,51.0
KH09323,27.0,7.2,4.1,sinh_vien,Ha Noi,0,63.0
KH09324,26.0,19.2,6.7,ky_su,Da Nang,3,35.0
KH09325,58.0,16.8,7.8,nhan_vien,Can Tho,2,46.0
KH09326,44.0,24.4,18.2,ky_su,TP HCM,7,74.0
KH09327,32.0,32.9,21.8,ky_su,Can Tho,4,67.0
KH09328,38.0,10.9,8.7,ky_su,Ha Noi,1,71.0
KH09329,54.0,10.5,6.4,sinh_vien,TP HCM,2,66.0
KH09330,19.0,17.8,10.8,ky_su,TP HCM,5,52.0
KH09331,27.0,23.5,8.3,ky_su,TP HCM,0,35.0
KH09332,31.0,16.2,4.4,giao_vien,TP HCM,0,29.0
KH09333,42.0,18.2,9.9,nhan_vien,Ha Noi,2,52.0
KH09334,31.0,11.8,5.2,nhan_vien,TP HCM,2,46.0
KH09335,30.0,5.0,2.9,sinh_vien,TP HCM,0,58.0
KH09336,18.0,17.0,11.1,giao_vien,Ha Noi,3,66.0
KH09337,25.0,10.0,5.0,nhan_vien,TP HCM,3,50.0
KH09338,31.0,22.5,13.2,giao_vien,Da Nang,1,55.0
KH09339,25.0,17.4,13.5,nhan_vien,TP HCM,4,89.0
KH09340,27.0,14.1,4.8,giao_vien,Da Nang,1,35.0
KH09341,30.0,38.3,26.3,nhan_vien,Ha Noi,9,60.0
KH09342,42.0,11.2,6.6,giao_vien,Can Tho,2,63.0
KH09343,37.0,10.2,3.1,nhan_vien,Hai Phong,0,32.0
KH09344,38.0,42.9,31.3,kinh_doanh,Da Nang,6,67.0
KH09345,46.0,46.1,31.9,kinh_doanh,TP HCM,12,57.0
KH09346,46.0,37.8,14.8,kinh_doanh,Ha Noi,8,44.0
KH09347,35.0,44.4,31.7,kinh_doanh,Ha Noi,11,78.0
KH09348,36.0,25.8,20.3,bac_si,Ha Noi,7,64.0
KH09349,52.0,23.9,12.8,nhan_vien,Hai Phong,1,63.0
KH09350,23.0,26.4,10.5,ky_su,TP HCM,2,42.0
KH09351,20.0,17.3,12.7,kinh_doanh,TP HCM,2,61.0
KH09352,54.0,22.7,13.6,kinh_doanh,Ha Noi,3,51.0
KH09353,20.0,35.3,18.5,ky_su,TP HCM,4,47.0
KH09354,32.0,9.3,8.0,sinh_vien,TP HCM,1,90.0
KH09355,36.0,14.7,9.9,nhan_vien,Ha Noi,2,65.0
KH09356,49.0,10.9,6.8,giao_vien,Ha Noi,2,59.0
KH09357,38.0,14.7,7.4,ky_su,Ha Noi,0,60.0
KH09358,44.0,17.3,10.6,kinh_doanh,TP HCM,5,54.0
KH09359,40.0,56.3,38.9,bac_si,TP HCM,10,80.0
KH09360,52.0,13.9,8.1,giao_vien,Da Nang,2,61.0
KH09361,24.0,8.1,6.3,sinh_vien,Ha Noi,1,72.0
KH09362,28.0,26.1,18.1,nhan_vien,TP HCM,6,56.0
KH09363,49.0,45.5,38.5,bac_si,TP HCM,7,92.0
KH09364,38.0,10.5,7.3,nhan_vien,Da Nang,3,77.0
KH09365,31.0,45.9,34.1,bac_si,Hai Phong,6,85.0
KH09366,31.0,16.8,9.1,giao_vien,Can Tho,1,47.0
KH09367,40.0,21.9,19.8,nhan_vien,Da Nang,4,93.0
KH09368,33.0,7.8,4.4,sinh_vien,TP HCM,1,51.0
KH09369,42.0,20.0,12.9,giao_vien,Can Tho,3,63.0
KH09370,26.0,25.0,14.9,bac_si,Ha Noi,4,59.0
KH09371,27.0,24.0,20.6,ky_su,TP HCM,4,87.0
KH09372,55.0,26.4,21.7,ky_su,Hai Phong,5,88.0
KH09373,29.0,9.7,5.6,ky_su,Hai Phong,1,66.0
KH09374,27.0,15.9,12.1,kinh_doanh,TP HCM,4,89.0
KH09375,40.0,35.6,14.0,ky_su,Ha Noi,5,41.0
KH09376,37.0,14.8,11.7,nhan_vien,TP HCM,5,72.0
KH09377,26.0,31.4,20.4,bac_si,Ha Noi,6,76.0
KH09378,29.0,22.3,14.5,ky_su,Da Nang,3,68.0
KH09379,44.0,7.6,5.7,sinh_vien,Hai Phong,2,88.0
KH09380,42.0,20.3,12.2,nhan_vien,TP HCM,3,62.0
KH09381,33.0,15.8,8.6,giao_vien,Hai Phong,2,63.0
KH09382,29.0,20.9,15.3,kinh_doanh,Hai Phong,3,67.0
KH09383,54.0,18.1,9.4,nhan_vien,Ha Noi,2,54.0
KH09384,40.0,25.3,15.3,kinh_doanh,Hai Phong,4,51.0
KH09385,21.0,34.3,16.3,kinh_doanh,TP HCM,3,57.0
KH09386,50.0,40.3,23.4,ky_su,Ha Noi,4,54.0
KH09387,32.0,10.1,6.4,giao_vien,Ha Noi,4,53.0
KH09388,28.0,10.0,8.5,giao_vien,TP HCM,4,75.0
KH09389,30.0,35.4,15.2,ky_su,TP HCM,3,45.0
KH09390,34.0,21.6,19.1,kinh_doanh,TP HCM,3,100.0
KH09391,35.0,13.4,5.7,bac_si,Hai Phong,0,42.0
KH09392,32.0,33.2,26.7,ky_su,Ha Noi,7,73.0
KH09393,33.0,22.5,18.0,ky_su,Ha Noi,6,73.0
KH09394,30.0,54.3,32.7,ky_su,Da Nang,6,68.0
KH09395,40.0,11.4,6.8,kinh_doanh,Ha Noi,1,62.0
KH09396,38.0,16.6,6.3,kinh_doanh,TP HCM,2,44.0
KH09397,56.0,8.4,2.4,nhan_vien,TP HCM,0,27.0
KH09398,27.0,14.0,8.1,giao_vien,Ha Noi,1,64.0
KH09399,35.0,15.3,6.7,giao_vien,Da Nang,1,49.0
KH09400,47.0,21.3,14.7,ky_su,Ha Noi,3,57.0
KH09401,29.0,60.8,20.6,kinh_doanh,TP HCM,3,31.0
KH09402,38.0,12.1,7.5,giao_vien,Ha Noi,1,71.0
KH09403,33.0,3.3,1.4,sinh_vien,TP HCM,1,39.0
KH09404,43.0,22.0,17.6,ky_su,Ha Noi,4,79.0
KH09405,44.0,7.6,6.7,giao_vien,TP HCM,1,85.0
KH09406,42.0,5.3,2.2,nhan_vien,Ha Noi,0,48.0
KH09407,46.0,13.5,9.5,giao_vien,Hai Phong,2,77.0
KH09408,35.0,11.9,9.3,giao_vien,TP HCM,4,80.0
KH09409,28.0,11.6,6.9,nhan_vien,Ha Noi,3,50.0
KH09410,39.0,17.9,5.8,giao_vien,TP HCM,2,29.0
KH09411,61.0,7.8,5.1,nhan_vien,Ha Noi,1,65.0
KH09412,41.0,12.3,7.8,nhan_vien,Hai Phong,1,61.0
KH09413,36.0,23.8,17.3,ky_su,TP HCM,4,68.0
KH09414,39.0,23.0,10.0,nhan_vien,Ha Noi,3,50.0
KH09415,36.0,55.9,27.2,kinh_doanh,Can Tho,8,58.0
KH09416,38.0,3.4,4.3,sinh_vien,Hai Phong,1,100.0
KH09417,30.0,4.4,4.7,sinh_vien,TP HCM,1,100.0
KH09418,33.0,37.7,14.7,bac_si,Da Nang,2,47.0
KH09419,43.0,43.4,30.9,ky_su,TP HCM,7,66.0
KH09420,33.0,28.4,14.0,nhan_vien,Ha Noi,1,41.0
KH09421,51.0,19.2,12.4,ky_su,TP HCM,1,76.0
KH09422,25.0,11.6,7.6,bac_si,Da Nang,3,78.0
KH09423,39.0,31.1,22.6,kinh_doanh,TP HCM,4,84.0
KH09424,51.0,10.6,7.2,nhan_vien,Da Nang,1,71.0
KH09425,27.0,45.3,24.2,nhan_vien,Ha Noi,7,48.0
KH09426,46.0,51.2,30.5,ky_su,TP HCM,7,61.0
KH09427,41.0,3.9,0.5,sinh_vien,TP HCM,1,15.0
KH09428,49.0,30.7,15.2,kinh_doanh,Da Nang,3,40.0
KH09429,35.0,14.8,14.8,kinh_doanh,TP HCM,2,100.0
KH09430,42.0,11.6,5.6,sinh_vien,Ha Noi,2,49.0
KH09431,50.0,10.6,8.2,nhan_vien,Da Nang,2,88.0
KH09432,36.0,10.8,6.8,nhan_vien,TP HCM,2,61.0
KH09433,30.0,12.5,3.1,giao_vien,Ha Noi,0,20.0
KH09434,23.0,17.7,8.3,giao_vien,Hai Phong,1,47.0
KH09435,30.0,14.9,11.4,ky_su,Ha Noi,1,87.0
KH09436,58.0,18.5,17.4,giao_vien,TP HCM,3,90.0
KH09437,52.0,16.5,10.2,ky_su,TP HCM,2,63.0
KH09438,31.0,24.6,22.0,giao_vien,Ha Noi,6,94.0
KH09439,48.0,11.8,9.7,nhan_vien,Can Tho,5,70.0
KH09440,44.0,9.3,10.2,giao_vien,Can Tho,4,100.0
KH09441,34.0,15.0,12.2,nhan_vien,Da Nang,2,97.0
KH09442,32.0,16.7,6.0,giao_vien,TP HCM,4,31.0
KH09443,27.0,12.3,9.4,giao_vien,Ha Noi,3,69.0
KH09444,29.0,15.2,11.4,nhan_vien,Ha Noi,3,61.0
KH09445,49.0,15.9,12.1,nhan_vien,Hai Phong,4,66.0
KH09446,41.0,11.3,7.7,sinh_vien,Hai Phong,2,59.0
KH09447,51.0,16.7,10.8,nhan_vien,TP HCM,3,68.0
KH09448,32.0,33.4,27.0,ky_su,Da Nang,6,79.0
KH09449,19.0,9.8,6.9,nhan_vien,Can Tho,1,61.0
KH09450,29.0,20.7,15.0,bac_si,Ha Noi,1,86.0
KH09451,23.0,6.9,6.3,giao_vien,TP HCM,2,100.0
KH09452,28.0,17.4,10.1,ky_su,Ha Noi,2,52.0
KH09453,26.0,7.5,4.7,nhan_vien,Hai Phong,1,75.0
KH09454,18.0,26.6,10.3,kinh_doanh,Da Nang,1,46.0
KH09455,18.0,28.6,12.5,kinh_doanh,Hai Phong,1,40.0
KH09456,50.0,8.6,5.4,sinh_vien,Ha Noi,1,72.0
KH09457,40.0,18.6,7.8,nhan_vien,TP HCM,3,36.0
KH09458,35.0,12.8,10.5,sinh_vien,Da Nang,1,96.0
KH09459,24.0,4.6,3.0,sinh_vien,Ha Noi,1,77.0
KH09460,49.0,11.1,5.9,nhan_vien,Ha Noi,6,46.0
KH09461,26.0,15.1,8.2,giao_vien,Hai Phong,2,44.0
KH09462,32.0,29.8,16.2,giao_vien,Da Nang,3,44.0
KH09463,48.0,16.7,11.4,ky_su,Ha Noi,3,56.0
KH09464,31.0,27.0,15.3,nhan_vien,Da Nang,3,52.0
KH09465,47.0,14.4,9.0,nhan_vien,Da Nang,1,68.0
KH09466,29.0,29.1,12.0,nhan_vien,Hai Phong,2,39.0
KH09467,27.0,5.5,2.8,sinh_vien,Ha Noi,1,53.0
KH09468,35.0,15.8,8.5,giao_vien,Da Nang,0,48.0
KH09469,21.0,42.0,30.1,ky_su,Ha Noi,11,65.0
KH09470,51.0,31.2,23.7,ky_su,TP HCM,8,79.0
KH09471,32.0,7.5,2.2,giao_vien,Ha Noi,0,26.0
KH09472,39.0,17.6,16.4,ky_su,TP HCM,1,85.0
KH09473,21.0,12.0,7.0,giao_vien,TP HCM,2,52.0
KH09474,44.0,24.9,20.2,kinh_doanh,TP HCM,3,93.0
KH09475,46.0,5.7,2.9,sinh_vien,Da Nang,2,55.0
KH09476,25.0,16.7,10.4,ky_su,TP HCM,2,59.0
KH09477,44.0,9.9,6.8,ky_su,Can Tho,2,56.0
KH09478,18.0,10.5,7.6,sinh_vien,Can Tho,5,80.0
KH09479,24.0,34.9,20.1,kinh_doanh,TP HCM,3,59.0
KH09480,18.0,11.2,6.0,nhan_vien,TP HCM,1,59.0
KH09481,38.0,19.8,7.9,nhan_vien,Can Tho,1,38.0
KH09482,32.0,20.1,19.8,nhan_vien,Ha Noi,5,97.0
KH09483,39.0,8.4,2.9,giao_vien,TP HCM,1,29.0
KH09484,43.0,30.9,20.4,bac_si,Can Tho,2,58.0
KH09485,41.0,11.3,9.9,nhan_vien,Da Nang,2,79.0
KH09486,42.0,18.1,9.6,giao_vien,TP HCM,2,63.0
KH09487,28.0,32.9,18.3,ky_su,Ha Noi,1,49.0
KH09488,26.0,5.2,1.9,sinh_vien,Ha Noi,1,42.0
KH09489,39.0,4.4,2.4,sinh_vien,Ha Noi,0,55.0
KH09490,51.0,8.9,6.8,ky_su,Can Tho,1,85.0
KH09491,28.0,25.0,18.5,nhan_vien,TP HCM,4,85.0
KH09492,34.0,23.7,15.3,nhan_vien,TP HCM,2,67.0
KH09493,39.0,9.2,5.5,giao_vien,Hai Phong,1,55.0
KH09494,45.0,21.7,12.6,ky_su,Ha Noi,3,63.0
KH09495,33.0,18.8,14.8,giao_vien,TP HCM,4,81.0
KH09496,48.0,24.7,20.0,nhan_vien,TP HCM,6,73.0
KH09497,41.0,37.1,22.3,kinh_doanh,Ha Noi,4,59.0
KH09498,20.0,10.3,6.4,nhan_vien,TP HCM,1,64.0
KH09499,37.0,90.7,60.3,bac_si,Ha Noi,11,64.0
KH09500,35.0,18.6,9.2,nhan_vien,TP HCM,2,41.0
KH09501,22.0,11.7,2.7,nhan_vien,Can Tho,1,21.0
KH09502,20.0,59.5,30.4,bac_si,TP HCM,6,55.0
KH09503,45.0,11.4,5.2,nhan_vien,Da Nang,1,54.0
KH09504,43.0,26.0,16.9,ky_su,Da Nang,3,75.0
KH09505,42.0,23.6,9.5,ky_su,TP HCM,1,38.0
KH09506,38.0,18.8,10.7,kinh_doanh,TP HCM,3,60.0
KH09507,22.0,5.2,3.2,sinh_vien,Da Nang,0,74.0
KH09508,18.0,20.5,16.2,ky_su,Hai Phong,4,67.0
KH09509,31.0,9.5,2.5,giao_vien,TP HCM,0,31.0
KH09510,42.0,32.2,15.0,bac_si,TP HCM,3,41.0
KH09511,37.0,16.2,8.0,nhan_vien,Ha Noi,1,44.0
KH09512,31.0,17.7,4.7,kinh_doanh,TP HCM,0,26.0
KH09513,20.0,28.9,16.6,kinh_doanh,Can Tho,0,66.0
KH09514,50.0,7.3,5.2,sinh_vien,Hai Phong,3,82.0
KH09515,37.0,24.9,7.0,bac_si,TP HCM,1,26.0
KH09516,21.0,7.9,4.8,giao_vien,TP HCM,0,53.0
KH09517,55.0,23.3,9.2,nhan_vien,Ha Noi,2,42.0
KH09518,37.0,11.3,6.4,giao_vien,Can Tho,1,65.0
KH09519,23.0,16.6,10.9,kinh_doanh,Can Tho,1,62.0
KH09520,34.0,33.8,26.2,bac_si,TP HCM,4,72.0
KH09521,18.0,4.1,3.3,sinh_vien,TP HCM,1,96.0
KH09522,46.0,41.8,18.7,ky_su,Ha Noi,4,46.0
KH09523,18.0,35.6,22.8,bac_si,TP HCM,3,65.0
KH09524,42.0,10.4,6.8,nhan_vien,TP HCM,0,57.0
KH09525,32.0,13.5,5.5,nhan_vien,Da Nang,1,45.0
KH09526,54.0,49.3,35.4,kinh_doanh,Can Tho,6,75.0
KH09527,54.0,4.5,3.7,sinh_vien,Ha Noi,0,89.0
KH09528,31.0,21.4,16.1,ky_su,Hai Phong,2,73.0
KH09529,35.0,4.7,3.1,sinh_vien,TP HCM,0,71.0
KH09530,32.0,17.8,14.1,nhan_vien,TP HCM,6,68.0
KH09531,44.0,22.5,13.1,ky_su,Ha Noi,1,63.0
KH09532,41.0,28.8,14.5,nhan_vien,Da Nang,2,44.0
KH09533,32.0,26.3,22.4,bac_si,TP HCM,7,100.0
KH09534,43.0,17.7,14.1,giao_vien,TP HCM,2,72.0
KH09535,30.0,14.2,9.1,giao_vien,TP HCM,1,58.0
KH09536,33.0,9.2,5.5,nhan_vien,TP HCM,2,52.0
KH09537,25.0,5.7,3.9,sinh_vien,Da Nang,0,61.0
KH09538,37.0,12.0,5.3,nhan_vien,Hai Phong,0,44.0
KH09539,38.0,10.8,7.5,giao_vien,Ha Noi,4,62.0
KH09540,39.0,15.9,6.7,ky_su,Ha Noi,2,46.0
KH09541,31.0,27.6,9.8,kinh_doanh,Ha Noi,2,36.0
KH09542,18.0,9.6,9.7,nhan_vien,Da Nang,3,91.0
KH09543,37.0,40.9,14.4,ky_su,Hai Phong,5,38.0
KH09544,30.0,21.1,17.1,ky_su,Da Nang,7,97.0
KH09545,24.0,15.0,6.7,nhan_vien,Can Tho,2,46.0
KH09546,42.0,9.5,6.2,giao_vien,TP HCM,3,53.0
KH09547,21.0,11.7,5.8,giao_vien,TP HCM,2,57.0
KH09548,35.0,11.5,7.9,nhan_vien,TP HCM,1,63.0
KH09549,20.0,6.4,4.3,sinh_vien,Ha Noi,1,57.0
KH09550,39.0,3.3,4.3,sinh_vien,Ha Noi,3,100.0
KH09551,42.0,6.9,4.9,giao_vien,Ha Noi,1,68.0
KH09552,35.0,12.4,10.1,nhan_vien,TP HCM,2,66.0
KH09553,30.0,15.1,8.7,ky_su,Ha Noi,2,51.0
KH09554,57.0,3.2,1.2,sinh_vien,TP HCM,0,36.0
KH09555,47.0,36.6,28.4,kinh_doanh,Can Tho,4,90.0
KH09556,29.0,27.5,20.1,kinh_doanh,TP HCM,6,82.0
KH09557,34.0,11.0,2.9,nhan_vien,Ha Noi,0,23.0
KH09558,43.0,4.2,2.8,sinh_vien,TP HCM,0,71.0
KH09559,42.0,11.0,2.7,nhan_vien,TP HCM,1,21.0
KH09560,48.0,3.3,1.6,sinh_vien,Da Nang,0,40.0
KH09561,42.0,15.8,13.2,giao_vien,TP HCM,4,100.0
KH09562,47.0,25.0,9.2,ky_su,Hai Phong,6,35.0
KH09563,42.0,5.5,2.9,sinh_vien,Ha Noi,1,46.0
KH09564,18.0,21.4,8.9,kinh_doanh,TP HCM,4,36.0
KH09565,24.0,30.2,8.3,bac_si,TP HCM,2,29.0
KH09566,30.0,14.5,5.9,nhan_vien,TP HCM,3,40.0
KH09567,32.0,22.7,12.7,nhan_vien,TP HCM,4,67.0
KH09568,36.0,13.9,7.0,giao_vien,Ha Noi,0,43.0
KH09569,26.0,31.2,19.1,bac_si,Ha Noi,6,62.0
KH09570,47.0,17.4,8.5,nhan_vien,TP HCM,1,51.0
KH09571,45.0,23.6,11.5,kinh_doanh,TP HCM,2,53.0
KH09572,55.0,9.1,5.1,giao_vien,Ha Noi,0,45.0
KH09573,46.0,15.4,3.3,ky_su,Hai Phong,3,22.0
KH09574,44.0,32.1,15.6,ky_su,TP HCM,3,57.0
KH09575,53.0,9.4,3.4,giao_vien,Can Tho,1,38.0
KH09576,19.0,19.6,11.6,kinh_doanh,Da Nang,1,60.0
KH09577,45.0,4.6,3.3,giao_vien,TP HCM,1,75.0
KH09578,18.0,4.9,1.3,sinh_vien,Ha Noi,0,21.0
KH09579,39.0,17.7,10.7,giao_vien,Da Nang,1,55.0
KH09580,31.0,11.4,7.6,ky_su,TP HCM,1,61.0
KH09581,27.0,10.9,9.7,nhan_vien,TP HCM,2,80.0
KH09582,33.0,33.5,18.5,bac_si,TP HCM,7,48.0
KH09583,51.0,35.7,22.6,giao_vien,Can Tho,1,57.0
KH09584,38.0,31.3,22.2,nhan_vien,Ha Noi,2,67.0
KH09585,30.0,9.3,8.3,giao_vien,TP HCM,0,79.0
KH09586,44.0,18.1,11.9,nhan_vien,Ha Noi,5,66.0
KH09587,54.0,41.0,22.5,nhan_vien,Hai Phong,8,63.0
KH09588,40.0,12.7,5.4,nhan_vien,TP HCM,1,49.0
KH09589,33.0,9.9,2.9,giao_vien,TP HCM,0,25.0
KH09590,26.0,17.2,10.9,nhan_vien,TP HCM,3,70.0
KH09591,45.0,22.0,15.0,ky_su,Ha Noi,3,63.0
KH09592,28.0,23.2,17.5,giao_vien,TP HCM,7,62.0
KH09593,32.0,22.3,15.1,ky_su,Ha Noi,0,64.0
KH09594,28.0,17.0,16.0,ky_su,Da Nang,5,79.0
KH09595,40.0,6.0,4.5,sinh_vien,Ha Noi,2,73.0
KH09596,36.0,16.9,7.7,nhan_vien,TP HCM,2,37.0
KH09597,31.0,8.4,5.2,nhan_vien,Ha Noi,1,50.0
KH09598,30.0,5.0,3.3,sinh_vien,TP HCM,1,72.0
KH09599,42.0,15.1,8.1,giao_vien,TP HCM,2,64.0
KH09600,21.0,16.8,10.8,kinh_doanh,TP HCM,2,53.0
KH09601,45.0,8.0,3.1,giao_vien,TP HCM,0,46.0
KH09602,38.0,14.6,6.1,nhan_vien,TP HCM,1,38.0
KH09603,35.0,26.5,8.8,ky_su,TP HCM,1,32.0
KH09604,28.0,3.9,0.5,sinh_vien,Can Tho,0,11.0
KH09605,52.0,7.5,3.9,giao_vien,Ha Noi,0,44.0
KH09606,21.0,19.0,14.1,nhan_vien,Ha Noi,6,88.0
KH09607,18.0,15.5,11.3,giao_vien,Hai Phong,3,63.0
KH09608,36.0,4.8,3.1,giao_vien,Da Nang,0,52.0
KH09609,46.0,9.7,4.8,ky_su,TP HCM,1,49.0
KH09610,18.0,23.0,9.0,kinh_doanh,Ha Noi,5,46.0
KH09611,27.0,22.1,13.6,kinh_doanh,Da Nang,1,55.0
KH09612,34.0,21.5,11.2,giao_vien,TP HCM,4,48.0
KH09613,23.0,11.7,2.5,sinh_vien,Can Tho,1,20.0
KH09614,39.0,3.8,0.5,sinh_vien,Da Nang,0,12.0
KH09615,40.0,41.0,29.9,ky_su,Hai Phong,9,74.0
KH09616,20.0,30.2,26.3,ky_su,Ha Noi,8,74.0
KH09617,45.0,11.4,5.0,giao_vien,TP HCM,2,47.0
KH09618,50.0,9.4,3.5,giao_vien,Ha Noi,1,39.0
KH09619,31.0,11.1,5.9,ky_su,TP HCM,2,61.0
KH09620,39.0,12.6,6.1,nhan_vien,Can Tho,1,56.0
KH09621,47.0,8.5,6.8,giao_vien,TP HCM,1,66.0
KH09622,37.0,21.6,17.6,nhan_vien,Hai Phong,4,87.0
KH09623,29.0,32.8,21.5,ky_su,Ha Noi,2,56.0
KH09624,24.0,30.6,15.7,ky_su,Ha Noi,4,54.0
KH09625,26.0,20.2,10.1,giao_vien,Hai Phong,1,41.0
KH09626,59.0,11.5,7.2,nhan_vien,Da Nang,4,69.0
KH09627,26.0,21.6,8.2,nhan_vien,Da Nang,2,38.0
KH09628,31.0,17.7,16.0,ky_su,TP HCM,2,100.0
KH09629,50.0,11.1,7.2,nhan_vien,Ha Noi,1,60.0
KH09630,18.0,30.4,25.3,bac_si,Ha Noi,7,89.0
KH09631,40.0,6.6,4.6,giao_vien,TP HCM,3,79.0
KH09632,45.0,4.4,5.9,sinh_vien,Da Nang,1,100.0
KH09633,44.0,38.7,29.3,ky_su,Can Tho,7,68.0
KH09634,43.0,11.0,7.9,ky_su,Hai Phong,2,61.0
KH09635,20.0,9.2,4.8,giao_vien,Hai Phong,3,55.0
KH09636,64.0,9.7,3.0,nhan_vien,TP HCM,2,26.0
KH09637,30.0,20.3,16.6,kinh_doanh,Hai Phong,4,76.0
KH09638,45.0,8.3,4.8,nhan_vien,Hai Phong,2,56.0
KH09639,51.0,3.3,3.4,sinh_vien,Ha Noi,0,96.0
KH09640,30.0,20.7,9.5,kinh_doanh,Can Tho,1,53.0
KH09641,18.0,8.7,3.7,nhan_vien,TP HCM,0,39.0
KH09642,37.0,22.8,9.6,kinh_doanh,Ha Noi,2,48.0
KH09643,32.0,35.8,15.5,kinh_doanh,Ha Noi,3,50.0
KH09644,25.0,3.6,1.4,sinh_vien,TP HCM,1,36.0
KH09645,38.0,10.7,3.3,nhan_vien,TP HCM,1,30.0
KH09646,40.0,31.2,25.5,bac_si,Ha Noi,4,76.0
KH09647,25.0,12.1,10.5,sinh_vien,TP HCM,5,84.0
KH09648,53.0,3.6,4.3,sinh_vien,Ha Noi,2,100.0
KH09649,18.0,12.8,9.2,nhan_vien,Hai Phong,2,76.0
KH09650,19.0,11.1,8.9,kinh_doanh,TP HCM,1,88.0
KH09651,43.0,31.8,22.5,ky_su,Hai Phong,6,61.0
KH09652,38.0,17.2,15.8,nhan_vien,TP HCM,0,94.0
KH09653,25.0,43.3,27.1,kinh_doanh,Ha Noi,11,53.0
KH09654,48.0,19.7,11.9,giao_vien,Da Nang,4,71.0
KH09655,25.0,25.5,17.2,bac_si,TP HCM,4,77.0
KH09656,54.0,3.0,0.7,sinh_vien,TP HCM,0,20.0
KH09657,40.0,31.7,12.1,ky_su,TP HCM,1,35.0
KH09658,30.0,12.0,6.2,nhan_vien,TP HCM,0,55.0
KH09659,24.0,12.8,11.1,giao_vien,Ha Noi,1,84.0
KH09660,33.0,9.2,7.0,giao_vien,Hai Phong,0,72.0
KH09661,40.0,37.4,17.0,kinh_doanh,Ha Noi,4,37.0
KH09662,29.0,25.4,23.2,ky_su,Can Tho,5,100.0
KH09663,41.0,10.2,5.8,ky_su,Hai Phong,0,59.0
KH09664,62.0,11.6,4.1,nhan_vien,TP HCM,0,37.0
KH09665,29.0,5.6,4.2,sinh_vien,Ha Noi,2,68.0
KH09666,41.0,23.0,8.0,nhan_vien,TP HCM,2,40.0
KH09667,40.0,25.5,21.8,nhan_vien,TP HCM,4,85.0
KH09668,27.0,34.7,14.8,kinh_doanh,Ha Noi,0,42.0
KH09669,49.0,32.7,24.9,kinh_doanh,Can Tho,8,77.0
KH09670,51.0,16.2,5.2,kinh_doanh,Da Nang,1,29.0
KH09671,18.0,22.3,10.2,ky_su,Can Tho,2,51.0
KH09672,43.0,5.1,1.9,sinh_vien,TP HCM,1,38.0
KH09673,39.0,18.7,7.8,kinh_doanh,Ha Noi,2,40.0
KH09674,45.0,19.6,9.1,kinh_doanh,Can Tho,3,46.0
KH09675,32.0,17.0,5.9,ky_su,TP HCM,0,38.0
KH09676,71.0,27.3,11.6,nhan_vien,Ha Noi,4,42.0
KH09677,32.0,25.9,11.1,bac_si,TP HCM,2,41.0
KH09678,48.0,25.5,15.7,giao_vien,TP HCM,4,60.0
KH09679,42.0,13.2,8.9,nhan_vien,TP HCM,4,57.0
KH09680,18.0,22.9,14.8,bac_si,TP HCM,2,71.0
KH09681,29.0,21.7,5.7,nhan_vien,TP HCM,3,23.0
KH09682,18.0,17.6,14.1,nhan_vien,Ha Noi,5,69.0
KH09683,34.0,10.8,6.8,ky_su,TP HCM,3,60.0
KH09684,32.0,20.7,10.7,nhan_vien,TP HCM,2,57.0
KH09685,34.0,23.1,15.9,kinh_doanh,TP HCM,4,68.0
KH09686,29.0,20.5,16.5,nhan_vien,TP HCM,2,78.0
KH09687,44.0,23.6,16.1,ky_su,TP HCM,2,81.0
KH09688,38.0,39.3,32.4,kinh_doanh,Ha Noi,7,99.0
KH09689,55.0,17.3,13.3,nhan_vien,TP HCM,3,90.0
KH09690,41.0,13.3,8.5,kinh_doanh,Ha Noi,2,52.0
KH09691,18.0,11.2,3.4,nhan_vien,Da Nang,3,35.0
KH09692,34.0,24.0,16.5,bac_si,Ha Noi,5,60.0
KH09693,27.0,38.3,30.4,giao_vien,Da Nang,10,89.0
KH09694,45.0,15.0,9.6,nhan_vien,TP HCM,1,75.0
KH09695,31.0,27.8,8.4,bac_si,TP HCM,2,30.0
KH09696,40.0,42.4,22.3,kinh_doanh,TP HCM,7,62.0
KH09697,47.0,5.1,8.4,giao_vien,TP HCM,2,100.0
KH09698,24.0,28.4,20.8,kinh_doanh,TP HCM,2,74.0
KH09699,36.0,26.4,17.5,bac_si,Ha Noi,9,59.0
KH09700,49.0,15.8,10.1,giao_vien,Da Nang,1,60.0
KH09701,19.0,37.7,17.5,ky_su,Da Nang,5,42.0
KH09702,58.0,48.4,36.1,ky_su,Can Tho,8,60.0
KH09703,26.0,19.3,4.1,kinh_doanh,Ha Noi,2,25.0
KH09704,34.0,21.2,11.8,ky_su,Hai Phong,7,53.0
KH09705,48.0,6.7,3.2,giao_vien,TP HCM,0,41.0
KH09706,30.0,17.2,4.8,ky_su,TP HCM,2,23.0
KH09707,46.0,5.2,0.5,giao_vien,TP HCM,1,11.0
KH09708,38.0,9.1,6.5,bac_si,TP HCM,0,60.0
KH09709,35.0,25.6,6.0,kinh_doanh,TP HCM,0,21.0
KH09710,36.0,24.4,10.7,nhan_vien,TP HCM,6,47.0
KH09711,34.0,19.0,11.1,bac_si,TP HCM,4,65.0
KH09712,41.0,36.1,16.9,kinh_doanh,TP HCM,4,53.0
KH09713,33.0,6.8,5.4,sinh_vien,TP HCM,3,67.0
KH09714,27.0,29.0,21.0,ky_su,Can Tho,4,77.0
KH09715,43.0,3.4,4.8,sinh_vien,Hai Phong,0,100.0
KH09716,33.0,13.8,2.9,ky_su,Da Nang,1,17.0
KH09717,37.0,28.5,19.3,bac_si,TP HCM,6,59.0
KH09718,26.0,15.9,5.0,nhan_vien,TP HCM,0,29.0
KH09719,22.0,34.5,15.9,bac_si,TP HCM,3,46.0
KH09720,24.0,6.5,4.4,kinh_doanh,Ha Noi,1,74.0
KH09721,35.0,9.4,7.6,giao_vien,Can Tho,3,79.0
KH09722,42.0,8.1,5.9,nhan_vien,Hai Phong,0,75.0
KH09723,41.0,35.2,23.2,bac_si,Hai Phong,1,68.0
KH09724,36.0,33.3,24.0,bac_si,Da Nang,8,82.0
KH09725,36.0,23.2,19.4,ky_su,Can Tho,2,96.0
KH09726,41.0,25.1,10.7,ky_su,Hai Phong,1,40.0
KH09727,29.0,16.8,10.9,nhan_vien,TP HCM,2,74.0
KH09728,42.0,12.9,13.1,ky_su,TP HCM,3,100.0
KH09729,29.0,26.2,22.0,kinh_doanh,TP HCM,10,95.0
KH09730,48.0,6.7,3.9,nhan_vien,Ha Noi,1,56.0
KH09731,26.0,16.3,12.1,ky_su,Da Nang,3,70.0
KH09732,18.0,26.7,11.2,giao_vien,Da Nang,2,43.0
KH09733,35.0,19.3,12.4,kinh_doanh,Hai Phong,1,69.0
KH09734,41.0,25.7,17.9,kinh_doanh,Ha Noi,1,64.0
KH09735,43.0,10.8,4.8,nhan_vien,TP HCM,0,52.0
KH09736,25.0,22.7,15.7,kinh_doanh,TP HCM,5,75.0
KH09737,42.0,4.4,1.8,sinh_vien,TP HCM,1,39.0
KH09738,39.0,56.4,43.7,bac_si,Hai Phong,12,77.0
KH09739,45.0,4.8,3.7,sinh_vien,Hai Phong,0,80.0
KH09740,36.0,9.5,6.2,nhan_vien,Can Tho,2,75.0
KH09741,28.0,17.7,7.1,bac_si,TP HCM,2,37.0
KH09742,20.0,24.5,11.8,ky_su,Can Tho,3,44.0
KH09743,35.0,14.0,6.8,nhan_vien,Hai Phong,1,45.0
KH09744,25.0,13.1,5.7,ky_su,Ha Noi,1,35.0
KH09745,30.0,6.8,4.2,giao_vien,Da Nang,2,68.0
KH09746,29.0,80.6,46.7,bac_si,Da Nang,16,49.0
KH09747,35.0,10.4,6.3,nhan_vien,Da Nang,3,70.0
KH09748,41.0,36.8,22.4,ky_su,TP HCM,7,64.0
KH09749,27.0,6.0,3.7,sinh_vien,TP HCM,1,57.0
KH09750,31.0,4.1,1.0,sinh_vien,Can Tho,0,26.0
KH09751,33.0,48.9,36.0,ky_su,Can Tho,6,60.0
KH09752,55.0,18.2,11.9,giao_vien,TP HCM,2,55.0
KH09753,18.0,13.7,6.0,nhan_vien,TP HCM,1,48.0
KH09754,38.0,17.0,6.3,ky_su,TP HCM,2,30.0
KH09755,18.0,38.3,33.1,kinh_doanh,TP HCM,11,69.0
KH09756,47.0,20.5,9.4,nhan_vien,Hai Phong,3,50.0
KH09757,30.0,9.8,8.3,nhan_vien,Hai Phong,3,72.0
KH09758,33.0,7.6,4.4,giao_vien,TP HCM,2,62.0
KH09759,48.0,28.4,25.9,bac_si,TP HCM,10,77.0
KH09760,41.0,12.6,10.2,nhan_vien,Da Nang,2,77.0
KH09761,45.0,22.1,11.1,giao_vien,Can Tho,6,53.0
KH09762,21.0,11.7,4.6,giao_vien,Ha Noi,1,37.0
KH09763,64.0,18.5,10.3,kinh_doanh,Ha Noi,4,67.0
KH09764,39.0,17.7,9.2,kinh_doanh,Ha Noi,3,47.0
KH09765,33.0,15.6,7.2,ky_su,Ha Noi,5,45.0
KH09766,24.0,10.7,8.7,nhan_vien,Ha Noi,1,74.0
KH09767,26.0,9.0,3.3,nhan_vien,Ha Noi,1,30.0
KH09768,20.0,12.5,4.5,kinh_doanh,Ha Noi,0,32.0
KH09769,20.0,19.6,8.6,bac_si,TP HCM,1,41.0
KH09770,36.0,16.3,13.0,nhan_vien,Ha Noi,0,94.0
KH09771,44.0,32.4,23.8,ky_su,Ha Noi,5,74.0
KH09772,35.0,20.3,8.2,nhan_vien,Ha Noi,1,46.0
KH09773,26.0,13.3,9.9,kinh_doanh,TP HCM,0,74.0
KH09774,38.0,2.2,2.4,sinh_vien,Da Nang,0,95.0
KH09775,31.0,24.8,22.7,nhan_vien,Ha Noi,2,89.0
KH09776,44.0,60.3,36.1,kinh_doanh,TP HCM,4,65.0
KH09777,25.0,22.5,13.8,bac_si,Da Nang,4,72.0
KH09778,31.0,13.5,10.1,giao_vien,TP HCM,3,86.0
KH09779,20.0,7.6,4.4,giao_vien,TP HCM,2,59.0
KH09780,18.0,22.6,14.6,ky_su,TP HCM,9,73.0
KH09781,35.0,22.5,14.1,ky_su,Hai Phong,4,68.0
KH09782,29.0,47.7,29.6,kinh_doanh,TP HCM,10,53.0
KH09783,47.0,14.7,6.9,giao_vien,Ha Noi,1,39.0
KH09784,60.0,5.9,1.7,sinh_vien,Ha Noi,0,33.0
KH09785,56.0,17.5,8.8,kinh_doanh,TP HCM,4,52.0
KH09786,54.0,17.2,12.2,ky_su,Ha Noi,3,72.0
KH09787,18.0,39.0,16.2,kinh_doanh,TP HCM,3,41.0
KH09788,27.0,8.1,2.5,sinh_vien,TP HCM,0,36.0
KH09789,18.0,12.9,6.8,giao_vien,Hai Phong,2,56.0
KH09790,42.0,12.3,7.8,bac_si,Hai Phong,3,68.0
KH09791,30.0,12.3,6.0,giao_vien,Ha Noi,0,56.0
KH09792,50.0,21.9,11.8,kinh_doanh,TP HCM,2,48.0
KH09793,39.0,33.1,24.0,kinh_doanh,Da Nang,6,65.0
KH09794,34.0,18.6,9.1,nhan_vien,Hai Phong,0,56.0
KH09795,43.0,4.8,3.2,sinh_vien,Ha Noi,1,68.0
KH09796,48.0,5.1,3.3,sinh_vien,Hai Phong,1,62.0
KH09797,25.0,14.7,9.9,ky_su,TP HCM,6,67.0
KH09798,32.0,12.4,6.9,nhan_vien,TP HCM,0,62.0
KH09799,52.0,4.0,3.2,nhan_vien,TP HCM,2,95.0
KH09800,37.0,33.5,19.9,ky_su,Ha Noi,7,59.0
KH09801,54.0,19.4,10.3,kinh_doanh,Ha Noi,3,45.0
KH09802,57.0,26.4,13.5,nhan_vien,TP HCM,2,59.0
KH09803,30.0,18.5,5.5,nhan_vien,TP HCM,1,31.0
KH09804,32.0,11.9,5.0,nhan_vien,TP HCM,2,36.0
KH09805,50.0,39.5,25.7,nhan_vien,Ha Noi,6,55.0
KH09806,45.0,38.0,14.7,kinh_doanh,Can Tho,2,34.0
KH09807,34.0,17.3,17.5,ky_su,Ha Noi,3,89.0
KH09808,48.0,23.9,10.3,kinh_doanh,TP HCM,0,36.0
KH09809,27.0,7.6,2.3,sinh_vien,Hai Phong,3,36.0
KH09810,35.0,16.0,13.0,kinh_doanh,Hai Phong,2,70.0
KH09811,55.0,5.9,4.3,nhan_vien,Hai Phong,0,86.0
KH09812,37.0,40.5,20.4,kinh_doanh,TP HCM,9,56.0
KH09813,48.0,4.4,4.5,sinh_vien,Ha Noi,0,100.0
KH09814,43.0,8.8,7.3,giao_vien,TP HCM,4,93.0
KH09815,35.0,20.2,10.1,giao_vien,Hai Phong,4,59.0
KH09816,42.0,33.3,13.7,ky_su,TP HCM,5,46.0
KH09817,45.0,19.6,16.2,kinh_doanh,Ha Noi,2,73.0
KH09818,42.0,10.6,6.5,nhan_vien,TP HCM,0,70.0
KH09819,47.0,22.5,16.1,ky_su,Can Tho,6,59.0
KH09820,40.0,13.9,10.4,nhan_vien,TP HCM,6,77.0
KH09821,51.0,12.8,5.6,ky_su,TP HCM,3,42.0
KH09822,54.0,9.2,5.9,nhan_vien,TP HCM,3,64.0
KH09823,36.0,18.3,9.5,nhan_vien,TP HCM,3,44.0
KH09824,21.0,20.4,10.6,ky_su,TP HCM,0,49.0
KH09825,44.0,28.5,15.7,kinh_doanh,Ha Noi,4,64.0
KH09826,34.0,19.9,15.1,kinh_doanh,TP HCM,7,64.0
KH09827,23.0,22.2,13.6,bac_si,Da Nang,8,53.0
KH09828,43.0,19.8,12.9,giao_vien,Da Nang,1,70.0
KH09829,18.0,12.3,5.1,nhan_vien,Ha Noi,5,33.0
KH09830,36.0,94.9,56.5,kinh_doanh,TP HCM,13,57.0
KH09831,47.0,13.9,7.0,nhan_vien,Hai Phong,5,44.0
KH09832,27.0,13.6,5.3,giao_vien,Hai Phong,3,37.0
KH09833,20.0,20.7,9.1,nhan_vien,Hai Phong,3,42.0
KH09834,31.0,24.8,9.3,bac_si,Ha Noi,2,38.0
KH09835,37.0,11.1,2.7,ky_su,TP HCM,1,26.0
KH09836,42.0,11.2,2.8,giao_vien,Ha Noi,0,20.0
KH09837,25.0,27.7,14.5,ky_su,Hai Phong,5,45.0
KH09838,21.0,13.4,10.0,giao_vien,TP HCM,1,84.0
KH09839,43.0,30.0,14.9,nhan_vien,Ha Noi,6,51.0
KH09840,29.0,20.9,18.5,ky_su,Ha Noi,7,77.0
KH09841,18.0,6.0,3.1,nhan_vien,Ha Noi,1,50.0
KH09842,36.0,18.9,14.4,nhan_vien,Can Tho,4,68.0
KH09843,37.0,10.9,9.0,nhan_vien,Can Tho,3,68.0
KH09844,39.0,19.2,14.0,nhan_vien,Ha Noi,2,83.0
KH09845,63.0,3.0,3.1,sinh_vien,TP HCM,0,88.0
KH09846,19.0,27.5,20.6,bac_si,Hai Phong,9,65.0
KH09847,30.0,13.1,10.6,nhan_vien,Ha Noi,5,86.0
KH09848,48.0,11.6,5.3,nhan_vien,TP HCM,1,51.0
KH09849,28.0,9.7,5.7,nhan_vien,TP HCM,0,64.0
KH09850,21.0,17.2,10.6,kinh_doanh,TP HCM,2,59.0
KH09851,37.0,35.8,25.6,bac_si,TP HCM,8,74.0
KH09852,41.0,27.8,22.7,nhan_vien,Can Tho,1,89.0
KH09853,24.0,36.0,26.9,bac_si,Ha Noi,8,60.0
KH09854,27.0,18.3,10.7,giao_vien,Ha Noi,2,50.0
KH09855,46.0,8.2,6.3,nhan_vien,TP HCM,4,66.0
KH09856,38.0,12.9,8.1,ky_su,Can Tho,0,59.0
KH09857,41.0,17.7,9.3,kinh_doanh,Hai Phong,3,57.0
KH09858,34.0,24.4,14.8,ky_su,TP HCM,5,55.0
KH09859,44.0,5.2,2.0,sinh_vien,Da Nang,0,37.0
KH09860,23.0,72.5,37.5,bac_si,Ha Noi,10,62.0
KH09861,43.0,15.6,3.2,bac_si,Ha Noi,0,23.0
KH09862,43.0,24.3,10.7,kinh_doanh,TP HCM,2,45.0
KH09863,37.0,23.9,8.4,nhan_vien,Ha Noi,2,39.0
KH09864,30.0,23.5,15.5,nhan_vien,Ha Noi,4,69.0
KH09865,32.0,9.2,8.1,giao_vien,Ha Noi,2,80.0
KH09866,21.0,50.3,41.4,bac_si,Can Tho,11,97.0
KH09867,19.0,25.7,18.4,ky_su,Ha Noi,4,77.0
KH09868,32.0,38.1,24.5,ky_su,TP HCM,3,62.0
KH09869,55.0,19.2,12.2,nhan_vien,Can Tho,4,59.0
KH09870,48.0,9.9,2.5,nhan_vien,TP HCM,0,28.0
KH09871,41.0,13.7,9.6,nhan_vien,Hai Phong,2,76.0
KH09872,18.0,9.7,8.7,giao_vien,Can Tho,2,100.0
KH09873,31.0,4.4,3.3,sinh_vien,Da Nang,0,88.0
KH09874,40.0,14.5,9.9,ky_su,Ha Noi,4,72.0
KH09875,21.0,16.4,9.8,kinh_doanh,Hai Phong,0,63.0
KH09876,37.0,36.7,22.7,nhan_vien,Ha Noi,4,62.0
KH09877,58.0,36.1,14.7,kinh_doanh,TP HCM,4,42.0
KH09878,35.0,26.4,15.4,ky_su,Ha Noi,2,55.0
KH09879,18.0,12.7,4.7,nhan_vien,Da Nang,0,31.0
KH09880,33.0,18.1,13.9,ky_su,Da Nang,2,80.0
KH09881,30.0,10.2,7.8,kinh_doanh,TP HCM,0,73.0
KH09882,38.0,14.2,6.2,nhan_vien,Da Nang,6,37.0
KH09883,45.0,6.3,3.6,giao_vien,Ha Noi,2,50.0
KH09884,18.0,8.2,6.0,sinh_vien,Da Nang,1,65.0
KH09885,41.0,18.5,9.7,ky_su,Ha Noi,3,45.0
KH09886,41.0,41.2,19.5,kinh_doanh,Hai Phong,5,55.0
KH09887,25.0,14.4,5.4,giao_vien,Da Nang,2,33.0
KH09888,28.0,12.5,11.4,sinh_vien,TP HCM,5,87.0
KH09889,47.0,16.8,9.3,ky_su,TP HCM,4,59.0
KH09890,26.0,8.4,5.8,nhan_vien,Ha Noi,2,78.0
KH09891,26.0,34.5,11.7,bac_si,Hai Phong,0,41.0
KH09892,49.0,31.1,23.9,giao_vien,Ha Noi,7,71.0
KH09893,27.0,14.5,5.4,giao_vien,TP HCM,1,42.0
KH09894,28.0,30.6,23.8,ky_su,TP HCM,3,89.0
KH09895,33.0,14.6,10.7,ky_su,TP HCM,3,86.0
KH09896,40.0,11.1,10.0,nhan_vien,TP HCM,2,100.0
KH09897,28.0,10.2,5.9,giao_vien,Hai Phong,1,56.0
KH09898,32.0,31.2,16.1,bac_si,TP HCM,6,52.0
KH09899,24.0,26.1,7.1,bac_si,Ha Noi,2,29.0
KH09900,44.0,37.4,20.8,bac_si,TP HCM,8,54.0
KH09901,28.0,31.0,19.6,nhan_vien,TP HCM,1,56.0
KH09902,25.0,13.2,6.0,giao_vien,TP HCM,0,53.0
KH09903,49.0,4.0,0.5,nhan_vien,Can Tho,1,13.0
KH09904,39.0,23.6,5.5,ky_su,Ha Noi,3,28.0
KH09905,47.0,21.6,18.2,giao_vien,TP HCM,2,81.0
KH09906,37.0,6.9,2.9,sinh_vien,Can Tho,1,50.0
KH09907,38.0,46.6,33.0,nhan_vien,Da Nang,9,72.0
KH09908,28.0,17.9,12.1,nhan_vien,Hai Phong,5,80.0
KH09909,23.0,19.5,14.3,giao_vien,Ha Noi,2,71.0
KH09910,54.0,20.3,14.9,nhan_vien,TP HCM,4,77.0
KH09911,34.0,7.7,7.9,nhan_vien,Ha Noi,2,96.0
KH09912,25.0,26.5,19.3,giao_vien,TP HCM,2,82.0
KH09913,36.0,11.1,5.1,nhan_vien,Can Tho,2,55.0
KH09914,47.0,11.0,4.9,nhan_vien,Ha Noi,0,39.0
KH09915,26.0,18.6,11.8,ky_su,Ha Noi,6,59.0
KH09916,25.0,30.8,27.0,ky_su,TP HCM,6,99.0
KH09917,18.0,15.5,9.8,kinh_doanh,TP HCM,3,69.0
KH09918,42.0,8.5,3.0,giao_vien,TP HCM,0,42.0
KH09919,43.0,31.4,15.0,kinh_doanh,TP HCM,2,39.0
KH09920,49.0,36.1,23.6,bac_si,Da Nang,4,72.0
KH09921,35.0,17.0,13.6,ky_su,TP HCM,5,76.0
KH09922,18.0,22.1,14.8,ky_su,TP HCM,3,61.0
KH09923,55.0,12.3,9.0,nhan_vien,Ha Noi,4,88.0
KH09924,46.0,73.5,30.0,kinh_doanh,Ha Noi,10,35.0
KH09925,32.0,18.6,12.2,kinh_doanh,TP HCM,8,61.0
KH09926,39.0,23.1,14.4,nhan_vien,Ha Noi,4,68.0
KH09927,28.0,5.8,4.2,sinh_vien,TP HCM,4,77.0
KH09928,44.0,11.0,3.3,nhan_vien,Da Nang,3,29.0
KH09929,44.0,23.0,12.8,giao_vien,TP HCM,2,47.0
KH09930,36.0,8.2,7.8,nhan_vien,TP HCM,6,86.0
KH09931,57.0,1.2,0.5,sinh_vien,Hai Phong,0,37.0
KH09932,36.0,35.6,22.6,kinh_doanh,Ha Noi,5,58.0
KH09933,47.0,9.0,5.0,nhan_vien,TP HCM,1,48.0
KH09934,59.0,26.9,16.8,nhan_vien,Can Tho,5,60.0
KH09935,31.0,5.8,5.0,giao_vien,Hai Phong,1,82.0
KH09936,49.0,9.9,8.1,nhan_vien,Ha Noi,1,80.0
KH09937,48.0,7.2,6.8,nhan_vien,Da Nang,3,95.0
KH09938,42.0,15.8,12.5,giao_vien,Ha Noi,3,64.0
KH09939,43.0,12.6,7.4,nhan_vien,Can Tho,0,61.0
KH09940,40.0,18.3,10.2,ky_su,TP HCM,1,62.0
KH09941,49.0,4.3,2.8,sinh_vien,Can Tho,0,69.0
KH09942,26.0,16.7,11.2,nhan_vien,TP HCM,2,60.0
KH09943,20.0,20.0,11.5,nhan_vien,Ha Noi,0,69.0
KH09944,25.0,29.2,15.3,bac_si,TP HCM,2,53.0
KH09945,29.0,3.9,4.1,sinh_vien,Ha Noi,1,93.0
KH09946,22.0,30.9,12.2,kinh_doanh,Da Nang,2,39.0
KH09947,34.0,14.4,10.8,ky_su,Da Nang,5,71.0
KH09948,39.0,26.3,11.0,nhan_vien,TP HCM,3,42.0
KH09949,24.0,10.6,8.3,giao_vien,TP HCM,2,90.0
KH09950,50.0,86.3,58.5,ky_su,Ha Noi,12,55.0
KH09951,51.0,3.3,1.2,sinh_vien,TP HCM,0,30.0
KH09952,38.0,11.2,6.1,ky_su,Da Nang,0,63.0
KH09953,31.0,29.2,12.0,ky_su,Ha Noi,4,49.0
KH09954,48.0,44.1,21.0,nhan_vien,Da Nang,3,46.0
KH09955,43.0,10.0,6.7,nhan_vien,TP HCM,4,57.0
KH09956,27.0,9.3,8.8,nhan_vien,TP HCM,2,83.0
KH09957,23.0,11.0,10.0,giao_vien,Ha Noi,1,80.0
KH09958,49.0,8.3,4.4,nhan_vien,TP HCM,0,46.0
KH09959,56.0,9.4,4.3,nhan_vien,Da Nang,0,40.0
KH09960,38.0,10.6,7.6,ky_su,TP HCM,2,85.0
KH09961,18.0,17.8,14.2,nhan_vien,Ha Noi,1,72.0
KH09962,28.0,7.4,1.5,sinh_vien,TP HCM,2,19.0
KH09963,44.0,18.1,10.7,nhan_vien,TP HCM,2,56.0
KH09964,43.0,15.1,9.5,ky_su,TP HCM,4,61.0
KH09965,38.0,33.2,12.4,ky_su,TP HCM,2,40.0
KH09966,45.0,27.9,16.8,ky_su,Hai Phong,6,71.0
KH09967,48.0,18.9,14.8,kinh_doanh,Hai Phong,4,65.0
KH09968,32.0,26.3,15.3,ky_su,Da Nang,4,64.0
KH09969,49.0,15.1,11.1,nhan_vien,Da Nang,3,78.0
KH09970,18.0,29.5,20.8,kinh_doanh,Can Tho,10,65.0
KH09971,40.0,25.1,13.6,ky_su,Ha Noi,5,44.0
KH09972,48.0,23.8,7.7,ky_su,Can Tho,4,31.0
KH09973,51.0,25.4,21.0,bac_si,Can Tho,5,87.0
KH09974,44.0,9.8,6.7,ky_su,Can Tho,0,63.0
KH09975,61.0,8.5,6.7,nhan_vien,TP HCM,2,70.0
KH09976,50.0,12.0,6.5,ky_su,Da Nang,3,46.0
KH09977,26.0,21.2,12.6,kinh_doanh,Ha Noi,1,58.0
KH09978,35.0,19.2,7.0,giao_vien,TP HCM,2,30.0
KH09979,27.0,15.0,8.2,ky_su,Ha Noi,3,50.0
KH09980,48.0,28.1,20.7,kinh_doanh,Hai Phong,5,85.0
KH09981,28.0,42.6,23.7,ky_su,Can Tho,10,53.0
KH09982,32.0,19.2,13.6,ky_su,Da Nang,2,78.0
KH09983,36.0,13.0,5.0,ky_su,Can Tho,3,39.0
KH09984,29.0,10.5,3.8,kinh_doanh,Hai Phong,3,36.0
KH09985,35.0,27.0,12.4,kinh_doanh,Ha Noi,1,46.0
KH09986,49.0,25.4,9.9,ky_su,Ha Noi,1,33.0
KH09987,45.0,49.5,33.3,kinh_doanh,Can Tho,8,56.0
KH09988,44.0,5.6,2.9,sinh_vien,Hai Phong,1,45.0
KH09989,57.0,21.2,16.6,giao_vien,Ha Noi,4,77.0
KH09990,47.0,29.9,24.9,nhan_vien,Hai Phong,5,74.0
KH09991,31.0,22.9,13.1,ky_su,Ha Noi,2,54.0
KH09992,47.0,20.0,7.3,kinh_doanh,Da Nang,3,41.0
KH09993,18.0,25.4,16.3,bac_si,Ha Noi,6,69.0
KH09994,23.0,17.7,12.3,nhan_vien,Hai Phong,1,60.0
KH09995,33.0,19.0,11.3,ky_su,TP HCM,1,52.0
KH09996,39.0,8.3,2.7,nhan_vien,TP HCM,0,39.0
KH09997,40.0,13.5,8.7,ky_su,TP HCM,2,62.0
KH09998,53.0,33.8,26.9,kinh_doanh,Ha Noi,6,80.0
KH09999,52.0,14.7,7.7,ky_su,Da Nang,2,59.0
KH10000,22.0,47.3,24.2,ky_su,Can Tho,3,41.0
KH10001,42.0,28.5,14.4,nhan_vien,Ha Noi,4,47.0
KH10002,41.0,12.5,9.2,giao_vien,TP HCM,2,64.0
KH10003,45.0,11.5,7.4,nhan_vien,Can Tho,0,66.0
KH10004,43.0,21.1,9.5,giao_vien,TP HCM,2,36.0
KH10005,30.0,18.3,11.7,giao_vien,TP HCM,2,53.0
KH10006,54.0,19.3,16.2,nhan_vien,TP HCM,4,94.0
KH10007,24.0,39.4,23.1,kinh_doanh,Ha Noi,4,49.0
KH10008,40.0,7.6,4.2,nhan_vien,Ha Noi,0,66.0
KH10009,33.0,8.3,0.7,nhan_vien,Ha Noi,0,10.0
KH10010,18.0,21.8,6.9,ky_su,TP HCM,3,37.0
KH10011,48.0,6.1,6.0,sinh_vien,Ha Noi,1,82.0
KH10012,24.0,13.1,7.5,giao_vien,Hai Phong,2,68.0
KH10013,31.0,16.9,14.4,ky_su,Da Nang,5,100.0
KH10014,41.0,11.4,6.9,nhan_vien,TP HCM,1,67.0
KH10015,38.0,24.8,21.3,kinh_doanh,TP HCM,6,82.0
KH10016,36.0,10.9,4.3,giao_vien,TP HCM,1,44.0
KH10017,52.0,50.2,39.4,kinh_doanh,Can Tho,7,88.0
KH10018,28.0,27.3,12.1,nhan_vien,Ha Noi,3,50.0
KH10019,32.0,13.9,13.8,nhan_vien,Can Tho,2,100.0
KH10020,36.0,33.3,24.0,kinh_doanh,TP HCM,6,64.0
KH10021,29.0,11.4,7.6,nhan_vien,TP HCM,2,57.0
KH10022,23.0,30.2,26.8,nhan_vien,Hai Phong,11,87.0
KH10023,40.0,5.8,3.6,sinh_vien,TP HCM,2,54.0
KH10024,55.0,10.4,3.1,nhan_vien,TP HCM,2,32.0
KH10025,46.0,10.4,6.2,nhan_vien,Ha Noi,0,67.0
KH10026,61.0,30.7,11.6,ky_su,Ha Noi,5,35.0
KH10027,18.0,18.0,7.6,giao_vien,Da Nang,1,44.0
KH10028,26.0,10.6,9.6,nhan_vien,TP HCM,2,100.0
KH10029,18.0,37.9,21.2,ky_su,Ha Noi,4,67.0
KH10030,21.0,13.0,8.8,kinh_doanh,TP HCM,7,59.0
KH10031,35.0,15.1,7.3,giao_vien,Ha Noi,1,55.0
KH10032,58.0,8.4,5.8,nhan_vien,TP HCM,1,72.0
KH10033,20.0,5.6,5.3,nhan_vien,Can Tho,2,80.0
KH10034,38.0,20.4,9.5,bac_si,Ha Noi,0,46.0
KH10035,31.0,10.6,3.3,nhan_vien,Hai Phong,0,33.0
KH10036,18.0,26.5,18.3,ky_su,Ha Noi,4,73.0
KH10037,53.0,23.3,18.3,kinh_doanh,TP HCM,5,76.0
KH10038,22.0,8.9,5.5,nhan_vien,TP HCM,0,68.0
KH10039,31.0,11.8,5.3,nhan_vien,Ha Noi,2,51.0
KH10040,31.0,12.4,8.4,ky_su,TP HCM,4,70.0
KH10041,33.0,14.8,9.8,kinh_doanh,Ha Noi,1,54.0
KH10042,27.0,22.4,15.2,ky_su,Da Nang,6,77.0
KH10043,30.0,21.3,13.2,nhan_vien,Ha Noi,4,68.0
KH10044,18.0,12.4,5.7,giao_vien,TP HCM,2,54.0
KH10045,50.0,25.4,17.9,giao_vien,Da Nang,6,83.0
KH10046,34.0,22.4,13.1,ky_su,Ha Noi,4,47.0
KH10047,39.0,12.1,5.9,sinh_vien,TP HCM,1,53.0
KH10048,30.0,28.6,11.9,bac_si,Da Nang,3,40.0
KH10049,40.0,14.7,12.9,nhan_vien,Ha Noi,3,100.0
KH10050,34.0,21.5,14.1,ky_su,TP HCM,4,71.0
KH10051,34.0,30.5,15.0,kinh_doanh,Ha Noi,7,40.0
KH10052,33.0,12.1,9.3,nhan_vien,Ha Noi,4,83.0
KH10053,32.0,26.0,17.1,ky_su,Ha Noi,4,62.0
KH10054,40.0,12.6,8.7,sinh_vien,TP HCM,2,73.0
KH10055,51.0,22.8,11.7,kinh_doanh,Ha Noi,3,59.0
KH10056,27.0,34.0,18.0,kinh_doanh,TP HCM,5,42.0
KH10057,27.0,18.8,10.4,ky_su,TP HCM,1,60.0
KH10058,33.0,4.3,3.1,sinh_vien,Ha Noi,1,74.0
KH10059,35.0,3.0,1.5,sinh_vien,Da Nang,0,60.0
KH10060,47.0,11.8,5.6,ky_su,Ha Noi,0,43.0
KH10061,40.0,27.1,11.3,kinh_doanh,Da Nang,1,39.0
KH10062,40.0,11.4,6.1,kinh_doanh,TP HCM,0,51.0
KH10063,46.0,16.0,13.8,nhan_vien,TP HCM,3,88.0
KH10064,25.0,14.1,12.5,bac_si,TP HCM,2,98.0
KH10065,45.0,15.2,12.0,nhan_vien,Da Nang,4,77.0
KH10066,46.0,33.7,17.0,bac_si,Ha Noi,1,45.0
KH10067,36.0,24.2,18.0,nhan_vien,Ha Noi,7,64.0
KH10068,29.0,33.4,17.6,nhan_vien,Ha Noi,4,44.0
KH10069,43.0,5.6,3.1,sinh_vien,Ha Noi,0,51.0
KH10070,18.0,24.8,15.5,nhan_vien,TP HCM,3,64.0
KH10071,47.0,19.4,17.0,bac_si,TP HCM,1,91.0
KH10072,48.0,47.1,29.2,bac_si,TP HCM,8,67.0
KH10073,21.0,24.2,12.2,bac_si,TP HCM,4,48.0
KH10074,40.0,8.1,7.4,giao_vien,TP HCM,1,83.0
KH10075,38.0,13.7,7.9,nhan_vien,Ha Noi,1,57.0
KH10076,48.0,43.0,19.7,nhan_vien,Can Tho,2,52.0
KH10077,36.0,15.3,7.8,nhan_vien,Can Tho,2,52.0
KH10078,41.0,13.6,12.6,nhan_vien,Ha Noi,5,100.0
KH10079,49.0,12.1,10.9,giao_vien,Da Nang,2,74.0
KH10080,21.0,9.7,5.4,ky_su,Ha Noi,2,50.0
KH10081,28.0,17.9,13.3,ky_su,Ha Noi,2,82.0
KH10082,27.0,45.5,35.3,kinh_doanh,Da Nang,9,87.0
KH10083,19.0,12.7,3.5,giao_vien,TP HCM,2,24.0
KH10084,19.0,14.3,8.4,nhan_vien,Da Nang,3,62.0
KH10085,26.0,31.6,10.9,nhan_vien,Ha Noi,2,34.0
KH10086,38.0,26.6,17.8,kinh_doanh,Can Tho,4,60.0
KH10087,39.0,19.9,12.3,kinh_doanh,Ha Noi,1,71.0
KH10088,22.0,21.6,8.9,bac_si,TP HCM,1,36.0
KH10089,26.0,7.2,5.8,nhan_vien,Ha Noi,1,95.0
KH10090,31.0,17.9,13.1,nhan_vien,Ha Noi,3,75.0
KH10091,25.0,61.8,39.4,kinh_doanh,TP HCM,8,54.0
KH10092,55.0,13.8,9.0,giao_vien,Can Tho,3,67.0
KH10093,40.0,24.4,15.2,giao_vien,Can Tho,4,54.0
KH10094,43.0,3.7,1.9,sinh_vien,TP HCM,0,43.0
KH10095,23.0,18.9,12.7,kinh_doanh,Can Tho,4,71.0
KH10096,31.0,4.3,3.5,sinh_vien,Ha Noi,0,92.0
KH10097,33.0,13.2,7.2,giao_vien,Ha Noi,6,63.0
KH10098,24.0,2.9,3.5,sinh_vien,Ha Noi,0,100.0
KH10099,48.0,11.9,8.8,nhan_vien,Da Nang,0,77.0
KH10100,57.0,25.3,14.3,ky_su,Ha Noi,0,49.0
KH10101,46.0,21.3,16.1,kinh_doanh,Da Nang,5,80.0
KH10102,54.0,11.1,7.0,nhan_vien,TP HCM,1,62.0
KH10103,44.0,12.4,6.9,kinh_doanh,Hai Phong,0,51.0
KH10104,44.0,50.1,34.4,kinh_doanh,Ha Noi,8,81.0
KH10105,28.0,27.0,22.0,nhan_vien,TP HCM,3,86.0
KH10106,49.0,22.4,8.3,bac_si,Ha Noi,4,37.0
KH10107,31.0,13.7,4.8,nhan_vien,TP HCM,2,39.0
KH10108,18.0,20.5,14.4,kinh_doanh,TP HCM,4,64.0
KH10109,42.0,22.0,14.3,ky_su,Ha Noi,4,57.0
KH10110,36.0,18.9,16.4,giao_vien,Ha Noi,6,70.0
KH10111,18.0,19.2,10.0,bac_si,TP HCM,1,60.0
KH10112,53.0,7.1,2.8,ky_su,TP HCM,0,40.0
KH10113,26.0,15.9,6.9,nhan_vien,TP HCM,2,43.0
KH10114,32.0,25.9,15.5,ky_su,Hai Phong,4,71.0
KH10115,59.0,15.5,9.4,ky_su,TP HCM,2,60.0
KH10116,44.0,9.9,9.0,nhan_vien,Hai Phong,3,100.0
KH10117,39.0,14.7,8.6,giao_vien,Hai Phong,6,55.0
KH10118,40.0,26.5,19.8,ky_su,Da Nang,6,88.0
KH10119,26.0,21.1,14.5,kinh_doanh,Can Tho,3,73.0
KH10120,33.0,5.8,2.8,nhan_vien,Da Nang,1,47.0
KH10121,44.0,7.3,4.6,nhan_vien,Da Nang,1,66.0
KH10122,40.0,17.8,12.6,ky_su,Ha Noi,1,59.0
KH10123,46.0,19.4,10.7,kinh_doanh,TP HCM,6,53.0
KH10124,45.0,19.4,7.9,nhan_vien,TP HCM,5,34.0
KH10125,20.0,14.1,11.7,kinh_doanh,Ha Noi,5,68.0
KH10126,32.0,9.3,5.1,giao_vien,Ha Noi,1,55.0
KH10127,26.0,20.3,16.0,ky_su,TP HCM,6,72.0
KH10128,36.0,10.6,8.5,ky_su,Ha Noi,4,79.0
KH10129,18.0,33.9,27.7,ky_su,TP HCM,8,72.0
KH10130,33.0,38.0,29.7,kinh_doanh,Hai Phong,9,90.0
KH10131,18.0,13.8,9.2,ky_su,Ha Noi,1,70.0
KH10132,36.0,4.2,3.8,sinh_vien,Ha Noi,0,76.0
KH10133,46.0,31.2,21.0,nhan_vien,Ha Noi,3,76.0
KH10134,30.0,21.1,17.7,ky_su,Ha Noi,0,96.0
KH10135,23.0,29.9,19.6,nhan_vien,Ha Noi,6,72.0
KH10136,35.0,17.8,15.7,ky_su,Ha Noi,2,81.0
KH10137,31.0,24.7,14.9,bac_si,Ha Noi,2,55.0
KH10138,37.0,39.5,15.8,ky_su,Da Nang,3,32.0
KH10139,39.0,31.4,25.0,kinh_doanh,Da Nang,6,67.0
KH10140,30.0,16.5,8.7,nhan_vien,Hai Phong,2,55.0
KH10141,40.0,86.1,65.4,kinh_doanh,TP HCM,16,62.0
KH10142,22.0,11.0,5.7,nhan_vien,Da Nang,3,61.0
KH10143,33.0,5.5,0.5,sinh_vien,Da Nang,1,10.0
KH10144,40.0,13.2,8.2,nhan_vien,TP HCM,0,69.0
KH10145,58.0,8.3,5.6,nhan_vien,Da Nang,1,60.0
KH10146,37.0,53.8,26.6,kinh_doanh,TP HCM,4,41.0
KH10147,37.0,20.7,12.3,nhan_vien,Can Tho,1,70.0
KH10148,30.0,18.3,15.5,giao_vien,Da Nang,1,95.0
KH10149,31.0,7.9,6.0,nhan_vien,Da Nang,1,79.0
KH10150,38.0,4.4,2.5,sinh_vien,Hai Phong,2,51.0
KH10151,37.0,34.8,17.2,bac_si,Ha Noi,5,48.0
KH10152,45.0,19.1,8.3,ky_su,TP HCM,3,49.0
KH10153,55.0,20.8,9.4,kinh_doanh,Ha Noi,3,39.0
KH10154,27.0,12.4,6.4,sinh_vien,Ha Noi,2,59.0
KH10155,28.0,5.0,3.7,nhan_vien,Ha Noi,1,80.0
KH10156,24.0,25.1,18.6,nhan_vien,Hai Phong,3,70.0
KH10157,49.0,31.4,11.0,nhan_vien,TP HCM,2,39.0
KH10158,37.0,8.9,6.6,giao_vien,TP HCM,3,66.0
KH10159,51.0,35.2,26.3,ky_su,Da Nang,4,85.0
KH10160,28.0,2.5,1.2,sinh_vien,Ha Noi,0,45.0
KH10161,54.0,9.9,6.2,giao_vien,TP HCM,0,69.0
KH10162,34.0,27.4,11.6,kinh_doanh,TP HCM,2,45.0
KH10163,26.0,13.7,9.0,nhan_vien,Ha Noi,1,57.0
KH10164,23.0,16.2,10.6,giao_vien,TP HCM,1,68.0
KH10165,18.0,33.8,17.6,kinh_doanh,Ha Noi,7,53.0
KH10166,33.0,20.4,15.1,kinh_doanh,Ha Noi,3,78.0
KH10167,41.0,26.0,11.0,kinh_doanh,Hai Phong,3,39.0
KH10168,47.0,8.3,4.3,sinh_vien,TP HCM,0,51.0
KH10169,34.0,47.2,21.0,ky_su,TP HCM,5,40.0
KH10170,52.0,28.2,13.9,ky_su,Da Nang,8,47.0
KH10171,41.0,18.1,10.0,giao_vien,Da Nang,3,53.0
KH10172,35.0,18.3,13.0,ky_su,TP HCM,3,65.0
KH10173,44.0,18.2,11.5,kinh_doanh,TP HCM,5,62.0
KH10174,34.0,8.5,2.4,ky_su,TP HCM,2,24.0
KH10175,34.0,15.4,8.2,bac_si,Ha Noi,1,59.0
KH10176,52.0,25.2,8.4,kinh_doanh,Ha Noi,3,29.0
KH10177,33.0,11.0,5.8,nhan_vien,Ha Noi,2,56.0
KH10178,32.0,50.2,36.2,nhan_vien,Ha Noi,8,70.0
KH10179,40.0,20.3,5.3,bac_si,TP HCM,0,30.0
KH10180,34.0,26.8,15.0,giao_vien,Ha Noi,1,65.0
KH10181,38.0,9.3,5.1,nhan_vien,TP HCM,1,50.0
KH10182,53.0,3.4,0.9,sinh_vien,TP HCM,0,24.0
KH10183,31.0,15.7,11.6,giao_vien,Can Tho,1,66.0
KH10184,61.0,25.4,22.6,ky_su,Ha Noi,7,79.0
KH10185,41.0,6.3,3.0,sinh_vien,Ha Noi,0,53.0
KH10186,45.0,26.3,13.9,kinh_doanh,Ha Noi,5,46.0
KH10187,29.0,8.1,6.9,nhan_vien,TP HCM,4,82.0
KH10188,52.0,12.0,6.1,nhan_vien,TP HCM,3,60.0
KH10189,29.0,13.6,3.8,nhan_vien,Can Tho,2,24.0
KH10190,33.0,13.5,4.9,nhan_vien,TP HCM,1,38.0
KH10191,65.0,11.8,8.8,ky_su,Ha Noi,1,78.0
KH10192,28.0,10.9,6.4,nhan_vien,TP HCM,1,51.0
KH10193,62.0,18.2,7.4,giao_vien,Hai Phong,3,33.0
KH10194,37.0,40.9,20.1,ky_su,Ha Noi,2,57.0
KH10195,18.0,14.6,5.9,ky_su,Ha Noi,3,40.0
KH10196,18.0,9.2,8.0,nhan_vien,Hai Phong,2,71.0
KH10197,29.0,26.3,17.9,nhan_vien,TP HCM,1,69.0
KH10198,30.0,20.8,13.8,ky_su,Can Tho,3,64.0
KH10199,38.0,20.5,8.6,nhan_vien,Ha Noi,2,48.0
KH10200,39.0,16.8,13.7,kinh_doanh,TP HCM,2,88.0
KH10201,27.0,7.6,4.3,giao_vien,Ha Noi,1,45.0
KH10202,27.0,5.7,0.5,nhan_vien,Hai Phong,1,9.0
KH10203,18.0,9.9,8.7,ky_su,TP HCM,4,100.0
KH10204,37.0,64.6,37.2,kinh_doanh,TP HCM,10,67.0
KH10205,45.0,20.1,14.2,nhan_vien,TP HCM,6,76.0
KH10206,18.0,14.7,11.0,ky_su,Can Tho,2,85.0
KH10207,38.0,19.1,10.2,ky_su,Hai Phong,3,59.0
KH10208,28.0,50.6,41.9,bac_si,TP HCM,11,73.0
KH10209,33.0,14.1,9.4,ky_su,Da Nang,1,56.0
KH10210,31.0,13.6,8.0,giao_vien,TP HCM,5,53.0
KH10211,52.0,14.8,12.0,ky_su,Ha Noi,3,91.0
KH10212,38.0,29.2,20.5,ky_su,Ha Noi,4,74.0
KH10213,37.0,8.8,6.7,giao_vien,TP HCM,2,67.0
KH10214,31.0,21.1,16.1,kinh_doanh,Can Tho,4,66.0
KH10215,28.0,7.4,2.6,sinh_vien,Ha Noi,2,38.0
KH10216,18.0,6.1,3.6,nhan_vien,Ha Noi,1,49.0
KH10217,30.0,19.0,8.9,kinh_doanh,TP HCM,4,56.0
KH10218,32.0,15.3,10.5,nhan_vien,TP HCM,4,73.0
KH10219,41.0,28.4,14.1,kinh_doanh,Can Tho,2,59.0
KH10220,29.0,18.5,11.2,bac_si,Ha Noi,6,66.0
KH10221,59.0,16.5,8.6,kinh_doanh,Hai Phong,1,43.0
KH10222,43.0,18.2,6.5,ky_su,Ha Noi,3,29.0
KH10223,63.0,11.9,6.6,ky_su,Can Tho,3,49.0
KH10224,18.0,7.1,2.8,giao_vien,TP HCM,0,35.0
KH10225,32.0,14.4,11.1,ky_su,Ha Noi,5,90.0
KH10226,49.0,13.4,3.8,nhan_vien,Da Nang,1,24.0
KH10227,38.0,7.5,6.0,sinh_vien,Da Nang,0,75.0
KH10228,18.0,18.0,7.5,bac_si,Can Tho,3,41.0
KH10229,43.0,22.8,16.1,nhan_vien,Ha Noi,2,65.0
KH10230,18.0,7.0,4.7,nhan_vien,TP HCM,0,77.0
KH10231,18.0,6.2,3.5,sinh_vien,TP HCM,0,64.0
KH10232,31.0,4.4,0.5,sinh_vien,TP HCM,1,12.0
KH10233,49.0,7.9,2.8,sinh_vien,Ha Noi,0,37.0
KH10234,39.0,30.7,17.5,nhan_vien,TP HCM,3,62.0
KH10235,43.0,17.4,9.9,giao_vien,TP HCM,1,48.0
KH10236,34.0,28.0,12.5,ky_su,Hai Phong,1,53.0
KH10237,36.0,21.7,14.5,nhan_vien,Da Nang,3,77.0
KH10238,21.0,7.5,4.7,sinh_vien,Ha Noi,1,65.0
KH10239,43.0,45.1,22.0,ky_su,TP HCM,3,51.0
KH10240,18.0,24.2,16.9,kinh_doanh,TP HCM,3,81.0
KH10241,37.0,20.8,14.6,kinh_doanh,TP HCM,4,64.0
KH10242,40.0,4.5,5.9,giao_vien,TP HCM,4,100.0
KH10243,37.0,9.5,3.3,giao_vien,Ha Noi,2,32.0
KH10244,62.0,16.4,9.1,nhan_vien,TP HCM,4,51.0
KH10245,25.0,54.1,21.9,kinh_doanh,Ha Noi,6,34.0
KH10246,32.0,37.4,28.0,kinh_doanh,Da Nang,7,81.0
KH10247,18.0,9.8,5.4,nhan_vien,TP HCM,1,56.0
KH10248,28.0,6.0,4.2,nhan_vien,Ha Noi,3,61.0
KH10249,38.0,15.1,6.5,giao_vien,Ha Noi,4,46.0
KH10250,32.0,33.4,17.8,nhan_vien,Ha Noi,1,57.0
KH10251,27.0,14.1,9.0,giao_vien,Can Tho,1,73.0
KH10252,43.0,14.9,13.1,ky_su,Da Nang,3,79.0
KH10253,25.0,31.9,23.9,kinh_doanh,TP HCM,4,63.0
KH10254,47.0,26.8,10.8,kinh_doanh,Da Nang,4,41.0
KH10255,32.0,29.8,16.0,bac_si,TP HCM,3,55.0
KH10256,42.0,17.3,14.9,ky_su,Da Nang,2,88.0
KH10257,25.0,12.0,8.9,nhan_vien,TP HCM,4,86.0
KH10258,42.0,20.4,8.9,giao_vien,TP HCM,3,46.0
KH10259,18.0,7.6,3.8,sinh_vien,Ha Noi,0,52.0
KH10260,26.0,15.3,4.9,bac_si,Da Nang,0,28.0
KH10261,29.0,17.2,5.9,ky_su,TP HCM,1,30.0
KH10262,57.0,21.1,18.1,ky_su,TP HCM,7,92.0
KH10263,27.0,7.2,6.3,sinh_vien,Can Tho,2,100.0
KH10264,43.0,17.6,15.8,nhan_vien,Ha Noi,4,80.0
KH10265,43.0,9.6,4.6,nhan_vien,Can Tho,0,42.0
KH10266,40.0,14.0,5.2,ky_su,TP HCM,3,38.0
KH10267,51.0,14.1,10.2,giao_vien,Ha Noi,1,59.0
KH10268,35.0,4.7,1.7,sinh_vien,TP HCM,0,29.0
KH10269,42.0,22.4,17.1,nhan_vien,Can Tho,4,77.0
KH10270,40.0,2.7,2.4,sinh_vien,TP HCM,0,94.0
KH10271,54.0,38.0,19.2,ky_su,Ha Noi,6,56.0
KH10272,29.0,13.3,5.2,nhan_vien,Ha Noi,0,36.0
KH10273,38.0,27.5,16.3,bac_si,Hai Phong,1,61.0
KH10274,33.0,16.8,14.2,ky_su,Ha Noi,0,94.0
KH10275,45.0,33.5,17.7,kinh_doanh,TP HCM,8,53.0
KH10276,40.0,19.2,10.2,ky_su,Can Tho,0,43.0
KH10277,62.0,16.0,12.5,nhan_vien,TP HCM,3,72.0
KH10278,27.0,10.5,7.6,nhan_vien,Ha Noi,2,71.0
KH10279,53.0,16.1,7.6,nhan_vien,TP HCM,3,40.0
KH10280,41.0,12.1,4.1,kinh_doanh,TP HCM,2,36.0
KH10281,34.0,8.3,1.2,giao_vien,TP HCM,0,15.0
KH10282,22.0,25.1,12.6,giao_vien,Da Nang,1,49.0
KH10283,37.0,11.2,9.8,giao_vien,Hai Phong,1,95.0
KH10284,39.0,11.2,6.2,giao_vien,Ha Noi,3,61.0
KH10285,30.0,22.3,15.1,giao_vien,Ha Noi,2,66.0
KH10286,46.0,26.4,7.6,kinh_doanh,TP HCM,4,30.0
KH10287,54.0,5.0,2.8,sinh_vien,Ha Noi,1,46.0
KH10288,34.0,56.1,34.2,bac_si,Ha Noi,12,70.0
KH10289,42.0,16.6,12.2,ky_su,TP HCM,2,81.0
KH10290,37.0,11.8,4.9,giao_vien,Ha Noi,1,39.0
KH10291,45.0,20.6,15.5,nhan_vien,TP HCM,4,88.0
KH10292,42.0,27.8,15.6,kinh_doanh,Ha Noi,4,61.0
KH10293,38.0,33.6,28.0,nhan_vien,TP HCM,9,90.0
KH10294,51.0,4.1,6.0,sinh_vien,Ha Noi,2,100.0
KH10295,42.0,11.4,9.1,nhan_vien,Ha Noi,5,71.0
KH10296,37.0,5.2,1.0,sinh_vien,Hai Phong,0,18.0
KH10297,33.0,16.1,9.0,nhan_vien,Hai Phong,3,66.0
KH10298,47.0,19.1,15.3,giao_vien,Ha Noi,1,79.0
KH10299,18.0,25.8,11.6,ky_su,TP HCM,5,53.0
KH10300,18.0,25.1,19.8,nhan_vien,TP HCM,5,92.0
KH10301,60.0,21.0,11.9,giao_vien,Ha Noi,4,55.0
KH10302,53.0,12.7,9.6,giao_vien,Ha Noi,1,63.0
KH10303,41.0,14.3,5.6,nhan_vien,Da Nang,3,40.0
KH10304,41.0,12.1,6.6,nhan_vien,Hai Phong,1,48.0
KH10305,39.0,12.9,6.4,nhan_vien,Can Tho,0,45.0
KH10306,27.0,12.9,9.7,nhan_vien,Ha Noi,2,86.0
KH10307,33.0,9.6,8.2,giao_vien,TP HCM,2,76.0
KH10308,23.0,5.1,5.1,sinh_vien,TP HCM,1,100.0
KH10309,29.0,28.7,11.5,ky_su,Ha Noi,3,41.0
KH10310,27.0,28.9,13.2,bac_si,Can Tho,1,49.0
KH10311,30.0,26.6,18.5,kinh_doanh,Hai Phong,1,74.0
KH10312,22.0,20.1,3.9,ky_su,Hai Phong,3,16.0
KH10313,27.0,16.3,6.8,ky_su,Can Tho,1,41.0
KH10314,57.0,18.1,13.8,kinh_doanh,Da Nang,1,75.0
KH10315,20.0,21.8,10.4,bac_si,TP HCM,3,44.0
KH10316,31.0,16.7,14.6,ky_su,Hai Phong,3,100.0
KH10317,37.0,17.9,8.2,nhan_vien,Hai Phong,3,51.0
KH10318,36.0,35.2,17.7,bac_si,Hai Phong,3,54.0
KH10319,36.0,32.0,22.1,kinh_doanh,Ha Noi,3,64.0
KH10320,32.0,5.8,3.2,sinh_vien,TP HCM,0,54.0
KH10321,21.0,23.4,17.1,ky_su,TP HCM,3,70.0
KH10322,36.0,8.4,3.6,giao_vien,Hai Phong,0,36.0
KH10323,30.0,12.5,4.5,nhan_vien,TP HCM,1,35.0
KH10324,18.0,23.4,11.2,kinh_doanh,TP HCM,1,41.0
KH10325,40.0,34.1,12.1,bac_si,TP HCM,1,41.0
KH10326,52.0,41.3,21.1,ky_su,Ha Noi,5,50.0
KH10327,44.0,23.4,16.8,nhan_vien,TP HCM,3,79.0
KH10328,49.0,30.2,17.6,kinh_doanh,TP HCM,2,55.0
KH10329,44.0,26.5,18.7,giao_vien,TP HCM,3,57.0
KH10330,18.0,9.1,5.9,giao_vien,Ha Noi,3,64.0
KH10331,34.0,36.4,19.7,kinh_doanh,TP HCM,5,49.0
KH10332,40.0,17.6,10.6,ky_su,Hai Phong,5,70.0
KH10333,35.0,8.9,5.5,giao_vien,TP HCM,3,52.0
KH10334,26.0,36.5,27.5,ky_su,Hai Phong,8,78.0
KH10335,39.0,10.1,7.6,nhan_vien,Hai Phong,4,86.0
KH10336,28.0,14.0,4.0,kinh_doanh,TP HCM,1,32.0
KH10337,29.0,23.8,14.6,nhan_vien,Can Tho,4,66.0
KH10338,23.0,14.3,11.2,ky_su,Hai Phong,2,77.0
KH10339,50.0,11.8,6.6,nhan_vien,Hai Phong,3,52.0
KH10340,34.0,20.9,13.7,kinh_doanh,TP HCM,1,57.0
KH10341,27.0,17.7,15.3,ky_su,TP HCM,2,80.0
KH10342,30.0,36.0,21.1,ky_su,TP HCM,6,57.0
KH10343,60.0,9.3,3.3,nhan_vien,TP HCM,1,37.0
KH10344,30.0,52.0,27.6,ky_su,TP HCM,7,61.0
KH10345,42.0,17.9,13.1,nhan_vien,TP HCM,4,66.0
KH10346,41.0,38.3,18.7,nhan_vien,Ha Noi,4,44.0
KH10347,31.0,6.3,4.5,giao_vien,Ha Noi,1,82.0
KH10348,39.0,36.0,23.1,bac_si,Ha Noi,10,55.0
KH10349,50.0,14.1,6.1,giao_vien,Da Nang,1,46.0
KH10350,26.0,19.9,12.1,ky_su,Can Tho,1,49.0
KH10351,44.0,13.0,11.4,nhan_vien,Ha Noi,4,77.0
KH10352,40.0,41.3,20.6,nhan_vien,Ha Noi,8,58.0
KH10353,34.0,40.1,27.5,kinh_doanh,Ha Noi,8,56.0
KH10354,47.0,13.4,8.6,nhan_vien,Hai Phong,3,57.0
KH10355,27.0,26.7,14.4,ky_su,Hai Phong,9,54.0
KH10356,41.0,52.6,18.9,ky_su,Da Nang,6,39.0
KH10357,40.0,25.8,20.5,ky_su,Hai Phong,3,67.0
KH10358,39.0,16.6,11.8,giao_vien,TP HCM,4,77.0
KH10359,37.0,61.9,45.7,bac_si,TP HCM,10,61.0
KH10360,33.0,16.8,5.9,ky_su,Ha Noi,3,40.0
KH10361,59.0,36.5,20.1,ky_su,Ha Noi,7,50.0
KH10362,41.0,8.4,6.5,giao_vien,Hai Phong,1,77.0
KH10363,42.0,35.7,30.5,nhan_vien,TP HCM,7,76.0
KH10364,33.0,21.9,8.1,ky_su,TP HCM,0,31.0
KH10365,28.0,5.6,2.5,sinh_vien,TP HCM,1,48.0
KH10366,39.0,19.5,12.9,bac_si,Da Nang,6,56.0
KH10367,40.0,18.3,12.1,kinh_doanh,TP HCM,3,62.0
KH10368,41.0,33.6,19.6,nhan_vien,TP HCM,8,49.0
KH10369,42.0,32.9,16.1,bac_si,Da Nang,7,52.0
KH10370,22.0,16.8,7.0,nhan_vien,Ha Noi,4,39.0
KH10371,35.0,14.9,11.6,nhan_vien,Ha Noi,3,77.0
KH10372,43.0,23.1,13.0,kinh_doanh,TP HCM,5,56.0
KH10373,30.0,34.9,14.2,ky_su,Da Nang,6,48.0
KH10374,43.0,10.5,6.0,giao_vien,Hai Phong,2,47.0
KH10375,36.0,23.3,7.7,kinh_doanh,TP HCM,3,34.0
KH10376,37.0,39.6,15.5,kinh_doanh,Ha Noi,5,45.0
KH10377,39.0,13.4,5.1,ky_su,Hai Phong,0,31.0
KH10378,25.0,18.7,8.2,kinh_doanh,Hai Phong,2,40.0
KH10379,39.0,13.8,8.0,giao_vien,TP HCM,2,57.0
KH10380,33.0,30.3,16.5,bac_si,TP HCM,6,45.0
KH10381,43.0,13.2,8.1,nhan_vien,Ha Noi,2,53.0
KH10382,36.0,3.7,2.7,sinh_vien,Ha Noi,1,62.0
KH10383,35.0,3.1,2.1,sinh_vien,TP HCM,0,81.0
KH10384,34.0,25.1,16.9,nhan_vien,TP HCM,6,55.0
KH10385,34.0,28.5,14.7,ky_su,Ha Noi,2,61.0
KH10386,37.0,43.5,16.8,bac_si,Da Nang,3,32.0
KH10387,30.0,16.0,11.0,kinh_doanh,TP HCM,3,73.0
KH10388,29.0,22.2,10.2,ky_su,Ha Noi,4,45.0
KH10389,34.0,6.8,1.4,nhan_vien,TP HCM,0,18.0
KH10390,43.0,23.0,16.6,kinh_doanh,Ha Noi,6,60.0
KH10391,48.0,14.1,10.0,giao_vien,Ha Noi,1,81.0
KH10392,29.0,31.4,12.5,ky_su,Hai Phong,7,45.0
KH10393,18.0,16.3,13.8,ky_su,TP HCM,4,90.0
KH10394,34.0,7.6,1.1,sinh_vien,Can Tho,0,16.0
KH10395,18.0,18.3,5.0,nhan_vien,Ha Noi,1,33.0
KH10396,24.0,20.8,17.2,ky_su,TP HCM,9,97.0
KH10397,46.0,29.6,10.5,bac_si,Ha Noi,4,33.0
KH10398,36.0,14.4,13.4,kinh_doanh,TP HCM,4,92.0
KH10399,26.0,9.7,5.3,nhan_vien,Can Tho,3,49.0
KH10400,38.0,46.3,26.2,ky_su,Hai Phong,9,51.0
KH10401,21.0,7.3,7.8,giao_vien,Ha Noi,3,100.0
KH10402,44.0,19.6,7.0,giao_vien,TP HCM,2,38.0
KH10403,32.0,8.6,4.2,nhan_vien,TP HCM,1,56.0
KH10404,50.0,13.3,10.4,giao_vien,Ha Noi,3,79.0
KH10405,32.0,18.7,8.6,nhan_vien,Ha Noi,5,41.0
KH10406,44.0,22.2,12.6,nhan_vien,TP HCM,6,60.0
KH10407,19.0,19.1,12.7,ky_su,TP HCM,3,61.0
KH10408,37.0,17.3,10.9,kinh_doanh,TP HCM,2,75.0
KH10409,45.0,6.8,3.5,nhan_vien,TP HCM,1,43.0
KH10410,35.0,36.9,29.2,bac_si,TP HCM,2,67.0
KH10411,40.0,11.4,7.9,giao_vien,Ha Noi,1,83.0
KH10412,45.0,7.3,3.4,ky_su,TP HCM,0,47.0
KH10413,34.0,7.9,1.0,nhan_vien,Ha Noi,0,15.0
KH10414,53.0,13.6,4.7,kinh_doanh,Da Nang,1,33.0
KH10415,21.0,78.0,55.3,kinh_doanh,Ha Noi,19,57.0
KH10416,71.0,25.8,10.7,ky_su,TP HCM,4,40.0
KH10417,25.0,37.4,25.5,kinh_doanh,Da Nang,5,62.0
KH10418,27.0,8.7,4.3,nhan_vien,Can Tho,0,51.0
KH10419,42.0,36.7,15.3,ky_su,Ha Noi,3,34.0
KH10420,29.0,16.8,13.5,kinh_doanh,Can Tho,4,66.0
KH10421,28.0,13.6,8.7,giao_vien,Ha Noi,2,62.0
KH10422,18.0,17.0,8.7,kinh_doanh,TP HCM,5,57.0
KH10423,57.0,27.6,17.1,kinh_doanh,Ha Noi,7,74.0
KH10424,38.0,27.7,23.0,ky_su,Hai Phong,4,97.0
KH10425,18.0,27.8,15.6,ky_su,Ha Noi,2,50.0
KH10426,44.0,10.9,4.8,nhan_vien,Ha Noi,2,52.0
KH10427,29.0,12.9,4.3,giao_vien,TP HCM,2,37.0
KH10428,32.0,15.5,7.6,nhan_vien,Hai Phong,0,41.0
KH10429,38.0,7.9,6.7,giao_vien,Da Nang,1,93.0
KH10430,33.0,32.0,21.6,kinh_doanh,Da Nang,4,79.0
KH10431,31.0,27.7,19.1,nhan_vien,Ha Noi,9,56.0
KH10432,40.0,32.9,28.5,kinh_doanh,Ha Noi,9,100.0
KH10433,34.0,29.4,15.9,ky_su,Ha Noi,5,59.0
KH10434,39.0,10.0,3.4,giao_vien,Ha Noi,1,33.0
KH10435,25.0,8.9,4.5,giao_vien,Da Nang,0,58.0
KH10436,26.0,13.5,10.0,nhan_vien,Ha Noi,4,88.0
KH10437,68.0,43.0,28.7,bac_si,Can Tho,8,76.0
KH10438,52.0,14.7,7.5,giao_vien,Hai Phong,0,50.0
KH10439,36.0,15.3,10.6,ky_su,TP HCM,4,58.0
KH10440,29.0,10.3,8.3,kinh_doanh,Hai Phong,1,89.0
KH10441,59.0,15.7,10.0,nhan_vien,Hai Phong,3,61.0
KH10442,60.0,4.8,3.1,sinh_vien,TP HCM,0,56.0
KH10443,39.0,3.4,0.5,sinh_vien,TP HCM,0,15.0
KH10444,31.0,28.7,19.4,nhan_vien,Can Tho,7,70.0
KH10445,31.0,9.7,4.4,giao_vien,TP HCM,1,46.0
KH10446,47.0,33.9,14.5,kinh_doanh,TP HCM,5,45.0
KH10447,33.0,9.5,5.6,giao_vien,Ha Noi,3,67.0
KH10448,42.0,4.1,0.5,sinh_vien,TP HCM,0,13.0
KH10449,44.0,14.1,11.3,kinh_doanh,Ha Noi,5,68.0
KH10450,54.0,19.3,12.7,ky_su,Ha Noi,5,65.0
KH10451,33.0,7.8,4.2,giao_vien,Ha Noi,0,47.0
KH10452,35.0,11.9,10.8,nhan_vien,Ha Noi,1,80.0
KH10453,47.0,40.3,16.9,nhan_vien,Ha Noi,4,44.0
KH10454,25.0,11.4,9.0,nhan_vien,Da Nang,1,86.0
KH10455,51.0,9.2,1.8,nhan_vien,Da Nang,0,16.0
KH10456,35.0,28.6,19.8,nhan_vien,TP HCM,9,64.0
KH10457,39.0,9.9,9.9,nhan_vien,TP HCM,1,92.0
KH10458,33.0,3.5,3.5,sinh_vien,Da Nang,1,100.0
KH10459,31.0,7.3,4.0,giao_vien,Ha Noi,2,46.0
KH10460,46.0,21.6,13.6,nhan_vien,Da Nang,7,51.0
KH10461,23.0,5.9,2.7,sinh_vien,Hai Phong,1,49.0
KH10462,51.0,14.2,8.9,bac_si,Can Tho,1,61.0
KH10463,19.0,11.8,6.1,nhan_vien,Can Tho,4,54.0
KH10464,32.0,6.1,5.8,nhan_vien,Da Nang,3,100.0
KH10465,38.0,3.7,1.9,sinh_vien,Hai Phong,0,44.0
KH10466,35.0,27.5,9.3,nhan_vien,Da Nang,2,34.0
KH10467,43.0,41.6,17.2,bac_si,TP HCM,8,38.0
KH10468,45.0,24.2,13.9,kinh_doanh,TP HCM,3,64.0
KH10469,41.0,26.1,8.7,nhan_vien,Ha Noi,2,34.0
KH10470,25.0,37.0,17.5,kinh_doanh,Ha Noi,3,50.0
KH10471,44.0,37.2,19.3,kinh_doanh,Hai Phong,3,44.0
KH10472,35.0,47.0,36.7,ky_su,TP HCM,16,92.0
KH10473,42.0,14.0,4.1,giao_vien,Can Tho,1,34.0
KH10474,18.0,14.7,10.2,nhan_vien,Can Tho,1,62.0
KH10475,38.0,5.7,3.6,giao_vien,Da Nang,0,72.0
KH10476,57.0,11.2,10.7,nhan_vien,Da Nang,4,97.0
KH10477,55.0,17.9,9.5,ky_su,TP HCM,2,60.0
KH10478,46.0,23.9,11.5,kinh_doanh,TP HCM,1,47.0
KH10479,44.0,26.6,21.0,ky_su,Hai Phong,3,83.0
KH10480,40.0,15.0,6.6,nhan_vien,Ha Noi,4,49.0
KH10481,48.0,25.5,21.8,kinh_doanh,TP HCM,5,98.0
KH10482,57.0,32.4,17.3,bac_si,TP HCM,8,46.0
KH10483,41.0,30.2,12.0,ky_su,Ha Noi,3,41.0
KH10484,30.0,37.1,26.5,bac_si,Ha Noi,7,71.0
KH10485,27.0,10.2,3.2,giao_vien,Can Tho,0,25.0
KH10486,18.0,38.3,13.4,ky_su,Ha Noi,1,33.0
KH10487,57.0,36.3,26.7,kinh_doanh,TP HCM,9,71.0
KH10488,32.0,34.4,15.9,nhan_vien,Can Tho,3,38.0
KH10489,34.0,34.6,20.6,ky_su,TP HCM,5,56.0
KH10490,35.0,28.8,17.0,giao_vien,Can Tho,6,58.0
KH10491,38.0,15.9,10.0,nhan_vien,Can Tho,3,53.0
KH10492,42.0,31.5,23.8,ky_su,Ha Noi,5,66.0
KH10493,21.0,20.8,10.1,bac_si,TP HCM,3,48.0
KH10494,29.0,58.8,44.9,bac_si,Hai Phong,11,75.0
KH10495,31.0,15.5,10.0,giao_vien,Ha Noi,2,63.0
KH10496,28.0,15.0,7.2,ky_su,Da Nang,0,56.0
KH10497,18.0,26.7,13.0,bac_si,Can Tho,1,43.0
KH10498,33.0,20.5,14.2,kinh_doanh,Hai Phong,2,59.0
KH10499,25.0,44.7,21.2,ky_su,Ha Noi,5,45.0
KH10500,18.0,38.2,22.6,ky_su,Ha Noi,7,67.0
KH10501,40.0,31.6,13.2,kinh_doanh,TP HCM,4,39.0
KH10502,29.0,29.8,10.5,ky_su,Can Tho,6,32.0
KH10503,38.0,48.4,25.7,nhan_vien,TP HCM,5,62.0
KH10504,48.0,10.1,2.8,giao_vien,Da Nang,0,28.0
KH10505,25.0,19.8,8.3,ky_su,Ha Noi,5,48.0
KH10506,54.0,27.4,14.5,ky_su,TP HCM,2,58.0
KH10507,42.0,14.1,11.5,kinh_doanh,Ha Noi,2,73.0
KH10508,26.0,7.7,2.8,nhan_vien,TP HCM,1,37.0
KH10509,45.0,13.7,6.7,giao_vien,TP HCM,2,54.0
KH10510,41.0,19.9,13.0,bac_si,Ha Noi,2,78.0
KH10511,22.0,14.7,10.9,giao_vien,Ha Noi,3,68.0
KH10512,22.0,9.2,5.5,giao_vien,Hai Phong,3,51.0
KH10513,36.0,51.1,42.0,kinh_doanh,TP HCM,8,90.0
KH10514,19.0,18.5,8.2,nhan_vien,Ha Noi,0,35.0
KH10515,52.0,10.1,5.9,nhan_vien,Ha Noi,1,66.0
KH10516,44.0,28.0,20.1,kinh_doanh,Da Nang,3,59.0
KH10517,42.0,15.2,5.6,kinh_doanh,Ha Noi,0,32.0
KH10518,26.0,15.4,8.4,nhan_vien,Ha Noi,2,55.0
KH10519,43.0,39.2,19.9,bac_si,Can Tho,6,47.0
KH10520,32.0,8.4,4.7,ky_su,Da Nang,3,60.0
KH10521,51.0,11.5,11.1,nhan_vien,TP HCM,2,93.0
KH10522,47.0,15.4,2.7,nhan_vien,Ha Noi,1,18.0
KH10523,45.0,17.4,7.2,giao_vien,Can Tho,0,41.0
KH10524,51.0,13.5,0.5,nhan_vien,Can Tho,0,4.0
KH10525,22.0,39.8,27.6,bac_si,Ha Noi,5,76.0
KH10526,29.0,21.4,11.1,nhan_vien,TP HCM,3,42.0
KH10527,50.0,31.2,14.3,kinh_doanh,Da Nang,3,53.0
KH10528,60.0,15.6,4.4,ky_su,Ha Noi,0,23.0
KH10529,29.0,45.0,18.3,kinh_doanh,Hai Phong,3,49.0
KH10530,33.0,9.1,6.0,ky_su,TP HCM,1,64.0
KH10531,21.0,21.5,16.6,giao_vien,Ha Noi,3,75.0
KH10532,19.0,21.8,15.7,ky_su,TP HCM,2,74.0
KH10533,35.0,3.8,1.4,sinh_vien,Can Tho,0,33.0
KH10534,41.0,11.6,7.1,nhan_vien,TP HCM,3,67.0
KH10535,36.0,8.2,5.9,nhan_vien,Da Nang,4,74.0
KH10536,32.0,21.8,12.7,nhan_vien,Hai Phong,7,61.0
KH10537,18.0,15.6,12.3,kinh_doanh,Can Tho,2,71.0
KH10538,28.0,20.7,12.4,ky_su,Can Tho,2,52.0
KH10539,46.0,10.2,7.7,nhan_vien,TP HCM,0,85.0
KH10540,55.0,14.0,5.2,giao_vien,TP HCM,4,32.0
KH10541,34.0,9.7,8.0,nhan_vien,TP HCM,1,86.0
KH10542,37.0,25.4,13.1,kinh_doanh,Can Tho,3,52.0
KH10543,31.0,25.7,9.3,ky_su,Ha Noi,0,38.0
KH10544,61.0,31.9,21.2,bac_si,Da Nang,5,53.0
KH10545,19.0,15.2,11.0,nhan_vien,Hai Phong,0,63.0
KH10546,43.0,52.1,40.0,ky_su,Ha Noi,10,78.0
KH10547,41.0,32.2,22.2,ky_su,Ha Noi,6,66.0
KH10548,42.0,11.1,5.3,giao_vien,Ha Noi,1,43.0
KH10549,18.0,9.2,5.0,sinh_vien,Ha Noi,1,49.0
KH10550,42.0,41.1,32.3,ky_su,Da Nang,12,87.0
KH10551,38.0,8.9,2.2,nhan_vien,Hai Phong,0,24.0
KH10552,57.0,15.9,11.3,giao_vien,TP HCM,2,82.0
KH10553,32.0,12.7,8.2,giao_vien,TP HCM,2,60.0
KH10554,30.0,8.8,5.6,giao_vien,Da Nang,1,68.0
KH10555,44.0,10.8,4.5,giao_vien,TP HCM,2,49.0
KH10556,31.0,24.9,23.0,kinh_doanh,Can Tho,6,98.0
KH10557,28.0,7.3,4.2,nhan_vien,Ha Noi,0,61.0
KH10558,29.0,15.0,8.1,ky_su,Ha Noi,2,51.0
KH10559,51.0,4.8,3.3,sinh_vien,TP HCM,3,64.0
KH10560,41.0,29.2,13.7,kinh_doanh,Ha Noi,4,47.0
KH10561,39.0,12.0,3.5,nhan_vien,Hai Phong,0,31.0
KH10562,18.0,19.8,6.0,kinh_doanh,Ha Noi,2,28.0
KH10563,41.0,15.8,7.1,nhan_vien,Can Tho,1,42.0
KH10564,30.0,12.1,7.5,giao_vien,TP HCM,1,59.0
KH10565,39.0,29.9,21.1,kinh_doanh,Ha Noi,2,79.0
KH10566,38.0,38.1,35.9,nhan_vien,TP HCM,6,91.0
KH10567,37.0,31.8,13.9,nhan_vien,Can Tho,3,49.0
KH10568,39.0,10.2,7.1,nhan_vien,TP HCM,0,60.0
KH10569,42.0,10.1,7.9,giao_vien,TP HCM,2,75.0
KH10570,38.0,8.3,4.8,giao_vien,TP HCM,0,65.0
KH10571,35.0,12.5,3.3,nhan_vien,Ha Noi,2,22.0
KH10572,30.0,38.3,12.8,nhan_vien,Hai Phong,3,30.0
KH10573,34.0,21.3,13.4,bac_si,Ha Noi,1,72.0
KH10574,39.0,18.2,8.9,kinh_doanh,Can Tho,0,56.0
KH10575,39.0,7.6,6.0,giao_vien,Can Tho,2,75.0
KH10576,27.0,66.6,44.5,ky_su,Can Tho,12,68.0
KH10577,41.0,6.0,4.9,nhan_vien,TP HCM,2,68.0
KH10578,41.0,22.8,12.2,ky_su,Da Nang,1,60.0
KH10579,49.0,27.2,18.3,bac_si,Ha Noi,5,76.0
KH10580,38.0,7.6,4.0,giao_vien,Ha Noi,1,53.0
KH10581,29.0,10.5,4.6,nhan_vien,Ha Noi,1,35.0
KH10582,45.0,15.3,7.6,nhan_vien,TP HCM,2,52.0
KH10583,38.0,18.2,5.1,nhan_vien,Ha Noi,1,23.0
KH10584,35.0,58.7,39.3,ky_su,Ha Noi,15,72.0
KH10585,41.0,12.6,8.0,ky_su,Da Nang,0,73.0
KH10586,29.0,10.0,6.7,kinh_doanh,Ha Noi,0,57.0
KH10587,44.0,41.0,29.7,bac_si,TP HCM,4,67.0
KH10588,42.0,31.7,18.3,bac_si,TP HCM,6,58.0
KH10589,42.0,18.5,9.1,kinh_doanh,Ha Noi,3,48.0
KH10590,25.0,4.8,3.4,sinh_vien,TP HCM,0,77.0
KH10591,48.0,27.0,20.4,bac_si,TP HCM,4,76.0
KH10592,26.0,11.7,6.0,nhan_vien,Can Tho,3,43.0
KH10593,23.0,17.4,12.7,nhan_vien,Hai Phong,7,71.0
KH10594,48.0,7.6,6.7,nhan_vien,Hai Phong,2,81.0
KH10595,24.0,12.9,9.5,nhan_vien,TP HCM,2,75.0
KH10596,41.0,14.4,11.6,giao_vien,TP HCM,0,84.0
KH10597,40.0,24.2,12.0,kinh_doanh,Ha Noi,0,56.0
KH10598,27.0,18.1,5.8,kinh_doanh,Can Tho,1,33.0
KH10599,29.0,17.0,10.7,nhan_vien,TP HCM,2,72.0
KH10600,29.0,10.9,5.1,nhan_vien,TP HCM,0,50.0
KH10601,27.0,13.0,8.7,giao_vien,Hai Phong,1,58.0
KH10602,27.0,17.3,8.6,nhan_vien,Can Tho,0,50.0
KH10603,18.0,11.1,9.5,kinh_doanh,TP HCM,2,72.0
KH10604,29.0,9.7,7.4,nhan_vien,Da Nang,2,66.0
KH10605,31.0,46.7,31.8,nhan_vien,TP HCM,4,80.0
KH10606,32.0,20.8,12.9,ky_su,Ha Noi,0,61.0
KH10607,44.0,16.5,13.7,giao_vien,Ha Noi,1,95.0
KH10608,26.0,34.6,21.4,kinh_doanh,Ha Noi,2,73.0
KH10609,48.0,31.9,11.5,bac_si,Ha Noi,5,35.0
KH10610,27.0,10.7,7.5,nhan_vien,Ha Noi,1,78.0
KH10611,30.0,12.3,10.5,nhan_vien,TP HCM,7,89.0
KH10612,57.0,13.6,4.7,giao_vien,Hai Phong,3,38.0
KH10613,18.0,48.7,32.5,kinh_doanh,TP HCM,7,74.0
KH10614,37.0,23.9,19.6,ky_su,Da Nang,2,72.0
KH10615,36.0,13.4,7.4,nhan_vien,Da Nang,2,60.0
KH10616,31.0,19.9,14.1,kinh_doanh,Hai Phong,4,72.0
KH10617,46.0,14.2,7.7,nhan_vien,Da Nang,3,51.0
KH10618,45.0,19.6,10.9,ky_su,Can Tho,3,52.0
KH10619,26.0,9.0,7.3,sinh_vien,TP HCM,1,84.0
KH10620,18.0,24.4,12.7,kinh_doanh,Hai Phong,1,48.0
KH10621,33.0,31.8,14.7,ky_su,TP HCM,3,54.0
KH10622,36.0,13.9,6.1,giao_vien,Ha Noi,0,44.0
KH10623,27.0,24.5,15.7,nhan_vien,TP HCM,3,63.0
KH10624,22.0,27.9,22.0,bac_si,Ha Noi,6,83.0
KH10625,18.0,19.3,11.3,giao_vien,TP HCM,3,65.0
KH10626,32.0,6.1,5.5,sinh_vien,Ha Noi,0,92.0
KH10627,39.0,11.0,10.9,bac_si,Da Nang,2,100.0
KH10628,34.0,18.4,14.1,giao_vien,Da Nang,3,67.0
KH10629,18.0,19.9,10.0,kinh_doanh,TP HCM,1,60.0
KH10630,39.0,8.7,3.4,nhan_vien,TP HCM,3,38.0
KH10631,40.0,23.5,6.5,nhan_vien,Ha Noi,0,32.0
KH10632,58.0,19.3,10.6,ky_su,Hai Phong,3,51.0
KH10633,29.0,10.5,2.6,nhan_vien,Can Tho,0,21.0
KH10634,53.0,16.9,6.7,nhan_vien,Hai Phong,2,47.0
KH10635,32.0,71.0,46.9,ky_su,TP HCM,5,61.0
KH10636,44.0,19.3,9.0,kinh_doanh,Hai Phong,3,50.0
KH10637,40.0,14.8,11.6,nhan_vien,Ha Noi,2,68.0
KH10638,33.0,66.2,35.5,kinh_doanh,TP HCM,9,50.0
KH10639,31.0,11.9,6.0,giao_vien,Ha Noi,3,52.0
KH10640,38.0,41.2,29.3,bac_si,Ha Noi,13,80.0
KH10641,40.0,15.2,4.6,nhan_vien,Can Tho,2,36.0
KH10642,27.0,22.8,13.2,nhan_vien,Ha Noi,1,53.0
KH10643,18.0,4.5,3.5,sinh_vien,Ha Noi,1,83.0
KH10644,32.0,28.4,20.7,bac_si,Ha Noi,6,61.0
KH10645,44.0,22.8,13.1,giao_vien,Ha Noi,3,55.0
KH10646,46.0,15.8,6.0,nhan_vien,Hai Phong,2,39.0
KH10647,31.0,18.9,10.9,ky_su,Can Tho,2,62.0
KH10648,18.0,19.5,10.0,nhan_vien,TP HCM,1,59.0
KH10649,48.0,16.6,7.7,nhan_vien,TP HCM,2,50.0
KH10650,40.0,14.6,10.5,nhan_vien,Ha Noi,1,85.0
KH10651,25.0,12.6,10.7,sinh_vien,Hai Phong,5,79.0
KH10652,48.0,6.9,3.8,sinh_vien,Da Nang,0,66.0
KH10653,18.0,11.5,6.3,ky_su,TP HCM,3,60.0
KH10654,20.0,7.7,3.1,sinh_vien,Ha Noi,1,47.0
KH10655,35.0,15.3,10.0,kinh_doanh,Ha Noi,0,75.0
KH10656,31.0,19.3,14.9,ky_su,Ha Noi,2,70.0
KH10657,36.0,5.8,3.6,sinh_vien,TP HCM,0,60.0
KH10658,40.0,3.2,0.7,sinh_vien,TP HCM,0,25.0
KH10659,30.0,11.2,3.8,nhan_vien,Da Nang,0,34.0
KH10660,29.0,26.2,13.6,kinh_doanh,Hai Phong,2,60.0
KH10661,34.0,5.5,4.2,sinh_vien,Hai Phong,2,82.0
KH10662,42.0,60.8,45.5,kinh_doanh,Hai Phong,15,62.0
KH10663,43.0,8.3,3.9,bac_si,Ha Noi,0,53.0
KH10664,24.0,8.5,4.6,nhan_vien,Can Tho,1,58.0
KH10665,35.0,40.9,23.4,bac_si,TP HCM,5,64.0
KH10666,36.0,54.9,42.9,kinh_doanh,Can Tho,10,83.0
KH10667,53.0,12.4,6.8,giao_vien,Hai Phong,4,45.0
KH10668,55.0,20.2,11.6,kinh_doanh,Da Nang,2,54.0
KH10669,58.0,2.9,0.5,sinh_vien,Ha Noi,0,16.0
KH10670,44.0,14.7,5.3,giao_vien,TP HCM,4,40.0
KH10671,43.0,16.6,12.7,nhan_vien,TP HCM,1,75.0
KH10672,35.0,7.0,2.9,nhan_vien,TP HCM,0,41.0
KH10673,18.0,24.1,18.1,giao_vien,Da Nang,1,81.0
KH10674,31.0,20.0,8.5,kinh_doanh,Ha Noi,4,51.0
KH10675,33.0,10.3,4.9,nhan_vien,Da Nang,0,53.0
KH10676,18.0,11.8,3.9,nhan_vien,TP HCM,1,33.0
KH10677,46.0,11.6,3.6,giao_vien,Hai Phong,1,33.0
KH10678,18.0,37.3,19.5,nhan_vien,TP HCM,2,44.0
KH10679,37.0,23.8,18.4,nhan_vien,Hai Phong,5,82.0
KH10680,24.0,10.0,9.4,nhan_vien,Ha Noi,2,75.0
KH10681,34.0,7.4,5.8,giao_vien,Hai Phong,3,79.0
KH10682,20.0,23.3,19.4,nhan_vien,Can Tho,7,73.0
KH10683,44.0,13.9,13.7,nhan_vien,Ha Noi,3,100.0
KH10684,29.0,11.6,10.0,nhan_vien,TP HCM,2,71.0
KH10685,52.0,12.2,9.5,nhan_vien,TP HCM,1,67.0
KH10686,54.0,25.3,20.7,nhan_vien,Ha Noi,2,94.0
KH10687,32.0,41.9,18.3,nhan_vien,Can Tho,7,40.0
KH10688,19.0,15.7,11.0,ky_su,Ha Noi,0,64.0
KH10689,37.0,24.7,19.4,bac_si,Hai Phong,5,81.0
KH10690,20.0,13.0,9.4,nhan_vien,TP HCM,0,70.0
KH10691,47.0,19.4,17.3,ky_su,TP HCM,0,75.0
KH10692,29.0,19.2,13.5,ky_su,TP HCM,4,70.0
KH10693,50.0,34.8,14.2,bac_si,Can Tho,1,41.0
KH10694,42.0,31.8,23.6,kinh_doanh,Da Nang,6,79.0
KH10695,51.0,10.8,6.3,sinh_vien,TP HCM,2,55.0
KH10696,20.0,18.2,18.9,kinh_doanh,Ha Noi,6,89.0
KH10697,49.0,33.7,18.8,ky_su,TP HCM,4,52.0
KH10698,33.0,21.4,8.1,ky_su,Can Tho,1,37.0
KH10699,33.0,21.2,11.1,giao_vien,TP HCM,1,60.0
KH10700,38.0,14.5,8.1,kinh_doanh,Da Nang,4,66.0
KH10701,30.0,14.1,9.6,giao_vien,Ha Noi,3,71.0
KH10702,30.0,40.8,23.3,ky_su,TP HCM,1,50.0
KH10703,42.0,13.5,8.0,nhan_vien,Da Nang,3,54.0
KH10704,18.0,25.9,10.6,ky_su,TP HCM,3,40.0
KH10705,51.0,5.7,2.3,sinh_vien,TP HCM,1,38.0
KH10706,33.0,10.9,6.2,nhan_vien,TP HCM,3,56.0
KH10707,32.0,15.6,4.8,giao_vien,Da Nang,0,29.0
KH10708,59.0,6.5,3.2,giao_vien,TP HCM,0,47.0
KH10709,29.0,6.1,4.5,nhan_vien,Ha Noi,0,82.0
KH10710,66.0,14.1,8.9,giao_vien,TP HCM,2,72.0
KH10711,19.0,11.8,9.0,nhan_vien,Can Tho,2,76.0
KH10712,44.0,45.3,35.3,ky_su,Hai Phong,9,67.0
KH10713,31.0,17.5,8.3,nhan_vien,Ha Noi,1,44.0
KH10714,34.0,27.2,13.3,kinh_doanh,TP HCM,7,47.0
KH10715,47.0,15.1,11.5,giao_vien,TP HCM,2,89.0
KH10716,21.0,15.3,9.6,nhan_vien,Ha Noi,0,73.0
KH10717,37.0,34.3,16.7,ky_su,Can Tho,5,58.0
KH10718,44.0,7.8,3.7,sinh_vien,Ha Noi,1,39.0
KH10719,24.0,41.9,24.3,nhan_vien,Ha Noi,6,46.0
KH10720,25.0,32.6,13.2,ky_su,Ha Noi,3,33.0
KH10721,26.0,34.8,21.6,kinh_doanh,TP HCM,5,74.0
KH10722,18.0,5.1,1.2,nhan_vien,TP HCM,1,27.0
KH10723,46.0,24.5,8.3,kinh_doanh,Can Tho,2,32.0
KH10724,19.0,36.3,16.8,ky_su,Ha Noi,7,54.0
KH10725,57.0,8.6,4.2,nhan_vien,TP HCM,3,41.0
KH10726,48.0,10.0,6.2,nhan_vien,TP HCM,1,54.0
KH10727,34.0,48.0,32.0,kinh_doanh,TP HCM,5,70.0
KH10728,32.0,23.0,8.8,ky_su,Da Nang,3,35.0
KH10729,65.0,10.8,10.6,giao_vien,Can Tho,2,81.0
KH10730,47.0,27.4,20.9,ky_su,Can Tho,4,81.0
KH10731,27.0,53.5,32.3,ky_su,Can Tho,16,62.0
KH10732,46.0,8.3,6.2,nhan_vien,Hai Phong,5,70.0
KH10733,38.0,17.3,9.7,nhan_vien,Can Tho,3,58.0
KH10734,24.0,22.7,8.7,ky_su,Ha Noi,2,42.0
KH10735,33.0,14.2,5.5,ky_su,Can Tho,3,40.0
KH10736,43.0,30.2,25.3,bac_si,Can Tho,6,87.0
KH10737,45.0,17.1,10.8,nhan_vien,Ha Noi,2,64.0
KH10738,46.0,20.0,10.5,ky_su,Da Nang,3,54.0
KH10739,42.0,17.5,7.5,ky_su,Can Tho,0,45.0
KH10740,44.0,27.8,19.7,nhan_vien,Hai Phong,7,84.0
KH10741,21.0,2.9,0.5,sinh_vien,TP HCM,0,18.0
KH10742,37.0,38.9,27.8,kinh_doanh,Ha Noi,5,80.0
KH10743,38.0,17.3,11.6,kinh_doanh,TP HCM,3,68.0
KH10744,46.0,11.2,10.2,giao_vien,TP HCM,1,87.0
KH10745,45.0,28.8,16.7,ky_su,TP HCM,5,61.0
KH10746,24.0,10.6,3.4,sinh_vien,Can Tho,1,30.0
KH10747,34.0,21.6,8.3,ky_su,TP HCM,2,43.0
KH10748,29.0,9.0,8.8,nhan_vien,Ha Noi,4,100.0
KH10749,22.0,33.2,25.0,ky_su,Da Nang,5,84.0
KH10750,28.0,63.4,32.5,kinh_doanh,Ha Noi,7,55.0
KH10751,18.0,24.8,13.9,kinh_doanh,Ha Noi,2,47.0
KH10752,35.0,22.2,10.5,giao_vien,Ha Noi,5,43.0
KH10753,29.0,5.5,4.0,nhan_vien,TP HCM,1,81.0
KH10754,33.0,9.2,8.4,ky_su,Ha Noi,2,85.0
KH10755,23.0,11.9,7.8,nhan_vien,Ha Noi,0,66.0
KH10756,35.0,17.4,10.1,nhan_vien,Can Tho,2,57.0
KH10757,30.0,21.8,18.7,kinh_doanh,Ha Noi,3,76.0
KH10758,32.0,18.4,14.0,nhan_vien,Can Tho,2,65.0
KH10759,23.0,10.8,8.8,giao_vien,Da Nang,3,70.0
KH10760,35.0,11.7,4.8,giao_vien,Hai Phong,1,48.0
KH10761,25.0,15.8,12.4,nhan_vien,Ha Noi,4,82.0
KH10762,50.0,25.0,15.8,ky_su,Da Nang,6,57.0
KH10763,27.0,10.2,8.6,giao_vien,Ha Noi,1,81.0
KH10764,25.0,10.3,5.8,giao_vien,Ha Noi,2,58.0
KH10765,34.0,5.6,0.8,sinh_vien,Can Tho,0,13.0
KH10766,59.0,18.3,7.3,ky_su,Da Nang,2,44.0
KH10767,37.0,3.8,2.7,sinh_vien,Ha Noi,0,66.0
KH10768,23.0,16.9,5.7,giao_vien,Da Nang,2,39.0
KH10769,33.0,3.2,2.8,sinh_vien,Ha Noi,4,100.0
KH10770,38.0,19.2,9.1,ky_su,Hai Phong,2,44.0
KH10771,47.0,3.9,2.0,sinh_vien,TP HCM,1,55.0
KH10772,43.0,46.2,22.4,kinh_doanh,Da Nang,5,55.0
KH10773,37.0,32.0,13.0,bac_si,Hai Phong,1,40.0
KH10774,39.0,6.3,7.1,nhan_vien,TP HCM,1,100.0
KH10775,32.0,14.9,7.6,giao_vien,TP HCM,2,53.0
KH10776,55.0,22.7,11.0,ky_su,Can Tho,4,49.0
KH10777,44.0,9.4,0.5,sinh_vien,TP HCM,0,4.0
KH10778,29.0,42.3,16.3,kinh_doanh,Ha Noi,6,37.0
KH10779,35.0,41.8,12.5,ky_su,Ha Noi,1,34.0
KH10780,20.0,23.7,17.3,nhan_vien,Ha Noi,7,76.0
KH10781,39.0,11.3,4.3,giao_vien,Ha Noi,1,36.0
KH10782,41.0,18.2,8.2,giao_vien,Ha Noi,4,38.0
KH10783,36.0,32.8,18.2,bac_si,Hai Phong,3,61.0
KH10784,58.0,21.4,14.4,giao_vien,Ha Noi,4,59.0
KH10785,27.0,19.0,13.2,bac_si,TP HCM,5,75.0
KH10786,37.0,22.2,7.1,ky_su,Hai Phong,0,38.0
KH10787,26.0,30.6,13.2,ky_su,Ha Noi,3,36.0
KH10788,30.0,20.5,8.5,ky_su,TP HCM,1,44.0
KH10789,20.0,14.0,8.3,nhan_vien,Can Tho,0,54.0
KH10790,18.0,21.1,17.7,giao_vien,Da Nang,6,76.0
KH10791,68.0,10.6,10.7,nhan_vien,TP HCM,1,100.0
KH10792,30.0,21.2,9.2,ky_su,Ha Noi,3,50.0
KH10793,35.0,35.6,26.9,kinh_doanh,Da Nang,8,79.0
KH10794,33.0,37.8,11.8,kinh_doanh,TP HCM,2,36.0
KH10795,24.0,17.0,14.4,kinh_doanh,Hai Phong,2,100.0
KH10796,66.0,10.8,5.9,nhan_vien,Ha Noi,0,55.0
KH10797,33.0,13.0,8.1,giao_vien,TP HCM,3,55.0
KH10798,58.0,6.7,2.8,sinh_vien,TP HCM,1,40.0
KH10799,40.0,13.1,8.1,ky_su,Da Nang,2,69.0
KH10800,18.0,42.9,24.8,nhan_vien,Ha Noi,3,56.0
KH10801,23.0,2.6,0.5,sinh_vien,TP HCM,0,16.0
KH10802,27.0,21.6,11.2,kinh_doanh,Ha Noi,0,55.0
KH10803,34.0,35.4,16.1,ky_su,Ha Noi,3,42.0
KH10804,26.0,11.9,8.2,giao_vien,Can Tho,2,64.0
KH10805,39.0,18.0,14.7,bac_si,Ha Noi,4,93.0
KH10806,39.0,35.1,11.0,bac_si,Can Tho,3,26.0
KH10807,27.0,17.3,9.2,bac_si,TP HCM,2,47.0
KH10808,41.0,35.1,29.7,kinh_doanh,Ha Noi,7,68.0
KH10809,48.0,11.3,8.3,kinh_doanh,Ha Noi,1,83.0
KH10810,25.0,27.4,20.0,nhan_vien,Can Tho,2,69.0
KH10811,19.0,30.9,15.1,kinh_doanh,TP HCM,4,48.0
KH10812,30.0,12.2,5.4,nhan_vien,Hai Phong,0,41.0
KH10813,18.0,28.3,18.1,giao_vien,TP HCM,3,57.0
KH10814,35.0,45.9,21.5,kinh_doanh,TP HCM,4,39.0
KH10815,33.0,15.8,12.9,nhan_vien,Ha Noi,6,66.0
KH10816,23.0,16.8,12.6,bac_si,Hai Phong,3,87.0
KH10817,29.0,16.8,4.5,giao_vien,TP HCM,0,26.0
KH10818,24.0,13.8,9.9,giao_vien,Hai Phong,5,66.0
KH10819,39.0,40.1,26.8,nhan_vien,Can Tho,7,75.0
KH10820,36.0,6.4,2.5,nhan_vien,TP HCM,0,40.0
KH10821,31.0,35.7,17.4,bac_si,Can Tho,3,45.0
KH10822,18.0,5.8,2.9,sinh_vien,TP HCM,0,56.0
KH10823,37.0,12.0,9.1,nhan_vien,Da Nang,1,74.0
KH10824,59.0,42.8,38.3,ky_su,TP HCM,11,95.0
KH10825,46.0,21.6,9.5,nhan_vien,Ha Noi,4,52.0
KH10826,25.0,11.7,3.9,ky_su,TP HCM,0,32.0
KH10827,44.0,30.7,16.1,kinh_doanh,Ha Noi,2,61.0
KH10828,47.0,8.0,4.0,ky_su,Ha Noi,1,56.0
KH10829,37.0,20.9,12.9,ky_su,TP HCM,3,64.0
KH10830,37.0,7.5,2.9,ky_su,Hai Phong,1,34.0
KH10831,44.0,16.1,9.0,kinh_doanh,Da Nang,3,60.0
KH10832,39.0,12.5,7.4,bac_si,TP HCM,0,52.0
KH10833,48.0,14.0,7.8,nhan_vien,TP HCM,2,64.0
KH10834,31.0,7.9,8.5,nhan_vien,Hai Phong,5,100.0
KH10835,39.0,13.5,5.1,nhan_vien,TP HCM,1,45.0
KH10836,37.0,7.8,1.2,nhan_vien,TP HCM,0,13.0
KH10837,40.0,12.8,10.3,nhan_vien,Ha Noi,2,77.0
KH10838,27.0,10.4,9.5,nhan_vien,Hai Phong,2,100.0
KH10839,39.0,12.7,5.9,giao_vien,Ha Noi,3,49.0
KH10840,43.0,19.7,9.2,ky_su,Hai Phong,4,42.0
KH10841,60.0,11.4,6.1,nhan_vien,Hai Phong,3,63.0
KH10842,18.0,32.8,14.2,ky_su,Can Tho,5,46.0
KH10843,26.0,43.1,28.8,bac_si,TP HCM,4,68.0
KH10844,50.0,15.3,1.3,ky_su,Hai Phong,0,7.0
KH10845,32.0,15.0,11.5,bac_si,Ha Noi,2,66.0
KH10846,30.0,13.4,7.9,giao_vien,Ha Noi,1,49.0
KH10847,46.0,32.7,13.8,ky_su,Ha Noi,5,48.0
KH10848,44.0,34.7,11.3,bac_si,TP HCM,4,27.0
KH10849,29.0,12.0,9.1,giao_vien,TP HCM,1,89.0
KH10850,47.0,14.6,4.6,kinh_doanh,TP HCM,2,32.0
KH10851,29.0,11.0,3.4,nhan_vien,Can Tho,3,32.0
KH10852,43.0,23.5,10.3,ky_su,Can Tho,4,37.0
KH10853,49.0,20.5,10.1,nhan_vien,Ha Noi,3,51.0
KH10854,53.0,9.2,5.2,nhan_vien,TP HCM,0,50.0
KH10855,47.0,15.8,10.9,ky_su,Hai Phong,4,59.0
KH10856,49.0,39.4,17.6,kinh_doanh,Ha Noi,2,43.0
KH10857,51.0,47.9,37.6,bac_si,Da Nang,9,87.0
KH10858,42.0,11.3,11.6,nhan_vien,Da Nang,2,83.0
KH10859,31.0,38.6,27.0,nhan_vien,Ha Noi,5,70.0
KH10860,32.0,27.7,14.7,kinh_doanh,Ha Noi,3,53.0
KH10861,24.0,15.1,6.6,nhan_vien,Ha Noi,0,52.0
KH10862,21.0,6.6,1.7,giao_vien,TP HCM,1,21.0
KH10863,35.0,21.2,15.5,nhan_vien,TP HCM,2,87.0
KH10864,25.0,8.5,7.3,nhan_vien,TP HCM,2,78.0
KH10865,45.0,51.0,32.3,kinh_doanh,Ha Noi,9,53.0
KH10866,31.0,30.4,23.9,kinh_doanh,TP HCM,5,66.0
KH10867,45.0,9.8,7.7,giao_vien,Ha Noi,4,79.0
KH10868,44.0,23.7,9.7,kinh_doanh,Can Tho,3,47.0
KH10869,32.0,28.7,19.4,ky_su,Ha Noi,7,75.0
KH10870,44.0,35.2,14.9,kinh_doanh,Hai Phong,3,44.0
KH10871,46.0,46.1,31.9,ky_su,Da Nang,12,79.0
KH10872,52.0,15.4,12.8,ky_su,Ha Noi,3,84.0
KH10873,34.0,6.7,1.9,giao_vien,TP HCM,0,27.0
KH10874,57.0,12.5,7.0,nhan_vien,Da Nang,2,59.0
KH10875,36.0,19.7,10.6,nhan_vien,Ha Noi,1,56.0
KH10876,18.0,16.7,10.6,nhan_vien,Ha Noi,3,62.0
KH10877,27.0,22.7,17.4,kinh_doanh,TP HCM,6,69.0
KH10878,34.0,39.8,31.2,kinh_doanh,TP HCM,12,67.0
KH10879,44.0,34.5,19.8,ky_su,Can Tho,6,46.0
KH10880,35.0,18.3,15.5,ky_su,Can Tho,3,91.0
KH10881,28.0,12.4,7.8,giao_vien,Hai Phong,3,67.0
KH10882,49.0,21.2,9.3,nhan_vien,Da Nang,2,45.0
KH10883,50.0,5.1,2.5,sinh_vien,Hai Phong,0,52.0
KH10884,21.0,5.0,3.6,sinh_vien,TP HCM,1,68.0
KH10885,41.0,37.8,18.4,ky_su,Can Tho,5,46.0
KH10886,30.0,36.5,18.8,giao_vien,Can Tho,5,56.0
KH10887,29.0,21.8,8.6,nhan_vien,Can Tho,3,32.0
KH10888,38.0,28.9,17.9,ky_su,TP HCM,8,64.0
KH10889,46.0,19.6,13.9,bac_si,TP HCM,3,64.0
KH10890,24.0,10.3,4.9,kinh_doanh,TP HCM,1,51.0
KH10891,30.0,10.5,9.1,giao_vien,Ha Noi,2,100.0
KH10892,32.0,19.0,11.8,nhan_vien,Hai Phong,3,57.0
KH10893,34.0,8.4,6.4,sinh_vien,TP HCM,1,84.0
KH10894,49.0,21.8,9.5,ky_su,Da Nang,1,48.0
KH10895,37.0,9.6,3.3,ky_su,Ha Noi,1,37.0
KH10896,57.0,18.6,9.4,giao_vien,TP HCM,1,47.0
KH10897,39.0,7.6,4.7,nhan_vien,TP HCM,0,55.0
KH10898,40.0,8.0,3.9,nhan_vien,Ha Noi,1,58.0
KH10899,39.0,5.1,6.8,sinh_vien,Can Tho,0,100.0
KH10900,26.0,40.8,24.2,bac_si,Ha Noi,6,53.0
KH10901,25.0,8.1,3.2,kinh_doanh,Da Nang,1,36.0
KH10902,31.0,16.0,6.3,giao_vien,Ha Noi,2,33.0
KH10903,33.0,10.3,7.0,nhan_vien,Hai Phong,0,68.0
KH10904,26.0,38.4,32.4,ky_su,Ha Noi,6,86.0
KH10905,48.0,10.8,6.2,nhan_vien,Ha Noi,1,57.0
KH10906,33.0,17.3,11.9,ky_su,TP HCM,4,59.0
KH10907,59.0,5.3,1.5,sinh_vien,TP HCM,0,34.0
KH10908,37.0,17.8,15.5,giao_vien,Ha Noi,5,75.0
KH10909,52.0,4.8,3.2,sinh_vien,TP HCM,0,60.0
KH10910,36.0,11.2,2.8,nhan_vien,Can Tho,2,27.0
KH10911,45.0,12.0,7.5,giao_vien,Ha Noi,3,52.0
KH10912,30.0,12.9,6.4,ky_su,Ha Noi,2,55.0
KH10913,42.0,28.3,8.2,nhan_vien,TP HCM,0,25.0
KH10914,41.0,15.0,12.6,bac_si,Hai Phong,2,68.0
KH10915,40.0,12.6,6.3,ky_su,TP HCM,1,58.0
KH10916,55.0,27.5,14.9,kinh_doanh,TP HCM,5,53.0
KH10917,33.0,20.2,14.2,kinh_doanh,Da Nang,2,58.0
KH10918,39.0,44.4,21.0,bac_si,Ha Noi,7,44.0
KH10919,48.0,12.4,10.8,kinh_doanh,Ha Noi,6,100.0
KH10920,38.0,11.0,5.1,giao_vien,Ha Noi,1,45.0
KH10921,46.0,18.3,11.1,nhan_vien,TP HCM,1,68.0
KH10922,33.0,22.2,8.4,bac_si,Can Tho,2,41.0
KH10923,54.0,24.3,16.8,bac_si,Ha Noi,5,61.0
KH10924,37.0,12.6,7.9,nhan_vien,TP HCM,1,65.0
KH10925,21.0,17.2,7.6,giao_vien,Hai Phong,2,48.0
KH10926,34.0,4.2,0.5,sinh_vien,TP HCM,0,10.0
KH10927,35.0,12.0,6.6,kinh_doanh,Ha Noi,1,44.0
KH10928,32.0,17.3,9.2,nhan_vien,TP HCM,1,58.0
KH10929,37.0,2.1,0.5,sinh_vien,Da Nang,0,27.0
KH10930,35.0,8.4,3.6,sinh_vien,TP HCM,1,51.0
KH10931,60.0,10.4,6.3,giao_vien,TP HCM,2,50.0
KH10932,47.0,13.7,8.0,giao_vien,TP HCM,1,66.0
KH10933,36.0,11.4,0.7,nhan_vien,Ha Noi,1,7.0
KH10934,22.0,4.3,0.5,sinh_vien,Can Tho,0,14.0
KH10935,34.0,33.6,15.6,ky_su,TP HCM,7,50.0
KH10936,40.0,18.5,13.9,giao_vien,Ha Noi,4,72.0
KH10937,31.0,23.9,15.3,ky_su,Ha Noi,4,64.0
KH10938,27.0,14.8,10.0,giao_vien,Hai Phong,3,64.0
KH10939,35.0,13.1,8.8,kinh_doanh,Ha Noi,2,60.0
KH10940,32.0,34.2,29.4,kinh_doanh,TP HCM,12,98.0
KH10941,42.0,15.6,12.1,giao_vien,Hai Phong,2,70.0
KH10942,30.0,37.0,22.3,kinh_doanh,Can Tho,5,60.0
KH10943,29.0,17.7,8.6,kinh_doanh,Ha Noi,1,43.0
KH10944,33.0,2.8,0.5,sinh_vien,Ha Noi,0,20.0
KH10945,35.0,32.2,15.7,kinh_doanh,Hai Phong,3,42.0
KH10946,41.0,37.5,17.6,kinh_doanh,TP HCM,3,44.0
KH10947,22.0,14.7,7.4,kinh_doanh,Da Nang,2,47.0
KH10948,19.0,10.2,6.5,nhan_vien,TP HCM,1,51.0
KH10949,50.0,10.4,3.6,giao_vien,TP HCM,0,33.0
KH10950,22.0,2.4,1.2,sinh_vien,Ha Noi,0,55.0
KH10951,26.0,14.7,7.0,ky_su,Can Tho,3,39.0
KH10952,33.0,8.6,8.1,nhan_vien,Ha Noi,0,99.0
KH10953,41.0,9.1,3.6,nhan_vien,Ha Noi,0,32.0
KH10954,33.0,26.8,16.9,kinh_doanh,Hai Phong,3,59.0
KH10955,45.0,5.0,3.0,nhan_vien,Can Tho,2,61.0
KH10956,54.0,18.4,6.4,kinh_doanh,TP HCM,2,36.0
KH10957,34.0,25.2,15.3,nhan_vien,Ha Noi,1,66.0
KH10958,19.0,8.8,5.7,giao_vien,Ha Noi,1,54.0
KH10959,30.0,21.5,19.5,giao_vien,Ha Noi,10,100.0
KH10960,38.0,5.5,6.5,sinh_vien,TP HCM,3,100.0
KH10961,53.0,15.3,11.8,kinh_doanh,Can Tho,1,75.0
KH10962,29.0,11.5,11.0,nhan_vien,Ha Noi,0,92.0
KH10963,34.0,95.1,57.2,bac_si,TP HCM,8,68.0
KH10964,48.0,24.6,9.8,nhan_vien,TP HCM,2,45.0
KH10965,31.0,22.7,14.2,kinh_doanh,TP HCM,7,71.0
KH10966,40.0,16.9,6.5,giao_vien,TP HCM,0,32.0
KH10967,32.0,33.2,14.7,kinh_doanh,Hai Phong,5,46.0
KH10968,26.0,41.3,17.4,bac_si,Ha Noi,1,41.0
KH10969,32.0,21.6,10.1,bac_si,Ha Noi,3,56.0
KH10970,21.0,15.1,7.4,ky_su,Ha Noi,4,55.0
KH10971,31.0,14.1,6.2,nhan_vien,Can Tho,1,44.0
KH10972,30.0,17.7,14.2,kinh_doanh,Ha Noi,4,66.0
KH10973,54.0,8.0,3.4,kinh_doanh,Ha Noi,2,34.0
KH10974,24.0,11.2,7.3,nhan_vien,TP HCM,2,59.0
KH10975,18.0,18.2,11.7,nhan_vien,Ha Noi,4,63.0
KH10976,18.0,52.4,34.3,bac_si,Da Nang,10,78.0
KH10977,33.0,5.4,2.4,sinh_vien,TP HCM,0,53.0
KH10978,35.0,31.8,19.8,ky_su,Ha Noi,7,66.0
KH10979,27.0,32.0,17.5,kinh_doanh,TP HCM,4,49.0
KH10980,44.0,15.5,11.3,kinh_doanh,Ha Noi,2,59.0
KH10981,22.0,22.7,10.1,bac_si,TP HCM,1,40.0
KH10982,36.0,34.7,21.0,ky_su,TP HCM,4,71.0
KH10983,49.0,11.2,4.8,kinh_doanh,Ha Noi,2,37.0
KH10984,37.0,20.4,13.2,nhan_vien,TP HCM,3,62.0
KH10985,28.0,27.6,8.9,bac_si,Ha Noi,2,31.0
KH10986,46.0,15.2,9.7,ky_su,Ha Noi,1,71.0
KH10987,37.0,6.3,4.4,nhan_vien,TP HCM,2,61.0
KH10988,33.0,8.3,1.0,nhan_vien,Can Tho,0,12.0
KH10989,22.0,11.5,10.8,giao_vien,Ha Noi,4,81.0
KH10990,61.0,14.6,11.8,ky_su,Da Nang,0,68.0
KH10991,40.0,5.9,8.7,sinh_vien,TP HCM,7,100.0
KH10992,38.0,11.4,7.6,nhan_vien,Ha Noi,1,75.0
KH10993,43.0,13.8,12.9,ky_su,Ha Noi,3,98.0
KH10994,29.0,11.2,7.2,giao_vien,TP HCM,2,64.0
KH10995,35.0,19.3,9.4,nhan_vien,Ha Noi,0,47.0
KH10996,53.0,10.5,9.3,giao_vien,Hai Phong,2,100.0
KH10997,31.0,9.0,6.0,sinh_vien,Da Nang,3,80.0
KH10998,29.0,7.0,3.1,giao_vien,Ha Noi,0,51.0
KH10999,40.0,4.8,2.6,sinh_vien,Da Nang,0,53.0
KH11000,35.0,13.6,6.8,kinh_doanh,Hai Phong,2,50.0
KH11001,30.0,3.0,3.3,sinh_vien,TP HCM,0,100.0
KH11002,50.0,16.4,13.5,kinh_doanh,Hai Phong,4,71.0
KH11003,19.0,18.7,15.2,nhan_vien,Can Tho,2,78.0
KH11004,32.0,18.7,13.7,giao_vien,TP HCM,5,86.0
KH11005,38.0,14.4,13.3,nhan_vien,TP HCM,2,78.0
KH11006,45.0,18.8,13.6,bac_si,Ha Noi,1,80.0
KH11007,41.0,27.5,18.9,ky_su,Ha Noi,6,67.0
KH11008,19.0,16.6,9.6,kinh_doanh,Da Nang,1,62.0
KH11009,31.0,15.3,9.2,bac_si,Can Tho,2,53.0
KH11010,36.0,2.8,3.7,sinh_vien,TP HCM,0,100.0
KH11011,24.0,18.6,14.2,nhan_vien,Ha Noi,3,64.0
KH11012,34.0,22.2,11.2,ky_su,Hai Phong,4,51.0
KH11013,45.0,26.8,17.0,nhan_vien,Ha Noi,8,74.0
KH11014,31.0,26.9,9.3,nhan_vien,Hai Phong,4,33.0
KH11015,18.0,31.3,11.4,kinh_doanh,Ha Noi,2,42.0
KH11016,55.0,14.0,9.3,giao_vien,Hai Phong,2,79.0
KH11017,39.0,10.7,7.6,nhan_vien,Can Tho,1,79.0
KH11018,27.0,28.4,14.0,giao_vien,Hai Phong,2,43.0
KH11019,36.0,7.0,7.8,nhan_vien,Ha Noi,1,100.0
KH11020,35.0,37.4,17.3,nhan_vien,Ha Noi,0,39.0
KH11021,47.0,17.4,12.4,nhan_vien,TP HCM,0,61.0
KH11022,54.0,28.0,16.0,giao_vien,Ha Noi,12,55.0
KH11023,45.0,12.6,7.9,kinh_doanh,Ha Noi,2,57.0
KH11024,40.0,9.0,5.5,nhan_vien,TP HCM,3,66.0
KH11025,36.0,27.0,22.4,kinh_doanh,Da Nang,2,92.0
KH11026,35.0,12.0,10.7,nhan_vien,TP HCM,4,85.0
KH11027,43.0,4.3,1.6,sinh_vien,TP HCM,0,35.0
KH11028,39.0,17.5,12.8,ky_su,Ha Noi,4,77.0
KH11029,18.0,14.4,9.9,nhan_vien,TP HCM,2,56.0
KH11030,46.0,23.1,11.8,bac_si,Ha Noi,4,41.0
KH11031,44.0,6.5,4.6,nhan_vien,Ha Noi,0,78.0
KH11032,48.0,35.2,18.6,nhan_vien,TP HCM,5,43.0
KH11033,41.0,47.8,41.0,bac_si,TP HCM,10,76.0
KH11034,33.0,26.7,20.6,ky_su,Ha Noi,8,69.0
KH11035,50.0,47.0,19.8,bac_si,Hai Phong,5,39.0
KH11036,36.0,13.0,2.8,kinh_doanh,Can Tho,1,20.0
KH11037,37.0,26.2,12.5,nhan_vien,Da Nang,5,51.0
KH11038,23.0,11.1,8.2,giao_vien,Can Tho,1,69.0
KH11039,31.0,23.9,11.3,nhan_vien,TP HCM,5,55.0
KH11040,33.0,16.7,11.2,nhan_vien,Ha Noi,4,68.0
KH11041,23.0,28.0,18.4,nhan_vien,Hai Phong,1,79.0
KH11042,31.0,7.0,2.0,giao_vien,Ha Noi,0,23.0
KH11043,18.0,14.0,8.7,kinh_doanh,Da Nang,2,57.0
KH11044,36.0,21.0,18.3,nhan_vien,Ha Noi,5,100.0
KH11045,59.0,21.6,11.1,nhan_vien,TP HCM,7,51.0
KH11046,31.0,17.0,4.5,giao_vien,TP HCM,0,23.0
KH11047,46.0,15.2,6.8,nhan_vien,Ha Noi,2,39.0
KH11048,30.0,25.3,20.8,nhan_vien,Ha Noi,6,95.0
KH11049,42.0,8.5,3.4,giao_vien,TP HCM,1,47.0
KH11050,43.0,27.6,20.5,kinh_doanh,TP HCM,5,82.0
KH11051,48.0,31.0,20.2,nhan_vien,TP HCM,3,68.0
KH11052,30.0,17.8,15.4,nhan_vien,TP HCM,3,99.0
KH11053,32.0,12.8,6.2,nhan_vien,TP HCM,0,44.0
KH11054,22.0,20.6,13.8,nhan_vien,Hai Phong,4,59.0
KH11055,31.0,28.9,9.0,ky_su,Hai Phong,2,34.0
KH11056,23.0,50.0,24.5,kinh_doanh,TP HCM,8,57.0
KH11057,48.0,3.8,0.5,sinh_vien,TP HCM,1,15.0
KH11058,40.0,9.4,9.8,kinh_doanh,Ha Noi,4,100.0
KH11059,18.0,20.4,11.2,ky_su,Da Nang,2,56.0
KH11060,18.0,18.0,9.8,ky_su,Ha Noi,5,55.0
KH11061,34.0,12.8,4.1,nhan_vien,TP HCM,0,31.0
KH11062,22.0,9.6,6.9,nhan_vien,Can Tho,0,65.0
KH11063,50.0,25.8,10.7,ky_su,Ha Noi,1,35.0
KH11064,25.0,4.3,1.9,sinh_vien,Ha Noi,1,38.0
KH11065,20.0,18.9,10.6,giao_vien,Hai Phong,1,63.0
KH11066,53.0,3.4,2.7,sinh_vien,Da Nang,1,95.0
KH11067,43.0,31.6,20.8,ky_su,TP HCM,2,55.0
KH11068,33.0,12.9,9.7,ky_su,Can Tho,3,67.0
KH11069,47.0,20.3,6.5,kinh_doanh,Hai Phong,5,33.0
KH11070,26.0,22.5,15.1,bac_si,Da Nang,5,73.0
KH11071,18.0,24.9,9.0,bac_si,TP HCM,5,34.0
KH11072,45.0,66.5,34.7,bac_si,Hai Phong,1,46.0
KH11073,42.0,14.4,6.7,giao_vien,TP HCM,3,38.0
KH11074,34.0,23.3,9.0,kinh_doanh,Da Nang,1,31.0
KH11075,21.0,9.7,2.2,nhan_vien,TP HCM,0,26.0
KH11076,56.0,22.3,13.2,kinh_doanh,Ha Noi,4,50.0
KH11077,61.0,6.7,3.9,nhan_vien,Da Nang,0,61.0
KH11078,56.0,14.2,5.2,ky_su,Ha Noi,0,35.0
KH11079,54.0,10.7,4.4,nhan_vien,TP HCM,2,37.0
KH11080,44.0,20.6,13.0,kinh_doanh,Hai Phong,3,72.0
KH11081,22.0,16.6,12.9,kinh_doanh,TP HCM,4,71.0
KH11082,48.0,33.4,21.3,ky_su,Ha Noi,3,61.0
KH11083,39.0,12.1,6.1,giao_vien,Hai Phong,1,53.0
KH11084,58.0,26.5,18.7,bac_si,TP HCM,3,83.0
KH11085,31.0,8.4,4.5,giao_vien,Can Tho,1,46.0
KH11086,27.0,5.2,2.3,giao_vien,TP HCM,2,40.0
KH11087,33.0,22.7,9.5,nhan_vien,TP HCM,0,44.0
KH11088,27.0,15.1,8.0,ky_su,Can Tho,1,45.0
KH11089,53.0,12.7,10.4,giao_vien,TP HCM,3,71.0
KH11090,22.0,16.3,10.1,nhan_vien,Ha Noi,1,72.0
KH11091,35.0,12.5,9.9,nhan_vien,Hai Phong,2,86.0
KH11092,28.0,23.0,16.9,ky_su,TP HCM,5,59.0
KH11093,24.0,23.6,13.4,nhan_vien,Da Nang,3,54.0
KH11094,21.0,29.1,12.0,nhan_vien,TP HCM,1,36.0
KH11095,38.0,18.0,7.7,nhan_vien,Can Tho,1,48.0
KH11096,27.0,19.6,13.7,nhan_vien,Hai Phong,2,64.0
KH11097,44.0,31.6,10.4,ky_su,TP HCM,5,29.0
KH11098,24.0,23.2,10.5,ky_su,Da Nang,6,52.0
KH11099,18.0,38.9,17.2,ky_su,TP HCM,4,45.0
KH11100,42.0,11.7,9.5,giao_vien,TP HCM,5,83.0
KH11101,45.0,15.8,11.9,ky_su,Da Nang,10,83.0
KH11102,36.0,16.0,6.7,giao_vien,TP HCM,3,50.0
KH11103,37.0,7.9,5.2,nhan_vien,Ha Noi,3,57.0
KH11104,38.0,11.4,8.7,bac_si,Hai Phong,4,85.0
KH11105,35.0,18.9,17.4,kinh_doanh,TP HCM,5,100.0
KH11106,32.0,13.3,8.8,kinh_doanh,Ha Noi,1,69.0
KH11107,55.0,58.4,35.5,bac_si,Ha Noi,9,68.0
KH11108,36.0,6.1,2.0,nhan_vien,Ha Noi,1,35.0
KH11109,52.0,23.1,18.7,ky_su,TP HCM,7,78.0
KH11110,24.0,30.0,15.4,bac_si,Hai Phong,4,51.0
KH11111,40.0,9.0,3.2,giao_vien,TP HCM,1,40.0
KH11112,24.0,17.7,12.6,kinh_doanh,Hai Phong,8,84.0
KH11113,24.0,27.4,21.0,giao_vien,Ha Noi,3,86.0
KH11114,26.0,29.9,18.7,kinh_doanh,Ha Noi,3,74.0
KH11115,44.0,12.7,4.8,ky_su,Ha Noi,2,34.0
KH11116,23.0,15.1,6.1,ky_su,TP HCM,1,48.0
KH11117,29.0,13.9,10.5,giao_vien,TP HCM,3,66.0
KH11118,43.0,7.2,1.8,sinh_vien,Ha Noi,1,22.0
KH11119,39.0,44.0,23.5,bac_si,Ha Noi,10,62.0
KH11120,60.0,8.7,7.0,giao_vien,Ha Noi,4,70.0
KH11121,57.0,5.3,3.6,giao_vien,Da Nang,0,55.0
KH11122,37.0,20.6,10.3,ky_su,Ha Noi,4,45.0
KH11123,33.0,11.6,8.8,sinh_vien,TP HCM,2,84.0
KH11124,30.0,13.7,5.8,nhan_vien,Da Nang,0,39.0
KH11125,36.0,13.2,10.3,nhan_vien,Da Nang,2,70.0
KH11126,43.0,9.1,3.9,giao_vien,TP HCM,1,48.0
KH11127,27.0,16.6,11.0,ky_su,Da Nang,2,76.0
KH11128,28.0,14.4,11.7,nhan_vien,Hai Phong,4,97.0
KH11129,47.0,25.9,12.1,ky_su,TP HCM,3,45.0
KH11130,27.0,66.7,28.0,kinh_doanh,Ha Noi,5,49.0
KH11131,32.0,16.8,5.4,nhan_vien,Ha Noi,2,36.0
KH11132,44.0,11.8,6.9,nhan_vien,Hai Phong,0,52.0
KH11133,46.0,7.8,3.1,nhan_vien,Da Nang,2,39.0
KH11134,30.0,28.2,15.4,nhan_vien,Can Tho,2,65.0
KH11135,23.0,50.0,23.4,giao_vien,Hai Phong,6,52.0
KH11136,48.0,8.3,6.0,nhan_vien,TP HCM,1,67.0
KH11137,34.0,39.1,24.2,kinh_doanh,Hai Phong,6,62.0
KH11138,43.0,28.6,17.8,bac_si,Ha Noi,3,69.0
KH11139,49.0,26.6,16.0,kinh_doanh,Hai Phong,2,69.0
KH11140,43.0,5.5,0.5,giao_vien,Ha Noi,1,10.0
KH11141,29.0,31.5,13.6,kinh_doanh,TP HCM,1,51.0
KH11142,31.0,21.3,10.3,giao_vien,TP HCM,2,48.0
KH11143,34.0,6.5,7.2,giao_vien,Can Tho,1,100.0
KH11144,18.0,10.6,5.9,ky_su,Can Tho,3,59.0
KH11145,43.0,13.6,3.6,kinh_doanh,Ha Noi,1,30.0
KH11146,41.0,33.6,18.4,nhan_vien,Da Nang,4,60.0
KH11147,38.0,18.9,10.4,nhan_vien,Hai Phong,2,63.0
KH11148,54.0,24.3,19.8,nhan_vien,Da Nang,7,85.0
KH11149,46.0,23.0,18.9,ky_su,Da Nang,4,74.0
KH11150,39.0,22.7,14.3,nhan_vien,TP HCM,4,65.0
KH11151,45.0,22.4,13.4,ky_su,TP HCM,4,56.0
KH11152,25.0,17.3,10.0,nhan_vien,Hai Phong,0,54.0
KH11153,22.0,43.9,26.6,ky_su,Ha Noi,6,52.0
KH11154,28.0,19.7,12.9,giao_vien,Ha Noi,4,58.0
KH11155,44.0,7.5,7.0,giao_vien,Can Tho,2,91.0
KH11156,38.0,7.8,6.4,giao_vien,TP HCM,0,74.0
KH11157,29.0,34.0,24.3,nhan_vien,Hai Phong,12,70.0
KH11158,34.0,51.4,31.2,bac_si,TP HCM,13,59.0
KH11159,40.0,34.1,26.3,ky_su,TP HCM,6,85.0
KH11160,38.0,15.2,10.8,kinh_doanh,Da Nang,2,80.0
KH11161,18.0,14.6,5.0,ky_su,Ha Noi,1,28.0
KH11162,47.0,4.3,0.5,sinh_vien,Ha Noi,0,10.0
KH11163,23.0,10.2,2.7,nhan_vien,Can Tho,0,31.0
KH11164,38.0,14.9,12.1,nhan_vien,Da Nang,2,91.0
KH11165,18.0,20.2,12.8,nhan_vien,Ha Noi,3,66.0
KH11166,31.0,15.8,8.0,giao_vien,Ha Noi,1,47.0
KH11167,18.0,18.8,6.9,giao_vien,Ha Noi,1,32.0
KH11168,22.0,27.6,19.0,kinh_doanh,Ha Noi,3,63.0
KH11169,32.0,24.3,18.0,bac_si,TP HCM,2,85.0
KH11170,43.0,9.7,5.3,kinh_doanh,Ha Noi,0,60.0
KH11171,41.0,16.1,10.5,ky_su,Can Tho,2,62.0
KH11172,39.0,10.2,6.5,nhan_vien,TP HCM,2,62.0
KH11173,45.0,28.5,16.4,ky_su,TP HCM,1,61.0
KH11174,38.0,23.6,11.4,bac_si,Hai Phong,0,52.0
KH11175,26.0,20.9,11.1,kinh_doanh,TP HCM,0,62.0
KH11176,36.0,14.7,9.0,ky_su,Can Tho,2,67.0
KH11177,41.0,35.2,22.6,kinh_doanh,TP HCM,5,66.0
KH11178,21.0,34.2,25.3,ky_su,TP HCM,5,62.0
KH11179,39.0,4.4,3.7,nhan_vien,TP HCM,0,96.0
KH11180,48.0,13.6,5.7,bac_si,Da Nang,2,41.0
KH11181,46.0,18.4,8.6,nhan_vien,Can Tho,4,51.0
KH11182,60.0,16.7,11.5,giao_vien,TP HCM,3,61.0
KH11183,21.0,12.0,7.1,kinh_doanh,TP HCM,0,63.0
KH11184,47.0,43.7,32.0,ky_su,TP HCM,9,69.0
KH11185,41.0,8.2,6.0,nhan_vien,Ha Noi,2,82.0
KH11186,27.0,24.7,16.5,ky_su,Ha Noi,5,61.0
KH11187,49.0,24.7,7.1,giao_vien,Hai Phong,4,27.0
KH11188,30.0,35.6,24.5,ky_su,Ha Noi,3,81.0
KH11189,33.0,32.7,15.3,ky_su,TP HCM,6,42.0
KH11190,40.0,16.1,10.6,ky_su,TP HCM,3,53.0
KH11191,36.0,23.0,18.0,nhan_vien,Ha Noi,5,73.0
KH11192,44.0,11.7,8.7,nhan_vien,Ha Noi,3,78.0
KH11193,33.0,22.5,11.0,nhan_vien,Ha Noi,4,43.0
KH11194,28.0,8.7,7.5,giao_vien,Hai Phong,3,70.0
KH11195,18.0,25.0,10.2,ky_su,TP HCM,4,43.0
KH11196,38.0,40.6,15.2,ky_su,Da Nang,5,33.0
KH11197,33.0,4.0,0.5,sinh_vien,Da Nang,0,14.0
KH11198,49.0,18.8,9.9,kinh_doanh,TP HCM,0,49.0
KH11199,57.0,45.4,19.2,ky_su,TP HCM,5,41.0
KH11200,37.0,20.0,11.6,giao_vien,TP HCM,3,56.0
KH11201,42.0,12.5,6.5,nhan_vien,Ha Noi,3,54.0
KH11202,20.0,13.4,11.6,giao_vien,Hai Phong,3,93.0
KH11203,18.0,13.0,5.4,giao_vien,TP HCM,0,48.0
KH11204,42.0,13.4,5.0,nhan_vien,Da Nang,1,30.0
KH11205,43.0,14.0,11.7,kinh_doanh,Da Nang,5,68.0
KH11206,28.0,26.2,20.3,bac_si,TP HCM,5,74.0
KH11207,18.0,13.1,9.0,nhan_vien,Da Nang,3,76.0
KH11208,43.0,30.8,13.7,ky_su,TP HCM,4,47.0
KH11209,31.0,7.9,5.8,ky_su,TP HCM,1,63.0
KH11210,41.0,12.6,6.9,giao_vien,TP HCM,0,51.0
KH11211,23.0,20.6,9.2,bac_si,Ha Noi,1,46.0
KH11212,45.0,17.1,6.7,nhan_vien,Da Nang,3,37.0
KH11213,19.0,8.5,5.1,nhan_vien,Ha Noi,0,65.0
KH11214,32.0,18.5,14.8,ky_su,Ha Noi,5,95.0
KH11215,41.0,15.5,13.0,ky_su,Ha Noi,3,77.0
KH11216,51.0,26.1,19.9,ky_su,Da Nang,6,84.0
KH11217,30.0,13.9,8.0,nhan_vien,Ha Noi,3,50.0
KH11218,44.0,19.1,17.7,nhan_vien,Ha Noi,3,83.0
KH11219,27.0,23.2,21.0,ky_su,Ha Noi,5,88.0
KH11220,51.0,7.3,3.9,kinh_doanh,Da Nang,1,53.0
KH11221,64.0,20.7,7.3,bac_si,Can Tho,1,40.0
KH11222,44.0,17.9,8.2,kinh_doanh,Ha Noi,1,50.0
KH11223,35.0,30.4,25.3,kinh_doanh,TP HCM,11,72.0
KH11224,52.0,6.7,4.2,sinh_vien,Da Nang,0,52.0
KH11225,42.0,26.3,12.1,giao_vien,TP HCM,4,38.0
KH11226,63.0,18.0,8.9,nhan_vien,TP HCM,0,53.0
KH11227,40.0,15.6,13.1,ky_su,Ha Noi,1,100.0
KH11228,49.0,8.8,0.9,nhan_vien,TP HCM,0,11.0
KH11229,26.0,8.3,0.8,nhan_vien,TP HCM,0,9.0
KH11230,44.0,21.0,13.3,nhan_vien,Ha Noi,7,53.0
KH11231,43.0,13.1,5.1,nhan_vien,Can Tho,0,33.0
KH11232,39.0,10.3,4.6,nhan_vien,Hai Phong,1,50.0
KH11233,24.0,19.9,16.1,kinh_doanh,Da Nang,5,90.0
KH11234,41.0,12.7,9.3,nhan_vien,Da Nang,3,76.0
KH11235,24.0,14.9,10.7,nhan_vien,Hai Phong,3,72.0
KH11236,32.0,5.9,1.2,sinh_vien,Da Nang,0,18.0
KH11237,33.0,25.8,20.0,ky_su,Can Tho,7,71.0
KH11238,35.0,15.1,8.6,sinh_vien,TP HCM,3,65.0
KH11239,46.0,59.5,35.1,kinh_doanh,Can Tho,10,53.0
KH11240,34.0,38.4,31.0,ky_su,Da Nang,5,94.0
KH11241,39.0,37.3,27.5,kinh_doanh,Da Nang,8,66.0
KH11242,34.0,37.5,33.0,kinh_doanh,Da Nang,3,78.0
KH11243,32.0,21.8,12.8,nhan_vien,Ha Noi,4,54.0
KH11244,45.0,21.1,15.7,ky_su,TP HCM,6,70.0
KH11245,27.0,4.9,4.5,sinh_vien,Da Nang,2,100.0
KH11246,25.0,46.6,27.7,bac_si,Da Nang,4,55.0
KH11247,31.0,18.8,8.3,kinh_doanh,TP HCM,2,38.0
KH11248,44.0,24.2,16.6,nhan_vien,Can Tho,3,72.0
KH11249,18.0,8.9,5.9,nhan_vien,Ha Noi,1,63.0
KH11250,33.0,11.8,3.6,giao_vien,Can Tho,2,28.0
KH11251,44.0,13.9,6.8,kinh_doanh,Can Tho,0,54.0
KH11252,47.0,30.0,22.3,nhan_vien,Da Nang,5,86.0
KH11253,34.0,18.0,11.7,giao_vien,TP HCM,3,71.0
KH11254,23.0,7.8,6.2,sinh_vien,Ha Noi,0,94.0
KH11255,53.0,16.5,5.5,nhan_vien,Da Nang,1,37.0
KH11256,34.0,11.2,8.6,giao_vien,Can Tho,7,62.0
KH11257,37.0,13.8,6.7,nhan_vien,Hai Phong,1,56.0
KH11258,26.0,16.2,10.1,kinh_doanh,Hai Phong,3,62.0
KH11259,22.0,17.4,5.2,nhan_vien,Ha Noi,0,34.0
KH11260,28.0,34.7,26.8,kinh_doanh,Da Nang,9,68.0
KH11261,31.0,13.4,4.3,ky_su,Ha Noi,0,30.0
KH11262,37.0,4.2,1.9,sinh_vien,TP HCM,1,50.0
KH11263,40.0,17.1,5.5,kinh_doanh,TP HCM,4,33.0
KH11264,33.0,5.6,2.1,nhan_vien,Ha Noi,0,31.0
KH11265,43.0,13.5,4.2,ky_su,Ha Noi,1,26.0
KH11266,39.0,17.2,11.0,ky_su,TP HCM,2,64.0
KH11267,32.0,14.2,9.3,kinh_doanh,TP HCM,2,77.0
KH11268,45.0,18.3,12.9,giao_vien,Da Nang,1,78.0
KH11269,42.0,15.3,7.8,ky_su,Ha Noi,4,50.0
KH11270,42.0,38.7,32.3,bac_si,TP HCM,10,83.0
KH11271,33.0,10.6,6.5,nhan_vien,TP HCM,2,66.0
KH11272,39.0,17.8,12.0,bac_si,TP HCM,3,59.0
KH11273,40.0,21.1,20.2,ky_su,Da Nang,0,82.0
KH11274,32.0,13.6,6.0,nhan_vien,Ha Noi,2,47.0
KH11275,45.0,9.5,4.9,giao_vien,Ha Noi,2,45.0
KH11276,45.0,78.0,47.8,kinh_doanh,Ha Noi,11,56.0
KH11277,28.0,27.3,14.1,bac_si,Ha Noi,1,51.0
KH11278,27.0,32.3,26.0,kinh_doanh,Can Tho,3,79.0
KH11279,29.0,17.1,8.0,nhan_vien,TP HCM,1,49.0
KH11280,49.0,24.2,9.9,giao_vien,Hai Phong,0,44.0
KH11281,33.0,46.6,22.5,ky_su,Da Nang,3,44.0
KH11282,40.0,14.8,11.2,giao_vien,Can Tho,2,76.0
KH11283,30.0,12.8,10.8,nhan_vien,Hai Phong,0,97.0
KH11284,37.0,39.7,32.8,bac_si,Ha Noi,10,93.0
KH11285,24.0,26.5,16.6,nhan_vien,Ha Noi,8,53.0
KH11286,32.0,22.4,14.6,ky_su,Da Nang,4,58.0
KH11287,30.0,12.0,5.4,kinh_doanh,TP HCM,3,42.0
KH11288,38.0,11.0,4.8,nhan_vien,TP HCM,0,41.0
KH11289,26.0,12.3,6.3,kinh_doanh,Ha Noi,0,45.0
KH11290,33.0,22.6,7.5,ky_su,Ha Noi,0,28.0
KH11291,57.0,31.2,20.4,kinh_doanh,Ha Noi,3,55.0
KH11292,37.0,23.9,17.1,nhan_vien,Ha Noi,3,78.0
KH11293,34.0,14.1,4.5,giao_vien,Hai Phong,4,33.0
KH11294,36.0,9.0,6.2,kinh_doanh,TP HCM,2,71.0
KH11295,43.0,25.6,12.2,bac_si,Da Nang,3,43.0
KH11296,29.0,31.7,16.1,ky_su,TP HCM,3,43.0
KH11297,39.0,5.2,3.1,giao_vien,TP HCM,2,57.0
KH11298,22.0,8.3,2.5,nhan_vien,Da Nang,1,31.0
KH11299,47.0,15.6,10.3,nhan_vien,TP HCM,4,66.0
KH11300,30.0,21.7,19.5,giao_vien,TP HCM,3,81.0
KH11301,43.0,32.4,24.7,kinh_doanh,TP HCM,5,87.0
KH11302,19.0,17.6,7.7,kinh_doanh,Ha Noi,1,47.0
KH11303,44.0,4.8,4.3,giao_vien,TP HCM,0,85.0
KH11304,38.0,8.8,5.9,nhan_vien,TP HCM,1,55.0
KH11305,27.0,7.4,3.1,nhan_vien,TP HCM,0,44.0
KH11306,27.0,20.1,18.6,ky_su,Ha Noi,7,88.0
KH11307,27.0,13.9,5.6,nhan_vien,Can Tho,3,47.0
KH11308,24.0,14.1,11.7,nhan_vien,Da Nang,5,76.0
KH11309,44.0,33.7,12.2,ky_su,Can Tho,2,36.0
KH11310,35.0,14.6,5.8,kinh_doanh,Da Nang,2,38.0
KH11311,61.0,3.2,1.7,sinh_vien,Can Tho,0,55.0
KH11312,23.0,13.4,7.0,kinh_doanh,TP HCM,0,58.0
KH11313,30.0,26.3,16.1,giao_vien,Ha Noi,5,72.0
KH11314,25.0,6.3,4.4,sinh_vien,Ha Noi,4,72.0
KH11315,34.0,16.3,6.1,nhan_vien,Da Nang,0,36.0
KH11316,40.0,40.6,17.6,kinh_doanh,Can Tho,4,50.0
KH11317,27.0,8.5,5.8,nhan_vien,Ha Noi,1,80.0
KH11318,28.0,8.5,6.6,sinh_vien,Da Nang,1,93.0
KH11319,55.0,12.1,5.7,nhan_vien,Can Tho,2,43.0
KH11320,33.0,23.5,16.4,giao_vien,Da Nang,4,80.0
KH11321,37.0,14.6,10.3,nhan_vien,Da Nang,5,59.0
KH11322,40.0,14.4,6.4,nhan_vien,Ha Noi,3,42.0
KH11323,46.0,45.9,25.8,kinh_doanh,Ha Noi,6,58.0
KH11324,36.0,13.7,8.5,nhan_vien,TP HCM,5,74.0
KH11325,36.0,14.0,5.6,ky_su,Ha Noi,1,47.0
KH11326,36.0,10.1,8.5,giao_vien,Da Nang,4,100.0
KH11327,34.0,20.7,16.1,kinh_doanh,TP HCM,0,67.0
KH11328,30.0,40.6,16.2,ky_su,TP HCM,3,40.0
KH11329,48.0,12.2,6.9,ky_su,TP HCM,1,62.0
KH11330,41.0,21.5,8.5,nhan_vien,TP HCM,2,45.0
KH11331,33.0,8.1,5.5,nhan_vien,Hai Phong,2,71.0
KH11332,44.0,24.6,8.9,ky_su,Ha Noi,3,32.0
KH11333,23.0,4.1,0.9,sinh_vien,TP HCM,0,24.0
KH11334,34.0,27.0,18.6,kinh_doanh,Ha Noi,7,66.0
KH11335,27.0,8.3,4.7,sinh_vien,TP HCM,2,57.0
KH11336,56.0,12.1,8.1,giao_vien,TP HCM,1,66.0
KH11337,35.0,10.5,6.7,nhan_vien,TP HCM,2,71.0
KH11338,34.0,24.4,19.6,kinh_doanh,Ha Noi,5,69.0
KH11339,18.0,26.5,21.0,nhan_vien,Ha Noi,4,68.0
KH11340,39.0,33.0,25.5,ky_su,Ha Noi,10,92.0
KH11341,61.0,20.3,17.3,kinh_doanh,Ha Noi,7,74.0
KH11342,34.0,26.7,21.3,ky_su,Da Nang,9,91.0
KH11343,29.0,24.8,11.2,kinh_doanh,Ha Noi,4,49.0
KH11344,37.0,4.6,1.8,giao_vien,Hai Phong,0,35.0
KH11345,51.0,44.3,15.2,ky_su,TP HCM,3,32.0
KH11346,46.0,31.9,11.7,nhan_vien,Ha Noi,2,36.0
KH11347,41.0,8.4,4.9,nhan_vien,TP HCM,3,66.0
KH11348,60.0,7.8,2.1,nhan_vien,Ha Noi,1,27.0
KH11349,50.0,48.3,19.6,kinh_doanh,Da Nang,4,43.0
KH11350,39.0,14.1,6.5,giao_vien,Da Nang,1,38.0
KH11351,29.0,8.8,5.2,giao_vien,Da Nang,1,59.0
KH11352,52.0,9.0,2.5,giao_vien,Hai Phong,1,23.0
KH11353,18.0,53.4,17.3,ky_su,Can Tho,5,38.0
KH11354,43.0,22.8,11.6,giao_vien,Can Tho,4,51.0
KH11355,31.0,12.9,5.4,nhan_vien,Ha Noi,3,48.0
KH11356,38.0,7.4,6.4,sinh_vien,TP HCM,1,99.0
KH11357,40.0,5.5,1.4,sinh_vien,TP HCM,0,29.0
KH11358,31.0,10.6,8.8,ky_su,TP HCM,3,91.0
KH11359,34.0,21.4,16.4,kinh_doanh,Hai Phong,1,79.0
KH11360,29.0,36.6,21.5,giao_vien,Ha Noi,9,59.0
KH11361,27.0,34.0,21.1,bac_si,Ha Noi,10,74.0
KH11362,49.0,29.1,10.8,giao_vien,Ha Noi,2,32.0
KH11363,18.0,8.4,5.0,ky_su,Ha Noi,2,70.0
KH11364,28.0,19.8,18.9,ky_su,Ha Noi,12,83.0
KH11365,21.0,22.9,8.9,nhan_vien,Ha Noi,3,45.0
KH11366,51.0,5.7,4.2,sinh_vien,Da Nang,0,69.0
KH11367,32.0,20.8,14.4,nhan_vien,Ha Noi,5,76.0
KH11368,25.0,15.6,7.6,nhan_vien,TP HCM,2,46.0
KH11369,36.0,16.5,6.7,nhan_vien,TP HCM,0,44.0
KH11370,25.0,10.3,3.7,giao_vien,Da Nang,0,32.0
KH11371,29.0,14.1,7.0,bac_si,Da Nang,2,53.0
KH11372,42.0,13.2,2.2,kinh_doanh,TP HCM,0,18.0
KH11373,19.0,4.9,1.1,sinh_vien,Da Nang,0,24.0
KH11374,32.0,8.9,4.6,nhan_vien,Hai Phong,0,55.0
KH11375,56.0,12.6,6.3,ky_su,Can Tho,1,54.0
KH11376,24.0,21.8,5.4,nhan_vien,TP HCM,4,22.0
KH11377,35.0,20.4,17.1,nhan_vien,Can Tho,3,72.0
KH11378,48.0,19.8,18.9,bac_si,TP HCM,3,93.0
KH11379,41.0,57.4,44.9,bac_si,TP HCM,10,76.0
KH11380,46.0,9.2,2.7,nhan_vien,Ha Noi,0,29.0
KH11381,37.0,11.3,5.0,nhan_vien,TP HCM,2,38.0
KH11382,52.0,18.1,10.8,bac_si,Da Nang,5,63.0
KH11383,41.0,8.8,4.0,nhan_vien,Ha Noi,3,45.0
KH11384,44.0,36.6,24.0,ky_su,Ha Noi,4,76.0
KH11385,28.0,12.1,5.9,nhan_vien,Hai Phong,2,56.0
KH11386,34.0,13.2,5.3,nhan_vien,Can Tho,3,44.0
KH11387,60.0,5.5,4.9,sinh_vien,TP HCM,1,100.0
KH11388,40.0,5.0,1.9,sinh_vien,Ha Noi,0,32.0
KH11389,35.0,23.7,16.3,nhan_vien,TP HCM,2,66.0
KH11390,44.0,31.4,20.7,bac_si,TP HCM,5,57.0
KH11391,48.0,14.9,11.2,nhan_vien,Da Nang,1,76.0
KH11392,38.0,7.4,3.2,nhan_vien,Ha Noi,0,51.0
KH11393,31.0,56.0,37.7,ky_su,Ha Noi,4,54.0
KH11394,49.0,26.4,15.4,kinh_doanh,Da Nang,5,56.0
KH11395,35.0,32.8,25.6,kinh_doanh,Ha Noi,10,91.0
KH11396,40.0,16.0,9.9,nhan_vien,TP HCM,4,63.0
KH11397,30.0,21.5,6.4,nhan_vien,TP HCM,1,26.0
KH11398,49.0,4.2,1.8,sinh_vien,Ha Noi,2,43.0
KH11399,33.0,23.4,7.3,ky_su,TP HCM,2,37.0
KH11400,29.0,4.2,1.0,sinh_vien,Ha Noi,0,20.0
KH11401,33.0,14.4,4.5,nhan_vien,Hai Phong,0,35.0
KH11402,45.0,9.6,7.1,giao_vien,Ha Noi,1,74.0
KH11403,22.0,27.4,11.0,nhan_vien,Ha Noi,2,34.0
KH11404,29.0,31.6,24.4,ky_su,TP HCM,8,67.0
KH11405,30.0,5.2,0.5,nhan_vien,Ha Noi,0,9.0
KH11406,27.0,19.0,13.9,ky_su,TP HCM,2,70.0
KH11407,39.0,16.7,13.7,giao_vien,Hai Phong,2,80.0
KH11408,53.0,7.7,7.1,nhan_vien,TP HCM,1,80.0
KH11409,40.0,15.6,8.7,nhan_vien,TP HCM,1,50.0
KH11410,35.0,13.1,9.3,giao_vien,TP HCM,4,74.0
KH11411,21.0,28.6,24.3,nhan_vien,Da Nang,11,72.0
KH11412,37.0,15.3,4.1,nhan_vien,Ha Noi,0,27.0
KH11413,22.0,13.4,11.5,nhan_vien,Ha Noi,1,98.0
KH11414,35.0,14.4,8.9,nhan_vien,Ha Noi,2,57.0
KH11415,53.0,25.6,11.1,giao_vien,TP HCM,2,45.0
KH11416,28.0,42.2,16.0,ky_su,Hai Phong,5,38.0
KH11417,22.0,19.5,10.9,nhan_vien,Can Tho,1,57.0
KH11418,41.0,26.2,21.3,kinh_doanh,TP HCM,10,75.0
KH11419,36.0,21.7,11.8,kinh_doanh,TP HCM,3,54.0
KH11420,43.0,33.7,27.7,ky_su,Can Tho,4,71.0
KH11421,45.0,32.3,22.7,bac_si,Hai Phong,10,65.0
KH11422,35.0,20.0,9.0,giao_vien,TP HCM,1,53.0
KH11423,31.0,15.2,10.6,nhan_vien,Da Nang,4,62.0
KH11424,36.0,40.5,20.4,ky_su,Ha Noi,4,59.0
KH11425,26.0,28.0,10.1,nhan_vien,Ha Noi,0,32.0
KH11426,36.0,24.4,9.4,kinh_doanh,TP HCM,2,40.0
KH11427,38.0,17.0,13.0,ky_su,Ha Noi,7,81.0
KH11428,45.0,6.0,5.2,sinh_vien,TP HCM,1,93.0
KH11429,45.0,2.8,0.5,sinh_vien,TP HCM,1,20.0
KH11430,43.0,11.1,8.0,giao_vien,Ha Noi,2,71.0
KH11431,20.0,12.2,10.4,nhan_vien,Da Nang,0,77.0
KH11432,22.0,25.5,11.3,kinh_doanh,Hai Phong,0,36.0
KH11433,44.0,7.8,6.9,nhan_vien,TP HCM,3,79.0
KH11434,30.0,13.6,7.3,nhan_vien,Ha Noi,3,55.0
KH11435,31.0,13.7,8.6,nhan_vien,Da Nang,1,74.0
KH11436,40.0,31.4,25.8,bac_si,Da Nang,11,86.0
KH11437,47.0,22.2,11.0,giao_vien,Ha Noi,2,41.0
KH11438,24.0,16.7,9.3,giao_vien,Ha Noi,2,51.0
KH11439,58.0,15.7,5.2,giao_vien,Can Tho,1,40.0
KH11440,50.0,34.6,11.7,ky_su,TP HCM,3,28.0
KH11441,27.0,30.7,15.5,bac_si,TP HCM,8,48.0
KH11442,34.0,22.5,9.3,nhan_vien,TP HCM,2,46.0
KH11443,30.0,11.2,6.2,giao_vien,Ha Noi,3,63.0
KH11444,29.0,13.4,12.1,giao_vien,Ha Noi,4,100.0
KH11445,26.0,10.9,4.2,giao_vien,Ha Noi,1,38.0
KH11446,22.0,10.2,3.1,giao_vien,Da Nang,0,32.0
KH11447,18.0,14.4,9.3,ky_su,TP HCM,3,62.0
KH11448,52.0,21.6,16.2,kinh_doanh,TP HCM,2,66.0
KH11449,32.0,13.6,7.9,ky_su,Ha Noi,2,55.0
KH11450,41.0,14.7,8.7,nhan_vien,Ha Noi,2,65.0
KH11451,59.0,12.4,7.3,nhan_vien,Hai Phong,0,47.0
KH11452,35.0,14.0,5.9,giao_vien,Ha Noi,1,48.0
KH11453,43.0,27.2,12.4,ky_su,TP HCM,4,53.0
KH11454,35.0,14.7,4.6,giao_vien,Ha Noi,2,30.0
KH11455,37.0,3.0,0.5,sinh_vien,Hai Phong,0,17.0
KH11456,38.0,25.4,10.5,ky_su,TP HCM,2,36.0
KH11457,41.0,37.0,17.1,bac_si,Da Nang,3,40.0
KH11458,31.0,16.2,14.3,kinh_doanh,Ha Noi,2,74.0
KH11459,45.0,15.1,10.1,nhan_vien,Ha Noi,3,69.0
KH11460,35.0,8.2,8.4,giao_vien,TP HCM,2,100.0
KH11461,25.0,21.0,12.7,ky_su,Hai Phong,5,63.0
KH11462,18.0,17.9,12.5,kinh_doanh,Ha Noi,1,64.0
KH11463,20.0,26.7,18.1,ky_su,Da Nang,6,72.0
KH11464,37.0,41.9,18.1,kinh_doanh,Can Tho,2,48.0
KH11465,32.0,43.8,22.5,kinh_doanh,TP HCM,7,61.0
KH11466,28.0,39.2,25.6,bac_si,Ha Noi,9,64.0
KH11467,37.0,10.7,7.0,giao_vien,Can Tho,1,53.0
KH11468,46.0,20.0,13.6,nhan_vien,Da Nang,2,80.0
KH11469,35.0,21.6,7.9,nhan_vien,Ha Noi,4,38.0
KH11470,34.0,18.3,16.2,nhan_vien,Da Nang,2,86.0
KH11471,33.0,18.7,14.3,kinh_doanh,Da Nang,5,90.0
KH11472,34.0,10.9,5.5,sinh_vien,Ha Noi,1,47.0
KH11473,18.0,9.9,3.4,sinh_vien,Ha Noi,0,30.0
KH11474,25.0,14.2,9.9,ky_su,Hai Phong,2,66.0
KH11475,32.0,43.1,27.0,kinh_doanh,Hai Phong,8,51.0
KH11476,18.0,18.2,8.4,nhan_vien,Ha Noi,3,40.0
KH11477,30.0,19.1,14.7,nhan_vien,Hai Phong,2,72.0
KH11478,49.0,39.9,18.7,kinh_doanh,TP HCM,4,50.0
KH11479,35.0,39.1,24.9,ky_su,TP HCM,5,69.0
KH11480,22.0,4.3,2.3,sinh_vien,TP HCM,1,60.0
KH11481,23.0,78.6,68.4,bac_si,TP HCM,20,72.0
KH11482,36.0,21.1,16.1,bac_si,Da Nang,5,89.0
KH11483,46.0,57.7,38.5,bac_si,Can Tho,10,73.0
KH11484,40.0,19.3,7.4,giao_vien,Da Nang,3,32.0
KH11485,31.0,20.7,20.2,ky_su,TP HCM,5,100.0
KH11486,31.0,34.5,15.1,kinh_doanh,Ha Noi,7,50.0
KH11487,33.0,25.1,10.0,ky_su,Ha Noi,2,46.0
KH11488,56.0,6.1,3.9,sinh_vien,Ha Noi,0,76.0
KH11489,33.0,14.1,8.0,nhan_vien,TP HCM,2,48.0
KH11490,42.0,24.6,10.5,bac_si,Hai Phong,3,41.0
KH11491,30.0,15.4,10.5,kinh_doanh,Can Tho,5,67.0
KH11492,32.0,20.4,10.3,kinh_doanh,TP HCM,2,45.0
KH11493,30.0,18.5,17.3,nhan_vien,TP HCM,3,77.0
KH11494,56.0,11.1,8.9,kinh_doanh,TP HCM,4,75.0
KH11495,37.0,21.8,13.3,ky_su,Hai Phong,4,64.0
KH11496,19.0,16.6,9.9,nhan_vien,TP HCM,2,69.0
KH11497,23.0,7.7,3.4,giao_vien,TP HCM,0,42.0
KH11498,41.0,24.2,19.6,kinh_doanh,TP HCM,1,83.0
KH11499,45.0,17.2,6.0,nhan_vien,Ha Noi,4,41.0
KH11500,44.0,13.4,10.4,sinh_vien,Hai Phong,1,69.0
KH11501,47.0,3.8,3.7,sinh_vien,TP HCM,1,97.0
KH11502,34.0,16.9,11.8,nhan_vien,TP HCM,4,83.0
KH11503,40.0,4.4,0.5,sinh_vien,Can Tho,0,12.0
KH11504,31.0,30.3,16.5,ky_su,TP HCM,2,55.0
KH11505,29.0,12.0,10.2,bac_si,Ha Noi,4,77.0
KH11506,31.0,18.6,14.1,kinh_doanh,TP HCM,1,75.0
KH11507,18.0,6.3,5.3,nhan_vien,TP HCM,0,89.0
KH11508,43.0,6.9,4.7,nhan_vien,Hai Phong,0,55.0
KH11509,31.0,27.1,23.0,kinh_doanh,Can Tho,6,78.0
KH11510,26.0,14.9,13.1,nhan_vien,TP HCM,5,100.0
KH11511,38.0,39.2,22.3,nhan_vien,Da Nang,7,64.0
KH11512,23.0,38.4,19.2,kinh_doanh,Ha Noi,5,48.0
KH11513,43.0,6.0,4.2,sinh_vien,TP HCM,3,57.0
KH11514,38.0,13.5,6.6,nhan_vien,TP HCM,1,40.0
KH11515,31.0,7.6,4.4,giao_vien,TP HCM,2,56.0
KH11516,18.0,10.2,2.8,ky_su,TP HCM,1,28.0
KH11517,40.0,10.6,2.7,giao_vien,Ha Noi,0,28.0
KH11518,49.0,23.3,16.5,ky_su,Da Nang,0,61.0
KH11519,24.0,29.8,24.0,ky_su,Can Tho,5,78.0
KH11520,38.0,41.6,27.5,kinh_doanh,TP HCM,12,79.0
KH11521,61.0,39.3,17.3,ky_su,TP HCM,1,45.0
KH11522,22.0,11.1,5.5,nhan_vien,Ha Noi,5,56.0
KH11523,18.0,8.3,6.4,nhan_vien,Ha Noi,3,89.0
KH11524,33.0,15.0,12.4,giao_vien,Ha Noi,5,86.0
KH11525,18.0,5.6,3.5,giao_vien,TP HCM,2,72.0
KH11526,19.0,22.9,13.1,ky_su,Ha Noi,1,53.0
KH11527,55.0,38.3,12.6,nhan_vien,Da Nang,2,36.0
KH11528,44.0,25.1,16.7,kinh_doanh,TP HCM,6,65.0
KH11529,48.0,12.5,9.2,kinh_doanh,TP HCM,2,59.0
KH11530,25.0,21.0,9.4,nhan_vien,TP HCM,1,38.0
KH11531,27.0,30.4,14.1,nhan_vien,Can Tho,7,53.0
KH11532,26.0,46.0,25.8,bac_si,Ha Noi,6,52.0
KH11533,57.0,32.3,15.3,kinh_doanh,TP HCM,2,45.0
KH11534,38.0,8.4,7.7,ky_su,TP HCM,3,100.0
KH11535,50.0,14.2,7.2,nhan_vien,Can Tho,3,60.0
KH11536,26.0,10.0,9.0,nhan_vien,Hai Phong,2,79.0
KH11537,51.0,16.6,10.8,kinh_doanh,TP HCM,4,66.0
KH11538,38.0,22.2,10.9,ky_su,Ha Noi,0,58.0
KH11539,36.0,20.6,19.4,kinh_doanh,Can Tho,6,88.0
KH11540,50.0,13.5,5.0,nhan_vien,Can Tho,3,30.0
KH11541,29.0,7.0,1.0,nhan_vien,Can Tho,0,14.0
KH11542,43.0,5.9,3.9,sinh_vien,TP HCM,1,63.0
KH11543,40.0,19.2,14.7,bac_si,TP HCM,3,72.0
KH11544,23.0,9.7,2.1,giao_vien,Ha Noi,4,20.0
KH11545,34.0,9.2,3.1,kinh_doanh,TP HCM,0,38.0
KH11546,36.0,89.6,33.0,kinh_doanh,Can Tho,13,37.0
KH11547,27.0,2.8,1.6,sinh_vien,Ha Noi,0,47.0
KH11548,28.0,23.6,19.0,kinh_doanh,Ha Noi,2,74.0
KH11549,39.0,17.4,13.8,ky_su,Ha Noi,1,67.0
KH11550,45.0,28.3,11.5,nhan_vien,TP HCM,3,46.0
KH11551,18.0,24.2,18.9,kinh_doanh,Ha Noi,8,64.0
KH11552,24.0,14.0,13.3,kinh_doanh,Ha Noi,2,95.0
KH11553,27.0,7.4,3.0,sinh_vien,Da Nang,0,47.0
KH11554,38.0,23.5,15.2,bac_si,Da Nang,4,68.0
KH11555,25.0,15.6,9.9,giao_vien,TP HCM,2,66.0
KH11556,50.0,10.8,8.0,nhan_vien,TP HCM,1,77.0
KH11557,35.0,46.4,38.7,kinh_doanh,Can Tho,10,79.0
KH11558,47.0,20.8,13.5,ky_su,Ha Noi,8,75.0
KH11559,18.0,38.2,27.0,kinh_doanh,TP HCM,5,81.0
KH11560,36.0,18.3,14.6,bac_si,Ha Noi,7,75.0
KH11561,29.0,20.4,5.5,bac_si,TP HCM,0,30.0
KH11562,28.0,29.9,19.9,bac_si,TP HCM,8,72.0
KH11563,35.0,30.9,19.6,nhan_vien,TP HCM,4,56.0
KH11564,32.0,14.6,3.6,kinh_doanh,Hai Phong,1,25.0
KH11565,27.0,8.0,4.8,sinh_vien,Da Nang,1,56.0
KH11566,40.0,9.3,4.0,nhan_vien,Da Nang,1,51.0
KH11567,26.0,12.7,4.7,nhan_vien,Can Tho,1,32.0
KH11568,41.0,19.6,8.3,ky_su,TP HCM,2,40.0
KH11569,32.0,8.3,5.7,giao_vien,Da Nang,0,77.0
KH11570,32.0,15.9,12.0,nhan_vien,TP HCM,2,71.0
KH11571,46.0,24.5,17.1,bac_si,TP HCM,3,68.0
KH11572,44.0,26.1,23.3,ky_su,Da Nang,5,73.0
KH11573,26.0,11.6,5.4,ky_su,Can Tho,2,39.0
KH11574,32.0,15.2,11.5,nhan_vien,TP HCM,2,81.0
KH11575,62.0,17.4,11.9,giao_vien,Ha Noi,1,80.0
KH11576,45.0,24.9,21.0,giao_vien,TP HCM,2,72.0
KH11577,35.0,22.9,14.9,kinh_doanh,Hai Phong,5,66.0
KH11578,57.0,16.8,15.6,ky_su,TP HCM,4,99.0
KH11579,60.0,27.4,13.5,ky_su,Ha Noi,6,49.0
KH11580,51.0,8.5,3.3,nhan_vien,Can Tho,1,40.0
KH11581,28.0,22.1,16.2,nhan_vien,Ha Noi,5,76.0
KH11582,45.0,13.0,7.8,nhan_vien,TP HCM,1,60.0
KH11583,43.0,25.7,21.1,nhan_vien,TP HCM,8,78.0
KH11584,23.0,6.9,4.6,sinh_vien,Da Nang,1,80.0
KH11585,43.0,38.7,18.2,bac_si,Ha Noi,11,50.0
KH11586,26.0,90.9,62.4,bac_si,Ha Noi,14,60.0
KH11587,32.0,38.0,15.2,kinh_doanh,Da Nang,4,39.0
KH11588,26.0,53.6,36.5,kinh_doanh,Da Nang,10,59.0
KH11589,44.0,11.7,8.2,kinh_doanh,Can Tho,2,60.0
KH11590,51.0,21.1,12.7,kinh_doanh,Ha Noi,7,56.0
KH11591,33.0,13.0,11.7,nhan_vien,Can Tho,3,76.0
KH11592,35.0,13.5,5.9,giao_vien,TP HCM,0,48.0
KH11593,34.0,11.2,4.2,nhan_vien,TP HCM,1,39.0
KH11594,44.0,44.5,27.2,bac_si,Hai Phong,6,73.0
KH11595,27.0,3.2,0.5,nhan_vien,TP HCM,0,17.0
KH11596,57.0,20.1,15.2,kinh_doanh,TP HCM,6,90.0
KH11597,27.0,45.3,28.1,ky_su,TP HCM,8,68.0
KH11598,37.0,18.2,13.2,ky_su,Hai Phong,3,69.0
KH11599,33.0,22.8,17.2,bac_si,Da Nang,2,75.0
KH11600,55.0,7.4,7.8,ky_su,TP HCM,0,100.0
KH11601,43.0,33.3,17.1,ky_su,TP HCM,8,46.0
KH11602,18.0,49.3,30.7,ky_su,TP HCM,4,73.0
KH11603,51.0,19.7,11.8,ky_su,TP HCM,4,53.0
KH11604,52.0,8.7,8.1,kinh_doanh,Ha Noi,3,100.0
KH11605,26.0,8.5,8.4,giao_vien,Can Tho,1,99.0
KH11606,36.0,18.6,12.2,ky_su,TP HCM,1,75.0
KH11607,35.0,35.2,19.4,ky_su,Ha Noi,4,49.0
KH11608,45.0,17.5,7.8,nhan_vien,Ha Noi,0,40.0
KH11609,34.0,9.9,6.0,nhan_vien,Hai Phong,0,62.0
KH11610,22.0,20.4,9.4,bac_si,TP HCM,3,49.0
KH11611,42.0,7.8,4.2,nhan_vien,TP HCM,1,55.0
KH11612,18.0,26.9,15.4,ky_su,Ha Noi,3,58.0
KH11613,49.0,24.9,13.3,nhan_vien,TP HCM,3,57.0
KH11614,40.0,58.3,35.0,ky_su,Ha Noi,16,58.0
KH11615,44.0,38.6,27.1,kinh_doanh,Ha Noi,10,57.0
KH11616,35.0,21.3,12.5,nhan_vien,TP HCM,4,59.0
KH11617,42.0,26.7,20.8,kinh_doanh,Can Tho,11,91.0
KH11618,28.0,7.3,5.8,sinh_vien,Ha Noi,2,68.0
KH11619,40.0,15.3,7.6,ky_su,Da Nang,2,51.0
KH11620,46.0,10.7,3.5,ky_su,Ha Noi,1,31.0
KH11621,27.0,17.7,15.6,nhan_vien,Da Nang,2,98.0
KH11622,37.0,6.4,2.3,nhan_vien,TP HCM,0,31.0
KH11623,35.0,2.0,0.5,sinh_vien,TP HCM,2,28.0
KH11624,35.0,14.1,7.5,giao_vien,Da Nang,2,53.0
KH11625,21.0,9.0,7.0,sinh_vien,Ha Noi,4,64.0
KH11626,33.0,50.6,34.1,kinh_doanh,Hai Phong,5,61.0
KH11627,41.0,39.2,29.8,kinh_doanh,TP HCM,6,70.0
KH11628,50.0,25.6,18.8,kinh_doanh,Da Nang,3,83.0
KH11629,27.0,27.8,16.2,kinh_doanh,TP HCM,6,57.0
KH11630,63.0,37.6,15.9,bac_si,Ha Noi,9,35.0
KH11631,31.0,53.5,41.4,ky_su,TP HCM,17,91.0
KH11632,41.0,46.9,17.9,bac_si,TP HCM,2,37.0
KH11633,22.0,39.2,26.7,kinh_doanh,TP HCM,3,69.0
KH11634,19.0,19.1,6.8,bac_si,Ha Noi,2,35.0
KH11635,19.0,20.3,6.1,kinh_doanh,TP HCM,1,33.0
KH11636,49.0,9.4,6.3,nhan_vien,Can Tho,2,73.0
KH11637,44.0,12.7,3.5,nhan_vien,Da Nang,1,30.0
KH11638,43.0,17.7,11.9,ky_su,Ha Noi,1,59.0
KH11639,31.0,27.8,8.7,ky_su,Ha Noi,1,32.0
KH11640,27.0,25.2,16.8,kinh_doanh,TP HCM,3,66.0
KH11641,31.0,10.0,7.7,sinh_vien,Da Nang,3,75.0
KH11642,20.0,7.6,1.4,nhan_vien,TP HCM,0,17.0
KH11643,40.0,16.0,9.3,ky_su,Can Tho,3,59.0
KH11644,41.0,10.8,4.4,kinh_doanh,Ha Noi,1,46.0
KH11645,21.0,15.3,8.8,ky_su,Can Tho,1,46.0
KH11646,39.0,13.0,10.4,nhan_vien,Ha Noi,4,96.0
KH11647,18.0,28.0,18.7,ky_su,Hai Phong,6,70.0
KH11648,48.0,20.5,14.8,nhan_vien,TP HCM,7,74.0
KH11649,34.0,44.1,17.2,ky_su,Ha Noi,2,45.0
KH11650,18.0,25.5,18.7,kinh_doanh,Hai Phong,4,72.0
KH11651,32.0,19.4,11.3,kinh_doanh,Ha Noi,8,52.0
KH11652,44.0,16.0,11.4,bac_si,TP HCM,2,73.0
KH11653,37.0,22.0,12.2,nhan_vien,TP HCM,6,52.0
KH11654,46.0,35.2,27.9,ky_su,Hai Phong,3,72.0
KH11655,45.0,38.7,33.6,kinh_doanh,Da Nang,5,76.0
KH11656,31.0,42.8,19.7,bac_si,TP HCM,8,45.0
KH11657,32.0,32.6,16.2,bac_si,Can Tho,6,45.0
KH11658,33.0,7.1,2.1,sinh_vien,TP HCM,1,32.0
KH11659,43.0,15.9,4.9,giao_vien,TP HCM,1,37.0
KH11660,38.0,10.9,3.6,giao_vien,Ha Noi,2,34.0
KH11661,18.0,2.1,1.6,sinh_vien,Ha Noi,1,82.0
KH11662,31.0,38.5,22.9,kinh_doanh,Ha Noi,3,69.0
KH11663,36.0,18.6,15.0,nhan_vien,Ha Noi,3,96.0
KH11664,37.0,16.3,10.1,nhan_vien,Da Nang,2,62.0
KH11665,42.0,34.8,25.2,giao_vien,Ha Noi,3,77.0
KH11666,54.0,27.6,16.4,bac_si,TP HCM,5,60.0
KH11667,41.0,2.0,0.9,sinh_vien,TP HCM,0,51.0
KH11668,35.0,32.2,15.9,nhan_vien,Hai Phong,4,55.0
KH11669,41.0,30.1,15.0,ky_su,TP HCM,7,57.0
KH11670,35.0,33.5,15.8,kinh_doanh,TP HCM,2,53.0
KH11671,30.0,14.8,9.7,ky_su,TP HCM,5,68.0
KH11672,25.0,13.5,8.5,nhan_vien,TP HCM,5,51.0
KH11673,25.0,56.7,49.2,ky_su,Ha Noi,9,90.0
KH11674,33.0,21.4,13.8,bac_si,Hai Phong,3,64.0
KH11675,62.0,4.1,0.5,sinh_vien,Da Nang,0,12.0
KH11676,44.0,57.7,37.1,kinh_doanh,TP HCM,8,61.0
KH11677,22.0,22.3,17.5,nhan_vien,Da Nang,2,84.0
KH11678,42.0,13.9,10.9,giao_vien,Ha Noi,2,84.0
KH11679,36.0,26.6,24.7,ky_su,TP HCM,10,100.0
KH11680,24.0,12.6,10.5,giao_vien,Ha Noi,1,87.0
KH11681,49.0,55.5,43.4,kinh_doanh,TP HCM,9,72.0
KH11682,37.0,32.3,22.5,kinh_doanh,TP HCM,8,69.0
KH11683,33.0,25.8,21.0,ky_su,Ha Noi,8,76.0
KH11684,56.0,23.7,7.4,kinh_doanh,Ha Noi,0,35.0
KH11685,34.0,5.6,5.5,sinh_vien,TP HCM,0,100.0
KH11686,44.0,13.7,9.3,kinh_doanh,Ha Noi,0,76.0
KH11687,26.0,27.4,17.7,ky_su,TP HCM,3,73.0
KH11688,37.0,15.9,9.6,nhan_vien,TP HCM,1,61.0
KH11689,21.0,9.0,3.7,ky_su,Can Tho,0,44.0
KH11690,33.0,13.9,4.9,nhan_vien,Ha Noi,1,33.0
KH11691,18.0,4.2,3.0,sinh_vien,Ha Noi,2,75.0
KH11692,47.0,26.1,24.3,nhan_vien,Ha Noi,5,100.0
KH11693,33.0,19.4,12.4,kinh_doanh,Da Nang,5,57.0
KH11694,36.0,23.0,10.8,kinh_doanh,TP HCM,1,46.0
KH11695,45.0,26.8,18.5,kinh_doanh,Ha Noi,4,73.0
KH11696,40.0,30.1,9.3,ky_su,TP HCM,0,31.0
KH11697,32.0,14.3,6.2,giao_vien,Hai Phong,2,43.0
KH11698,42.0,31.7,20.7,nhan_vien,Ha Noi,7,56.0
KH11699,43.0,27.2,21.8,kinh_doanh,Ha Noi,2,87.0
KH11700,24.0,6.1,4.5,nhan_vien,Hai Phong,1,62.0
KH11701,42.0,5.0,0.5,sinh_vien,Ha Noi,0,9.0
KH11702,47.0,21.2,15.5,nhan_vien,TP HCM,4,59.0
KH11703,32.0,18.1,15.5,ky_su,Da Nang,3,91.0
KH11704,44.0,36.4,17.0,bac_si,Da Nang,4,55.0
KH11705,45.0,3.1,3.3,sinh_vien,TP HCM,1,94.0
KH11706,36.0,20.9,17.1,bac_si,Can Tho,5,77.0
KH11707,41.0,20.7,17.6,ky_su,Da Nang,5,100.0
KH11708,35.0,20.1,17.3,ky_su,Hai Phong,7,70.0
KH11709,19.0,8.2,5.3,giao_vien,TP HCM,0,77.0
KH11710,39.0,13.7,4.1,nhan_vien,Ha Noi,2,34.0
KH11711,58.0,5.5,2.0,sinh_vien,Ha Noi,1,37.0
KH11712,33.0,38.2,15.0,ky_su,TP HCM,6,34.0
KH11713,34.0,28.4,23.7,ky_su,Ha Noi,5,99.0
KH11714,50.0,27.2,12.5,ky_su,Hai Phong,3,40.0
KH11715,38.0,15.5,13.0,nhan_vien,Ha Noi,1,82.0
KH11716,39.0,40.3,35.7,kinh_doanh,Can Tho,8,78.0
KH11717,27.0,6.4,2.0,ky_su,Ha Noi,2,26.0
KH11718,35.0,55.0,27.2,ky_su,Ha Noi,9,48.0
KH11719,40.0,15.4,7.5,nhan_vien,TP HCM,1,56.0
KH11720,34.0,22.8,13.3,nhan_vien,TP HCM,1,52.0
KH11721,48.0,11.6,5.5,giao_vien,TP HCM,4,43.0
KH11722,31.0,23.9,15.5,ky_su,TP HCM,1,62.0
KH11723,39.0,10.6,5.0,ky_su,Ha Noi,2,44.0
KH11724,24.0,12.1,7.8,nhan_vien,TP HCM,3,57.0
KH11725,33.0,29.8,17.6,nhan_vien,Ha Noi,2,56.0
KH11726,39.0,13.8,5.5,nhan_vien,Da Nang,0,42.0
KH11727,32.0,14.7,11.2,nhan_vien,Ha Noi,2,62.0
KH11728,49.0,22.1,11.3,bac_si,Ha Noi,3,59.0
KH11729,23.0,21.2,18.1,kinh_doanh,Ha Noi,4,86.0
KH11730,46.0,40.3,26.8,ky_su,TP HCM,5,71.0
KH11731,24.0,25.8,12.2,giao_vien,Ha Noi,2,57.0
KH11732,28.0,16.0,9.7,nhan_vien,Can Tho,5,67.0
KH11733,56.0,11.1,5.9,kinh_doanh,Can Tho,0,52.0
KH11734,40.0,9.5,6.6,ky_su,Da Nang,2,63.0
KH11735,42.0,7.6,4.5,giao_vien,TP HCM,1,65.0
KH11736,38.0,12.4,9.3,nhan_vien,TP HCM,1,62.0
KH11737,30.0,15.0,15.8,nhan_vien,TP HCM,6,100.0
KH11738,30.0,23.0,15.8,ky_su,Ha Noi,3,77.0
KH11739,18.0,44.9,37.8,kinh_doanh,Ha Noi,8,93.0
KH11740,29.0,11.8,10.7,nhan_vien,TP HCM,6,89.0
KH11741,27.0,24.2,17.3,kinh_doanh,Ha Noi,3,60.0
KH11742,55.0,22.4,9.8,kinh_doanh,Ha Noi,3,35.0
KH11743,32.0,54.3,44.1,ky_su,TP HCM,11,88.0
KH11744,29.0,32.3,17.7,bac_si,Da Nang,9,63.0
KH11745,42.0,29.1,18.8,nhan_vien,Ha Noi,6,65.0
KH11746,29.0,7.4,4.6,nhan_vien,Da Nang,0,73.0
KH11747,42.0,31.3,16.7,nhan_vien,TP HCM,2,43.0
KH11748,27.0,6.3,3.6,sinh_vien,Hai Phong,1,63.0
KH11749,20.0,18.3,7.4,giao_vien,Can Tho,2,44.0
KH11750,33.0,35.6,16.1,ky_su,Ha Noi,10,54.0
KH11751,41.0,10.4,7.4,nhan_vien,TP HCM,3,74.0
KH11752,41.0,12.4,8.6,nhan_vien,TP HCM,4,74.0
KH11753,47.0,13.7,10.0,bac_si,TP HCM,5,67.0
KH11754,18.0,25.5,13.4,giao_vien,Da Nang,8,57.0
KH11755,18.0,24.1,19.5,ky_su,Da Nang,5,81.0
KH11756,23.0,31.2,18.2,ky_su,Can Tho,3,56.0
KH11757,34.0,23.7,15.2,ky_su,Ha Noi,4,57.0
KH11758,47.0,22.0,8.9,nhan_vien,Ha Noi,2,42.0
KH11759,35.0,24.3,17.1,bac_si,TP HCM,4,67.0
KH11760,39.0,13.7,10.9,ky_su,Ha Noi,2,72.0
KH11761,18.0,22.9,20.4,giao_vien,Da Nang,4,93.0
KH11762,29.0,37.5,26.5,kinh_doanh,TP HCM,8,82.0
KH11763,45.0,36.7,14.5,kinh_doanh,Ha Noi,3,40.0
KH11764,30.0,24.6,14.1,ky_su,Ha Noi,3,50.0
KH11765,21.0,6.0,0.5,giao_vien,Da Nang,0,8.0
KH11766,18.0,4.1,2.7,sinh_vien,TP HCM,0,63.0
KH11767,36.0,45.8,14.0,ky_su,Da Nang,2,34.0
KH11768,62.0,20.6,17.8,nhan_vien,Can Tho,5,81.0
KH11769,31.0,21.4,18.1,nhan_vien,Ha Noi,6,73.0
KH11770,32.0,31.3,16.7,kinh_doanh,Da Nang,6,47.0
KH11771,18.0,13.3,11.4,ky_su,Ha Noi,2,86.0
KH11772,37.0,44.6,35.5,bac_si,Can Tho,7,87.0
KH11773,33.0,3.6,0.7,sinh_vien,Ha Noi,1,17.0
KH11774,19.0,27.3,14.4,ky_su,Can Tho,5,59.0
KH11775,38.0,14.9,5.7,ky_su,TP HCM,1,35.0
KH11776,46.0,27.9,19.9,ky_su,Hai Phong,6,85.0
KH11777,38.0,7.8,6.7,nhan_vien,Ha Noi,2,98.0
KH11778,37.0,7.6,4.3,sinh_vien,TP HCM,2,57.0
KH11779,29.0,11.5,8.3,nhan_vien,Ha Noi,0,83.0
KH11780,22.0,9.0,7.8,giao_vien,TP HCM,4,73.0
KH11781,37.0,28.7,12.5,nhan_vien,TP HCM,1,51.0
KH11782,36.0,14.0,13.5,nhan_vien,Ha Noi,7,100.0
KH11783,31.0,25.4,19.1,nhan_vien,Da Nang,2,89.0
KH11784,37.0,15.2,7.3,kinh_doanh,Ha Noi,2,42.0
KH11785,38.0,25.1,16.1,nhan_vien,Hai Phong,1,67.0
KH11786,33.0,12.5,6.4,giao_vien,Hai Phong,3,49.0
KH11787,18.0,15.3,9.8,giao_vien,TP HCM,3,53.0
KH11788,44.0,9.9,7.8,giao_vien,TP HCM,5,91.0
KH11789,41.0,8.5,1.8,giao_vien,Hai Phong,1,20.0
KH11790,26.0,7.3,1.8,nhan_vien,Ha Noi,1,29.0
KH11791,36.0,12.7,7.1,ky_su,Ha Noi,2,50.0
KH11792,44.0,15.8,11.5,giao_vien,TP HCM,0,87.0
KH11793,18.0,13.3,6.1,ky_su,TP HCM,1,55.0
KH11794,19.0,33.4,25.7,ky_su,TP HCM,5,80.0
KH11795,45.0,31.0,10.1,ky_su,TP HCM,3,34.0
KH11796,44.0,18.3,16.0,nhan_vien,Hai Phong,5,86.0
KH11797,45.0,15.2,6.6,giao_vien,Can Tho,3,42.0
KH11798,35.0,21.7,9.3,nhan_vien,Ha Noi,5,45.0
KH11799,46.0,21.0,8.6,kinh_doanh,Ha Noi,1,40.0
KH11800,18.0,47.9,39.5,ky_su,Can Tho,6,71.0
KH11801,29.0,10.3,7.0,nhan_vien,Ha Noi,1,76.0
KH11802,38.0,7.1,1.6,sinh_vien,TP HCM,1,25.0
KH11803,57.0,14.7,3.5,nhan_vien,Da Nang,2,27.0
KH11804,33.0,18.2,9.8,nhan_vien,TP HCM,1,43.0
KH11805,50.0,29.2,10.3,bac_si,Ha Noi,2,30.0
KH11806,52.0,22.3,17.1,ky_su,TP HCM,4,68.0
KH11807,41.0,24.7,13.3,bac_si,Ha Noi,3,43.0
KH11808,33.0,5.9,5.4,giao_vien,TP HCM,3,84.0
KH11809,39.0,31.4,10.7,bac_si,Ha Noi,5,28.0
KH11810,33.0,16.4,5.4,nhan_vien,Ha Noi,2,29.0
KH11811,33.0,11.6,3.8,giao_vien,Da Nang,0,29.0
KH11812,43.0,10.1,7.9,giao_vien,TP HCM,1,90.0
KH11813,48.0,10.5,6.6,nhan_vien,TP HCM,2,67.0
KH11814,18.0,18.1,11.6,ky_su,TP HCM,4,56.0
KH11815,28.0,16.4,11.6,nhan_vien,Ha Noi,1,58.0
KH11816,50.0,16.9,12.6,ky_su,TP HCM,4,60.0
KH11817,36.0,16.5,6.6,ky_su,Can Tho,5,33.0
KH11818,35.0,9.9,6.3,ky_su,Da Nang,4,58.0
KH11819,24.0,24.6,19.4,kinh_doanh,Ha Noi,5,82.0
KH11820,44.0,37.9,14.5,kinh_doanh,Can Tho,3,44.0
KH11821,43.0,15.9,9.4,kinh_doanh,Da Nang,5,48.0
KH11822,43.0,26.4,20.1,nhan_vien,TP HCM,5,82.0
KH11823,30.0,40.3,33.2,bac_si,Ha Noi,4,99.0
KH11824,37.0,24.2,13.8,bac_si,Ha Noi,2,50.0
KH11825,42.0,7.1,4.2,nhan_vien,Hai Phong,0,58.0
KH11826,33.0,11.9,3.6,nhan_vien,Hai Phong,1,35.0
KH11827,18.0,48.2,28.1,nhan_vien,TP HCM,6,59.0
KH11828,42.0,5.4,1.0,sinh_vien,TP HCM,2,17.0
KH11829,23.0,11.8,8.3,nhan_vien,TP HCM,2,68.0
KH11830,46.0,20.3,12.9,bac_si,Can Tho,4,54.0
KH11831,28.0,19.6,7.9,ky_su,Ha Noi,1,42.0
KH11832,31.0,11.3,6.6,ky_su,Can Tho,1,59.0
KH11833,38.0,16.0,12.3,giao_vien,Da Nang,5,87.0
KH11834,29.0,6.7,5.1,nhan_vien,TP HCM,1,61.0
KH11835,57.0,10.5,6.7,giao_vien,Ha Noi,1,70.0
KH11836,23.0,7.2,4.5,nhan_vien,Ha Noi,0,68.0
KH11837,38.0,7.9,1.9,nhan_vien,Ha Noi,0,25.0
KH11838,57.0,9.6,2.0,giao_vien,Hai Phong,1,21.0
KH11839,18.0,19.6,9.4,giao_vien,TP HCM,8,52.0
KH11840,41.0,28.1,19.3,kinh_doanh,Hai Phong,9,64.0
KH11841,31.0,9.4,4.1,sinh_vien,TP HCM,1,45.0
KH11842,54.0,22.9,18.5,nhan_vien,Hai Phong,5,66.0
KH11843,19.0,2.9,0.9,sinh_vien,TP HCM,0,37.0
KH11844,34.0,23.5,11.1,ky_su,Da Nang,1,48.0
KH11845,46.0,15.0,5.9,kinh_doanh,Ha Noi,0,45.0
KH11846,42.0,18.0,12.6,ky_su,Ha Noi,4,72.0
KH11847,39.0,7.2,5.0,ky_su,Da Nang,1,82.0
KH11848,27.0,16.5,9.9,giao_vien,TP HCM,2,48.0
KH11849,34.0,20.2,16.5,kinh_doanh,Ha Noi,7,80.0
KH11850,34.0,48.2,28.7,ky_su,Can Tho,12,50.0
KH11851,34.0,17.3,8.2,giao_vien,Ha Noi,4,43.0
KH11852,60.0,14.6,11.1,nhan_vien,Ha Noi,4,71.0
KH11853,49.0,14.7,6.9,nhan_vien,Ha Noi,3,40.0
KH11854,43.0,14.4,12.3,nhan_vien,TP HCM,4,96.0
KH11855,29.0,37.4,22.7,ky_su,TP HCM,2,60.0
KH11856,35.0,25.1,19.7,ky_su,TP HCM,6,83.0
KH11857,33.0,6.0,6.3,nhan_vien,TP HCM,5,87.0
KH11858,35.0,7.0,5.7,giao_vien,TP HCM,2,92.0
KH11859,38.0,21.8,8.7,kinh_doanh,Hai Phong,3,37.0
KH11860,44.0,11.4,7.8,nhan_vien,TP HCM,4,72.0
KH11861,49.0,22.0,18.0,ky_su,Can Tho,2,83.0
KH11862,25.0,36.9,16.2,bac_si,TP HCM,5,36.0
KH11863,27.0,17.0,14.8,nhan_vien,TP HCM,4,76.0
KH11864,36.0,28.3,22.3,nhan_vien,TP HCM,9,91.0
KH11865,47.0,20.9,13.5,bac_si,Hai Phong,3,71.0
KH11866,32.0,34.7,16.5,kinh_doanh,Ha Noi,5,51.0
KH11867,50.0,4.7,3.2,sinh_vien,Da Nang,1,59.0
KH11868,21.0,10.7,8.2,ky_su,Hai Phong,2,65.0
KH11869,66.0,15.7,6.4,nhan_vien,TP HCM,2,43.0
KH11870,32.0,25.9,8.8,kinh_doanh,TP HCM,5,30.0
KH11871,36.0,11.6,5.6,ky_su,TP HCM,3,53.0
KH11872,35.0,26.7,12.9,ky_su,TP HCM,3,44.0
KH11873,39.0,44.3,33.7,ky_su,Ha Noi,13,75.0
KH11874,44.0,23.0,15.8,ky_su,TP HCM,3,70.0
KH11875,41.0,20.6,9.6,giao_vien,Hai Phong,0,44.0
KH11876,38.0,22.5,18.2,kinh_doanh,Ha Noi,4,83.0
KH11877,26.0,29.0,17.0,nhan_vien,Can Tho,5,56.0
KH11878,41.0,13.2,7.2,ky_su,Ha Noi,1,59.0
KH11879,31.0,15.3,7.5,nhan_vien,Can Tho,0,46.0
KH11880,54.0,31.4,21.0,kinh_doanh,Ha Noi,2,60.0
KH11881,51.0,27.1,21.5,nhan_vien,Ha Noi,8,66.0
KH11882,36.0,18.8,17.1,kinh_doanh,TP HCM,3,90.0
KH11883,35.0,21.7,12.5,ky_su,Ha Noi,7,52.0
KH11884,55.0,2.3,1.0,sinh_vien,Ha Noi,0,41.0
KH11885,39.0,7.3,1.7,giao_vien,Can Tho,1,22.0
KH11886,39.0,12.7,6.9,giao_vien,Can Tho,1,46.0
KH11887,46.0,32.9,10.4,nhan_vien,Ha Noi,1,33.0
KH11888,30.0,7.4,7.1,nhan_vien,Can Tho,1,81.0
KH11889,36.0,17.6,5.8,kinh_doanh,TP HCM,2,29.0
KH11890,29.0,14.6,10.7,nhan_vien,TP HCM,1,85.0
KH11891,38.0,26.9,24.0,kinh_doanh,TP HCM,6,100.0
KH11892,44.0,8.4,5.0,ky_su,Ha Noi,2,69.0
KH11893,39.0,29.0,18.9,kinh_doanh,Da Nang,6,54.0
KH11894,41.0,31.5,25.8,nhan_vien,TP HCM,5,97.0
KH11895,18.0,28.0,14.4,bac_si,Da Nang,4,42.0
KH11896,42.0,34.0,25.8,kinh_doanh,TP HCM,7,84.0
KH11897,28.0,24.7,11.0,ky_su,Ha Noi,0,52.0
KH11898,44.0,26.4,10.1,bac_si,Can Tho,1,45.0
KH11899,38.0,9.8,3.2,nhan_vien,Ha Noi,0,33.0
KH11900,43.0,11.8,4.2,nhan_vien,Hai Phong,1,31.0
KH11901,18.0,21.2,8.5,ky_su,Hai Phong,4,33.0
KH11902,40.0,29.8,14.9,ky_su,Da Nang,6,52.0
KH11903,48.0,14.0,10.7,ky_su,Ha Noi,3,86.0
KH11904,44.0,13.8,9.1,nhan_vien,TP HCM,0,69.0
KH11905,38.0,28.2,17.9,kinh_doanh,Can Tho,2,54.0
KH11906,38.0,19.0,6.6,bac_si,Ha Noi,0,28.0
KH11907,38.0,21.7,9.0,ky_su,TP HCM,5,47.0
KH11908,48.0,22.8,16.2,kinh_doanh,TP HCM,5,84.0
KH11909,29.0,5.0,2.3,sinh_vien,TP HCM,0,41.0
KH11910,33.0,6.9,1.9,nhan_vien,TP HCM,0,31.0
KH11911,50.0,18.3,5.6,bac_si,Ha Noi,1,30.0
KH11912,51.0,21.9,17.2,ky_su,Ha Noi,3,83.0
KH11913,32.0,12.3,3.9,nhan_vien,TP HCM,1,37.0
KH11914,34.0,45.8,28.1,ky_su,Hai Phong,7,74.0
KH11915,49.0,17.0,13.8,giao_vien,TP HCM,4,67.0
KH11916,40.0,18.6,10.1,kinh_doanh,TP HCM,4,51.0
KH11917,43.0,19.3,10.0,nhan_vien,TP HCM,1,44.0
KH11918,38.0,20.4,12.8,nhan_vien,TP HCM,2,51.0
KH11919,44.0,8.3,7.3,ky_su,Ha Noi,1,98.0
KH11920,48.0,38.0,30.1,kinh_doanh,TP HCM,9,66.0
KH11921,52.0,14.2,6.3,nhan_vien,Hai Phong,0,37.0
KH11922,42.0,36.2,17.3,nhan_vien,Hai Phong,5,51.0
KH11923,39.0,24.7,21.4,ky_su,Can Tho,7,92.0
KH11924,18.0,37.8,17.6,bac_si,TP HCM,6,40.0
KH11925,31.0,13.1,3.8,giao_vien,Can Tho,3,34.0
KH11926,56.0,4.5,4.9,sinh_vien,Hai Phong,2,96.0
KH11927,18.0,13.2,7.2,kinh_doanh,Ha Noi,1,49.0
KH11928,32.0,22.4,15.5,nhan_vien,Ha Noi,3,71.0
KH11929,36.0,11.5,7.9,nhan_vien,TP HCM,1,67.0
KH11930,42.0,14.9,5.2,ky_su,TP HCM,1,40.0
KH11931,52.0,10.1,5.4,nhan_vien,TP HCM,1,49.0
KH11932,45.0,40.0,25.2,kinh_doanh,Ha Noi,6,67.0
KH11933,39.0,7.6,2.0,giao_vien,Hai Phong,1,23.0
KH11934,20.0,13.7,7.9,giao_vien,Ha Noi,3,58.0
KH11935,34.0,23.7,18.3,giao_vien,Ha Noi,4,72.0
KH11936,41.0,9.4,7.9,nhan_vien,TP HCM,0,83.0
KH11937,29.0,23.8,20.3,nhan_vien,Ha Noi,8,100.0
KH11938,34.0,24.5,15.0,nhan_vien,Ha Noi,2,59.0
KH11939,38.0,11.4,7.5,nhan_vien,TP HCM,0,66.0
KH11940,35.0,40.3,16.6,bac_si,Ha Noi,5,40.0
KH11941,33.0,20.1,2.9,nhan_vien,TP HCM,0,12.0
KH11942,34.0,13.1,6.7,nhan_vien,Can Tho,3,49.0
KH11943,36.0,23.6,15.4,bac_si,TP HCM,6,60.0
KH11944,32.0,11.8,5.6,nhan_vien,Da Nang,0,51.0
KH11945,25.0,20.5,13.7,kinh_doanh,TP HCM,3,63.0
KH11946,25.0,2.9,3.9,sinh_vien,Ha Noi,3,100.0
KH11947,50.0,16.7,3.6,nhan_vien,Can Tho,1,19.0
KH11948,48.0,4.4,4.0,nhan_vien,Da Nang,0,97.0
KH11949,23.0,40.6,22.8,nhan_vien,Hai Phong,9,62.0
KH11950,41.0,25.1,19.2,kinh_doanh,Ha Noi,4,77.0
KH11951,68.0,21.7,13.4,nhan_vien,Ha Noi,2,64.0
KH11952,37.0,11.0,2.6,kinh_doanh,TP HCM,0,23.0
KH11953,35.0,18.9,15.7,ky_su,TP HCM,2,73.0
KH11954,40.0,18.6,10.1,kinh_doanh,Hai Phong,4,61.0
KH11955,29.0,22.1,7.6,kinh_doanh,Hai Phong,0,28.0
KH11956,42.0,8.2,6.6,giao_vien,Ha Noi,2,68.0
KH11957,47.0,9.1,4.4,nhan_vien,Ha Noi,2,55.0
KH11958,49.0,11.2,3.7,nhan_vien,Hai Phong,0,33.0
KH11959,35.0,10.1,6.3,nhan_vien,Ha Noi,1,62.0
KH11960,35.0,30.0,24.9,nhan_vien,Can Tho,4,91.0
KH11961,27.0,27.1,19.2,kinh_doanh,Ha Noi,3,82.0
KH11962,23.0,11.7,5.9,giao_vien,TP HCM,0,51.0
KH11963,43.0,4.3,2.1,sinh_vien,TP HCM,0,51.0
KH11964,23.0,30.5,24.4,nhan_vien,TP HCM,7,88.0
KH11965,50.0,17.0,10.0,giao_vien,Ha Noi,2,69.0
KH11966,32.0,7.8,4.5,sinh_vien,Da Nang,0,47.0
KH11967,28.0,22.2,11.1,bac_si,Ha Noi,7,45.0
KH11968,44.0,4.2,2.8,sinh_vien,Ha Noi,0,54.0
KH11969,44.0,17.6,12.4,bac_si,Ha Noi,2,74.0
KH11970,34.0,16.5,3.9,ky_su,TP HCM,3,20.0
KH11971,34.0,9.6,6.9,sinh_vien,TP HCM,0,62.0
KH11972,58.0,27.8,9.9,ky_su,Can Tho,3,34.0
KH11973,24.0,20.0,13.1,giao_vien,Ha Noi,4,64.0
KH11974,28.0,28.7,16.3,kinh_doanh,Ha Noi,5,51.0
KH11975,33.0,12.3,8.0,nhan_vien,Ha Noi,3,59.0
KH11976,20.0,20.9,10.5,kinh_doanh,Hai Phong,2,49.0
KH11977,37.0,31.0,27.0,kinh_doanh,TP HCM,13,77.0
KH11978,35.0,28.6,12.3,ky_su,Ha Noi,3,37.0
KH11979,26.0,7.7,6.5,giao_vien,Ha Noi,3,83.0
KH11980,20.0,23.4,10.6,nhan_vien,Ha Noi,3,48.0
KH11981,36.0,9.6,6.4,sinh_vien,Ha Noi,3,53.0
KH11982,25.0,70.9,39.5,ky_su,TP HCM,10,66.0
KH11983,23.0,6.4,5.0,giao_vien,TP HCM,2,83.0
KH11984,44.0,28.8,16.0,kinh_doanh,TP HCM,3,48.0
KH11985,33.0,29.1,17.5,kinh_doanh,TP HCM,2,56.0
KH11986,21.0,19.3,6.7,nhan_vien,TP HCM,2,34.0
KH11987,47.0,2.2,0.6,sinh_vien,Da Nang,0,26.0
KH11988,45.0,11.7,8.2,nhan_vien,Hai Phong,2,81.0
KH11989,24.0,11.6,5.9,nhan_vien,Da Nang,0,45.0
KH11990,24.0,16.2,14.3,nhan_vien,TP HCM,3,74.0
KH11991,31.0,37.0,19.7,giao_vien,Ha Noi,9,59.0
KH11992,52.0,33.2,19.0,bac_si,Hai Phong,7,50.0
KH11993,45.0,12.5,8.4,ky_su,Ha Noi,0,55.0
KH11994,38.0,10.4,3.2,nhan_vien,Hai Phong,2,29.0
KH11995,28.0,18.4,12.8,ky_su,TP HCM,1,79.0
KH11996,28.0,9.1,5.5,nhan_vien,Ha Noi,0,70.0
KH11997,39.0,20.2,17.2,ky_su,Ha Noi,9,89.0
KH11998,37.0,8.0,5.9,nhan_vien,TP HCM,2,65.0
KH11999,42.0,9.0,6.4,giao_vien,Ha Noi,1,68.0
KH12000,18.0,28.7,16.8,ky_su,Ha Noi,1,67.0
KH12001,34.0,20.7,17.8,nhan_vien,Da Nang,4,94.0
KH12002,51.0,19.2,15.8,bac_si,TP HCM,5,66.0
KH12003,28.0,7.7,4.1,sinh_vien,Can Tho,2,54.0
KH12004,29.0,13.9,8.2,nhan_vien,Da Nang,1,53.0
KH12005,56.0,14.1,9.7,kinh_doanh,Da Nang,3,72.0
KH12006,40.0,67.9,41.8,bac_si,Ha Noi,5,69.0
KH12007,35.0,3.5,1.9,sinh_vien,TP HCM,1,58.0
KH12008,51.0,23.6,13.4,bac_si,Da Nang,2,46.0
KH12009,41.0,16.5,9.0,giao_vien,TP HCM,3,62.0
KH12010,51.0,8.3,6.5,nhan_vien,Can Tho,2,65.0
KH12011,52.0,25.5,11.4,bac_si,Ha Noi,3,37.0
KH12012,25.0,37.9,26.5,nhan_vien,Ha Noi,7,68.0
KH12013,26.0,13.2,6.9,nhan_vien,Ha Noi,1,53.0
KH12014,28.0,34.9,26.9,kinh_doanh,TP HCM,8,75.0
KH12015,35.0,21.9,14.4,nhan_vien,Can Tho,4,53.0
KH12016,26.0,17.7,12.0,ky_su,TP HCM,3,59.0
KH12017,35.0,17.7,11.2,giao_vien,TP HCM,4,76.0
KH12018,25.0,2.5,4.7,sinh_vien,Can Tho,3,100.0
KH12019,25.0,20.0,6.6,ky_su,TP HCM,1,37.0
KH12020,41.0,24.0,10.3,kinh_doanh,Da Nang,5,39.0
KH12021,19.0,16.7,13.4,nhan_vien,Can Tho,3,67.0
KH12022,36.0,3.5,3.9,sinh_vien,Da Nang,1,100.0
KH12023,42.0,19.5,12.7,ky_su,TP HCM,2,67.0
KH12024,28.0,18.8,14.0,bac_si,Ha Noi,3,87.0
KH12025,29.0,8.9,4.5,kinh_doanh,TP HCM,0,47.0
KH12026,18.0,5.0,4.3,sinh_vien,Da Nang,1,77.0
KH12027,31.0,25.8,12.0,nhan_vien,Can Tho,4,40.0
KH12028,26.0,16.5,10.5,nhan_vien,Ha Noi,2,63.0
KH12029,42.0,23.6,17.0,kinh_doanh,TP HCM,4,59.0
KH12030,20.0,24.8,20.3,nhan_vien,Ha Noi,1,68.0
KH12031,45.0,31.6,21.0,ky_su,Ha Noi,6,69.0
KH12032,34.0,42.0,22.0,bac_si,Ha Noi,8,57.0
KH12033,51.0,11.2,7.9,giao_vien,TP HCM,4,67.0
KH12034,36.0,12.1,9.7,giao_vien,Ha Noi,1,65.0
KH12035,49.0,23.9,12.5,nhan_vien,Ha Noi,5,48.0
KH12036,30.0,5.4,2.8,sinh_vien,Ha Noi,2,45.0
KH12037,32.0,9.9,5.7,nhan_vien,TP HCM,1,52.0
KH12038,53.0,4.9,1.3,sinh_vien,Da Nang,1,32.0
KH12039,36.0,2.9,0.6,sinh_vien,Ha Noi,0,18.0
KH12040,30.0,5.7,2.0,giao_vien,TP HCM,0,29.0
KH12041,27.0,20.3,14.5,kinh_doanh,TP HCM,3,73.0
KH12042,29.0,6.9,4.0,sinh_vien,Hai Phong,1,51.0
KH12043,28.0,20.3,14.6,nhan_vien,TP HCM,6,83.0
KH12044,39.0,14.6,6.3,nhan_vien,TP HCM,0,36.0
KH12045,29.0,27.8,20.9,nhan_vien,Ha Noi,9,81.0
KH12046,31.0,11.9,7.1,nhan_vien,TP HCM,4,50.0
KH12047,29.0,4.8,2.7,sinh_vien,TP HCM,1,63.0
KH12048,32.0,28.4,8.1,kinh_doanh,Hai Phong,3,27.0
KH12049,53.0,8.2,5.2,nhan_vien,Ha Noi,1,60.0
KH12050,35.0,27.0,15.1,kinh_doanh,TP HCM,5,51.0
KH12051,26.0,21.1,11.1,nhan_vien,Ha Noi,2,62.0
KH12052,26.0,42.9,28.6,kinh_doanh,TP HCM,9,75.0
KH12053,52.0,24.2,11.1,bac_si,TP HCM,3,41.0
KH12054,18.0,5.8,5.8,nhan_vien,TP HCM,1,92.0
KH12055,46.0,18.2,11.3,kinh_doanh,Da Nang,4,56.0
KH12056,33.0,7.1,4.6,sinh_vien,TP HCM,1,54.0
KH12057,25.0,11.7,5.0,nhan_vien,Ha Noi,1,45.0
KH12058,55.0,20.1,17.0,giao_vien,TP HCM,2,74.0
KH12059,35.0,25.9,9.1,kinh_doanh,Ha Noi,2,42.0
KH12060,58.0,7.7,5.1,nhan_vien,Ha Noi,1,79.0
KH12061,41.0,1.9,1.7,sinh_vien,Ha Noi,0,80.0
KH12062,24.0,18.7,12.2,ky_su,Ha Noi,8,59.0
KH12063,27.0,16.0,13.4,ky_su,TP HCM,5,87.0
KH12064,41.0,27.3,23.2,kinh_doanh,Ha Noi,2,85.0
KH12065,67.0,28.3,11.0,kinh_doanh,Ha Noi,2,36.0
KH12066,44.0,2.8,0.5,sinh_vien,TP HCM,0,17.0
KH12067,48.0,5.0,2.7,sinh_vien,Ha Noi,0,65.0
KH12068,38.0,23.3,13.5,giao_vien,Ha Noi,5,51.0
KH12069,31.0,7.6,5.1,giao_vien,Ha Noi,3,70.0
KH12070,40.0,26.5,18.1,nhan_vien,Can Tho,4,80.0
KH12071,29.0,13.8,9.7,nhan_vien,TP HCM,2,76.0
KH12072,31.0,7.0,5.1,giao_vien,Ha Noi,0,71.0
KH12073,18.0,36.8,18.5,ky_su,Ha Noi,5,46.0
KH12074,39.0,37.6,16.1,giao_vien,Can Tho,7,44.0
KH12075,32.0,15.7,11.8,giao_vien,TP HCM,1,69.0
KH12076,44.0,11.7,5.4,giao_vien,Ha Noi,2,51.0
KH12077,41.0,6.8,2.2,nhan_vien,Da Nang,0,33.0
KH12078,41.0,6.6,5.2,nhan_vien,TP HCM,4,72.0
KH12079,32.0,2.9,0.7,sinh_vien,TP HCM,1,24.0
KH12080,39.0,21.1,10.1,ky_su,TP HCM,2,43.0
KH12081,48.0,8.4,6.3,nhan_vien,Ha Noi,3,77.0
KH12082,35.0,9.8,8.2,ky_su,Ha Noi,1,95.0
KH12083,40.0,43.9,23.5,nhan_vien,Ha Noi,5,54.0
KH12084,60.0,25.3,19.1,nhan_vien,Da Nang,9,72.0
KH12085,36.0,21.4,8.6,ky_su,Da Nang,3,36.0
KH12086,43.0,31.7,27.0,kinh_doanh,Da Nang,3,94.0
KH12087,31.0,27.0,18.2,kinh_doanh,Can Tho,4,78.0
KH12088,47.0,17.5,5.9,nhan_vien,Ha Noi,0,35.0
KH12089,33.0,14.0,6.2,giao_vien,Can Tho,3,51.0
KH12090,29.0,22.9,14.1,ky_su,Hai Phong,2,63.0
KH12091,43.0,12.3,9.4,nhan_vien,Hai Phong,0,81.0
KH12092,36.0,43.2,29.5,bac_si,Hai Phong,8,66.0
KH12093,18.0,13.3,9.4,giao_vien,Ha Noi,3,83.0
KH12094,24.0,19.8,9.8,nhan_vien,Ha Noi,0,59.0
KH12095,31.0,19.6,6.1,giao_vien,TP HCM,2,27.0
KH12096,32.0,27.7,18.8,kinh_doanh,Ha Noi,1,56.0
KH12097,27.0,9.6,4.9,giao_vien,TP HCM,1,54.0
KH12098,42.0,12.0,7.7,nhan_vien,TP HCM,4,62.0
KH12099,30.0,13.7,10.1,nhan_vien,Da Nang,0,69.0
KH12100,50.0,23.0,14.3,ky_su,TP HCM,2,61.0
KH12101,35.0,16.5,10.2,nhan_vien,Ha Noi,4,54.0
KH12102,28.0,7.1,5.4,sinh_vien,TP HCM,0,69.0
KH12103,45.0,10.9,8.0,giao_vien,TP HCM,1,66.0
KH12104,26.0,30.4,23.5,nhan_vien,Ha Noi,3,78.0
KH12105,60.0,14.4,5.8,ky_su,Ha Noi,1,46.0
KH12106,29.0,12.5,5.5,nhan_vien,Ha Noi,4,52.0
KH12107,32.0,28.2,19.1,kinh_doanh,Ha Noi,4,71.0
KH12108,33.0,20.5,12.9,ky_su,Ha Noi,2,72.0
KH12109,34.0,10.4,8.5,nhan_vien,Ha Noi,4,90.0
KH12110,57.0,6.3,3.0,sinh_vien,TP HCM,1,51.0
KH12111,41.0,26.4,18.1,nhan_vien,Da Nang,3,56.0
KH12112,37.0,18.1,14.7,nhan_vien,Ha Noi,2,67.0
KH12113,38.0,17.0,16.6,giao_vien,TP HCM,6,93.0
KH12114,34.0,12.1,4.8,giao_vien,TP HCM,3,47.0
KH12115,26.0,22.9,14.7,nhan_vien,Ha Noi,1,54.0
KH12116,49.0,12.7,6.9,nhan_vien,Hai Phong,1,52.0
KH12117,37.0,18.4,11.3,nhan_vien,TP HCM,4,63.0
KH12118,18.0,18.3,8.0,giao_vien,Da Nang,1,50.0
KH12119,34.0,2.7,0.5,sinh_vien,Ha Noi,0,21.0
KH12120,35.0,12.4,11.1,giao_vien,Hai Phong,3,89.0
KH12121,45.0,23.5,9.6,nhan_vien,TP HCM,2,38.0
KH12122,48.0,12.5,9.2,giao_vien,TP HCM,7,74.0
KH12123,52.0,51.5,31.2,kinh_doanh,Ha Noi,3,72.0
KH12124,50.0,8.0,2.4,sinh_vien,Ha Noi,0,35.0
KH12125,42.0,15.2,12.0,giao_vien,Da Nang,2,74.0
KH12126,33.0,10.6,4.0,nhan_vien,Can Tho,0,32.0
KH12127,29.0,17.5,12.9,giao_vien,Can Tho,8,77.0
KH12128,32.0,25.5,15.9,nhan_vien,Ha Noi,1,73.0
KH12129,61.0,16.5,8.2,kinh_doanh,TP HCM,0,55.0
KH12130,27.0,29.8,22.0,giao_vien,Ha Noi,4,74.0
KH12131,28.0,14.4,12.2,giao_vien,TP HCM,3,70.0
KH12132,42.0,18.0,11.6,bac_si,TP HCM,2,53.0
KH12133,25.0,16.0,12.2,giao_vien,Ha Noi,3,69.0
KH12134,24.0,30.1,19.5,giao_vien,Ha Noi,2,63.0
KH12135,45.0,9.6,8.7,nhan_vien,TP HCM,2,100.0
KH12136,32.0,69.8,38.7,kinh_doanh,TP HCM,13,52.0
KH12137,29.0,29.4,23.8,kinh_doanh,TP HCM,11,97.0
KH12138,31.0,11.3,5.0,giao_vien,TP HCM,2,38.0
KH12139,60.0,9.9,9.5,nhan_vien,Ha Noi,1,100.0
KH12140,40.0,18.3,15.9,kinh_doanh,Ha Noi,0,74.0
KH12141,33.0,16.5,10.6,ky_su,TP HCM,5,65.0
KH12142,37.0,22.8,13.5,nhan_vien,TP HCM,8,64.0
KH12143,30.0,8.8,1.8,nhan_vien,Ha Noi,1,19.0
KH12144,47.0,5.7,1.1,giao_vien,TP HCM,0,16.0
KH12145,21.0,12.1,10.9,nhan_vien,TP HCM,3,88.0
KH12146,31.0,12.6,5.3,giao_vien,TP HCM,3,39.0
KH12147,25.0,23.5,8.6,kinh_doanh,Ha Noi,3,32.0
KH12148,18.0,27.1,15.8,kinh_doanh,TP HCM,7,47.0
KH12149,27.0,11.8,7.6,kinh_doanh,Da Nang,2,77.0
KH12150,43.0,26.1,20.9,kinh_doanh,Ha Noi,6,78.0
KH12151,45.0,6.8,2.2,giao_vien,Ha Noi,0,36.0
KH12152,45.0,15.4,9.8,ky_su,Da Nang,1,51.0
KH12153,36.0,10.2,13.4,giao_vien,TP HCM,4,100.0
KH12154,26.0,14.6,5.4,nhan_vien,Ha Noi,0,33.0
KH12155,51.0,18.4,9.0,kinh_doanh,Ha Noi,6,44.0
KH12156,23.0,17.5,6.0,nhan_vien,Da Nang,1,36.0
KH12157,32.0,7.1,0.8,sinh_vien,TP HCM,0,13.0
KH12158,36.0,25.4,17.3,kinh_doanh,Hai Phong,6,70.0
KH12159,38.0,9.4,3.8,nhan_vien,TP HCM,1,40.0
KH12160,37.0,12.1,10.3,nhan_vien,TP HCM,3,92.0
KH12161,32.0,15.9,14.5,ky_su,Da Nang,2,87.0
KH12162,41.0,20.6,5.1,ky_su,Da Nang,1,25.0
KH12163,41.0,4.4,0.5,sinh_vien,TP HCM,0,11.0
KH12164,18.0,18.6,11.4,ky_su,Can Tho,5,56.0
KH12165,48.0,3.9,4.0,sinh_vien,Ha Noi,4,100.0
KH12166,48.0,13.2,4.4,nhan_vien,TP HCM,1,33.0
KH12167,20.0,14.8,9.5,ky_su,Ha Noi,2,77.0
KH12168,28.0,8.2,3.3,nhan_vien,Da Nang,1,33.0
KH12169,49.0,9.6,8.4,giao_vien,Ha Noi,2,99.0
KH12170,29.0,10.6,10.9,nhan_vien,Da Nang,2,100.0
KH12171,31.0,25.7,14.6,nhan_vien,Ha Noi,2,61.0
KH12172,47.0,22.3,12.4,ky_su,Ha Noi,4,59.0
KH12173,35.0,14.9,10.9,nhan_vien,Can Tho,1,67.0
KH12174,25.0,23.6,18.3,kinh_doanh,Hai Phong,6,76.0
KH12175,55.0,21.8,13.2,nhan_vien,Ha Noi,8,64.0
KH12176,55.0,6.9,2.6,nhan_vien,Ha Noi,1,34.0
KH12177,26.0,21.2,16.1,bac_si,Da Nang,7,84.0
KH12178,39.0,8.5,3.4,sinh_vien,TP HCM,3,41.0
KH12179,18.0,47.5,29.4,ky_su,Can Tho,6,67.0
KH12180,29.0,20.8,13.7,ky_su,TP HCM,5,72.0
KH12181,45.0,7.2,2.5,nhan_vien,Ha Noi,0,29.0
KH12182,33.0,6.7,6.4,nhan_vien,Ha Noi,1,81.0
KH12183,27.0,17.2,7.7,ky_su,TP HCM,0,51.0
KH12184,33.0,17.3,7.5,ky_su,TP HCM,2,37.0
KH12185,42.0,21.5,9.7,ky_su,Can Tho,0,38.0
KH12186,33.0,15.4,4.3,kinh_doanh,Can Tho,2,23.0
KH12187,42.0,20.3,15.6,giao_vien,TP HCM,2,80.0
KH12188,24.0,15.3,10.0,nhan_vien,Ha Noi,2,70.0
KH12189,31.0,13.8,6.6,nhan_vien,Ha Noi,4,51.0
KH12190,48.0,17.2,12.0,giao_vien,TP HCM,0,69.0
KH12191,48.0,19.0,12.6,bac_si,Hai Phong,1,75.0
KH12192,43.0,27.0,15.6,kinh_doanh,Ha Noi,4,66.0
KH12193,40.0,5.4,3.1,nhan_vien,Da Nang,0,63.0
KH12194,25.0,29.0,8.5,nhan_vien,TP HCM,2,24.0
KH12195,39.0,11.1,5.1,nhan_vien,TP HCM,0,51.0
KH12196,27.0,20.1,8.6,giao_vien,Can Tho,2,46.0
KH12197,41.0,15.5,13.5,kinh_doanh,TP HCM,1,95.0
KH12198,33.0,32.3,26.0,ky_su,TP HCM,5,88.0
KH12199,19.0,24.2,14.3,kinh_doanh,Hai Phong,5,64.0
KH12200,40.0,14.4,5.7,nhan_vien,TP HCM,3,46.0
KH12201,26.0,10.3,4.8,ky_su,Can Tho,1,48.0
KH12202,53.0,36.3,29.0,kinh_doanh,Ha Noi,7,78.0
KH12203,43.0,3.9,2.3,sinh_vien,Da Nang,2,56.0
KH12204,41.0,25.3,18.5,kinh_doanh,Hai Phong,6,68.0
KH12205,46.0,24.6,20.5,kinh_doanh,TP HCM,5,97.0
KH12206,31.0,58.5,25.1,kinh_doanh,TP HCM,7,48.0
KH12207,36.0,18.2,10.0,giao_vien,Ha Noi,2,64.0
KH12208,37.0,11.2,3.4,nhan_vien,TP HCM,0,32.0
KH12209,41.0,14.7,6.3,ky_su,TP HCM,0,47.0
KH12210,37.0,32.3,22.9,ky_su,Da Nang,5,57.0
KH12211,29.0,17.0,15.8,kinh_doanh,Ha Noi,5,100.0
KH12212,24.0,8.1,4.7,ky_su,TP HCM,2,61.0
KH12213,33.0,12.1,6.7,nhan_vien,Da Nang,2,48.0
KH12214,55.0,15.3,8.5,kinh_doanh,Da Nang,1,54.0
KH12215,53.0,4.4,0.7,sinh_vien,Hai Phong,0,17.0
KH12216,44.0,21.9,12.3,ky_su,Ha Noi,1,62.0
KH12217,46.0,33.7,14.0,bac_si,TP HCM,5,41.0
KH12218,50.0,40.9,29.7,ky_su,Da Nang,6,76.0
KH12219,42.0,17.4,9.1,giao_vien,Ha Noi,4,48.0
KH12220,33.0,24.7,9.9,ky_su,Can Tho,0,48.0
KH12221,50.0,2.2,0.5,sinh_vien,Ha Noi,1,24.0
KH12222,43.0,18.7,14.2,ky_su,TP HCM,4,64.0
KH12223,43.0,72.2,34.1,ky_su,TP HCM,12,52.0
KH12224,58.0,16.2,11.4,giao_vien,TP HCM,3,82.0
KH12225,37.0,25.7,19.8,nhan_vien,Ha Noi,3,83.0
KH12226,40.0,11.3,11.1,nhan_vien,TP HCM,4,79.0
KH12227,29.0,6.3,3.8,sinh_vien,Ha Noi,1,69.0
KH12228,24.0,16.0,12.1,nhan_vien,Can Tho,3,62.0
KH12229,32.0,21.8,17.2,giao_vien,Da Nang,4,79.0
KH12230,40.0,16.7,13.4,nhan_vien,Da Nang,1,89.0
KH12231,42.0,20.3,15.6,nhan_vien,TP HCM,5,75.0
KH12232,50.0,6.2,3.8,giao_vien,Da Nang,1,66.0
KH12233,54.0,14.1,5.2,kinh_doanh,TP HCM,0,40.0
KH12234,33.0,9.3,3.3,nhan_vien,TP HCM,0,35.0
KH12235,26.0,37.9,24.8,kinh_doanh,Ha Noi,11,71.0
KH12236,57.0,2.0,4.3,sinh_vien,TP HCM,0,100.0
KH12237,40.0,39.0,25.1,kinh_doanh,Can Tho,8,68.0
KH12238,41.0,4.9,3.8,sinh_vien,Ha Noi,3,63.0
KH12239,23.0,18.2,6.0,kinh_doanh,Da Nang,1,35.0
KH12240,47.0,20.1,10.2,ky_su,TP HCM,3,44.0
KH12241,37.0,10.6,3.1,nhan_vien,TP HCM,3,27.0
KH12242,40.0,11.1,3.9,giao_vien,Da Nang,1,33.0
KH12243,21.0,12.5,11.1,nhan_vien,TP HCM,0,77.0
KH12244,32.0,4.2,2.1,nhan_vien,Hai Phong,0,56.0
KH12245,18.0,8.4,1.9,nhan_vien,TP HCM,0,23.0
KH12246,51.0,29.4,23.3,kinh_doanh,Hai Phong,7,64.0
KH12247,33.0,19.0,16.4,kinh_doanh,TP HCM,3,91.0
KH12248,50.0,22.1,13.4,bac_si,Da Nang,4,55.0
KH12249,22.0,17.8,13.4,nhan_vien,Ha Noi,4,87.0
KH12250,44.0,5.1,5.5,nhan_vien,TP HCM,2,97.0
KH12251,37.0,22.9,15.4,ky_su,Hai Phong,3,66.0
KH12252,44.0,36.0,28.5,kinh_doanh,Hai Phong,9,70.0
KH12253,44.0,19.1,7.4,nhan_vien,Da Nang,2,36.0
KH12254,30.0,24.4,11.5,bac_si,Hai Phong,1,54.0
KH12255,28.0,4.8,3.8,sinh_vien,TP HCM,5,68.0
KH12256,27.0,21.9,9.7,ky_su,Da Nang,2,38.0
KH12257,47.0,6.2,4.9,nhan_vien,Can Tho,2,89.0
KH12258,30.0,13.6,5.8,ky_su,TP HCM,2,45.0
KH12259,43.0,11.1,5.7,giao_vien,Hai Phong,2,54.0
KH12260,38.0,30.2,10.2,ky_su,Ha Noi,3,33.0
KH12261,39.0,5.6,6.3,sinh_vien,TP HCM,0,100.0
KH12262,44.0,24.1,18.7,giao_vien,Can Tho,6,63.0
KH12263,34.0,17.7,8.7,nhan_vien,TP HCM,2,47.0
KH12264,26.0,16.7,12.7,nhan_vien,TP HCM,5,77.0
KH12265,29.0,13.0,8.2,kinh_doanh,TP HCM,3,73.0
KH12266,18.0,7.9,2.9,sinh_vien,Can Tho,1,31.0
KH12267,33.0,22.8,9.4,bac_si,Can Tho,3,43.0
KH12268,45.0,49.0,23.7,giao_vien,Can Tho,6,44.0
KH12269,69.0,16.3,12.9,nhan_vien,Ha Noi,6,81.0
KH12270,51.0,5.7,2.6,nhan_vien,TP HCM,0,41.0
KH12271,53.0,34.3,23.5,ky_su,TP HCM,4,60.0
KH12272,50.0,7.4,5.6,giao_vien,TP HCM,2,74.0
KH12273,34.0,8.8,6.9,ky_su,Can Tho,0,93.0
KH12274,52.0,20.0,13.1,giao_vien,Hai Phong,5,75.0
KH12275,49.0,8.5,6.5,kinh_doanh,Ha Noi,2,65.0
KH12276,53.0,13.1,10.6,kinh_doanh,TP HCM,0,66.0
KH12277,34.0,21.4,15.0,ky_su,Da Nang,3,82.0
KH12278,34.0,19.9,15.0,kinh_doanh,Ha Noi,4,64.0
KH12279,26.0,33.0,13.9,giao_vien,Ha Noi,7,43.0
KH12280,18.0,4.1,5.5,nhan_vien,Ha Noi,0,100.0
KH12281,22.0,81.7,34.3,ky_su,Da Nang,11,50.0
KH12282,50.0,22.8,7.7,kinh_doanh,Ha Noi,2,31.0
KH12283,40.0,15.3,7.9,giao_vien,TP HCM,4,52.0
KH12284,43.0,10.5,7.6,kinh_doanh,TP HCM,2,68.0
KH12285,37.0,14.3,8.4,nhan_vien,Ha Noi,0,68.0
KH12286,35.0,25.0,16.0,bac_si,Hai Phong,7,60.0
KH12287,27.0,8.4,7.4,giao_vien,Ha Noi,2,75.0
KH12288,38.0,34.6,18.4,kinh_doanh,Da Nang,4,60.0
KH12289,32.0,42.2,16.9,kinh_doanh,TP HCM,5,44.0
KH12290,38.0,25.0,20.9,nhan_vien,Da Nang,7,82.0
KH12291,31.0,31.5,21.4,bac_si,TP HCM,3,75.0
KH12292,31.0,15.9,9.4,nhan_vien,Ha Noi,3,65.0
KH12293,66.0,55.6,34.2,ky_su,Da Nang,13,71.0
KH12294,26.0,13.2,9.1,nhan_vien,Ha Noi,1,70.0
KH12295,49.0,3.8,3.9,sinh_vien,TP HCM,1,100.0
KH12296,33.0,17.4,11.1,nhan_vien,Can Tho,6,75.0
KH12297,39.0,5.2,2.3,giao_vien,TP HCM,2,44.0
KH12298,46.0,20.0,15.4,kinh_doanh,TP HCM,4,62.0
KH12299,53.0,9.6,4.1,nhan_vien,TP HCM,2,46.0
KH12300,33.0,42.7,23.0,nhan_vien,TP HCM,4,44.0
KH12301,45.0,19.8,10.1,nhan_vien,TP HCM,3,60.0
KH12302,38.0,10.3,6.1,giao_vien,Da Nang,0,56.0
KH12303,53.0,14.5,10.0,ky_su,Da Nang,4,77.0
KH12304,42.0,21.8,14.6,ky_su,Da Nang,3,55.0
KH12305,26.0,21.1,9.0,nhan_vien,Hai Phong,4,39.0
KH12306,43.0,17.2,11.3,kinh_doanh,TP HCM,4,77.0
KH12307,31.0,10.4,6.7,nhan_vien,TP HCM,1,74.0
KH12308,31.0,20.9,11.2,kinh_doanh,TP HCM,2,49.0
KH12309,33.0,14.2,10.0,kinh_doanh,Ha Noi,1,70.0
KH12310,29.0,14.6,10.9,bac_si,Ha Noi,2,84.0
KH12311,35.0,12.6,9.8,nhan_vien,TP HCM,1,79.0
KH12312,19.0,8.0,5.0,sinh_vien,TP HCM,0,63.0
KH12313,25.0,15.5,12.7,nhan_vien,Ha Noi,3,69.0
KH12314,56.0,51.1,38.1,kinh_doanh,TP HCM,7,71.0
KH12315,18.0,18.9,17.1,kinh_doanh,Da Nang,3,90.0
KH12316,18.0,14.9,11.6,nhan_vien,Da Nang,3,79.0
KH12317,41.0,3.8,0.5,sinh_vien,TP HCM,0,14.0
KH12318,31.0,13.2,6.3,bac_si,TP HCM,1,52.0
KH12319,34.0,44.9,29.5,ky_su,Ha Noi,9,71.0
KH12320,46.0,10.0,5.7,nhan_vien,Ha Noi,2,49.0
KH12321,26.0,26.2,18.5,ky_su,Da Nang,6,70.0
KH12322,37.0,5.1,4.3,nhan_vien,Ha Noi,0,92.0
KH12323,55.0,10.3,6.1,nhan_vien,Hai Phong,1,57.0
KH12324,29.0,24.9,20.8,nhan_vien,Can Tho,4,74.0
KH12325,37.0,14.9,8.9,giao_vien,Ha Noi,0,66.0
KH12326,44.0,29.4,11.9,ky_su,TP HCM,5,40.0
KH12327,46.0,33.6,15.9,bac_si,Ha Noi,7,46.0
KH12328,34.0,32.9,11.8,ky_su,Hai Phong,1,38.0
KH12329,35.0,34.6,13.5,kinh_doanh,TP HCM,4,45.0
KH12330,31.0,15.3,6.6,nhan_vien,Can Tho,1,49.0
KH12331,40.0,43.1,31.5,ky_su,TP HCM,8,85.0
KH12332,29.0,8.0,4.8,nhan_vien,TP HCM,2,67.0
KH12333,24.0,23.7,17.1,ky_su,TP HCM,2,87.0
KH12334,30.0,13.4,13.6,giao_vien,Da Nang,7,87.0
KH12335,42.0,18.8,13.0,ky_su,Ha Noi,2,74.0
KH12336,38.0,22.6,19.0,giao_vien,Ha Noi,5,84.0
KH12337,29.0,17.4,12.3,nhan_vien,Can Tho,1,82.0
KH12338,29.0,24.4,22.5,ky_su,Ha Noi,7,90.0
KH12339,28.0,8.8,7.7,nhan_vien,TP HCM,2,76.0
KH12340,29.0,32.4,18.6,kinh_doanh,Ha Noi,3,49.0
KH12341,40.0,4.8,4.4,sinh_vien,TP HCM,2,77.0
KH12342,31.0,48.5,23.0,bac_si,Hai Phong,8,48.0
KH12343,47.0,15.1,7.0,giao_vien,Ha Noi,1,39.0
KH12344,37.0,19.5,13.7,kinh_doanh,Can Tho,4,57.0
KH12345,40.0,17.0,11.9,nhan_vien,TP HCM,4,60.0
KH12346,45.0,6.8,5.3,nhan_vien,Da Nang,2,90.0
KH12347,32.0,35.7,29.6,ky_su,Da Nang,6,95.0
KH12348,39.0,9.3,7.6,nhan_vien,Ha Noi,1,71.0
KH12349,47.0,31.5,27.4,ky_su,Hai Phong,6,91.0
KH12350,33.0,32.8,9.7,ky_su,Ha Noi,2,28.0
KH12351,36.0,27.2,12.4,kinh_doanh,Ha Noi,3,51.0
KH12352,29.0,36.5,30.3,kinh_doanh,Da Nang,9,94.0
KH12353,39.0,24.6,14.1,ky_su,Ha Noi,4,62.0
KH12354,25.0,31.5,17.2,nhan_vien,Ha Noi,8,51.0
KH12355,34.0,14.1,9.2,kinh_doanh,TP HCM,4,59.0
KH12356,18.0,21.4,15.2,nhan_vien,TP HCM,2,74.0
KH12357,23.0,30.4,10.6,giao_vien,TP HCM,4,32.0
KH12358,46.0,33.5,13.8,kinh_doanh,Da Nang,3,43.0
KH12359,44.0,33.4,24.4,kinh_doanh,Da Nang,5,79.0
KH12360,34.0,13.3,5.7,ky_su,Da Nang,1,43.0
KH12361,41.0,23.1,13.6,bac_si,Ha Noi,2,62.0
KH12362,42.0,12.3,7.2,giao_vien,TP HCM,2,56.0
KH12363,49.0,16.8,9.0,kinh_doanh,TP HCM,0,61.0
KH12364,28.0,14.1,2.6,kinh_doanh,TP HCM,1,21.0
KH12365,40.0,15.0,7.5,giao_vien,Can Tho,0,59.0
KH12366,36.0,12.1,4.3,nhan_vien,TP HCM,2,39.0
KH12367,48.0,26.3,14.2,bac_si,Hai Phong,2,45.0
KH12368,43.0,15.1,5.0,nhan_vien,Can Tho,0,36.0
KH12369,41.0,24.9,18.7,kinh_doanh,Ha Noi,4,65.0
KH12370,57.0,19.3,7.5,ky_su,TP HCM,1,45.0
KH12371,21.0,30.6,15.5,ky_su,TP HCM,3,56.0
KH12372,48.0,41.1,18.6,ky_su,Ha Noi,3,37.0
KH12373,27.0,15.5,10.3,kinh_doanh,TP HCM,3,76.0
KH12374,24.0,9.4,1.5,sinh_vien,Hai Phong,0,13.0
KH12375,35.0,7.7,5.9,sinh_vien,Ha Noi,2,69.0
KH12376,39.0,46.1,28.4,ky_su,Da Nang,3,72.0
KH12377,29.0,23.8,15.7,giao_vien,Da Nang,8,66.0
KH12378,18.0,7.0,3.2,sinh_vien,Hai Phong,0,42.0
KH12379,56.0,45.3,32.7,kinh_doanh,Can Tho,8,67.0
KH12380,55.0,24.8,11.1,bac_si,Hai Phong,2,43.0
KH12381,56.0,13.4,12.8,kinh_doanh,Can Tho,4,94.0
KH12382,18.0,22.0,8.7,ky_su,Ha Noi,3,39.0
KH12383,50.0,12.8,5.2,nhan_vien,Da Nang,2,47.0
KH12384,33.0,17.8,14.7,nhan_vien,Hai Phong,3,85.0
KH12385,25.0,41.7,26.6,kinh_doanh,Ha Noi,5,72.0
KH12386,42.0,25.8,18.8,nhan_vien,TP HCM,3,66.0
KH12387,53.0,34.1,24.3,nhan_vien,TP HCM,6,61.0
KH12388,48.0,4.2,4.8,sinh_vien,TP HCM,2,100.0
KH12389,31.0,4.1,3.4,sinh_vien,Da Nang,0,84.0
KH12390,45.0,16.2,10.0,nhan_vien,TP HCM,0,59.0
KH12391,21.0,10.3,7.0,nhan_vien,Hai Phong,1,69.0
KH12392,24.0,12.5,8.0,nhan_vien,Ha Noi,3,70.0
KH12393,46.0,16.2,10.4,nhan_vien,TP HCM,2,52.0
KH12394,51.0,9.5,3.1,giao_vien,Da Nang,1,30.0
KH12395,46.0,57.4,29.3,bac_si,TP HCM,5,41.0
KH12396,39.0,19.6,18.4,nhan_vien,Da Nang,5,97.0
KH12397,34.0,22.1,8.1,kinh_doanh,TP HCM,2,39.0
KH12398,23.0,18.0,12.2,giao_vien,TP HCM,5,60.0
KH12399,58.0,18.0,6.9,nhan_vien,Ha Noi,3,41.0
KH12400,53.0,15.1,7.0,nhan_vien,TP HCM,5,44.0
KH12401,47.0,4.7,2.9,nhan_vien,Can Tho,0,67.0
KH12402,59.0,17.7,11.2,kinh_doanh,TP HCM,2,61.0
KH12403,47.0,31.0,26.6,ky_su,TP HCM,5,97.0
KH12404,18.0,26.6,14.7,kinh_doanh,TP HCM,4,60.0
KH12405,24.0,11.7,8.4,nhan_vien,Can Tho,2,84.0
KH12406,52.0,33.7,16.2,ky_su,Ha Noi,1,41.0
KH12407,33.0,20.4,15.8,ky_su,Ha Noi,2,69.0
KH12408,45.0,42.0,30.3,kinh_doanh,TP HCM,9,84.0
KH12409,56.0,17.7,10.8,nhan_vien,Can Tho,1,61.0
KH12410,36.0,12.6,6.4,giao_vien,Can Tho,0,58.0
KH12411,51.0,17.2,11.7,nhan_vien,TP HCM,3,71.0
KH12412,52.0,9.5,3.8,ky_su,Hai Phong,1,39.0
KH12413,40.0,23.8,12.5,nhan_vien,Da Nang,3,53.0
KH12414,37.0,31.8,25.7,giao_vien,TP HCM,2,95.0
KH12415,51.0,28.1,20.2,ky_su,TP HCM,4,67.0
KH12416,38.0,43.9,36.8,bac_si,TP HCM,7,94.0
KH12417,21.0,3.5,1.8,sinh_vien,TP HCM,0,43.0
KH12418,42.0,11.8,8.3,nhan_vien,TP HCM,1,82.0
KH12419,32.0,13.9,6.1,giao_vien,Can Tho,2,37.0
KH12420,23.0,8.9,4.6,giao_vien,Ha Noi,1,44.0
KH12421,46.0,8.2,2.8,kinh_doanh,TP HCM,1,28.0
KH12422,21.0,13.0,8.3,nhan_vien,Can Tho,4,74.0
KH12423,18.0,30.3,12.1,ky_su,Ha Noi,2,36.0
KH12424,37.0,6.1,5.1,nhan_vien,TP HCM,0,96.0
KH12425,18.0,12.7,9.8,nhan_vien,TP HCM,3,82.0
KH12426,23.0,23.4,16.0,ky_su,Ha Noi,3,70.0
KH12427,25.0,8.2,3.0,nhan_vien,TP HCM,1,36.0
KH12428,41.0,18.4,6.2,giao_vien,Da Nang,2,40.0
KH12429,22.0,22.7,14.2,giao_vien,Can Tho,7,52.0
KH12430,28.0,42.7,24.1,nhan_vien,Ha Noi,6,51.0
KH12431,34.0,30.2,15.0,bac_si,TP HCM,4,58.0
KH12432,31.0,7.2,2.6,giao_vien,TP HCM,3,42.0
KH12433,40.0,18.4,11.3,giao_vien,TP HCM,4,57.0
KH12434,40.0,15.0,8.2,kinh_doanh,Ha Noi,3,58.0
KH12435,52.0,41.1,24.1,kinh_doanh,Ha Noi,5,58.0
KH12436,20.0,8.2,7.3,nhan_vien,TP HCM,2,72.0
KH12437,33.0,18.1,9.2,nhan_vien,TP HCM,1,52.0
KH12438,41.0,23.3,13.7,ky_su,Can Tho,2,58.0
KH12439,18.0,9.3,6.7,giao_vien,Ha Noi,2,70.0
KH12440,35.0,27.2,17.7,kinh_doanh,TP HCM,5,72.0
KH12441,37.0,22.3,11.3,kinh_doanh,TP HCM,5,56.0
KH12442,52.0,11.8,11.5,giao_vien,Can Tho,4,100.0
KH12443,38.0,23.6,20.1,nhan_vien,Ha Noi,4,77.0
KH12444,33.0,30.0,16.3,ky_su,Ha Noi,3,54.0
KH12445,18.0,22.2,15.3,giao_vien,Can Tho,1,72.0
KH12446,55.0,17.5,8.3,nhan_vien,Ha Noi,4,42.0
KH12447,36.0,39.9,26.8,bac_si,TP HCM,4,77.0
KH12448,46.0,12.0,3.3,ky_su,TP HCM,0,32.0
KH12449,30.0,7.8,4.2,giao_vien,Hai Phong,2,53.0
KH12450,25.0,11.0,4.6,giao_vien,TP HCM,3,44.0
KH12451,30.0,49.7,21.2,bac_si,Hai Phong,3,45.0
KH12452,30.0,10.3,6.0,nhan_vien,Ha Noi,1,57.0
KH12453,57.0,7.1,4.4,sinh_vien,Can Tho,1,63.0
KH12454,22.0,27.3,20.6,ky_su,TP HCM,2,79.0
KH12455,45.0,10.7,4.9,giao_vien,TP HCM,1,39.0
KH12456,49.0,48.9,28.3,kinh_doanh,Ha Noi,6,48.0
KH12457,28.0,23.2,14.4,nhan_vien,Can Tho,2,65.0
KH12458,23.0,18.6,13.1,kinh_doanh,Ha Noi,2,79.0
KH12459,34.0,10.5,7.5,nhan_vien,TP HCM,0,84.0
KH12460,18.0,9.1,4.2,sinh_vien,Hai Phong,2,44.0
KH12461,47.0,2.5,3.6,sinh_vien,TP HCM,0,100.0
KH12462,45.0,18.5,14.1,giao_vien,TP HCM,4,70.0
KH12463,44.0,14.8,6.4,kinh_doanh,TP HCM,2,44.0
KH12464,35.0,16.1,11.5,ky_su,TP HCM,6,84.0
KH12465,44.0,13.5,9.5,ky_su,TP HCM,1,57.0
KH12466,45.0,20.4,10.4,ky_su,Da Nang,1,50.0
KH12467,54.0,16.7,13.2,ky_su,Ha Noi,0,77.0
KH12468,30.0,37.0,24.7,kinh_doanh,Ha Noi,5,66.0
KH12469,62.0,10.9,8.4,nhan_vien,TP HCM,1,76.0
KH12470,36.0,22.2,14.0,giao_vien,Da Nang,0,64.0
KH12471,46.0,8.3,3.0,sinh_vien,Hai Phong,3,36.0
KH12472,51.0,20.8,12.9,ky_su,TP HCM,3,65.0
KH12473,30.0,19.5,14.5,kinh_doanh,TP HCM,6,63.0
KH12474,37.0,46.6,19.8,bac_si,TP HCM,6,35.0
KH12475,32.0,27.3,16.1,kinh_doanh,Ha Noi,7,55.0
KH12476,33.0,10.6,6.2,giao_vien,Ha Noi,0,62.0
KH12477,35.0,27.5,15.1,giao_vien,Ha Noi,1,57.0
KH12478,18.0,10.7,5.4,giao_vien,Ha Noi,0,51.0
KH12479,34.0,11.5,11.2,sinh_vien,Ha Noi,2,80.0
KH12480,30.0,14.8,7.7,nhan_vien,Hai Phong,2,53.0
KH12481,37.0,11.9,6.9,nhan_vien,TP HCM,3,62.0
KH12482,28.0,2.9,2.9,sinh_vien,Ha Noi,0,89.0
KH12483,54.0,21.7,12.7,giao_vien,Ha Noi,5,49.0
KH12484,53.0,20.0,11.8,kinh_doanh,Can Tho,1,51.0
KH12485,19.0,62.9,32.2,kinh_doanh,Da Nang,11,50.0
KH12486,25.0,22.4,10.7,bac_si,Ha Noi,1,57.0
KH12487,48.0,30.5,19.4,bac_si,Hai Phong,6,52.0
KH12488,45.0,9.3,4.5,bac_si,TP HCM,0,51.0
KH12489,40.0,12.1,6.9,ky_su,Ha Noi,2,55.0
KH12490,34.0,8.0,1.8,nhan_vien,Ha Noi,0,23.0
KH12491,30.0,49.1,38.3,kinh_doanh,TP HCM,7,79.0
KH12492,18.0,23.0,11.7,nhan_vien,TP HCM,1,57.0
KH12493,47.0,13.7,6.0,kinh_doanh,TP HCM,1,51.0
KH12494,32.0,4.8,0.7,giao_vien,Hai Phong,0,13.0
KH12495,44.0,9.5,3.2,giao_vien,TP HCM,1,37.0
KH12496,27.0,41.6,32.9,nhan_vien,TP HCM,7,64.0
KH12497,44.0,21.5,7.2,kinh_doanh,TP HCM,2,31.0
KH12498,47.0,10.6,6.4,nhan_vien,Can Tho,2,58.0
KH12499,55.0,13.7,6.8,giao_vien,TP HCM,1,52.0
KH12500,34.0,23.1,15.4,giao_vien,Da Nang,6,56.0
KH12501,24.0,5.1,3.1,sinh_vien,TP HCM,2,56.0
KH12502,18.0,21.1,16.4,nhan_vien,Ha Noi,6,77.0
KH12503,20.0,15.8,6.7,ky_su,Ha Noi,2,39.0
KH12504,25.0,8.1,5.1,nhan_vien,Ha Noi,1,61.0
KH12505,40.0,22.0,10.6,kinh_doanh,Ha Noi,4,54.0
KH12506,30.0,42.1,24.7,bac_si,TP HCM,6,56.0
KH12507,29.0,18.3,7.3,nhan_vien,Da Nang,1,35.0
KH12508,37.0,34.1,18.4,nhan_vien,Ha Noi,6,49.0
KH12509,35.0,7.4,4.4,sinh_vien,Ha Noi,3,63.0
KH12510,34.0,17.7,14.6,nhan_vien,Ha Noi,7,86.0
KH12511,45.0,23.9,18.6,nhan_vien,TP HCM,6,72.0
KH12512,32.0,14.1,8.5,nhan_vien,Ha Noi,1,53.0
KH12513,19.0,29.0,13.0,kinh_doanh,Ha Noi,3,54.0
KH12514,53.0,15.5,11.7,giao_vien,Can Tho,6,67.0
KH12515,43.0,61.7,44.6,ky_su,TP HCM,12,75.0
KH12516,31.0,13.1,10.1,giao_vien,Can Tho,4,89.0
KH12517,42.0,31.8,18.3,kinh_doanh,Hai Phong,6,47.0
KH12518,36.0,11.6,8.9,giao_vien,Hai Phong,7,89.0
KH12519,52.0,17.0,10.6,kinh_doanh,Can Tho,5,74.0
KH12520,41.0,8.8,3.7,sinh_vien,Can Tho,0,42.0
KH12521,42.0,16.0,10.8,giao_vien,TP HCM,1,60.0
KH12522,34.0,24.4,13.3,ky_su,Ha Noi,4,59.0
KH12523,30.0,5.9,4.5,sinh_vien,TP HCM,1,66.0
KH12524,23.0,19.3,13.3,kinh_doanh,Hai Phong,1,56.0
KH12525,24.0,15.3,8.0,nhan_vien,TP HCM,4,61.0
KH12526,46.0,13.4,8.5,nhan_vien,TP HCM,2,65.0
KH12527,33.0,11.8,1.3,kinh_doanh,TP HCM,1,10.0
KH12528,33.0,39.0,17.7,bac_si,Ha Noi,5,44.0
KH12529,29.0,15.6,11.4,giao_vien,TP HCM,6,81.0
KH12530,27.0,18.4,13.2,nhan_vien,Ha Noi,3,82.0
KH12531,28.0,30.8,15.7,kinh_doanh,TP HCM,3,53.0
KH12532,57.0,25.6,18.9,kinh_doanh,Ha Noi,2,85.0
KH12533,35.0,17.9,12.3,nhan_vien,TP HCM,2,75.0
KH12534,45.0,9.7,9.4,giao_vien,Ha Noi,1,99.0
KH12535,41.0,13.8,6.0,ky_su,TP HCM,2,35.0
KH12536,31.0,10.2,5.3,nhan_vien,Can Tho,2,59.0
KH12537,41.0,12.7,8.5,nhan_vien,Can Tho,1,65.0
KH12538,27.0,8.4,3.6,nhan_vien,Ha Noi,1,37.0
KH12539,34.0,19.8,9.5,kinh_doanh,TP HCM,2,40.0
KH12540,33.0,36.6,18.8,ky_su,Ha Noi,5,46.0
KH12541,57.0,81.4,66.7,bac_si,Ha Noi,16,96.0
KH12542,46.0,17.4,13.1,giao_vien,Ha Noi,2,67.0
KH12543,31.0,12.3,7.2,nhan_vien,Ha Noi,3,67.0
KH12544,25.0,20.2,7.6,bac_si,Ha Noi,2,37.0
KH12545,57.0,23.4,12.1,nhan_vien,TP HCM,5,42.0
KH12546,42.0,18.9,7.3,nhan_vien,Ha Noi,0,33.0
KH12547,30.0,27.5,9.7,kinh_doanh,Hai Phong,2,36.0
KH12548,20.0,22.2,17.6,bac_si,TP HCM,2,92.0
KH12549,29.0,12.2,6.2,giao_vien,Can Tho,0,52.0
KH12550,69.0,4.5,4.4,sinh_vien,Hai Phong,0,100.0
KH12551,38.0,26.4,14.6,nhan_vien,Ha Noi,7,51.0
KH12552,35.0,8.4,3.6,giao_vien,TP HCM,0,39.0
KH12553,66.0,14.3,8.4,giao_vien,TP HCM,1,67.0
KH12554,41.0,8.2,2.5,nhan_vien,Can Tho,2,29.0
KH12555,37.0,22.1,9.5,ky_su,Ha Noi,4,37.0
KH12556,30.0,22.9,11.2,giao_vien,TP HCM,2,41.0
KH12557,42.0,18.2,7.0,kinh_doanh,Da Nang,0,45.0
KH12558,35.0,4.7,2.3,sinh_vien,Hai Phong,0,57.0
KH12559,35.0,27.2,17.3,kinh_doanh,Ha Noi,2,65.0
KH12560,28.0,53.7,43.2,kinh_doanh,Ha Noi,13,78.0
KH12561,59.0,14.5,9.7,giao_vien,TP HCM,4,57.0
KH12562,60.0,34.3,20.7,ky_su,Ha Noi,7,65.0
KH12563,41.0,9.8,7.5,giao_vien,Hai Phong,0,92.0
KH12564,59.0,7.9,5.3,sinh_vien,Ha Noi,1,61.0
KH12565,29.0,19.7,12.6,nhan_vien,Ha Noi,4,72.0
KH12566,45.0,13.0,2.7,ky_su,TP HCM,2,17.0
KH12567,41.0,6.9,4.0,sinh_vien,Da Nang,1,47.0
KH12568,22.0,9.5,7.1,nhan_vien,TP HCM,0,73.0
KH12569,39.0,72.0,54.9,ky_su,TP HCM,10,69.0
KH12570,53.0,14.7,8.4,ky_su,TP HCM,5,49.0
KH12571,42.0,18.3,13.6,nhan_vien,TP HCM,3,77.0
KH12572,46.0,11.0,4.0,sinh_vien,Hai Phong,0,37.0
KH12573,18.0,24.2,17.8,giao_vien,Ha Noi,3,70.0
KH12574,28.0,39.7,26.1,kinh_doanh,TP HCM,7,61.0
KH12575,52.0,12.6,5.3,nhan_vien,Can Tho,3,42.0
KH12576,47.0,18.2,7.7,kinh_doanh,Hai Phong,1,48.0
KH12577,28.0,14.4,3.7,nhan_vien,Ha Noi,0,26.0
KH12578,32.0,20.5,13.9,kinh_doanh,TP HCM,4,56.0
KH12579,23.0,11.0,9.1,nhan_vien,TP HCM,1,68.0
KH12580,41.0,11.8,8.6,giao_vien,Can Tho,1,63.0
KH12581,25.0,13.1,6.8,kinh_doanh,Ha Noi,1,62.0
KH12582,52.0,20.8,17.6,ky_su,Hai Phong,6,72.0
KH12583,39.0,4.2,2.1,giao_vien,TP HCM,0,44.0
KH12584,30.0,18.9,12.7,nhan_vien,Da Nang,2,74.0
KH12585,38.0,32.0,20.1,nhan_vien,Ha Noi,1,51.0
KH12586,41.0,17.8,9.4,ky_su,TP HCM,1,53.0
KH12587,47.0,19.3,9.9,nhan_vien,TP HCM,1,60.0
KH12588,36.0,7.3,1.4,nhan_vien,Ha Noi,2,19.0
KH12589,47.0,2.3,2.1,sinh_vien,Ha Noi,1,96.0
KH12590,35.0,42.7,20.6,kinh_doanh,Ha Noi,3,51.0
KH12591,44.0,18.5,5.9,kinh_doanh,Da Nang,2,36.0
KH12592,28.0,14.9,9.7,nhan_vien,Ha Noi,3,69.0
KH12593,57.0,29.8,14.1,nhan_vien,TP HCM,5,43.0
KH12594,51.0,21.5,13.9,ky_su,TP HCM,3,70.0
KH12595,33.0,38.9,17.1,kinh_doanh,TP HCM,3,46.0
KH12596,35.0,14.4,5.5,giao_vien,Da Nang,1,34.0
KH12597,18.0,20.7,13.8,kinh_doanh,Ha Noi,6,68.0
KH12598,35.0,37.2,21.3,bac_si,Da Nang,4,46.0
KH12599,41.0,14.1,9.8,giao_vien,Ha Noi,4,70.0
KH12600,40.0,2.9,4.2,sinh_vien,Ha Noi,1,100.0
KH12601,26.0,18.6,7.7,giao_vien,Ha Noi,3,35.0
KH12602,49.0,41.2,27.2,ky_su,Ha Noi,3,78.0
KH12603,21.0,13.2,4.3,giao_vien,Can Tho,0,32.0
KH12604,35.0,13.6,11.7,kinh_doanh,Da Nang,2,89.0
KH12605,27.0,40.2,25.3,ky_su,TP HCM,4,67.0
KH12606,52.0,41.9,20.3,ky_su,Ha Noi,2,50.0
KH12607,61.0,20.9,13.6,nhan_vien,Hai Phong,4,72.0
KH12608,45.0,16.9,7.8,ky_su,TP HCM,3,54.0
KH12609,29.0,11.6,8.8,kinh_doanh,Can Tho,2,82.0
KH12610,33.0,6.2,3.9,giao_vien,Da Nang,1,55.0
KH12611,30.0,2.6,2.8,sinh_vien,TP HCM,0,95.0
KH12612,54.0,5.8,0.5,sinh_vien,Can Tho,0,8.0
KH12613,18.0,27.1,21.3,ky_su,Ha Noi,8,73.0
KH12614,21.0,20.3,8.9,giao_vien,Ha Noi,3,45.0
KH12615,27.0,11.7,7.1,giao_vien,Da Nang,3,70.0
KH12616,28.0,13.7,9.0,nhan_vien,Ha Noi,5,59.0
KH12617,29.0,13.0,7.3,nhan_vien,TP HCM,0,65.0
KH12618,24.0,4.3,2.7,sinh_vien,TP HCM,1,51.0
KH12619,35.0,12.5,8.4,nhan_vien,Ha Noi,2,78.0
KH12620,28.0,8.5,5.9,giao_vien,TP HCM,1,72.0
KH12621,18.0,14.9,11.4,nhan_vien,Ha Noi,4,68.0
KH12622,35.0,6.8,6.8,ky_su,Ha Noi,2,98.0
KH12623,59.0,18.5,9.5,nhan_vien,Ha Noi,0,54.0
KH12624,29.0,11.5,4.0,nhan_vien,TP HCM,0,35.0
KH12625,26.0,4.1,4.4,sinh_vien,Da Nang,2,100.0
KH12626,40.0,9.1,2.8,nhan_vien,Can Tho,1,27.0
KH12627,35.0,8.3,4.4,nhan_vien,TP HCM,3,48.0
KH12628,29.0,19.0,14.0,nhan_vien,Ha Noi,3,70.0
KH12629,44.0,11.6,9.4,nhan_vien,Da Nang,2,67.0
KH12630,41.0,18.9,15.3,nhan_vien,TP HCM,2,67.0
KH12631,31.0,22.3,18.3,nhan_vien,Da Nang,1,92.0
KH12632,44.0,8.6,0.6,giao_vien,Hai Phong,0,6.0
KH12633,38.0,10.2,5.6,giao_vien,Ha Noi,0,45.0
KH12634,23.0,16.3,9.5,ky_su,Ha Noi,2,66.0
KH12635,29.0,5.0,4.1,kinh_doanh,Ha Noi,1,97.0
KH12636,41.0,19.5,16.8,nhan_vien,TP HCM,5,96.0
KH12637,33.0,46.7,21.2,kinh_doanh,TP HCM,4,38.0
KH12638,24.0,10.8,2.4,nhan_vien,Ha Noi,1,22.0
KH12639,61.0,25.2,13.7,kinh_doanh,TP HCM,4,59.0
KH12640,20.0,18.6,9.6,ky_su,Ha Noi,7,49.0
KH12641,27.0,35.1,18.0,bac_si,TP HCM,4,43.0
KH12642,27.0,37.7,24.1,kinh_doanh,Ha Noi,5,68.0
KH12643,44.0,23.5,14.4,ky_su,Ha Noi,5,69.0
KH12644,27.0,17.9,9.8,ky_su,Ha Noi,3,45.0
KH12645,56.0,18.6,9.5,ky_su,TP HCM,1,42.0
KH12646,59.0,6.2,5.4,sinh_vien,TP HCM,2,100.0
KH12647,34.0,15.0,7.7,ky_su,Can Tho,3,47.0
KH12648,38.0,27.7,12.8,ky_su,TP HCM,4,43.0
KH12649,61.0,19.6,12.2,nhan_vien,Ha Noi,1,71.0
KH12650,26.0,41.5,20.4,kinh_doanh,Ha Noi,3,47.0
KH12651,45.0,22.9,12.9,ky_su,Hai Phong,2,55.0
KH12652,39.0,8.5,5.0,nhan_vien,Da Nang,1,66.0
KH12653,38.0,53.2,29.4,ky_su,TP HCM,9,62.0
KH12654,46.0,16.4,6.7,giao_vien,TP HCM,2,44.0
KH12655,35.0,39.5,16.6,bac_si,Ha Noi,2,46.0
KH12656,35.0,17.8,14.4,giao_vien,TP HCM,3,97.0
KH12657,30.0,27.1,24.3,ky_su,TP HCM,5,100.0
KH12658,28.0,41.8,23.2,ky_su,Da Nang,9,51.0
KH12659,35.0,7.0,2.7,nhan_vien,Can Tho,0,40.0
KH12660,33.0,36.9,23.0,ky_su,Ha Noi,7,56.0
KH12661,44.0,6.9,4.1,nhan_vien,TP HCM,4,59.0
KH12662,31.0,15.0,13.3,nhan_vien,Da Nang,5,74.0
KH12663,21.0,20.9,7.4,kinh_doanh,TP HCM,2,38.0
KH12664,54.0,21.6,16.9,kinh_doanh,Da Nang,4,66.0
KH12665,51.0,11.2,2.9,kinh_doanh,Ha Noi,1,29.0
KH12666,22.0,20.4,9.2,nhan_vien,TP HCM,1,50.0
KH12667,33.0,35.2,17.9,giao_vien,Da Nang,4,56.0
KH12668,23.0,20.9,11.8,nhan_vien,Ha Noi,2,66.0
KH12669,37.0,13.4,9.3,giao_vien,TP HCM,1,71.0
KH12670,40.0,25.6,19.1,kinh_doanh,Ha Noi,5,86.0
KH12671,53.0,24.1,11.4,kinh_doanh,TP HCM,5,57.0
KH12672,18.0,36.4,19.9,kinh_doanh,Can Tho,6,46.0
KH12673,36.0,9.8,8.4,nhan_vien,TP HCM,2,97.0
KH12674,52.0,19.6,16.3,nhan_vien,TP HCM,4,100.0
KH12675,28.0,18.7,14.8,nhan_vien,Ha Noi,4,87.0
KH12676,31.0,28.6,18.9,ky_su,Ha Noi,4,55.0
KH12677,32.0,13.9,4.9,kinh_doanh,TP HCM,2,35.0
KH12678,30.0,18.3,10.5,nhan_vien,Can Tho,4,66.0
KH12679,33.0,16.0,9.7,giao_vien,TP HCM,7,59.0
KH12680,33.0,17.1,11.9,ky_su,Hai Phong,5,73.0
KH12681,53.0,24.4,10.8,giao_vien,TP HCM,5,51.0
KH12682,29.0,9.6,8.0,sinh_vien,TP HCM,5,98.0
KH12683,37.0,12.4,10.2,giao_vien,TP HCM,1,95.0
KH12684,21.0,85.2,41.3,kinh_doanh,Ha Noi,12,42.0
KH12685,30.0,5.7,5.9,sinh_vien,Da Nang,2,100.0
KH12686,38.0,11.3,4.6,nhan_vien,Can Tho,0,37.0
KH12687,42.0,25.6,15.6,giao_vien,TP HCM,7,58.0
KH12688,43.0,23.0,14.5,bac_si,TP HCM,3,70.0
KH12689,47.0,8.9,5.8,giao_vien,TP HCM,1,52.0
KH12690,43.0,49.9,21.1,kinh_doanh,Ha Noi,8,50.0
KH12691,42.0,21.5,10.0,kinh_doanh,Can Tho,3,39.0
KH12692,56.0,12.0,4.5,nhan_vien,Ha Noi,2,35.0
KH12693,23.0,12.3,3.0,nhan_vien,TP HCM,3,24.0
KH12694,32.0,60.5,36.3,ky_su,Ha Noi,14,61.0
KH12695,41.0,18.0,13.5,nhan_vien,TP HCM,4,76.0
KH12696,18.0,18.0,14.3,ky_su,Ha Noi,2,68.0
KH12697,46.0,5.8,2.2,sinh_vien,Ha Noi,0,45.0
KH12698,42.0,8.9,7.7,giao_vien,Ha Noi,1,71.0
KH12699,40.0,37.0,14.3,ky_su,Ha Noi,3,41.0
KH12700,43.0,9.8,5.0,ky_su,TP HCM,2,60.0
KH12701,23.0,10.4,4.8,nhan_vien,Ha Noi,0,40.0
KH12702,41.0,9.6,7.8,giao_vien,TP HCM,1,89.0
KH12703,31.0,20.1,13.9,ky_su,Hai Phong,3,75.0
KH12704,28.0,8.0,4.3,nhan_vien,TP HCM,0,52.0
KH12705,46.0,10.4,5.1,nhan_vien,Ha Noi,3,50.0
KH12706,47.0,29.3,15.8,nhan_vien,Hai Phong,7,48.0
KH12707,43.0,7.0,6.0,kinh_doanh,TP HCM,0,84.0
KH12708,48.0,19.6,14.4,giao_vien,Ha Noi,5,73.0
KH12709,47.0,30.3,24.2,kinh_doanh,TP HCM,7,83.0
KH12710,35.0,7.2,3.2,nhan_vien,Da Nang,1,51.0
KH12711,38.0,16.4,11.0,nhan_vien,TP HCM,2,80.0
KH12712,28.0,51.5,43.2,kinh_doanh,Ha Noi,15,83.0
KH12713,27.0,20.3,12.1,bac_si,Ha Noi,2,67.0
KH12714,36.0,17.1,14.0,giao_vien,Ha Noi,3,86.0
KH12715,26.0,31.9,13.7,kinh_doanh,TP HCM,4,43.0
KH12716,24.0,20.9,15.1,nhan_vien,Hai Phong,4,61.0
KH12717,49.0,40.8,31.7,ky_su,TP HCM,5,77.0
KH12718,53.0,9.4,5.9,sinh_vien,Ha Noi,2,63.0
KH12719,34.0,32.5,24.7,ky_su,Ha Noi,2,62.0
KH12720,19.0,14.8,6.6,nhan_vien,Can Tho,2,52.0
KH12721,36.0,16.3,11.6,kinh_doanh,TP HCM,4,81.0
KH12722,72.0,16.2,9.7,giao_vien,Da Nang,2,71.0
KH12723,44.0,15.2,4.6,nhan_vien,Da Nang,0,28.0
KH12724,41.0,15.8,9.0,giao_vien,TP HCM,2,51.0
KH12725,37.0,31.3,17.8,kinh_doanh,TP HCM,7,60.0
KH12726,28.0,10.9,4.8,sinh_vien,Ha Noi,2,42.0
KH12727,21.0,3.3,1.7,sinh_vien,TP HCM,0,57.0
KH12728,41.0,14.1,5.6,giao_vien,Ha Noi,1,36.0
KH12729,36.0,21.0,18.9,kinh_doanh,TP HCM,9,88.0
KH12730,28.0,19.0,10.5,ky_su,TP HCM,3,52.0
KH12731,37.0,31.4,11.2,ky_su,Hai Phong,0,38.0
KH12732,32.0,3.6,2.2,sinh_vien,TP HCM,1,60.0
KH12733,38.0,19.5,9.9,ky_su,TP HCM,1,49.0
KH12734,18.0,26.7,16.6,giao_vien,Ha Noi,2,64.0
KH12735,18.0,18.7,16.3,nhan_vien,TP HCM,6,100.0
KH12736,29.0,14.1,14.5,nhan_vien,TP HCM,5,100.0
KH12737,37.0,15.8,6.1,nhan_vien,Can Tho,1,35.0
KH12738,60.0,21.5,13.9,bac_si,Ha Noi,2,65.0
KH12739,44.0,18.0,8.9,kinh_doanh,Da Nang,3,49.0
KH12740,44.0,24.6,15.4,kinh_doanh,Ha Noi,3,58.0
KH12741,18.0,11.1,5.6,giao_vien,Ha Noi,1,45.0
KH12742,26.0,26.1,15.7,nhan_vien,TP HCM,7,52.0
KH12743,27.0,16.2,14.6,nhan_vien,Can Tho,3,81.0
KH12744,51.0,23.5,10.1,kinh_doanh,Ha Noi,1,37.0
KH12745,31.0,39.1,24.7,kinh_doanh,Da Nang,4,56.0
KH12746,39.0,12.8,5.8,giao_vien,Da Nang,2,50.0
KH12747,43.0,29.5,9.8,bac_si,Ha Noi,2,30.0
KH12748,39.0,28.6,19.7,bac_si,Ha Noi,4,64.0
KH12749,23.0,5.6,4.8,sinh_vien,TP HCM,1,75.0
KH12750,27.0,11.4,7.2,nhan_vien,TP HCM,2,65.0
KH12751,32.0,17.5,14.2,nhan_vien,Ha Noi,3,97.0
KH12752,24.0,13.0,5.1,sinh_vien,TP HCM,2,40.0
KH12753,45.0,10.9,7.1,nhan_vien,TP HCM,0,67.0
KH12754,20.0,15.9,5.1,kinh_doanh,Ha Noi,0,30.0
KH12755,18.0,5.3,2.9,sinh_vien,Hai Phong,1,48.0
KH12756,36.0,9.5,4.4,kinh_doanh,TP HCM,0,39.0
KH12757,55.0,7.1,5.3,kinh_doanh,Can Tho,1,63.0
KH12758,37.0,43.8,28.4,kinh_doanh,Can Tho,10,55.0
KH12759,34.0,24.1,10.9,kinh_doanh,Ha Noi,1,48.0
KH12760,31.0,13.6,9.0,kinh_doanh,Can Tho,2,58.0
KH12761,43.0,8.8,6.8,kinh_doanh,Hai Phong,2,92.0
KH12762,45.0,90.9,46.2,kinh_doanh,TP HCM,11,46.0
KH12763,18.0,17.2,8.6,bac_si,Can Tho,0,51.0
KH12764,35.0,12.2,9.6,nhan_vien,Ha Noi,4,81.0
KH12765,36.0,15.9,4.6,giao_vien,Ha Noi,1,31.0
KH12766,32.0,40.3,26.7,bac_si,TP HCM,12,59.0
KH12767,41.0,21.4,10.0,kinh_doanh,Can Tho,1,43.0
KH12768,44.0,12.1,8.6,kinh_doanh,Da Nang,1,60.0
KH12769,24.0,8.5,6.0,ky_su,Ha Noi,4,83.0
KH12770,39.0,10.6,5.0,ky_su,Can Tho,2,47.0
KH12771,44.0,8.0,4.3,nhan_vien,TP HCM,0,47.0
KH12772,54.0,22.6,9.8,nhan_vien,Ha Noi,0,36.0
KH12773,53.0,23.0,17.9,nhan_vien,Ha Noi,4,76.0
KH12774,30.0,20.2,14.6,bac_si,Ha Noi,3,64.0
KH12775,40.0,5.0,4.8,sinh_vien,Ha Noi,0,81.0
KH12776,33.0,35.2,18.0,ky_su,TP HCM,3,44.0
KH12777,39.0,31.4,19.5,bac_si,Can Tho,3,66.0
KH12778,22.0,28.1,14.4,kinh_doanh,TP HCM,3,43.0
KH12779,28.0,16.6,9.4,nhan_vien,TP HCM,1,56.0
KH12780,57.0,48.3,40.8,bac_si,TP HCM,12,98.0
KH12781,29.0,36.0,25.4,ky_su,TP HCM,7,63.0
KH12782,41.0,40.1,19.7,bac_si,Ha Noi,6,50.0
KH12783,30.0,9.5,6.4,ky_su,TP HCM,1,55.0
KH12784,24.0,29.4,18.6,bac_si,Hai Phong,3,63.0
KH12785,51.0,38.0,12.5,nhan_vien,Ha Noi,3,37.0
KH12786,44.0,12.1,7.1,ky_su,TP HCM,0,70.0
KH12787,35.0,22.0,14.1,ky_su,TP HCM,3,68.0
KH12788,34.0,7.4,6.6,sinh_vien,TP HCM,0,73.0
KH12789,41.0,3.4,0.5,sinh_vien,Ha Noi,1,12.0
KH12790,18.0,10.6,7.4,nhan_vien,TP HCM,4,63.0
KH12791,35.0,7.2,5.0,sinh_vien,TP HCM,3,64.0
KH12792,27.0,6.6,5.2,sinh_vien,Ha Noi,1,84.0
KH12793,18.0,18.0,10.7,nhan_vien,TP HCM,4,61.0
KH12794,27.0,29.1,19.0,nhan_vien,TP HCM,6,75.0
KH12795,36.0,24.1,12.7,kinh_doanh,Ha Noi,3,51.0
KH12796,43.0,39.7,22.6,ky_su,Da Nang,6,60.0
KH12797,49.0,66.5,43.9,bac_si,Ha Noi,7,76.0
KH12798,43.0,19.7,11.8,ky_su,TP HCM,2,52.0
KH12799,43.0,35.3,25.3,nhan_vien,Ha Noi,12,64.0
KH12800,29.0,20.7,5.6,kinh_doanh,Hai Phong,0,32.0
KH12801,41.0,16.9,10.9,nhan_vien,Hai Phong,3,62.0
KH12802,26.0,12.7,9.9,giao_vien,TP HCM,2,88.0
KH12803,43.0,29.5,14.6,ky_su,Ha Noi,0,57.0
KH12804,34.0,18.8,16.7,ky_su,TP HCM,3,94.0
KH12805,33.0,24.0,13.1,bac_si,Ha Noi,3,52.0
KH12806,44.0,6.8,1.5,giao_vien,Ha Noi,0,22.0
KH12807,36.0,9.9,5.5,giao_vien,Ha Noi,0,51.0
KH12808,30.0,9.5,5.4,giao_vien,TP HCM,0,58.0
KH12809,23.0,3.2,3.4,sinh_vien,TP HCM,1,100.0
KH12810,38.0,12.6,9.6,nhan_vien,Da Nang,0,87.0
KH12811,47.0,23.3,15.3,kinh_doanh,TP HCM,2,53.0
KH12812,30.0,41.6,24.1,bac_si,Ha Noi,3,61.0
KH12813,21.0,27.1,19.1,giao_vien,TP HCM,7,56.0
KH12814,36.0,21.9,19.5,ky_su,Ha Noi,5,87.0
KH12815,32.0,57.2,39.6,ky_su,TP HCM,9,76.0
KH12816,45.0,13.7,8.3,giao_vien,TP HCM,2,72.0
KH12817,47.0,23.6,16.1,bac_si,Ha Noi,4,59.0
KH12818,31.0,3.8,3.6,sinh_vien,Ha Noi,0,79.0
KH12819,18.0,13.1,6.4,nhan_vien,Da Nang,4,52.0
KH12820,31.0,27.9,17.6,ky_su,TP HCM,1,66.0
KH12821,18.0,17.5,8.1,kinh_doanh,TP HCM,4,52.0
KH12822,46.0,5.1,1.2,sinh_vien,Hai Phong,0,23.0
KH12823,34.0,49.8,24.9,ky_su,TP HCM,5,53.0
KH12824,18.0,32.6,9.9,nhan_vien,Da Nang,5,26.0
KH12825,49.0,21.7,12.3,nhan_vien,Ha Noi,4,48.0
KH12826,41.0,8.4,3.1,nhan_vien,TP HCM,2,31.0
KH12827,39.0,30.4,27.0,ky_su,TP HCM,8,91.0
KH12828,33.0,29.9,12.4,giao_vien,Ha Noi,2,38.0
KH12829,44.0,13.2,6.3,giao_vien,Ha Noi,3,48.0
KH12830,38.0,25.7,21.1,ky_su,TP HCM,4,81.0
KH12831,50.0,36.6,22.5,ky_su,Ha Noi,6,71.0
KH12832,21.0,21.4,14.3,nhan_vien,TP HCM,4,67.0
KH12833,28.0,23.1,10.7,nhan_vien,TP HCM,3,40.0
KH12834,29.0,10.0,10.1,nhan_vien,TP HCM,3,86.0
KH12835,37.0,11.6,6.5,giao_vien,Can Tho,0,51.0
KH12836,34.0,20.8,12.4,giao_vien,Ha Noi,2,53.0
KH12837,22.0,14.8,11.4,nhan_vien,Ha Noi,6,71.0
KH12838,46.0,9.3,6.9,sinh_vien,Ha Noi,1,69.0
KH12839,24.0,15.7,16.7,kinh_doanh,TP HCM,4,100.0
KH12840,26.0,14.8,5.2,kinh_doanh,TP HCM,2,33.0
KH12841,43.0,26.0,18.9,ky_su,Can Tho,2,76.0
KH12842,18.0,22.1,10.5,kinh_doanh,Can Tho,1,54.0
KH12843,47.0,20.9,10.6,ky_su,Ha Noi,3,46.0
KH12844,43.0,28.0,11.7,bac_si,Hai Phong,3,43.0
KH12845,39.0,11.0,4.2,sinh_vien,TP HCM,0,37.0
KH12846,43.0,13.1,5.1,giao_vien,TP HCM,1,37.0
KH12847,19.0,7.8,6.1,giao_vien,TP HCM,2,77.0
KH12848,43.0,8.4,2.3,sinh_vien,TP HCM,0,32.0
KH12849,25.0,10.9,8.3,giao_vien,TP HCM,3,71.0
KH12850,37.0,40.7,30.7,nhan_vien,Can Tho,6,67.0
KH12851,35.0,15.1,6.1,kinh_doanh,Ha Noi,1,34.0
KH12852,31.0,4.2,3.3,sinh_vien,Ha Noi,0,94.0
KH12853,51.0,12.5,8.3,ky_su,Hai Phong,1,57.0
KH12854,26.0,13.1,10.3,nhan_vien,Ha Noi,3,76.0
KH12855,46.0,3.6,2.4,sinh_vien,Can Tho,0,67.0
KH12856,43.0,17.5,15.3,nhan_vien,Can Tho,1,96.0
KH12857,28.0,6.8,5.1,sinh_vien,TP HCM,2,85.0
KH12858,41.0,9.4,4.7,giao_vien,Da Nang,3,53.0
KH12859,41.0,31.4,26.9,kinh_doanh,TP HCM,6,74.0
KH12860,46.0,11.6,6.2,nhan_vien,TP HCM,3,43.0
KH12861,30.0,18.6,10.2,giao_vien,TP HCM,1,65.0
KH12862,47.0,12.1,8.1,nhan_vien,Da Nang,4,65.0
KH12863,48.0,17.7,11.2,nhan_vien,Da Nang,3,64.0
KH12864,18.0,30.8,15.2,kinh_doanh,Ha Noi,4,57.0
KH12865,46.0,28.2,16.0,ky_su,TP HCM,3,48.0
KH12866,27.0,28.8,21.7,ky_su,Da Nang,1,65.0
KH12867,37.0,7.4,5.9,sinh_vien,TP HCM,2,94.0
KH12868,52.0,28.0,21.3,ky_su,TP HCM,5,80.0
KH12869,43.0,32.5,13.7,ky_su,Ha Noi,1,36.0
KH12870,34.0,12.8,9.4,nhan_vien,TP HCM,1,64.0
KH12871,24.0,12.3,5.8,nhan_vien,Ha Noi,3,49.0
KH12872,27.0,16.7,12.7,giao_vien,TP HCM,5,66.0
KH12873,58.0,15.4,7.9,giao_vien,Ha Noi,2,52.0
KH12874,43.0,2.8,0.5,sinh_vien,Ha Noi,0,18.0
KH12875,46.0,15.9,12.4,kinh_doanh,Ha Noi,4,86.0
KH12876,37.0,10.8,10.5,giao_vien,Can Tho,0,100.0
KH12877,31.0,13.4,10.5,giao_vien,Can Tho,1,73.0
KH12878,50.0,26.4,12.4,ky_su,TP HCM,6,45.0
KH12879,40.0,17.6,11.9,nhan_vien,Can Tho,2,66.0
KH12880,53.0,30.6,17.5,ky_su,Ha Noi,5,57.0
KH12881,23.0,22.3,15.7,ky_su,Ha Noi,6,80.0
KH12882,29.0,27.5,14.2,ky_su,Can Tho,0,56.0
KH12883,24.0,22.0,9.3,nhan_vien,Hai Phong,2,44.0
KH12884,21.0,14.9,6.3,nhan_vien,Hai Phong,3,40.0
KH12885,35.0,13.4,9.1,nhan_vien,Ha Noi,1,72.0
KH12886,50.0,21.8,18.2,nhan_vien,Can Tho,2,68.0
KH12887,31.0,51.3,18.7,kinh_doanh,Can Tho,6,33.0
KH12888,65.0,33.3,18.5,giao_vien,Ha Noi,6,55.0
KH12889,40.0,30.6,20.0,bac_si,TP HCM,4,68.0
KH12890,42.0,10.5,7.5,nhan_vien,Da Nang,2,82.0
KH12891,41.0,41.5,20.8,ky_su,Ha Noi,9,53.0
KH12892,41.0,21.5,17.2,kinh_doanh,Ha Noi,1,71.0
KH12893,31.0,21.5,19.9,nhan_vien,TP HCM,6,77.0
KH12894,51.0,12.8,8.1,giao_vien,Hai Phong,1,68.0
KH12895,27.0,30.4,10.7,nhan_vien,Da Nang,4,31.0
KH12896,39.0,6.6,1.8,ky_su,Can Tho,1,25.0
KH12897,32.0,13.4,10.0,kinh_doanh,TP HCM,2,62.0
KH12898,24.0,22.8,14.6,bac_si,Ha Noi,1,64.0
KH12899,28.0,14.8,7.5,ky_su,TP HCM,2,45.0
KH12900,41.0,8.2,5.1,giao_vien,Hai Phong,1,54.0
KH12901,27.0,17.6,11.1,ky_su,Can Tho,3,66.0
KH12902,28.0,11.1,9.7,nhan_vien,Da Nang,3,97.0
KH12903,38.0,36.2,31.5,bac_si,Can Tho,5,81.0
KH12904,18.0,29.0,22.7,kinh_doanh,Can Tho,8,83.0
KH12905,41.0,7.5,5.2,nhan_vien,Can Tho,0,58.0
KH12906,32.0,29.1,24.5,ky_su,Can Tho,6,92.0
KH12907,34.0,11.5,7.9,nhan_vien,Hai Phong,1,79.0
KH12908,41.0,21.6,4.8,ky_su,Ha Noi,1,24.0
KH12909,34.0,16.2,10.7,giao_vien,Hai Phong,1,75.0
KH12910,48.0,14.0,9.0,nhan_vien,Can Tho,5,74.0
KH12911,40.0,22.2,16.0,nhan_vien,Da Nang,7,61.0
KH12912,40.0,10.9,6.9,ky_su,TP HCM,0,55.0
KH12913,57.0,4.4,0.5,sinh_vien,Ha Noi,0,10.0
KH12914,32.0,14.9,8.0,ky_su,Da Nang,2,45.0
KH12915,56.0,14.3,11.2,giao_vien,TP HCM,0,89.0
KH12916,44.0,10.3,4.3,ky_su,Ha Noi,1,40.0
KH12917,34.0,12.5,3.2,kinh_doanh,Ha Noi,3,21.0
KH12918,36.0,13.4,10.7,nhan_vien,Hai Phong,5,94.0
KH12919,18.0,43.0,32.8,ky_su,Da Nang,5,63.0
KH12920,49.0,13.1,8.6,nhan_vien,Da Nang,0,73.0
KH12921,25.0,16.1,8.6,ky_su,Ha Noi,0,63.0
KH12922,23.0,6.8,3.7,sinh_vien,TP HCM,0,64.0
KH12923,50.0,29.6,11.6,ky_su,TP HCM,2,44.0
KH12924,43.0,14.6,12.3,ky_su,Ha Noi,4,88.0
KH12925,40.0,18.4,9.9,ky_su,TP HCM,1,64.0
KH12926,18.0,15.1,8.6,kinh_doanh,Ha Noi,2,64.0
KH12927,56.0,5.1,4.4,giao_vien,Ha Noi,0,75.0
KH12928,25.0,30.2,10.3,bac_si,TP HCM,0,35.0
KH12929,40.0,20.3,16.5,giao_vien,Can Tho,2,71.0
KH12930,41.0,28.3,15.6,nhan_vien,TP HCM,3,63.0
KH12931,41.0,16.9,5.0,kinh_doanh,Hai Phong,0,35.0
KH12932,43.0,20.8,15.5,nhan_vien,Ha Noi,2,85.0
KH12933,31.0,36.1,21.0,bac_si,TP HCM,0,69.0
KH12934,38.0,21.9,13.7,giao_vien,TP HCM,2,54.0
KH12935,39.0,20.7,12.7,kinh_doanh,Da Nang,4,59.0
KH12936,40.0,16.8,5.5,nhan_vien,Ha Noi,0,32.0
KH12937,40.0,37.2,19.7,ky_su,Ha Noi,5,57.0
KH12938,51.0,37.4,23.1,giao_vien,Ha Noi,3,73.0
KH12939,27.0,14.5,11.8,kinh_doanh,TP HCM,4,79.0
KH12940,42.0,46.0,27.5,kinh_doanh,Ha Noi,3,71.0
KH12941,18.0,14.5,10.9,nhan_vien,TP HCM,4,84.0
KH12942,46.0,9.1,6.9,sinh_vien,Hai Phong,2,63.0
KH12943,48.0,6.6,2.9,sinh_vien,TP HCM,0,46.0
KH12944,32.0,13.9,11.3,kinh_doanh,TP HCM,4,97.0
KH12945,33.0,11.0,7.3,giao_vien,Can Tho,1,69.0
KH12946,36.0,2.3,0.5,sinh_vien,TP HCM,0,24.0
KH12947,57.0,25.0,18.6,ky_su,Can Tho,4,75.0
KH12948,45.0,5.5,6.0,sinh_vien,Hai Phong,2,100.0
KH12949,19.0,21.6,17.3,kinh_doanh,TP HCM,2,87.0
KH12950,33.0,6.6,2.6,sinh_vien,Ha Noi,2,41.0
KH12951,39.0,47.1,38.1,bac_si,TP HCM,9,89.0
KH12952,42.0,37.1,18.7,nhan_vien,Ha Noi,2,56.0
KH12953,47.0,32.9,27.7,kinh_doanh,TP HCM,4,95.0
KH12954,39.0,23.7,12.9,giao_vien,Ha Noi,2,65.0
KH12955,46.0,15.2,6.2,ky_su,TP HCM,5,46.0
KH12956,40.0,13.9,7.4,nhan_vien,Ha Noi,3,51.0
KH12957,33.0,25.5,13.8,kinh_doanh,TP HCM,3,56.0
KH12958,35.0,12.5,4.5,kinh_doanh,TP HCM,0,39.0
KH12959,18.0,7.1,5.4,nhan_vien,Ha Noi,2,76.0
KH12960,27.0,14.2,9.1,ky_su,Can Tho,5,67.0
KH12961,37.0,42.2,15.1,ky_su,Can Tho,0,35.0
KH12962,34.0,28.5,15.0,nhan_vien,Can Tho,5,50.0
KH12963,19.0,16.5,10.8,giao_vien,Hai Phong,1,53.0
KH12964,32.0,36.2,30.2,kinh_doanh,TP HCM,8,84.0
KH12965,48.0,8.9,5.9,giao_vien,TP HCM,2,67.0
KH12966,42.0,40.7,17.2,kinh_doanh,TP HCM,8,50.0
KH12967,38.0,21.0,14.0,ky_su,TP HCM,3,79.0
KH12968,28.0,27.0,16.8,giao_vien,Ha Noi,5,57.0
KH12969,34.0,63.3,52.4,bac_si,Ha Noi,12,68.0
KH12970,32.0,41.1,17.0,ky_su,Hai Phong,5,39.0
KH12971,27.0,15.9,12.2,nhan_vien,TP HCM,2,71.0
KH12972,35.0,29.0,15.6,nhan_vien,Can Tho,6,60.0
KH12973,21.0,55.8,43.3,ky_su,Ha Noi,20,88.0
KH12974,18.0,53.3,24.6,kinh_doanh,TP HCM,4,53.0
KH12975,35.0,41.7,29.0,nhan_vien,Ha Noi,10,82.0
KH12976,40.0,28.2,19.4,ky_su,Hai Phong,5,55.0
KH12977,36.0,19.5,10.0,ky_su,Hai Phong,6,60.0
KH12978,55.0,9.2,4.5,nhan_vien,Da Nang,1,49.0
KH12979,40.0,28.1,24.3,nhan_vien,Ha Noi,5,70.0
KH12980,32.0,17.9,11.8,nhan_vien,Ha Noi,6,57.0
KH12981,41.0,23.9,12.4,kinh_doanh,Ha Noi,3,48.0
KH12982,37.0,20.0,13.8,kinh_doanh,Ha Noi,4,81.0
KH12983,30.0,20.7,17.9,nhan_vien,Can Tho,2,99.0
KH12984,33.0,2.6,2.2,sinh_vien,TP HCM,0,74.0
KH12985,28.0,7.6,5.9,sinh_vien,TP HCM,2,71.0
KH12986,37.0,7.2,2.7,nhan_vien,Ha Noi,0,40.0
KH12987,42.0,16.6,5.5,ky_su,Ha Noi,0,37.0
KH12988,29.0,33.4,12.1,ky_su,Can Tho,3,36.0
KH12989,24.0,16.6,8.0,giao_vien,Hai Phong,1,50.0
KH12990,32.0,20.0,9.5,ky_su,Ha Noi,8,43.0
KH12991,51.0,28.0,12.7,giao_vien,TP HCM,4,41.0
KH12992,45.0,9.4,7.8,sinh_vien,TP HCM,2,68.0
KH12993,33.0,14.6,11.7,giao_vien,Ha Noi,2,69.0
KH12994,29.0,8.7,5.2,kinh_doanh,TP HCM,0,61.0
KH12995,22.0,41.7,18.1,ky_su,Da Nang,2,36.0
KH12996,30.0,22.3,18.3,nhan_vien,Hai Phong,5,87.0
KH12997,42.0,12.3,6.7,giao_vien,Ha Noi,0,53.0
KH12998,29.0,27.8,12.1,bac_si,TP HCM,4,41.0
KH12999,18.0,19.5,14.6,giao_vien,Ha Noi,4,85.0
KH13000,51.0,2.8,3.4,sinh_vien,Ha Noi,1,100.0
KH13001,44.0,15.6,15.5,ky_su,Da Nang,7,100.0
KH13002,33.0,16.4,11.5,nhan_vien,TP HCM,2,73.0
KH13003,42.0,6.9,7.3,nhan_vien,TP HCM,2,100.0
KH13004,23.0,10.5,9.0,giao_vien,Da Nang,4,96.0
KH13005,35.0,49.6,34.2,ky_su,Da Nang,4,71.0
KH13006,37.0,37.2,29.7,giao_vien,Hai Phong,6,70.0
KH13007,41.0,10.4,4.8,giao_vien,Can Tho,2,43.0
KH13008,29.0,21.3,16.7,ky_su,Ha Noi,2,80.0
KH13009,39.0,13.2,12.0,nhan_vien,Ha Noi,6,94.0
KH13010,18.0,43.9,34.6,kinh_doanh,TP HCM,7,74.0
KH13011,49.0,21.9,11.7,ky_su,Da Nang,3,44.0
KH13012,28.0,17.8,9.7,nhan_vien,Ha Noi,1,46.0
KH13013,38.0,23.3,11.3,ky_su,TP HCM,4,48.0
KH13014,45.0,31.5,9.3,kinh_doanh,TP HCM,2,29.0
KH13015,47.0,16.1,10.1,nhan_vien,Ha Noi,1,65.0
KH13016,48.0,9.3,4.4,nhan_vien,Ha Noi,0,53.0
KH13017,62.0,11.8,8.8,kinh_doanh,TP HCM,1,73.0
KH13018,21.0,18.6,12.5,kinh_doanh,Ha Noi,1,59.0
KH13019,31.0,44.2,32.1,bac_si,TP HCM,8,65.0
KH13020,36.0,28.6,17.0,giao_vien,TP HCM,5,52.0
KH13021,27.0,25.6,13.4,kinh_doanh,TP HCM,3,60.0
KH13022,28.0,16.9,11.7,ky_su,Ha Noi,2,66.0
KH13023,25.0,27.5,17.0,nhan_vien,TP HCM,3,51.0
KH13024,30.0,10.4,8.1,ky_su,TP HCM,5,71.0
KH13025,19.0,27.5,15.1,bac_si,Da Nang,1,46.0
KH13026,30.0,6.0,5.4,sinh_vien,Da Nang,1,75.0
KH13027,29.0,27.3,22.5,kinh_doanh,TP HCM,9,92.0
KH13028,30.0,8.2,4.9,ky_su,TP HCM,2,61.0
KH13029,38.0,13.7,9.9,giao_vien,Ha Noi,3,59.0
KH13030,26.0,14.8,8.2,giao_vien,TP HCM,5,58.0
KH13031,34.0,19.5,8.5,kinh_doanh,Ha Noi,2,36.0
KH13032,43.0,9.2,1.8,nhan_vien,Ha Noi,0,20.0
KH13033,38.0,25.8,20.0,ky_su,TP HCM,3,66.0
KH13034,27.0,21.8,12.7,bac_si,Da Nang,4,67.0
KH13035,38.0,10.7,5.2,nhan_vien,Da Nang,1,57.0
KH13036,29.0,16.4,4.3,nhan_vien,TP HCM,1,27.0
KH13037,31.0,15.3,7.8,nhan_vien,TP HCM,0,51.0
KH13038,18.0,9.9,5.9,nhan_vien,TP HCM,1,71.0
KH13039,31.0,13.9,3.3,nhan_vien,Can Tho,1,27.0
KH13040,22.0,20.9,13.7,giao_vien,TP HCM,3,69.0
KH13041,37.0,12.6,8.3,ky_su,Ha Noi,1,66.0
KH13042,39.0,7.0,4.8,nhan_vien,Ha Noi,0,63.0
KH13043,22.0,17.8,7.7,nhan_vien,TP HCM,3,50.0
KH13044,39.0,49.1,30.6,bac_si,TP HCM,9,53.0
KH13045,24.0,10.3,6.9,giao_vien,Ha Noi,1,54.0
KH13046,36.0,14.0,8.9,nhan_vien,TP HCM,1,68.0
KH13047,37.0,16.9,6.6,nhan_vien,TP HCM,1,32.0
KH13048,41.0,10.2,5.9,kinh_doanh,Ha Noi,2,58.0
KH13049,33.0,9.8,3.3,nhan_vien,Hai Phong,0,29.0
KH13050,20.0,23.5,15.5,nhan_vien,Ha Noi,2,62.0
KH13051,29.0,18.0,9.8,kinh_doanh,Hai Phong,1,48.0
KH13052,37.0,28.9,12.9,ky_su,TP HCM,2,41.0
KH13053,32.0,6.5,6.2,giao_vien,Ha Noi,1,84.0
KH13054,27.0,35.7,18.3,bac_si,Ha Noi,11,42.0
KH13055,48.0,9.9,3.7,nhan_vien,Da Nang,1,37.0
KH13056,46.0,9.1,2.9,giao_vien,TP HCM,0,30.0
KH13057,26.0,19.9,17.0,nhan_vien,Ha Noi,8,90.0
KH13058,45.0,9.2,9.5,giao_vien,TP HCM,1,89.0
KH13059,45.0,20.4,15.3,giao_vien,TP HCM,5,73.0
KH13060,36.0,14.0,6.5,nhan_vien,TP HCM,5,42.0
KH13061,18.0,29.1,17.2,ky_su,TP HCM,2,64.0
KH13062,48.0,7.1,1.8,sinh_vien,Hai Phong,1,27.0
KH13063,32.0,20.9,13.3,nhan_vien,Ha Noi,3,70.0
KH13064,18.0,19.8,9.0,nhan_vien,Ha Noi,3,44.0
KH13065,49.0,9.9,8.1,nhan_vien,TP HCM,4,81.0
KH13066,56.0,23.8,11.2,ky_su,Can Tho,1,38.0
KH13067,36.0,26.3,15.8,kinh_doanh,TP HCM,4,65.0
KH13068,50.0,37.3,22.8,kinh_doanh,Ha Noi,2,65.0
KH13069,38.0,28.7,24.2,ky_su,Hai Phong,9,93.0
KH13070,44.0,22.8,4.8,ky_su,TP HCM,2,21.0
KH13071,18.0,3.5,2.1,sinh_vien,TP HCM,0,62.0
KH13072,30.0,25.6,16.7,ky_su,Ha Noi,2,70.0
KH13073,28.0,19.8,9.1,nhan_vien,TP HCM,1,51.0
KH13074,46.0,19.6,11.6,bac_si,Ha Noi,4,66.0
KH13075,38.0,34.9,25.2,bac_si,Ha Noi,6,63.0
KH13076,40.0,30.8,24.5,kinh_doanh,Hai Phong,8,81.0
KH13077,46.0,8.2,7.7,ky_su,TP HCM,0,100.0
KH13078,24.0,20.8,9.2,ky_su,TP HCM,3,52.0
KH13079,31.0,20.7,13.7,kinh_doanh,Ha Noi,2,54.0
KH13080,18.0,8.2,6.7,giao_vien,TP HCM,3,91.0
KH13081,18.0,18.0,12.5,giao_vien,Hai Phong,2,58.0
KH13082,35.0,12.1,10.2,nhan_vien,TP HCM,3,73.0
KH13083,48.0,18.1,11.2,giao_vien,Hai Phong,1,66.0
KH13084,38.0,10.6,5.0,giao_vien,TP HCM,0,49.0
KH13085,35.0,38.2,27.2,ky_su,TP HCM,10,73.0
KH13086,50.0,16.5,6.1,nhan_vien,Da Nang,0,34.0
KH13087,23.0,9.8,4.1,nhan_vien,TP HCM,2,40.0
KH13088,40.0,3.4,2.7,sinh_vien,Ha Noi,1,70.0
KH13089,33.0,18.6,4.4,ky_su,Can Tho,2,20.0
KH13090,33.0,14.3,11.2,nhan_vien,TP HCM,5,88.0
KH13091,39.0,11.4,2.2,giao_vien,Da Nang,0,19.0
KH13092,18.0,15.8,7.3,nhan_vien,TP HCM,0,42.0
KH13093,21.0,43.3,19.0,kinh_doanh,Ha Noi,4,40.0
KH13094,40.0,39.8,14.1,bac_si,Ha Noi,0,35.0
KH13095,49.0,26.1,17.2,kinh_doanh,Da Nang,1,57.0
KH13096,24.0,3.6,1.7,sinh_vien,Can Tho,0,41.0
KH13097,34.0,21.3,8.5,nhan_vien,TP HCM,1,39.0
KH13098,23.0,39.3,17.5,ky_su,Hai Phong,4,51.0
KH13099,29.0,6.8,4.0,sinh_vien,Can Tho,0,57.0
KH13100,28.0,2.6,1.6,sinh_vien,Da Nang,2,64.0
KH13101,19.0,5.3,6.2,sinh_vien,TP HCM,0,100.0
KH13102,32.0,23.1,18.4,nhan_vien,Ha Noi,7,76.0
KH13103,66.0,26.0,10.6,giao_vien,Hai Phong,6,38.0
KH13104,22.0,13.5,10.5,giao_vien,TP HCM,0,65.0
KH13105,41.0,21.6,9.5,kinh_doanh,Ha Noi,4,48.0
KH13106,26.0,6.7,2.8,giao_vien,Can Tho,2,47.0
KH13107,38.0,18.7,7.4,nhan_vien,Da Nang,1,47.0
KH13108,48.0,23.2,12.1,bac_si,Hai Phong,4,56.0
KH13109,41.0,9.1,8.6,giao_vien,TP HCM,5,80.0
KH13110,31.0,42.8,22.4,ky_su,TP HCM,5,59.0
KH13111,38.0,31.6,11.9,nhan_vien,TP HCM,6,32.0
KH13112,19.0,19.0,13.1,kinh_doanh,Da Nang,5,74.0
KH13113,38.0,10.5,5.0,sinh_vien,Ha Noi,4,52.0
KH13114,35.0,25.7,16.2,kinh_doanh,Ha Noi,7,60.0
KH13115,42.0,34.8,27.4,ky_su,Ha Noi,8,82.0
KH13116,45.0,7.1,3.4,nhan_vien,TP HCM,2,47.0
KH13117,28.0,50.9,32.0,ky_su,Hai Phong,6,70.0
KH13118,24.0,14.7,4.6,nhan_vien,TP HCM,2,26.0
KH13119,31.0,30.1,14.9,ky_su,TP HCM,5,41.0
KH13120,41.0,19.1,8.4,nhan_vien,Hai Phong,4,43.0
KH13121,26.0,39.1,32.1,giao_vien,TP HCM,3,68.0
KH13122,47.0,15.6,12.1,kinh_doanh,Ha Noi,3,71.0
KH13123,44.0,3.1,0.6,sinh_vien,Da Nang,0,22.0
KH13124,50.0,26.3,19.9,kinh_doanh,TP HCM,4,76.0
KH13125,46.0,19.4,8.3,ky_su,TP HCM,1,50.0
KH13126,39.0,19.9,8.8,ky_su,Ha Noi,7,42.0
KH13127,39.0,37.8,15.1,ky_su,TP HCM,3,35.0
KH13128,44.0,21.8,16.8,ky_su,TP HCM,1,74.0
KH13129,33.0,14.2,9.4,giao_vien,TP HCM,3,55.0
KH13130,41.0,23.1,16.7,ky_su,Hai Phong,4,61.0
KH13131,32.0,13.0,9.9,giao_vien,Hai Phong,5,88.0
KH13132,55.0,9.7,8.1,nhan_vien,Da Nang,3,71.0
KH13133,30.0,28.2,17.9,ky_su,Da Nang,5,74.0
KH13134,26.0,7.7,3.1,nhan_vien,TP HCM,2,41.0
KH13135,35.0,64.0,30.5,bac_si,TP HCM,13,46.0
KH13136,43.0,9.7,5.2,giao_vien,TP HCM,1,50.0
KH13137,23.0,26.5,15.8,giao_vien,Ha Noi,2,51.0
KH13138,41.0,21.4,9.1,bac_si,Hai Phong,2,44.0
KH13139,44.0,16.9,12.6,nhan_vien,Ha Noi,5,60.0
KH13140,22.0,41.1,15.0,kinh_doanh,Ha Noi,2,33.0
KH13141,36.0,41.7,23.4,ky_su,Da Nang,2,63.0
KH13142,57.0,15.2,11.8,giao_vien,Ha Noi,1,88.0
KH13143,23.0,22.2,9.2,kinh_doanh,Hai Phong,5,45.0
KH13144,31.0,13.8,9.6,nhan_vien,TP HCM,1,79.0
KH13145,36.0,13.0,5.0,kinh_doanh,Ha Noi,1,43.0
KH13146,34.0,8.6,4.4,giao_vien,TP HCM,0,49.0
KH13147,34.0,15.3,9.0,giao_vien,Ha Noi,2,63.0
KH13148,21.0,21.1,8.2,nhan_vien,Ha Noi,0,45.0
KH13149,42.0,18.7,9.8,ky_su,TP HCM,3,50.0
KH13150,35.0,8.9,7.3,giao_vien,Da Nang,2,86.0
KH13151,18.0,21.3,5.7,kinh_doanh,Hai Phong,2,29.0
KH13152,18.0,13.2,10.4,giao_vien,Da Nang,4,83.0
KH13153,72.0,14.8,9.7,kinh_doanh,Ha Noi,4,66.0
KH13154,50.0,43.5,35.1,kinh_doanh,Can Tho,6,77.0
KH13155,40.0,35.6,20.4,kinh_doanh,TP HCM,12,56.0
KH13156,42.0,68.0,32.6,ky_su,TP HCM,11,52.0
KH13157,40.0,19.9,8.2,kinh_doanh,Can Tho,1,38.0
KH13158,43.0,16.0,3.6,nhan_vien,TP HCM,0,20.0
KH13159,47.0,23.5,8.2,kinh_doanh,Can Tho,2,40.0
KH13160,31.0,10.6,8.0,ky_su,Ha Noi,2,80.0
KH13161,23.0,13.3,10.9,giao_vien,Da Nang,3,93.0
KH13162,42.0,7.8,10.2,giao_vien,Hai Phong,2,100.0
KH13163,35.0,6.0,0.5,sinh_vien,Da Nang,0,8.0
KH13164,42.0,1.8,3.7,sinh_vien,Can Tho,1,100.0
KH13165,38.0,10.3,7.0,ky_su,TP HCM,4,79.0
KH13166,33.0,4.1,2.8,sinh_vien,TP HCM,3,70.0
KH13167,54.0,9.0,7.4,giao_vien,Hai Phong,1,72.0
KH13168,45.0,44.3,24.4,kinh_doanh,Ha Noi,5,58.0
KH13169,43.0,25.1,9.1,bac_si,Ha Noi,0,36.0
KH13170,22.0,25.6,13.2,kinh_doanh,TP HCM,3,59.0
KH13171,40.0,18.7,11.1,ky_su,TP HCM,3,58.0
KH13172,25.0,4.6,0.5,sinh_vien,Da Nang,0,10.0
KH13173,34.0,11.3,5.3,ky_su,Ha Noi,1,46.0
KH13174,52.0,45.1,21.6,ky_su,Ha Noi,4,51.0
KH13175,33.0,24.9,15.2,ky_su,Ha Noi,2,63.0
KH13176,41.0,34.4,14.0,ky_su,Ha Noi,1,35.0
KH13177,54.0,47.7,32.2,ky_su,Da Nang,9,72.0
KH13178,25.0,22.5,17.7,nhan_vien,Ha Noi,5,79.0
KH13179,50.0,14.8,13.3,nhan_vien,TP HCM,5,94.0
KH13180,41.0,4.9,4.4,sinh_vien,Ha Noi,4,83.0
KH13181,36.0,18.0,11.1,ky_su,Ha Noi,2,64.0
KH13182,51.0,26.9,19.2,nhan_vien,TP HCM,4,83.0
KH13183,35.0,10.7,5.0,nhan_vien,TP HCM,1,43.0
KH13184,45.0,18.1,9.9,giao_vien,TP HCM,3,49.0
KH13185,42.0,26.9,15.2,ky_su,Ha Noi,9,57.0
KH13186,45.0,17.5,11.7,ky_su,Ha Noi,3,66.0
KH13187,37.0,23.3,9.7,nhan_vien,TP HCM,1,49.0
KH13188,36.0,31.1,23.8,bac_si,Da Nang,6,78.0
KH13189,36.0,11.1,9.4,nhan_vien,Hai Phong,1,88.0
KH13190,34.0,10.7,4.9,nhan_vien,TP HCM,1,40.0
KH13191,61.0,14.8,10.2,kinh_doanh,Hai Phong,3,57.0
KH13192,35.0,21.9,9.2,ky_su,TP HCM,3,34.0
KH13193,41.0,11.5,7.7,giao_vien,Can Tho,1,70.0
KH13194,27.0,31.9,22.8,kinh_doanh,Ha Noi,7,66.0
KH13195,50.0,11.5,4.4,nhan_vien,Da Nang,2,45.0
KH13196,54.0,17.4,7.6,nhan_vien,Da Nang,2,40.0
KH13197,30.0,57.3,21.2,bac_si,Can Tho,5,44.0
KH13198,18.0,15.5,12.3,nhan_vien,TP HCM,5,82.0
KH13199,31.0,20.2,11.6,kinh_doanh,TP HCM,4,48.0
KH13200,32.0,14.7,5.8,giao_vien,TP HCM,2,44.0
KH13201,25.0,13.3,10.2,bac_si,TP HCM,2,87.0
KH13202,18.0,20.6,10.4,ky_su,Ha Noi,3,56.0
KH13203,48.0,37.1,32.5,nhan_vien,Ha Noi,4,81.0
KH13204,27.0,17.4,10.0,kinh_doanh,TP HCM,4,67.0
KH13205,24.0,23.7,18.2,ky_su,TP HCM,2,66.0
KH13206,54.0,15.9,12.3,ky_su,Can Tho,0,81.0
KH13207,46.0,22.7,17.9,kinh_doanh,TP HCM,4,71.0
KH13208,59.0,27.2,19.5,ky_su,TP HCM,4,68.0
KH13209,22.0,16.4,9.0,nhan_vien,Can Tho,1,55.0
KH13210,23.0,12.8,7.6,ky_su,Da Nang,1,57.0
KH13211,35.0,24.6,14.3,nhan_vien,TP HCM,3,64.0
KH13212,29.0,32.2,16.7,ky_su,Da Nang,3,61.0
KH13213,31.0,20.1,13.4,nhan_vien,Can Tho,2,58.0
KH13214,23.0,24.1,8.9,kinh_doanh,Can Tho,2,38.0
KH13215,36.0,11.4,6.9,kinh_doanh,Ha Noi,2,49.0
KH13216,31.0,19.4,9.8,nhan_vien,TP HCM,1,41.0
KH13217,22.0,15.0,4.8,kinh_doanh,TP HCM,3,36.0
KH13218,32.0,14.1,4.2,kinh_doanh,Da Nang,5,26.0
KH13219,19.0,14.5,7.0,nhan_vien,Hai Phong,0,49.0
KH13220,26.0,20.3,12.5,ky_su,Ha Noi,7,57.0
KH13221,24.0,15.5,15.0,giao_vien,Can Tho,5,84.0
KH13222,29.0,15.3,11.3,nhan_vien,Ha Noi,3,66.0
KH13223,37.0,33.3,16.4,nhan_vien,Ha Noi,5,45.0
KH13224,31.0,14.0,13.1,nhan_vien,Ha Noi,1,100.0
KH13225,22.0,11.9,4.6,kinh_doanh,TP HCM,1,38.0
KH13226,28.0,8.5,6.5,nhan_vien,TP HCM,2,66.0
KH13227,18.0,35.0,22.6,nhan_vien,TP HCM,6,74.0
KH13228,38.0,7.4,1.5,ky_su,TP HCM,0,16.0
KH13229,40.0,16.0,9.7,kinh_doanh,Da Nang,2,70.0
KH13230,35.0,32.1,16.8,kinh_doanh,Hai Phong,2,58.0
KH13231,35.0,13.4,6.1,nhan_vien,TP HCM,1,52.0
KH13232,38.0,27.5,19.7,ky_su,Da Nang,5,81.0
KH13233,30.0,39.0,25.9,kinh_doanh,TP HCM,9,59.0
KH13234,41.0,61.8,49.2,ky_su,Ha Noi,6,74.0
KH13235,44.0,38.5,17.3,ky_su,Hai Phong,4,46.0
KH13236,29.0,14.3,5.6,kinh_doanh,Ha Noi,1,33.0
KH13237,33.0,6.0,1.8,nhan_vien,TP HCM,1,30.0
KH13238,40.0,24.3,18.7,giao_vien,Hai Phong,1,73.0
KH13239,33.0,20.2,12.0,ky_su,TP HCM,5,67.0
KH13240,38.0,5.6,1.5,sinh_vien,Ha Noi,1,23.0
KH13241,47.0,48.2,23.9,bac_si,Hai Phong,4,45.0
KH13242,38.0,36.5,27.6,kinh_doanh,TP HCM,6,77.0
KH13243,29.0,23.7,8.4,ky_su,Ha Noi,4,41.0
KH13244,40.0,10.5,3.3,nhan_vien,TP HCM,0,33.0
KH13245,18.0,16.6,8.4,kinh_doanh,TP HCM,1,60.0
KH13246,43.0,38.1,22.2,bac_si,TP HCM,4,65.0
KH13247,46.0,12.6,9.9,nhan_vien,TP HCM,3,88.0
KH13248,43.0,25.0,14.2,nhan_vien,Ha Noi,7,63.0
KH13249,41.0,51.0,24.4,ky_su,TP HCM,6,52.0
KH13250,31.0,3.9,1.9,sinh_vien,TP HCM,0,46.0
KH13251,22.0,17.4,10.1,nhan_vien,TP HCM,1,60.0
KH13252,60.0,4.8,3.0,sinh_vien,TP HCM,0,69.0
KH13253,35.0,13.4,4.9,nhan_vien,TP HCM,2,35.0
KH13254,24.0,27.4,21.0,ky_su,Ha Noi,5,85.0
KH13255,34.0,11.8,7.9,nhan_vien,Da Nang,5,57.0
KH13256,44.0,14.8,11.4,nhan_vien,Can Tho,3,70.0
KH13257,42.0,18.0,8.3,nhan_vien,TP HCM,1,46.0
KH13258,43.0,39.7,28.7,nhan_vien,Ha Noi,7,82.0
KH13259,28.0,15.0,7.5,ky_su,Ha Noi,3,49.0
KH13260,30.0,13.5,6.9,bac_si,Ha Noi,1,55.0
KH13261,31.0,18.0,8.5,nhan_vien,Da Nang,1,54.0
KH13262,22.0,33.3,21.9,nhan_vien,TP HCM,7,55.0
KH13263,30.0,3.6,2.7,sinh_vien,Da Nang,0,73.0
KH13264,40.0,53.6,41.3,kinh_doanh,Ha Noi,15,76.0
KH13265,49.0,21.8,13.4,nhan_vien,TP HCM,6,59.0
KH13266,34.0,15.5,9.7,nhan_vien,TP HCM,5,71.0
KH13267,30.0,23.9,12.0,ky_su,Can Tho,5,59.0
KH13268,18.0,16.5,15.2,ky_su,Hai Phong,6,89.0
KH13269,44.0,3.3,0.5,sinh_vien,Ha Noi,1,15.0
KH13270,35.0,6.0,1.7,sinh_vien,Hai Phong,0,30.0
KH13271,40.0,13.6,8.8,nhan_vien,TP HCM,5,59.0
KH13272,44.0,12.3,6.5,giao_vien,TP HCM,1,43.0
KH13273,35.0,15.0,10.7,nhan_vien,Ha Noi,2,71.0
KH13274,21.0,18.1,11.6,nhan_vien,Ha Noi,3,70.0
KH13275,45.0,30.8,16.4,kinh_doanh,Ha Noi,3,55.0
KH13276,60.0,12.2,5.0,nhan_vien,Da Nang,2,36.0
KH13277,42.0,10.4,1.9,sinh_vien,Ha Noi,1,19.0
KH13278,44.0,2.7,0.7,sinh_vien,TP HCM,1,31.0
KH13279,28.0,11.6,6.3,giao_vien,Can Tho,1,56.0
KH13280,21.0,15.6,14.6,nhan_vien,Ha Noi,3,86.0
KH13281,26.0,15.5,8.5,nhan_vien,TP HCM,3,53.0
KH13282,29.0,25.6,12.4,ky_su,Ha Noi,4,49.0
KH13283,41.0,4.0,3.3,sinh_vien,Hai Phong,0,70.0
KH13284,26.0,25.7,9.5,nhan_vien,TP HCM,0,39.0
KH13285,41.0,15.5,8.5,nhan_vien,TP HCM,2,59.0
KH13286,31.0,22.6,9.3,nhan_vien,Ha Noi,2,42.0
KH13287,27.0,7.9,7.6,giao_vien,Da Nang,4,100.0
KH13288,26.0,29.5,18.3,kinh_doanh,Hai Phong,4,62.0
KH13289,30.0,13.9,8.9,nhan_vien,TP HCM,1,53.0
KH13290,18.0,24.3,13.3,nhan_vien,TP HCM,4,55.0
KH13291,21.0,6.6,4.9,sinh_vien,Ha Noi,2,61.0
KH13292,50.0,19.3,11.5,nhan_vien,TP HCM,3,66.0
KH13293,32.0,12.2,6.0,giao_vien,Ha Noi,2,43.0
KH13294,35.0,20.1,10.7,ky_su,Can Tho,2,56.0
KH13295,43.0,18.8,16.5,nhan_vien,Hai Phong,3,87.0
KH13296,31.0,8.8,4.7,nhan_vien,Can Tho,0,56.0
KH13297,41.0,6.9,6.6,nhan_vien,TP HCM,3,85.0
KH13298,41.0,19.9,10.7,ky_su,Ha Noi,2,60.0
KH13299,28.0,8.7,5.8,sinh_vien,Hai Phong,2,62.0
KH13300,36.0,4.3,4.7,sinh_vien,TP HCM,1,100.0
KH13301,18.0,4.8,1.5,sinh_vien,Ha Noi,0,30.0
KH13302,49.0,10.9,4.7,bac_si,Can Tho,3,38.0
KH13303,18.0,11.6,1.9,ky_su,TP HCM,0,19.0
KH13304,38.0,18.4,12.7,nhan_vien,Da Nang,3,72.0
KH13305,39.0,21.8,16.1,nhan_vien,Ha Noi,4,62.0
KH13306,38.0,10.9,4.4,ky_su,Ha Noi,1,34.0
KH13307,27.0,12.3,4.2,bac_si,TP HCM,0,37.0
KH13308,35.0,27.1,14.8,kinh_doanh,Da Nang,5,60.0
KH13309,37.0,2.0,1.1,sinh_vien,TP HCM,0,50.0
KH13310,40.0,12.1,9.1,giao_vien,TP HCM,7,64.0
KH13311,43.0,36.1,24.8,nhan_vien,Ha Noi,5,79.0
KH13312,40.0,3.6,3.6,sinh_vien,Can Tho,1,98.0
KH13313,29.0,15.6,4.8,nhan_vien,Ha Noi,2,36.0
KH13314,39.0,3.5,1.4,sinh_vien,Ha Noi,0,33.0
KH13315,46.0,8.3,4.8,nhan_vien,Can Tho,0,52.0
KH13316,28.0,15.1,11.8,nhan_vien,Ha Noi,2,79.0
KH13317,55.0,19.1,6.4,nhan_vien,TP HCM,2,30.0
KH13318,44.0,10.6,6.6,giao_vien,Hai Phong,1,57.0
KH13319,45.0,16.5,12.7,kinh_doanh,Can Tho,5,88.0
KH13320,24.0,28.1,17.2,giao_vien,Hai Phong,4,73.0
KH13321,24.0,13.1,7.1,kinh_doanh,TP HCM,1,58.0
KH13322,43.0,59.5,24.5,ky_su,Ha Noi,5,35.0
KH13323,23.0,25.1,23.1,nhan_vien,TP HCM,4,100.0
KH13324,41.0,9.8,6.3,kinh_doanh,Ha Noi,0,58.0
KH13325,36.0,17.9,9.1,nhan_vien,Can Tho,3,56.0
KH13326,42.0,7.7,4.6,giao_vien,Can Tho,0,65.0
KH13327,18.0,31.2,22.3,ky_su,Ha Noi,7,80.0
KH13328,42.0,45.9,34.3,bac_si,TP HCM,7,61.0
KH13329,22.0,5.9,3.5,giao_vien,TP HCM,1,60.0
KH13330,26.0,21.1,17.4,ky_su,TP HCM,2,79.0
KH13331,51.0,16.0,9.8,nhan_vien,Ha Noi,2,60.0
KH13332,34.0,23.1,10.6,ky_su,Ha Noi,2,42.0
KH13333,33.0,13.0,10.7,nhan_vien,Da Nang,4,72.0
KH13334,45.0,9.2,6.0,giao_vien,TP HCM,1,57.0
KH13335,29.0,8.3,4.8,nhan_vien,TP HCM,1,54.0
KH13336,18.0,15.2,10.3,ky_su,TP HCM,3,76.0
KH13337,24.0,16.2,11.8,nhan_vien,Ha Noi,1,78.0
KH13338,33.0,15.0,8.9,ky_su,Hai Phong,2,63.0
KH13339,35.0,6.7,3.7,nhan_vien,Ha Noi,1,52.0
KH13340,31.0,14.2,6.7,kinh_doanh,Hai Phong,1,52.0
KH13341,48.0,29.2,15.1,bac_si,Da Nang,5,58.0
KH13342,36.0,17.2,11.2,nhan_vien,TP HCM,4,73.0
KH13343,40.0,24.6,15.3,nhan_vien,Hai Phong,2,65.0
KH13344,43.0,15.2,10.2,nhan_vien,TP HCM,0,62.0
KH13345,60.0,12.3,11.0,kinh_doanh,Ha Noi,4,83.0
KH13346,37.0,27.2,21.4,kinh_doanh,TP HCM,6,93.0
KH13347,23.0,29.7,16.5,ky_su,Da Nang,2,61.0
KH13348,51.0,3.5,1.9,sinh_vien,Ha Noi,0,52.0
KH13349,48.0,19.3,8.1,giao_vien,Da Nang,3,46.0
KH13350,36.0,16.0,8.7,giao_vien,Can Tho,3,59.0
KH13351,26.0,14.2,9.1,giao_vien,Can Tho,3,52.0
KH13352,55.0,6.8,4.9,sinh_vien,TP HCM,1,59.0
KH13353,18.0,14.0,7.2,giao_vien,Ha Noi,2,53.0
KH13354,48.0,32.8,19.1,kinh_doanh,Ha Noi,4,65.0
KH13355,42.0,9.5,10.5,ky_su,Ha Noi,5,100.0
KH13356,18.0,14.6,10.9,ky_su,Can Tho,2,85.0
KH13357,41.0,15.2,11.7,ky_su,TP HCM,3,76.0
KH13358,36.0,17.5,15.4,nhan_vien,Hai Phong,5,71.0
KH13359,37.0,9.8,5.5,giao_vien,Ha Noi,0,54.0
KH13360,53.0,6.6,4.7,ky_su,Hai Phong,0,81.0
KH13361,18.0,12.8,7.9,nhan_vien,Ha Noi,0,57.0
KH13362,44.0,29.1,23.4,kinh_doanh,Da Nang,6,91.0
KH13363,37.0,16.8,11.8,ky_su,TP HCM,2,65.0
KH13364,33.0,44.5,23.8,bac_si,Ha Noi,9,54.0
KH13365,33.0,16.3,9.8,nhan_vien,Hai Phong,2,62.0
KH13366,30.0,8.9,5.1,giao_vien,Hai Phong,1,48.0
KH13367,37.0,35.5,14.8,kinh_doanh,Can Tho,5,46.0
KH13368,45.0,25.7,16.7,kinh_doanh,TP HCM,1,77.0
KH13369,35.0,3.5,0.5,sinh_vien,TP HCM,1,14.0
KH13370,23.0,35.0,30.7,ky_su,TP HCM,8,89.0
KH13371,41.0,9.4,8.1,nhan_vien,Ha Noi,2,86.0
KH13372,34.0,8.2,6.0,giao_vien,TP HCM,1,66.0
KH13373,46.0,4.4,1.9,sinh_vien,Ha Noi,0,39.0
KH13374,38.0,53.5,24.6,nhan_vien,TP HCM,11,41.0
KH13375,45.0,21.6,11.7,kinh_doanh,Hai Phong,3,60.0
KH13376,35.0,25.3,17.2,ky_su,Ha Noi,6,56.0
KH13377,43.0,19.0,13.3,giao_vien,TP HCM,3,71.0
KH13378,54.0,36.6,21.1,ky_su,Ha Noi,5,60.0
KH13379,44.0,25.2,11.7,ky_su,Ha Noi,2,49.0
KH13380,41.0,28.7,20.5,bac_si,TP HCM,5,74.0
KH13381,39.0,18.6,12.7,nhan_vien,TP HCM,4,73.0
KH13382,34.0,21.0,10.4,giao_vien,Can Tho,2,41.0
KH13383,41.0,29.2,26.4,kinh_doanh,TP HCM,2,100.0
KH13384,26.0,18.1,10.8,ky_su,Da Nang,3,57.0
KH13385,47.0,9.0,6.1,nhan_vien,Hai Phong,0,60.0
KH13386,18.0,23.8,19.2,ky_su,TP HCM,3,96.0
KH13387,55.0,30.8,19.1,kinh_doanh,Ha Noi,4,69.0
KH13388,37.0,15.5,8.9,nhan_vien,Da Nang,3,67.0
KH13389,40.0,13.5,9.8,nhan_vien,Hai Phong,2,63.0
KH13390,22.0,15.2,11.7,nhan_vien,TP HCM,1,70.0
KH13391,42.0,36.9,28.2,bac_si,Can Tho,1,70.0
KH13392,24.0,56.1,19.4,kinh_doanh,TP HCM,4,33.0
KH13393,36.0,46.8,30.1,nhan_vien,Ha Noi,7,68.0
KH13394,30.0,18.0,8.0,bac_si,Ha Noi,0,45.0
KH13395,44.0,37.8,27.8,nhan_vien,TP HCM,5,69.0
KH13396,24.0,7.8,6.6,giao_vien,TP HCM,2,100.0
KH13397,39.0,5.6,4.2,sinh_vien,Da Nang,2,81.0
KH13398,39.0,9.5,4.6,ky_su,Can Tho,2,42.0
KH13399,54.0,14.4,11.1,giao_vien,Ha Noi,3,84.0
KH13400,40.0,19.1,12.3,ky_su,TP HCM,4,60.0
KH13401,40.0,30.5,25.1,ky_su,TP HCM,8,75.0
KH13402,38.0,30.5,24.1,giao_vien,TP HCM,9,83.0
KH13403,28.0,6.2,4.9,sinh_vien,Hai Phong,1,79.0
KH13404,35.0,9.7,5.0,sinh_vien,Can Tho,0,54.0
KH13405,46.0,12.5,11.6,giao_vien,Ha Noi,3,88.0
KH13406,32.0,10.9,10.0,giao_vien,Ha Noi,2,78.0
KH13407,46.0,6.1,3.8,sinh_vien,Da Nang,3,73.0
KH13408,24.0,11.5,4.0,nhan_vien,Hai Phong,2,38.0
KH13409,37.0,28.4,9.4,ky_su,TP HCM,2,29.0
KH13410,38.0,30.5,21.5,ky_su,TP HCM,2,66.0
KH13411,42.0,16.8,11.8,kinh_doanh,TP HCM,3,65.0
KH13412,42.0,45.1,35.8,nhan_vien,Da Nang,9,66.0
KH13413,52.0,3.1,0.5,sinh_vien,TP HCM,1,15.0
KH13414,37.0,44.5,15.3,ky_su,Da Nang,4,37.0
KH13415,21.0,22.9,10.6,bac_si,TP HCM,2,40.0
KH13416,28.0,20.6,14.6,ky_su,Ha Noi,6,74.0
KH13417,23.0,44.4,24.7,nhan_vien,TP HCM,4,55.0
KH13418,18.0,15.3,10.2,nhan_vien,Ha Noi,4,54.0
KH13419,51.0,3.8,0.9,sinh_vien,Hai Phong,1,25.0
KH13420,25.0,30.7,16.8,ky_su,Da Nang,8,57.0
KH13421,33.0,19.0,12.0,giao_vien,Da Nang,1,66.0
KH13422,51.0,38.7,15.1,ky_su,TP HCM,4,37.0
KH13423,23.0,6.8,1.0,sinh_vien,Hai Phong,0,14.0
KH13424,43.0,4.0,0.5,sinh_vien,TP HCM,0,10.0
KH13425,24.0,12.4,8.1,nhan_vien,TP HCM,5,70.0
KH13426,33.0,21.1,12.4,kinh_doanh,Da Nang,3,62.0
KH13427,47.0,45.4,24.6,ky_su,Can Tho,4,51.0
KH13428,42.0,19.7,10.7,giao_vien,Da Nang,3,48.0
KH13429,51.0,12.4,10.2,giao_vien,TP HCM,3,80.0
KH13430,40.0,27.3,19.8,kinh_doanh,TP HCM,8,60.0
KH13431,38.0,41.3,17.3,kinh_doanh,Can Tho,6,49.0
KH13432,39.0,35.5,30.3,kinh_doanh,Ha Noi,8,75.0
KH13433,33.0,8.8,2.5,nhan_vien,TP HCM,1,26.0
KH13434,19.0,13.2,9.7,nhan_vien,Can Tho,3,83.0
KH13435,28.0,27.5,12.8,kinh_doanh,Hai Phong,3,46.0
KH13436,44.0,21.2,11.5,nhan_vien,Can Tho,3,43.0
KH13437,41.0,10.9,9.0,giao_vien,Can Tho,1,68.0
KH13438,30.0,3.6,2.8,sinh_vien,TP HCM,1,70.0
KH13439,53.0,13.2,8.6,nhan_vien,Ha Noi,3,61.0
KH13440,39.0,10.2,6.0,giao_vien,Can Tho,0,56.0
KH13441,37.0,10.3,10.7,nhan_vien,Ha Noi,2,100.0
KH13442,49.0,34.7,13.4,kinh_doanh,Hai Phong,7,46.0
KH13443,42.0,6.0,7.3,nhan_vien,TP HCM,0,100.0
KH13444,51.0,10.5,4.2,giao_vien,Hai Phong,2,39.0
KH13445,49.0,8.8,6.7,giao_vien,Ha Noi,3,70.0
KH13446,54.0,27.3,14.0,nhan_vien,Da Nang,5,57.0
KH13447,54.0,17.3,14.2,nhan_vien,Ha Noi,4,93.0
KH13448,39.0,12.9,10.7,nhan_vien,Ha Noi,2,94.0
KH13449,35.0,15.8,9.7,nhan_vien,Ha Noi,1,72.0
KH13450,38.0,13.0,9.7,nhan_vien,TP HCM,2,82.0
KH13451,58.0,15.5,9.7,kinh_doanh,TP HCM,4,62.0
KH13452,24.0,26.6,11.8,giao_vien,Can Tho,2,39.0
KH13453,41.0,10.6,4.6,ky_su,Ha Noi,1,46.0
KH13454,26.0,35.2,19.8,kinh_doanh,Ha Noi,5,56.0
KH13455,18.0,14.8,8.4,nhan_vien,TP HCM,3,64.0
KH13456,38.0,34.9,16.0,bac_si,Ha Noi,4,52.0
KH13457,47.0,22.5,6.8,kinh_doanh,Hai Phong,2,27.0
KH13458,45.0,10.9,10.1,nhan_vien,TP HCM,0,100.0
KH13459,33.0,13.3,3.8,nhan_vien,Da Nang,0,33.0
KH13460,25.0,15.6,4.5,giao_vien,Da Nang,2,25.0
KH13461,49.0,48.9,17.1,bac_si,Ha Noi,2,34.0
KH13462,35.0,21.2,19.9,kinh_doanh,Ha Noi,8,76.0
KH13463,32.0,10.3,4.5,nhan_vien,TP HCM,4,50.0
KH13464,42.0,9.0,5.7,nhan_vien,TP HCM,1,62.0
KH13465,22.0,8.6,6.9,nhan_vien,TP HCM,1,73.0
KH13466,43.0,8.2,3.3,ky_su,Ha Noi,1,41.0
KH13467,66.0,21.3,8.0,kinh_doanh,Ha Noi,2,43.0
KH13468,18.0,25.4,17.3,kinh_doanh,Ha Noi,6,61.0
KH13469,27.0,21.9,11.4,bac_si,TP HCM,5,44.0
KH13470,54.0,12.6,6.3,ky_su,TP HCM,1,58.0
KH13471,49.0,14.0,5.9,giao_vien,TP HCM,1,46.0
KH13472,49.0,11.6,2.8,nhan_vien,Da Nang,0,27.0
KH13473,48.0,5.5,0.5,sinh_vien,Ha Noi,0,10.0
KH13474,39.0,43.8,37.6,kinh_doanh,Ha Noi,11,77.0
KH13475,35.0,7.3,3.1,nhan_vien,TP HCM,1,36.0
KH13476,29.0,5.4,0.7,sinh_vien,Hai Phong,0,14.0
KH13477,52.0,3.0,3.5,sinh_vien,Ha Noi,2,100.0
KH13478,35.0,11.3,10.9,giao_vien,TP HCM,1,90.0
KH13479,38.0,12.1,10.4,nhan_vien,TP HCM,4,100.0
KH13480,42.0,13.6,8.4,giao_vien,Ha Noi,4,68.0
KH13481,44.0,18.0,13.2,kinh_doanh,TP HCM,1,84.0
KH13482,45.0,17.3,5.6,nhan_vien,TP HCM,2,33.0
KH13483,30.0,15.3,7.9,kinh_doanh,Hai Phong,4,42.0
KH13484,40.0,17.9,10.6,nhan_vien,TP HCM,2,59.0
KH13485,34.0,22.3,11.2,ky_su,Can Tho,0,56.0
KH13486,40.0,25.8,12.2,ky_su,Ha Noi,4,42.0
KH13487,42.0,7.6,3.6,giao_vien,Da Nang,1,45.0
KH13488,42.0,14.3,10.2,giao_vien,Ha Noi,2,76.0
KH13489,27.0,22.8,15.4,ky_su,TP HCM,5,71.0
KH13490,18.0,36.8,10.8,ky_su,Can Tho,5,29.0
KH13491,33.0,10.9,6.1,nhan_vien,TP HCM,4,51.0
KH13492,48.0,35.8,26.1,kinh_doanh,Ha Noi,7,64.0
KH13493,29.0,6.5,5.7,sinh_vien,Ha Noi,1,91.0
KH13494,41.0,7.3,4.1,sinh_vien,Da Nang,1,53.0
KH13495,54.0,6.9,5.4,sinh_vien,Hai Phong,1,77.0
KH13496,18.0,24.9,8.9,nhan_vien,Ha Noi,4,42.0
KH13497,32.0,23.2,18.1,bac_si,Hai Phong,5,75.0
KH13498,39.0,28.4,22.5,nhan_vien,Ha Noi,8,82.0
KH13499,32.0,4.8,1.0,sinh_vien,Da Nang,0,21.0
KH13500,42.0,18.6,9.7,kinh_doanh,Ha Noi,1,55.0
KH13501,21.0,20.8,5.6,ky_su,TP HCM,0,23.0
KH13502,31.0,9.7,6.2,ky_su,Ha Noi,1,53.0
KH13503,41.0,6.0,0.5,giao_vien,Da Nang,0,8.0
KH13504,24.0,49.0,33.9,kinh_doanh,TP HCM,8,66.0
KH13505,31.0,9.3,4.9,sinh_vien,TP HCM,0,57.0
KH13506,50.0,14.2,13.3,nhan_vien,Da Nang,9,100.0
KH13507,47.0,12.4,10.4,kinh_doanh,TP HCM,3,92.0
KH13508,45.0,28.5,25.2,ky_su,TP HCM,5,78.0
KH13509,50.0,14.3,8.6,giao_vien,TP HCM,2,59.0
KH13510,35.0,36.0,24.6,bac_si,TP HCM,6,62.0
KH13511,27.0,7.8,1.6,nhan_vien,TP HCM,0,19.0
KH13512,36.0,10.6,6.7,nhan_vien,Da Nang,3,61.0
KH13513,24.0,21.1,16.2,kinh_doanh,TP HCM,2,74.0
KH13514,48.0,20.8,11.1,nhan_vien,Ha Noi,4,61.0
KH13515,18.0,15.7,8.5,nhan_vien,Da Nang,2,46.0
KH13516,39.0,31.8,23.8,ky_su,Da Nang,5,61.0
KH13517,21.0,8.3,4.1,giao_vien,Da Nang,2,53.0
KH13518,56.0,28.4,18.9,giao_vien,Hai Phong,5,61.0
KH13519,56.0,13.9,9.0,ky_su,TP HCM,2,62.0
KH13520,38.0,13.1,11.5,nhan_vien,Ha Noi,5,97.0
KH13521,18.0,3.4,0.7,sinh_vien,Da Nang,0,22.0
KH13522,24.0,7.5,1.9,giao_vien,TP HCM,1,23.0
KH13523,51.0,28.0,14.5,bac_si,TP HCM,7,45.0
KH13524,34.0,44.7,16.3,ky_su,TP HCM,8,42.0
KH13525,28.0,30.3,19.2,ky_su,TP HCM,5,54.0
KH13526,36.0,33.9,16.0,kinh_doanh,Can Tho,6,54.0
KH13527,18.0,18.2,14.5,nhan_vien,TP HCM,1,71.0
KH13528,35.0,12.4,11.4,nhan_vien,TP HCM,4,81.0
KH13529,33.0,17.1,13.4,nhan_vien,TP HCM,2,84.0
KH13530,27.0,12.4,5.4,giao_vien,Ha Noi,2,48.0
KH13531,18.0,18.1,13.7,nhan_vien,Da Nang,4,80.0
KH13532,40.0,33.0,25.0,ky_su,TP HCM,6,72.0
KH13533,31.0,29.6,16.3,bac_si,TP HCM,2,58.0
KH13534,28.0,13.8,5.0,giao_vien,TP HCM,0,42.0
KH13535,46.0,10.7,3.5,giao_vien,Ha Noi,2,31.0
KH13536,41.0,10.3,5.5,sinh_vien,Hai Phong,0,55.0
KH13537,37.0,6.0,2.0,sinh_vien,TP HCM,0,33.0
KH13538,29.0,9.8,4.7,nhan_vien,TP HCM,1,39.0
KH13539,40.0,7.0,5.7,sinh_vien,Ha Noi,4,67.0
KH13540,45.0,15.9,8.8,ky_su,TP HCM,1,60.0
KH13541,31.0,9.0,1.9,nhan_vien,Can Tho,0,17.0
KH13542,47.0,36.6,21.8,bac_si,Ha Noi,8,59.0
KH13543,18.0,12.7,10.0,ky_su,Ha Noi,1,92.0
KH13544,38.0,24.9,20.7,bac_si,TP HCM,5,98.0
KH13545,41.0,18.5,9.8,bac_si,Da Nang,2,57.0
KH13546,46.0,14.6,8.9,nhan_vien,TP HCM,2,63.0
KH13547,30.0,21.6,11.8,giao_vien,TP HCM,2,60.0
KH13548,27.0,11.5,8.4,nhan_vien,TP HCM,8,59.0
KH13549,33.0,16.9,10.1,giao_vien,Da Nang,4,51.0
KH13550,46.0,13.1,6.1,giao_vien,Ha Noi,1,51.0
KH13551,46.0,19.9,12.0,giao_vien,Da Nang,7,61.0
KH13552,35.0,9.3,4.3,sinh_vien,Ha Noi,3,39.0
KH13553,23.0,16.6,11.0,nhan_vien,TP HCM,5,67.0
KH13554,50.0,15.5,6.0,nhan_vien,Can Tho,3,39.0
KH13555,37.0,49.4,18.1,kinh_doanh,Can Tho,3,35.0
KH13556,39.0,8.3,4.4,giao_vien,Hai Phong,2,42.0
KH13557,36.0,29.0,16.8,bac_si,TP HCM,4,49.0
KH13558,71.0,21.8,8.2,kinh_doanh,TP HCM,3,45.0
KH13559,33.0,6.4,3.3,giao_vien,Ha Noi,0,58.0
KH13560,44.0,5.2,1.6,giao_vien,Can Tho,2,29.0
KH13561,41.0,30.8,24.3,ky_su,Da Nang,3,66.0
KH13562,18.0,29.9,18.2,ky_su,Can Tho,4,71.0
KH13563,27.0,45.3,20.4,nhan_vien,TP HCM,7,42.0
KH13564,40.0,90.4,32.8,kinh_doanh,Ha Noi,6,39.0
KH13565,50.0,31.5,18.6,ky_su,Da Nang,4,51.0
KH13566,41.0,13.4,10.3,nhan_vien,Hai Phong,2,68.0
KH13567,22.0,5.5,2.2,giao_vien,Ha Noi,1,43.0
KH13568,45.0,12.0,8.4,giao_vien,Ha Noi,4,79.0
KH13569,29.0,35.1,19.8,nhan_vien,Can Tho,10,64.0
KH13570,53.0,11.0,6.4,giao_vien,TP HCM,0,50.0
KH13571,39.0,5.5,5.3,sinh_vien,TP HCM,1,100.0
KH13572,51.0,11.8,2.0,nhan_vien,TP HCM,2,14.0
KH13573,26.0,21.3,6.8,ky_su,TP HCM,2,37.0
KH13574,39.0,20.2,8.1,nhan_vien,Can Tho,3,46.0
KH13575,36.0,17.1,13.1,bac_si,Ha Noi,4,87.0
KH13576,53.0,4.3,2.6,sinh_vien,Can Tho,0,60.0
KH13577,26.0,13.3,4.9,sinh_vien,Ha Noi,0,31.0
KH13578,18.0,46.2,29.3,kinh_doanh,Hai Phong,10,58.0
KH13579,49.0,2.9,2.5,sinh_vien,Ha Noi,0,75.0
KH13580,37.0,24.8,8.6,ky_su,TP HCM,4,29.0
KH13581,38.0,10.6,5.7,sinh_vien,Da Nang,3,53.0
KH13582,36.0,28.5,23.7,nhan_vien,TP HCM,5,67.0
KH13583,35.0,24.4,15.7,nhan_vien,TP HCM,4,67.0
KH13584,49.0,49.3,33.2,ky_su,TP HCM,7,74.0
KH13585,38.0,34.2,21.2,ky_su,Ha Noi,5,60.0
KH13586,23.0,11.0,2.5,kinh_doanh,Ha Noi,1,23.0
KH13587,19.0,36.1,13.5,nhan_vien,Ha Noi,4,39.0
KH13588,61.0,20.6,19.0,nhan_vien,TP HCM,0,100.0
KH13589,32.0,13.2,9.3,nhan_vien,TP HCM,2,69.0
KH13590,46.0,13.4,10.7,nhan_vien,Hai Phong,1,84.0
KH13591,42.0,18.3,10.8,bac_si,Ha Noi,5,67.0
KH13592,45.0,27.1,11.2,ky_su,Ha Noi,1,44.0
KH13593,39.0,9.4,8.3,nhan_vien,Ha Noi,1,76.0
KH13594,36.0,13.7,8.9,bac_si,TP HCM,3,56.0
KH13595,18.0,25.1,14.8,bac_si,TP HCM,4,56.0
KH13596,19.0,17.1,8.7,ky_su,Hai Phong,3,58.0
KH13597,18.0,27.3,16.3,ky_su,TP HCM,7,57.0
KH13598,18.0,29.6,14.3,kinh_doanh,Ha Noi,5,55.0
KH13599,18.0,12.3,6.9,nhan_vien,Hai Phong,2,48.0
KH13600,34.0,12.0,8.5,nhan_vien,TP HCM,1,57.0
KH13601,38.0,8.5,0.5,nhan_vien,Can Tho,0,7.0
KH13602,29.0,31.4,15.1,ky_su,Ha Noi,5,39.0
KH13603,34.0,28.5,20.4,ky_su,Da Nang,4,85.0
KH13604,41.0,8.3,3.1,nhan_vien,Ha Noi,1,34.0
KH13605,38.0,43.3,29.4,ky_su,Can Tho,7,69.0
KH13606,18.0,18.6,12.3,nhan_vien,Ha Noi,2,62.0
KH13607,29.0,25.1,16.5,ky_su,Ha Noi,5,62.0
KH13608,33.0,39.8,29.6,kinh_doanh,TP HCM,7,86.0
KH13609,35.0,10.1,8.5,giao_vien,Ha Noi,0,91.0
KH13610,38.0,9.1,3.6,giao_vien,Ha Noi,1,33.0
KH13611,21.0,29.3,12.0,nhan_vien,TP HCM,4,39.0
KH13612,38.0,28.9,16.1,nhan_vien,Ha Noi,5,59.0
KH13613,39.0,17.6,9.1,ky_su,TP HCM,3,52.0
KH13614,31.0,13.2,3.9,nhan_vien,Hai Phong,1,26.0
KH13615,28.0,11.1,5.1,nhan_vien,TP HCM,0,51.0
KH13616,19.0,20.7,13.7,bac_si,TP HCM,3,70.0
KH13617,30.0,39.8,18.1,kinh_doanh,Ha Noi,4,46.0
KH13618,38.0,7.9,4.0,sinh_vien,TP HCM,0,52.0
KH13619,32.0,10.6,3.7,giao_vien,Hai Phong,0,33.0
KH13620,40.0,14.5,11.0,kinh_doanh,TP HCM,5,72.0
KH13621,36.0,33.1,17.4,bac_si,Da Nang,5,45.0
KH13622,40.0,12.9,11.9,nhan_vien,TP HCM,1,75.0
KH13623,45.0,15.2,6.7,giao_vien,TP HCM,2,39.0
KH13624,42.0,12.5,7.9,giao_vien,TP HCM,2,67.0
KH13625,46.0,39.8,30.0,kinh_doanh,Ha Noi,7,66.0
KH13626,35.0,11.0,4.2,nhan_vien,TP HCM,0,43.0
KH13627,34.0,23.9,14.7,nhan_vien,TP HCM,4,53.0
KH13628,55.0,10.0,5.8,nhan_vien,TP HCM,0,49.0
KH13629,33.0,9.3,7.1,ky_su,TP HCM,0,63.0
KH13630,36.0,14.9,6.7,ky_su,Da Nang,2,46.0
KH13631,30.0,21.9,12.0,nhan_vien,Hai Phong,1,45.0
KH13632,35.0,16.1,11.3,nhan_vien,TP HCM,5,73.0
KH13633,43.0,10.1,6.3,ky_su,Hai Phong,0,74.0
KH13634,35.0,23.5,21.6,kinh_doanh,Hai Phong,7,75.0
KH13635,39.0,16.2,11.4,kinh_doanh,TP HCM,1,59.0
KH13636,41.0,9.1,7.2,nhan_vien,Hai Phong,0,88.0
KH13637,18.0,33.2,27.0,nhan_vien,TP HCM,7,97.0
KH13638,62.0,31.8,14.8,ky_su,Ha Noi,5,53.0
KH13639,38.0,5.3,4.7,giao_vien,Ha Noi,2,76.0
KH13640,38.0,12.2,7.5,ky_su,TP HCM,0,72.0
KH13641,39.0,18.8,7.6,nhan_vien,TP HCM,2,45.0
KH13642,44.0,20.3,12.8,nhan_vien,Can Tho,8,61.0
KH13643,21.0,25.4,9.7,ky_su,Ha Noi,1,31.0
KH13644,28.0,58.2,21.4,bac_si,Hai Phong,4,36.0
KH13645,21.0,11.6,6.8,nhan_vien,TP HCM,2,65.0
KH13646,25.0,15.4,8.9,bac_si,Hai Phong,3,65.0
KH13647,33.0,24.0,8.3,nhan_vien,TP HCM,0,33.0
KH13648,45.0,10.5,7.1,nhan_vien,TP HCM,1,76.0
KH13649,32.0,73.5,50.3,kinh_doanh,TP HCM,17,60.0
KH13650,38.0,7.0,3.8,sinh_vien,Ha Noi,2,47.0
KH13651,34.0,21.7,8.9,nhan_vien,Ha Noi,3,40.0
KH13652,24.0,10.1,8.6,nhan_vien,TP HCM,3,82.0
KH13653,43.0,14.9,9.9,nhan_vien,Hai Phong,2,54.0
KH13654,35.0,34.2,21.7,bac_si,TP HCM,1,70.0
KH13655,32.0,13.7,4.8,bac_si,Ha Noi,1,29.0
KH13656,36.0,7.5,5.3,nhan_vien,Da Nang,1,79.0
KH13657,30.0,40.0,22.3,giao_vien,Ha Noi,4,47.0
KH13658,27.0,18.9,6.6,nhan_vien,Da Nang,1,33.0
KH13659,32.0,18.9,10.2,giao_vien,Ha Noi,2,56.0
KH13660,33.0,32.1,11.5,ky_su,Hai Phong,10,35.0
KH13661,18.0,2.5,1.2,sinh_vien,Can Tho,0,50.0
KH13662,42.0,26.8,16.1,giao_vien,Ha Noi,4,58.0
KH13663,25.0,34.4,26.6,kinh_doanh,Can Tho,12,72.0
KH13664,57.0,27.2,8.2,giao_vien,Ha Noi,1,34.0
KH13665,29.0,34.1,25.5,ky_su,TP HCM,4,78.0
KH13666,31.0,14.0,8.6,bac_si,TP HCM,0,67.0
KH13667,23.0,31.8,14.4,ky_su,Ha Noi,2,50.0
KH13668,49.0,14.2,13.1,nhan_vien,Ha Noi,4,94.0
KH13669,45.0,24.5,20.3,nhan_vien,TP HCM,5,89.0
KH13670,22.0,4.1,5.4,sinh_vien,Hai Phong,2,100.0
KH13671,34.0,26.9,21.8,kinh_doanh,Ha Noi,6,75.0
KH13672,32.0,23.8,12.3,bac_si,Can Tho,5,48.0
KH13673,29.0,17.9,7.5,bac_si,TP HCM,5,42.0
KH13674,48.0,12.5,9.9,giao_vien,TP HCM,5,90.0
KH13675,18.0,17.8,7.1,nhan_vien,Ha Noi,1,41.0
KH13676,49.0,23.4,15.8,kinh_doanh,TP HCM,1,60.0
KH13677,42.0,13.9,7.3,ky_su,Da Nang,1,45.0
KH13678,30.0,27.1,22.2,kinh_doanh,Ha Noi,9,79.0
KH13679,18.0,16.6,12.2,bac_si,Ha Noi,4,73.0
KH13680,54.0,22.3,15.1,bac_si,Ha Noi,4,57.0
KH13681,26.0,13.8,6.7,nhan_vien,Ha Noi,3,44.0
KH13682,32.0,20.6,11.6,kinh_doanh,Ha Noi,1,60.0
KH13683,20.0,33.9,16.9,ky_su,TP HCM,7,48.0
KH13684,30.0,28.1,14.1,ky_su,TP HCM,7,46.0
KH13685,34.0,30.0,17.8,bac_si,TP HCM,5,66.0
KH13686,20.0,5.0,4.8,nhan_vien,TP HCM,0,95.0
KH13687,44.0,29.4,19.6,kinh_doanh,Ha Noi,6,60.0
KH13688,21.0,12.8,6.3,nhan_vien,Ha Noi,0,43.0
KH13689,23.0,18.2,9.7,kinh_doanh,Can Tho,2,52.0
KH13690,57.0,12.7,12.0,nhan_vien,Ha Noi,4,94.0
KH13691,18.0,16.3,9.5,nhan_vien,TP HCM,1,55.0
KH13692,34.0,7.0,3.3,sinh_vien,Ha Noi,0,56.0
KH13693,29.0,31.1,16.2,bac_si,Ha Noi,3,55.0
KH13694,22.0,22.1,17.6,giao_vien,Can Tho,5,93.0
KH13695,27.0,18.8,9.2,bac_si,Can Tho,4,49.0
KH13696,29.0,18.8,8.4,ky_su,Can Tho,3,47.0
KH13697,32.0,9.9,3.8,kinh_doanh,TP HCM,3,38.0
KH13698,38.0,16.5,7.3,giao_vien,Can Tho,3,47.0
KH13699,36.0,16.4,12.8,ky_su,Ha Noi,4,79.0
KH13700,32.0,12.4,6.3,ky_su,Hai Phong,1,51.0
KH13701,40.0,15.8,5.2,ky_su,Hai Phong,2,39.0
KH13702,32.0,42.3,32.2,kinh_doanh,TP HCM,6,84.0
KH13703,18.0,47.6,25.9,ky_su,TP HCM,2,57.0
KH13704,26.0,3.2,2.1,sinh_vien,Can Tho,1,59.0
KH13705,37.0,7.5,0.5,sinh_vien,TP HCM,0,6.0
KH13706,30.0,6.6,6.1,sinh_vien,Hai Phong,2,78.0
KH13707,44.0,10.2,6.6,giao_vien,TP HCM,4,52.0
KH13708,33.0,10.2,5.0,giao_vien,TP HCM,0,47.0
KH13709,45.0,31.4,14.4,ky_su,TP HCM,2,47.0
KH13710,44.0,5.5,3.3,nhan_vien,TP HCM,3,61.0
KH13711,22.0,7.0,5.0,sinh_vien,Ha Noi,1,58.0
KH13712,44.0,9.7,6.2,giao_vien,TP HCM,1,53.0
KH13713,40.0,22.6,19.0,kinh_doanh,Da Nang,3,98.0
KH13714,38.0,6.4,5.5,nhan_vien,Hai Phong,1,100.0
KH13715,53.0,3.4,2.9,sinh_vien,TP HCM,0,86.0
KH13716,25.0,21.0,10.4,ky_su,Hai Phong,3,45.0
KH13717,43.0,9.6,9.0,kinh_doanh,TP HCM,2,100.0
KH13718,20.0,27.9,23.5,ky_su,TP HCM,7,82.0
KH13719,26.0,18.3,7.9,kinh_doanh,Da Nang,2,50.0
KH13720,18.0,11.8,7.6,giao_vien,Da Nang,3,74.0
KH13721,46.0,30.0,19.7,ky_su,TP HCM,7,77.0
KH13722,46.0,13.3,5.1,nhan_vien,Ha Noi,1,43.0
KH13723,24.0,8.9,6.9,nhan_vien,TP HCM,0,90.0
KH13724,26.0,5.8,3.4,sinh_vien,Hai Phong,0,62.0
KH13725,36.0,14.0,6.8,kinh_doanh,Ha Noi,0,42.0
KH13726,48.0,8.4,4.5,nhan_vien,Hai Phong,1,52.0
KH13727,37.0,17.5,14.1,ky_su,TP HCM,5,76.0
KH13728,32.0,42.7,35.4,kinh_doanh,TP HCM,12,93.0
KH13729,39.0,13.4,8.2,nhan_vien,Da Nang,2,70.0
KH13730,18.0,17.4,13.4,ky_su,Da Nang,4,89.0
KH13731,33.0,32.2,26.9,bac_si,TP HCM,6,78.0
KH13732,42.0,21.2,16.2,nhan_vien,Da Nang,4,81.0
KH13733,19.0,22.9,10.4,bac_si,TP HCM,3,46.0
KH13734,54.0,17.8,6.3,giao_vien,Ha Noi,3,41.0
KH13735,61.0,5.6,2.9,sinh_vien,Hai Phong,0,43.0
KH13736,50.0,37.8,25.2,kinh_doanh,Ha Noi,8,55.0
KH13737,60.0,7.7,2.0,ky_su,Da Nang,0,21.0
KH13738,18.0,14.1,9.0,kinh_doanh,Da Nang,2,56.0
KH13739,34.0,10.2,9.2,nhan_vien,Ha Noi,1,75.0
KH13740,29.0,18.7,4.7,nhan_vien,Da Nang,1,30.0
KH13741,37.0,23.7,17.0,kinh_doanh,TP HCM,7,80.0
KH13742,34.0,18.6,12.8,kinh_doanh,Hai Phong,5,80.0
KH13743,28.0,11.4,8.4,bac_si,Can Tho,2,63.0
KH13744,49.0,3.6,4.3,sinh_vien,Ha Noi,0,100.0
KH13745,28.0,6.5,3.3,giao_vien,TP HCM,2,44.0
KH13746,36.0,43.0,32.3,bac_si,Ha Noi,8,66.0
KH13747,51.0,9.4,5.2,nhan_vien,Ha Noi,1,54.0
KH13748,41.0,24.1,10.0,bac_si,TP HCM,4,40.0
KH13749,28.0,21.5,9.9,bac_si,Ha Noi,2,54.0
KH13750,42.0,5.4,3.1,sinh_vien,Hai Phong,1,49.0
KH13751,37.0,22.8,4.3,kinh_doanh,Ha Noi,2,20.0
KH13752,31.0,32.2,15.7,nhan_vien,Da Nang,2,54.0
KH13753,35.0,17.4,10.9,nhan_vien,Can Tho,1,74.0
KH13754,38.0,38.3,25.1,nhan_vien,TP HCM,5,66.0
KH13755,37.0,18.9,9.5,bac_si,Da Nang,4,46.0
KH13756,24.0,43.5,16.9,kinh_doanh,TP HCM,6,35.0
KH13757,35.0,22.6,17.4,nhan_vien,Ha Noi,3,88.0
KH13758,42.0,32.6,13.9,kinh_doanh,Ha Noi,2,47.0
KH13759,33.0,4.3,3.7,sinh_vien,Can Tho,1,71.0
KH13760,36.0,22.4,10.4,nhan_vien,Ha Noi,3,38.0
KH13761,45.0,33.8,19.7,bac_si,Ha Noi,1,68.0
KH13762,26.0,13.5,7.4,nhan_vien,Da Nang,2,53.0
KH13763,40.0,13.9,10.7,giao_vien,Can Tho,2,80.0
KH13764,40.0,2.5,1.8,sinh_vien,Hai Phong,0,62.0
KH13765,42.0,25.5,20.7,giao_vien,Hai Phong,3,94.0
KH13766,32.0,15.1,7.6,nhan_vien,TP HCM,0,55.0
KH13767,38.0,17.4,12.8,ky_su,Can Tho,4,74.0
KH13768,48.0,26.1,20.4,nhan_vien,Ha Noi,7,92.0
KH13769,51.0,9.9,5.4,giao_vien,TP HCM,0,57.0
KH13770,32.0,15.9,14.8,ky_su,TP HCM,3,92.0
KH13771,31.0,19.7,7.8,nhan_vien,Hai Phong,2,47.0
KH13772,49.0,11.8,5.9,kinh_doanh,Hai Phong,4,51.0
KH13773,18.0,7.6,4.8,nhan_vien,TP HCM,0,59.0
KH13774,35.0,16.1,8.1,kinh_doanh,Ha Noi,2,44.0
KH13775,34.0,12.3,10.4,ky_su,Can Tho,3,78.0
KH13776,33.0,18.1,6.4,kinh_doanh,Ha Noi,4,31.0
KH13777,53.0,18.8,12.9,nhan_vien,Da Nang,4,62.0
KH13778,20.0,23.4,13.7,ky_su,Ha Noi,5,61.0
KH13779,42.0,23.7,20.3,ky_su,TP HCM,7,99.0
KH13780,38.0,19.7,16.8,giao_vien,TP HCM,4,94.0
KH13781,36.0,17.7,11.5,nhan_vien,TP HCM,4,56.0
KH13782,40.0,3.8,1.5,sinh_vien,Da Nang,0,46.0
KH13783,18.0,14.0,8.9,ky_su,Can Tho,2,56.0
KH13784,34.0,14.2,12.1,giao_vien,TP HCM,2,76.0
KH13785,33.0,8.1,4.2,nhan_vien,Can Tho,2,58.0
KH13786,30.0,40.1,25.4,ky_su,TP HCM,3,73.0
KH13787,32.0,33.4,24.1,bac_si,TP HCM,7,75.0
KH13788,26.0,14.6,8.4,ky_su,Can Tho,1,50.0
KH13789,19.0,20.4,9.1,bac_si,TP HCM,1,44.0
KH13790,40.0,22.1,10.5,ky_su,Can Tho,4,42.0
KH13791,26.0,8.2,5.0,giao_vien,Ha Noi,1,66.0
KH13792,53.0,13.4,11.4,nhan_vien,Can Tho,2,83.0
KH13793,35.0,21.3,11.7,ky_su,TP HCM,3,59.0
KH13794,27.0,5.8,2.6,sinh_vien,Ha Noi,0,43.0
KH13795,28.0,12.5,7.8,ky_su,Ha Noi,0,59.0
KH13796,23.0,13.4,12.2,nhan_vien,Hai Phong,3,89.0
KH13797,36.0,3.8,4.3,sinh_vien,Da Nang,1,100.0
KH13798,33.0,23.0,19.5,nhan_vien,Ha Noi,8,99.0
KH13799,55.0,21.8,9.1,kinh_doanh,Ha Noi,3,44.0
KH13800,40.0,12.3,6.7,nhan_vien,Ha Noi,1,62.0
KH13801,34.0,56.2,29.7,ky_su,TP HCM,7,48.0
KH13802,45.0,18.5,8.1,giao_vien,Ha Noi,3,37.0
KH13803,35.0,10.4,8.5,ky_su,Ha Noi,0,80.0
KH13804,25.0,8.5,2.4,sinh_vien,Ha Noi,0,25.0
KH13805,46.0,32.3,13.5,ky_su,Da Nang,2,40.0
KH13806,43.0,56.2,19.7,nhan_vien,Can Tho,7,41.0
KH13807,31.0,18.0,12.3,nhan_vien,Da Nang,3,65.0
KH13808,29.0,25.5,14.2,ky_su,TP HCM,3,46.0
KH13809,27.0,16.0,14.1,nhan_vien,Da Nang,4,73.0
KH13810,50.0,15.3,12.8,giao_vien,TP HCM,4,91.0
KH13811,50.0,14.5,8.2,nhan_vien,Ha Noi,1,54.0
KH13812,41.0,9.7,10.3,giao_vien,Ha Noi,2,100.0
KH13813,40.0,12.2,4.1,nhan_vien,Can Tho,1,35.0
KH13814,34.0,9.9,1.4,giao_vien,Da Nang,0,17.0
KH13815,18.0,32.8,24.2,ky_su,TP HCM,3,84.0
KH13816,23.0,12.7,6.1,giao_vien,TP HCM,2,55.0
KH13817,24.0,17.7,13.2,nhan_vien,Ha Noi,2,66.0
KH13818,48.0,21.0,16.6,nhan_vien,Da Nang,1,67.0
KH13819,56.0,28.9,12.8,ky_su,Can Tho,1,42.0
KH13820,23.0,8.3,4.8,sinh_vien,Da Nang,1,67.0
KH13821,45.0,17.0,12.3,giao_vien,Ha Noi,4,73.0
KH13822,31.0,4.9,3.4,sinh_vien,Da Nang,0,70.0
KH13823,18.0,23.7,15.7,bac_si,Hai Phong,5,61.0
KH13824,32.0,9.2,0.5,kinh_doanh,Ha Noi,0,5.0
KH13825,39.0,23.8,7.8,kinh_doanh,TP HCM,0,29.0
KH13826,18.0,16.8,12.4,nhan_vien,Can Tho,5,66.0
KH13827,47.0,20.9,16.4,giao_vien,TP HCM,6,82.0
KH13828,46.0,7.3,1.5,sinh_vien,TP HCM,0,24.0
KH13829,29.0,18.3,5.4,nhan_vien,TP HCM,1,32.0
KH13830,23.0,14.3,9.7,kinh_doanh,Ha Noi,2,57.0
KH13831,31.0,27.8,18.1,kinh_doanh,TP HCM,6,57.0
KH13832,36.0,5.5,4.2,nhan_vien,Can Tho,2,72.0
KH13833,33.0,37.9,29.4,ky_su,Can Tho,5,70.0
KH13834,49.0,56.7,30.5,bac_si,Da Nang,6,51.0
KH13835,41.0,32.6,21.5,giao_vien,Ha Noi,6,65.0
KH13836,38.0,9.8,6.5,giao_vien,TP HCM,2,60.0
KH13837,27.0,27.0,14.3,ky_su,TP HCM,10,49.0
KH13838,26.0,21.8,16.3,ky_su,Da Nang,1,64.0
KH13839,29.0,18.5,12.3,bac_si,Ha Noi,4,56.0
KH13840,25.0,29.1,16.5,nhan_vien,Ha Noi,4,66.0
KH13841,46.0,9.8,5.3,nhan_vien,Can Tho,1,58.0
KH13842,50.0,39.8,30.7,kinh_doanh,Hai Phong,7,87.0
KH13843,35.0,36.2,29.0,kinh_doanh,TP HCM,3,74.0
KH13844,41.0,13.6,7.7,nhan_vien,Can Tho,3,51.0
KH13845,25.0,32.5,17.8,nhan_vien,Ha Noi,2,63.0
KH13846,40.0,9.2,3.4,ky_su,Ha Noi,0,37.0
KH13847,53.0,12.1,9.8,giao_vien,TP HCM,1,96.0
KH13848,18.0,15.7,12.0,ky_su,TP HCM,3,70.0
KH13849,31.0,8.5,9.0,nhan_vien,Ha Noi,4,100.0
KH13850,31.0,33.5,24.4,bac_si,Da Nang,5,87.0
KH13851,32.0,20.9,11.9,kinh_doanh,Ha Noi,3,63.0
KH13852,28.0,12.5,7.2,kinh_doanh,TP HCM,1,57.0
KH13853,29.0,15.8,14.3,nhan_vien,TP HCM,6,83.0
KH13854,38.0,17.9,5.6,nhan_vien,TP HCM,0,31.0
KH13855,35.0,5.3,3.8,sinh_vien,Ha Noi,0,70.0
KH13856,37.0,23.8,18.1,ky_su,Ha Noi,6,63.0
KH13857,60.0,16.0,11.8,ky_su,Ha Noi,4,75.0
KH13858,32.0,32.8,17.5,ky_su,Hai Phong,1,61.0
KH13859,39.0,8.8,4.8,sinh_vien,Da Nang,0,60.0
KH13860,52.0,4.9,2.9,sinh_vien,Ha Noi,3,55.0
KH13861,32.0,16.2,12.1,ky_su,Can Tho,5,83.0
KH13862,41.0,9.1,4.8,giao_vien,TP HCM,2,49.0
KH13863,49.0,18.5,10.4,nhan_vien,Da Nang,2,46.0
KH13864,19.0,17.3,7.3,nhan_vien,Ha Noi,0,35.0
KH13865,20.0,16.9,11.1,nhan_vien,Can Tho,1,66.0
KH13866,37.0,22.0,18.3,bac_si,Ha Noi,4,72.0
KH13867,43.0,47.9,24.5,bac_si,TP HCM,3,46.0
KH13868,38.0,12.9,9.6,nhan_vien,TP HCM,4,63.0
KH13869,33.0,22.2,14.2,ky_su,Ha Noi,4,64.0
KH13870,37.0,15.1,11.5,nhan_vien,TP HCM,1,81.0
KH13871,54.0,6.7,7.1,nhan_vien,TP HCM,1,92.0
KH13872,54.0,15.3,11.8,ky_su,TP HCM,4,73.0
KH13873,20.0,12.3,9.9,bac_si,TP HCM,3,91.0
KH13874,30.0,27.6,21.0,kinh_doanh,TP HCM,4,70.0
KH13875,31.0,12.0,6.8,nhan_vien,Ha Noi,0,56.0
KH13876,24.0,40.5,20.4,kinh_doanh,Ha Noi,8,49.0
KH13877,36.0,27.7,20.3,bac_si,Ha Noi,6,84.0
KH13878,37.0,22.7,4.2,kinh_doanh,Ha Noi,2,15.0
KH13879,26.0,21.1,9.7,nhan_vien,Can Tho,2,46.0
KH13880,34.0,25.2,11.1,giao_vien,Ha Noi,2,46.0
KH13881,30.0,3.8,1.2,sinh_vien,Da Nang,0,37.0
KH13882,40.0,26.3,16.9,kinh_doanh,TP HCM,6,74.0
KH13883,43.0,35.0,18.3,kinh_doanh,Ha Noi,5,44.0
KH13884,36.0,36.1,25.6,kinh_doanh,Ha Noi,6,73.0
KH13885,39.0,18.1,12.9,ky_su,Da Nang,4,64.0
KH13886,19.0,42.7,20.5,bac_si,TP HCM,7,54.0
KH13887,36.0,3.9,4.9,sinh_vien,Can Tho,1,100.0
KH13888,44.0,18.5,10.6,nhan_vien,TP HCM,3,68.0
KH13889,45.0,14.2,13.2,giao_vien,Da Nang,0,75.0
KH13890,28.0,11.7,9.5,giao_vien,Ha Noi,0,76.0
KH13891,44.0,25.6,16.6,kinh_doanh,Da Nang,7,65.0
KH13892,18.0,56.8,37.5,kinh_doanh,Hai Phong,8,77.0
KH13893,28.0,20.2,7.9,kinh_doanh,Ha Noi,4,34.0
KH13894,48.0,62.9,27.6,kinh_doanh,TP HCM,8,38.0
KH13895,20.0,20.3,13.2,kinh_doanh,Da Nang,1,62.0
KH13896,51.0,17.6,12.0,ky_su,TP HCM,3,60.0
KH13897,28.0,22.1,9.8,ky_su,Ha Noi,5,48.0
KH13898,45.0,3.5,0.5,sinh_vien,Hai Phong,0,14.0
KH13899,23.0,23.0,16.6,kinh_doanh,TP HCM,7,74.0
KH13900,44.0,11.2,4.9,nhan_vien,TP HCM,1,42.0
KH13901,48.0,24.8,17.5,kinh_doanh,Can Tho,6,78.0
KH13902,43.0,18.4,7.5,ky_su,TP HCM,1,34.0
KH13903,36.0,6.0,5.5,sinh_vien,Ha Noi,2,92.0
KH13904,40.0,15.8,7.4,nhan_vien,Ha Noi,2,40.0
KH13905,32.0,23.1,10.6,nhan_vien,Ha Noi,1,51.0
KH13906,19.0,8.1,4.3,nhan_vien,Can Tho,2,60.0
KH13907,28.0,24.2,17.6,kinh_doanh,TP HCM,4,61.0
KH13908,41.0,14.1,5.1,nhan_vien,Hai Phong,2,37.0
KH13909,56.0,41.4,12.4,nhan_vien,TP HCM,7,26.0
KH13910,33.0,12.9,11.9,giao_vien,TP HCM,4,81.0
KH13911,37.0,17.7,11.1,kinh_doanh,TP HCM,2,69.0
KH13912,52.0,13.5,6.5,nhan_vien,TP HCM,0,56.0
KH13913,43.0,4.1,3.7,sinh_vien,TP HCM,1,96.0
KH13914,46.0,27.8,22.4,ky_su,Da Nang,5,70.0
KH13915,34.0,33.0,15.1,bac_si,Can Tho,3,55.0
KH13916,24.0,5.1,0.9,sinh_vien,TP HCM,0,15.0
KH13917,41.0,21.7,18.0,kinh_doanh,TP HCM,8,82.0
KH13918,26.0,22.1,8.5,kinh_doanh,Can Tho,2,31.0
KH13919,30.0,31.7,17.0,nhan_vien,TP HCM,2,57.0
KH13920,36.0,9.8,6.5,nhan_vien,TP HCM,2,62.0
KH13921,52.0,8.0,5.8,nhan_vien,TP HCM,1,75.0
KH13922,18.0,23.2,18.2,ky_su,Ha Noi,2,65.0
KH13923,45.0,11.6,7.8,nhan_vien,Hai Phong,2,56.0
KH13924,33.0,23.6,7.8,giao_vien,TP HCM,3,36.0
KH13925,51.0,29.1,10.8,ky_su,Ha Noi,1,43.0
KH13926,33.0,29.7,19.2,kinh_doanh,Ha Noi,5,53.0
KH13927,34.0,20.1,11.7,nhan_vien,Ha Noi,3,48.0
KH13928,44.0,7.4,1.2,sinh_vien,Ha Noi,0,13.0
KH13929,18.0,17.6,8.5,giao_vien,Can Tho,5,58.0
KH13930,33.0,21.5,12.6,kinh_doanh,TP HCM,0,69.0
KH13931,43.0,10.9,7.8,ky_su,TP HCM,1,80.0
KH13932,46.0,13.0,7.0,giao_vien,Hai Phong,4,50.0
KH13933,43.0,24.0,11.7,ky_su,Ha Noi,2,44.0
KH13934,30.0,17.8,7.3,bac_si,TP HCM,4,42.0
KH13935,26.0,11.8,5.7,nhan_vien,Ha Noi,2,56.0
KH13936,28.0,17.6,17.3,nhan_vien,Ha Noi,5,97.0
KH13937,32.0,3.9,2.3,sinh_vien,Da Nang,0,62.0
KH13938,55.0,9.5,7.3,nhan_vien,Hai Phong,0,72.0
KH13939,25.0,20.5,12.1,bac_si,TP HCM,3,66.0
KH13940,22.0,4.5,2.3,giao_vien,TP HCM,0,47.0
KH13941,33.0,22.8,15.7,nhan_vien,Ha Noi,5,65.0
KH13942,21.0,22.6,12.7,ky_su,TP HCM,1,65.0
KH13943,36.0,7.8,6.0,ky_su,TP HCM,0,66.0
KH13944,45.0,11.7,7.1,ky_su,Ha Noi,2,63.0
KH13945,41.0,13.0,9.3,nhan_vien,Ha Noi,0,57.0
KH13946,54.0,7.0,0.5,giao_vien,Ha Noi,1,9.0
KH13947,38.0,15.2,6.7,giao_vien,Ha Noi,3,43.0
KH13948,40.0,13.8,5.7,kinh_doanh,Can Tho,0,47.0
KH13949,27.0,9.4,8.0,giao_vien,Hai Phong,1,81.0
KH13950,29.0,21.9,16.1,nhan_vien,Ha Noi,3,68.0
KH13951,46.0,21.3,10.3,kinh_doanh,Ha Noi,3,51.0
KH13952,40.0,35.9,24.6,bac_si,Ha Noi,5,58.0
KH13953,45.0,27.9,18.4,ky_su,TP HCM,3,56.0
KH13954,38.0,17.1,10.2,nhan_vien,Hai Phong,1,56.0
KH13955,54.0,2.9,0.5,sinh_vien,Da Nang,0,16.0
KH13956,31.0,19.7,8.5,kinh_doanh,TP HCM,6,42.0
KH13957,41.0,35.9,13.9,kinh_doanh,TP HCM,8,33.0
KH13958,43.0,17.8,13.7,nhan_vien,Ha Noi,4,79.0
KH13959,24.0,14.4,12.3,nhan_vien,TP HCM,4,78.0
KH13960,31.0,17.7,10.0,ky_su,Ha Noi,3,46.0
KH13961,49.0,11.0,8.6,nhan_vien,Da Nang,2,68.0
KH13962,46.0,39.2,21.1,bac_si,TP HCM,5,49.0
KH13963,36.0,17.0,12.9,ky_su,TP HCM,1,81.0
KH13964,34.0,44.6,22.9,ky_su,Ha Noi,4,47.0
KH13965,37.0,24.7,19.4,giao_vien,TP HCM,6,70.0
KH13966,35.0,16.4,8.3,giao_vien,Da Nang,0,41.0
KH13967,33.0,24.0,18.7,kinh_doanh,Ha Noi,8,92.0
KH13968,47.0,15.2,8.1,ky_su,Ha Noi,3,43.0
KH13969,57.0,6.7,3.4,giao_vien,Ha Noi,0,47.0
KH13970,30.0,27.6,22.0,kinh_doanh,Can Tho,6,70.0
KH13971,31.0,44.3,32.7,nhan_vien,TP HCM,9,84.0
KH13972,35.0,8.2,6.2,sinh_vien,Can Tho,4,66.0
KH13973,32.0,5.4,4.8,sinh_vien,Da Nang,2,98.0
KH13974,46.0,26.3,13.8,bac_si,TP HCM,3,62.0
KH13975,28.0,10.3,6.8,nhan_vien,Can Tho,3,62.0
KH13976,28.0,16.3,7.5,kinh_doanh,Da Nang,0,45.0
KH13977,18.0,16.8,12.6,nhan_vien,Da Nang,0,86.0
KH13978,21.0,48.2,33.6,ky_su,Da Nang,9,71.0
KH13979,33.0,15.5,7.7,kinh_doanh,Ha Noi,1,59.0
KH13980,51.0,12.6,10.9,bac_si,Ha Noi,5,89.0
KH13981,37.0,5.1,2.0,sinh_vien,Ha Noi,0,47.0
KH13982,56.0,20.9,11.5,nhan_vien,Da Nang,0,65.0
KH13983,31.0,29.5,19.1,kinh_doanh,Da Nang,2,58.0
KH13984,31.0,11.0,8.6,nhan_vien,Can Tho,0,94.0
KH13985,27.0,14.6,12.0,kinh_doanh,TP HCM,3,72.0
KH13986,40.0,4.3,3.1,sinh_vien,Da Nang,0,71.0
KH13987,18.0,13.0,11.0,giao_vien,Ha Noi,4,78.0
KH13988,38.0,10.5,9.6,giao_vien,Hai Phong,3,100.0
KH13989,31.0,10.5,5.4,nhan_vien,Ha Noi,2,59.0
KH13990,33.0,5.2,1.6,nhan_vien,Da Nang,0,32.0
KH13991,18.0,17.3,11.7,bac_si,TP HCM,0,57.0
KH13992,18.0,12.9,8.0,ky_su,Ha Noi,3,55.0
KH13993,30.0,21.5,14.8,kinh_doanh,Ha Noi,2,75.0
KH13994,31.0,75.8,27.3,kinh_doanh,Da Nang,4,43.0
KH13995,30.0,23.5,12.3,giao_vien,TP HCM,3,50.0
KH13996,37.0,11.8,6.6,giao_vien,Ha Noi,1,63.0
KH13997,25.0,23.6,13.9,kinh_doanh,TP HCM,5,68.0
KH13998,26.0,38.3,29.8,nhan_vien,Da Nang,4,68.0
KH13999,65.0,25.7,10.2,kinh_doanh,TP HCM,0,34.0
KH14000,31.0,7.2,7.0,giao_vien,Can Tho,3,81.0
KH14001,43.0,5.4,5.5,sinh_vien,TP HCM,3,100.0
KH14002,38.0,59.4,41.5,kinh_doanh,Ha Noi,10,74.0
KH14003,39.0,16.4,4.4,ky_su,TP HCM,2,25.0
KH14004,39.0,8.7,3.9,nhan_vien,TP HCM,2,45.0
KH14005,52.0,16.4,11.2,ky_su,Ha Noi,0,61.0
KH14006,33.0,10.8,8.1,nhan_vien,Da Nang,1,89.0
KH14007,35.0,21.4,15.2,nhan_vien,TP HCM,6,66.0
KH14008,41.0,52.5,29.6,giao_vien,TP HCM,4,54.0
KH14009,62.0,11.9,5.0,giao_vien,Ha Noi,0,47.0
KH14010,26.0,19.6,16.9,giao_vien,TP HCM,6,72.0
KH14011,38.0,12.1,8.5,ky_su,Da Nang,3,81.0
KH14012,40.0,11.1,8.1,nhan_vien,Can Tho,1,69.0
KH14013,53.0,20.2,11.6,nhan_vien,Can Tho,1,66.0
KH14014,44.0,23.4,8.5,nhan_vien,TP HCM,2,29.0
KH14015,36.0,15.9,13.3,giao_vien,TP HCM,4,100.0
KH14016,34.0,30.4,19.3,ky_su,Ha Noi,5,69.0
KH14017,28.0,26.6,16.3,kinh_doanh,TP HCM,4,49.0
KH14018,42.0,36.3,23.9,kinh_doanh,Ha Noi,11,70.0
KH14019,20.0,24.8,17.2,bac_si,Can Tho,4,59.0
KH14020,47.0,14.6,13.9,nhan_vien,TP HCM,2,89.0
KH14021,37.0,10.0,3.5,nhan_vien,TP HCM,0,36.0
KH14022,36.0,19.0,8.5,kinh_doanh,TP HCM,3,52.0
KH14023,39.0,14.5,8.2,nhan_vien,Hai Phong,1,59.0
KH14024,39.0,14.6,6.2,bac_si,Hai Phong,2,42.0
KH14025,39.0,27.3,14.5,nhan_vien,Ha Noi,1,61.0
KH14026,40.0,19.6,7.5,nhan_vien,TP HCM,1,46.0
KH14027,36.0,28.7,12.0,kinh_doanh,TP HCM,4,50.0
KH14028,26.0,14.3,7.3,nhan_vien,Hai Phong,1,52.0
KH14029,38.0,18.7,8.2,ky_su,TP HCM,3,51.0
KH14030,37.0,12.9,8.9,ky_su,Ha Noi,1,56.0
KH14031,32.0,13.8,14.4,nhan_vien,Ha Noi,3,92.0
KH14032,43.0,31.0,13.6,kinh_doanh,Can Tho,5,43.0
KH14033,57.0,26.0,15.2,ky_su,Ha Noi,2,54.0
KH14034,28.0,8.8,6.8,giao_vien,TP HCM,0,89.0
KH14035,60.0,23.8,20.0,ky_su,Ha Noi,6,97.0
KH14036,53.0,21.5,7.7,ky_su,Ha Noi,3,33.0
KH14037,20.0,3.7,3.5,sinh_vien,Hai Phong,0,90.0
KH14038,41.0,19.6,8.9,nhan_vien,TP HCM,2,51.0
KH14039,29.0,6.4,5.6,giao_vien,TP HCM,1,81.0
KH14040,39.0,27.5,10.8,ky_su,Hai Phong,5,33.0
KH14041,28.0,12.7,4.6,nhan_vien,Ha Noi,0,31.0
KH14042,37.0,11.8,4.0,kinh_doanh,TP HCM,0,29.0
KH14043,44.0,26.6,19.2,kinh_doanh,Ha Noi,2,74.0
KH14044,23.0,18.0,12.6,kinh_doanh,Hai Phong,3,77.0
KH14045,19.0,11.4,5.5,nhan_vien,Da Nang,2,51.0
KH14046,47.0,12.1,4.4,ky_su,Ha Noi,0,32.0
KH14047,30.0,11.1,8.5,nhan_vien,Hai Phong,1,77.0
KH14048,49.0,15.7,9.9,bac_si,TP HCM,3,72.0
KH14049,50.0,17.7,6.6,nhan_vien,TP HCM,0,32.0
KH14050,38.0,16.3,8.5,ky_su,Hai Phong,5,48.0
KH14051,38.0,31.7,23.7,kinh_doanh,TP HCM,7,87.0
KH14052,45.0,19.1,8.6,giao_vien,TP HCM,3,45.0
KH14053,27.0,11.9,6.0,nhan_vien,Hai Phong,2,54.0
KH14054,44.0,10.5,4.5,nhan_vien,Can Tho,1,46.0
KH14055,18.0,28.6,18.3,kinh_doanh,TP HCM,8,69.0
KH14056,36.0,30.2,14.9,ky_su,Da Nang,3,51.0
KH14057,41.0,6.9,1.2,nhan_vien,Da Nang,1,14.0
KH14058,49.0,7.0,4.1,nhan_vien,TP HCM,2,56.0
KH14059,21.0,25.9,22.2,kinh_doanh,Ha Noi,5,69.0
KH14060,52.0,18.1,15.2,nhan_vien,TP HCM,2,96.0
KH14061,31.0,23.4,15.0,bac_si,TP HCM,8,61.0
KH14062,19.0,17.4,14.3,giao_vien,Can Tho,3,68.0
KH14063,30.0,7.8,2.6,nhan_vien,TP HCM,0,31.0
KH14064,25.0,8.9,6.6,nhan_vien,TP HCM,0,74.0
KH14065,34.0,22.9,7.6,ky_su,Ha Noi,1,38.0
KH14066,34.0,21.4,13.4,ky_su,Ha Noi,2,62.0
KH14067,44.0,21.3,14.9,ky_su,Da Nang,2,73.0
KH14068,40.0,30.7,19.5,kinh_doanh,Ha Noi,2,59.0
KH14069,45.0,15.2,10.4,ky_su,TP HCM,0,60.0
KH14070,26.0,25.7,10.6,ky_su,Can Tho,5,47.0
KH14071,44.0,15.5,11.7,nhan_vien,Da Nang,3,66.0
KH14072,38.0,21.6,16.7,nhan_vien,Ha Noi,2,79.0
KH14073,46.0,24.0,13.2,ky_su,Da Nang,3,51.0
KH14074,56.0,8.8,4.0,nhan_vien,Da Nang,2,53.0
KH14075,34.0,12.7,9.5,nhan_vien,Ha Noi,0,60.0
KH14076,27.0,13.5,13.1,ky_su,Hai Phong,2,100.0
KH14077,29.0,16.4,6.8,nhan_vien,Da Nang,1,48.0
KH14078,46.0,19.8,16.6,nhan_vien,Ha Noi,5,77.0
KH14079,45.0,31.8,22.3,ky_su,Ha Noi,4,60.0
KH14080,34.0,13.4,7.4,giao_vien,Da Nang,3,47.0
KH14081,29.0,13.1,9.2,kinh_doanh,TP HCM,4,75.0
KH14082,38.0,8.3,5.6,ky_su,TP HCM,1,69.0
KH14083,26.0,28.9,16.4,ky_su,TP HCM,4,60.0
KH14084,48.0,5.2,0.6,sinh_vien,Ha Noi,1,12.0
KH14085,45.0,20.4,10.1,nhan_vien,TP HCM,2,49.0
KH14086,44.0,17.6,11.6,kinh_doanh,Da Nang,1,79.0
KH14087,21.0,8.5,5.4,nhan_vien,TP HCM,3,67.0
KH14088,48.0,27.8,22.3,bac_si,TP HCM,5,88.0
KH14089,31.0,9.6,4.7,nhan_vien,Ha Noi,1,50.0
KH14090,39.0,24.8,17.9,kinh_doanh,Ha Noi,3,78.0
KH14091,53.0,2.7,2.0,sinh_vien,TP HCM,1,84.0
KH14092,36.0,7.1,3.3,nhan_vien,TP HCM,0,41.0
KH14093,32.0,40.0,27.5,bac_si,Hai Phong,9,70.0
KH14094,18.0,16.6,16.4,nhan_vien,TP HCM,4,97.0
KH14095,29.0,21.4,13.7,giao_vien,Can Tho,1,76.0
KH14096,45.0,33.4,17.2,nhan_vien,Ha Noi,6,62.0
KH14097,37.0,21.7,15.0,kinh_doanh,Ha Noi,4,59.0
KH14098,38.0,20.0,12.7,nhan_vien,TP HCM,5,73.0
KH14099,26.0,15.7,15.2,ky_su,Ha Noi,3,83.0
KH14100,33.0,7.7,2.8,nhan_vien,Da Nang,1,37.0
KH14101,35.0,11.6,9.5,nhan_vien,Da Nang,2,93.0
KH14102,37.0,20.9,9.1,ky_su,TP HCM,4,44.0
KH14103,47.0,3.2,2.3,sinh_vien,TP HCM,0,86.0
KH14104,37.0,27.0,18.2,nhan_vien,Ha Noi,6,60.0
KH14105,37.0,28.1,16.7,kinh_doanh,TP HCM,2,68.0
KH14106,27.0,14.1,6.8,nhan_vien,Hai Phong,1,42.0
KH14107,37.0,26.0,16.4,nhan_vien,TP HCM,3,68.0
KH14108,42.0,12.9,9.8,nhan_vien,Ha Noi,2,84.0
KH14109,25.0,40.9,18.9,nhan_vien,Ha Noi,2,48.0
KH14110,37.0,6.0,3.3,sinh_vien,TP HCM,1,55.0
KH14111,19.0,10.6,4.7,giao_vien,Ha Noi,1,38.0
KH14112,18.0,17.6,6.2,giao_vien,TP HCM,0,32.0
KH14113,38.0,6.7,3.0,giao_vien,Can Tho,0,52.0
KH14114,43.0,32.6,21.6,ky_su,Hai Phong,5,58.0
KH14115,27.0,16.9,8.0,nhan_vien,Can Tho,0,48.0
KH14116,41.0,14.2,7.9,nhan_vien,Ha Noi,0,45.0
KH14117,22.0,18.1,8.4,nhan_vien,Ha Noi,0,44.0
KH14118,43.0,12.3,2.7,nhan_vien,Da Nang,0,25.0
KH14119,26.0,12.2,5.8,giao_vien,TP HCM,3,47.0
KH14120,32.0,11.3,3.2,nhan_vien,Ha Noi,1,29.0
KH14121,39.0,18.2,15.1,nhan_vien,TP HCM,2,99.0
KH14122,44.0,13.7,11.7,nhan_vien,Can Tho,3,73.0
KH14123,38.0,4.4,3.4,sinh_vien,Da Nang,0,75.0
KH14124,35.0,12.0,8.9,nhan_vien,Can Tho,2,77.0
KH14125,21.0,17.2,7.7,ky_su,Hai Phong,1,47.0
KH14126,18.0,22.4,15.8,nhan_vien,Hai Phong,4,69.0
KH14127,35.0,17.1,14.1,ky_su,Can Tho,2,84.0
KH14128,30.0,24.3,20.3,kinh_doanh,Ha Noi,3,82.0
KH14129,49.0,7.1,8.9,ky_su,Ha Noi,1,100.0
KH14130,44.0,20.9,19.3,nhan_vien,TP HCM,6,100.0
KH14131,24.0,4.4,0.5,sinh_vien,Ha Noi,0,12.0
KH14132,26.0,14.8,8.7,nhan_vien,Hai Phong,2,53.0
KH14133,45.0,12.2,8.6,ky_su,Da Nang,2,64.0
KH14134,21.0,13.2,10.1,nhan_vien,TP HCM,4,72.0
KH14135,41.0,9.8,7.2,nhan_vien,TP HCM,4,63.0
KH14136,32.0,3.0,1.2,sinh_vien,Ha Noi,0,43.0
KH14137,34.0,17.0,11.5,nhan_vien,Da Nang,4,64.0
KH14138,31.0,9.6,4.6,sinh_vien,Hai Phong,0,53.0
KH14139,49.0,14.9,10.0,giao_vien,TP HCM,2,77.0
KH14140,24.0,24.8,13.0,bac_si,TP HCM,4,56.0
KH14141,18.0,17.6,7.7,nhan_vien,Can Tho,2,47.0
KH14142,25.0,39.1,16.6,ky_su,TP HCM,5,40.0
KH14143,35.0,20.1,5.4,kinh_doanh,Ha Noi,1,23.0
KH14144,18.0,41.4,30.5,bac_si,TP HCM,11,72.0
KH14145,48.0,37.9,17.0,kinh_doanh,TP HCM,6,48.0
KH14146,36.0,41.6,29.9,kinh_doanh,Ha Noi,6,71.0
KH14147,39.0,15.1,9.1,kinh_doanh,Ha Noi,2,67.0
KH14148,47.0,11.5,5.7,sinh_vien,TP HCM,2,41.0
KH14149,44.0,13.8,5.3,nhan_vien,Ha Noi,2,40.0
KH14150,24.0,13.0,8.2,giao_vien,Da Nang,5,53.0
KH14151,39.0,25.4,18.1,nhan_vien,Can Tho,2,63.0
KH14152,40.0,34.8,16.7,nhan_vien,Da Nang,8,44.0
KH14153,31.0,23.8,15.6,kinh_doanh,TP HCM,2,63.0
KH14154,20.0,26.2,21.1,ky_su,Ha Noi,2,92.0
KH14155,41.0,15.7,10.3,nhan_vien,TP HCM,4,71.0
KH14156,43.0,4.1,2.3,sinh_vien,TP HCM,1,55.0
KH14157,54.0,13.9,10.0,kinh_doanh,Can Tho,0,80.0
KH14158,22.0,31.3,26.4,kinh_doanh,TP HCM,5,94.0
KH14159,46.0,8.0,6.8,kinh_doanh,TP HCM,2,86.0
KH14160,31.0,28.8,17.6,giao_vien,Da Nang,4,68.0
KH14161,41.0,4.2,3.3,sinh_vien,TP HCM,0,67.0
KH14162,18.0,27.0,9.3,kinh_doanh,Ha Noi,1,40.0
KH14163,32.0,20.4,14.2,nhan_vien,Ha Noi,3,69.0
KH14164,45.0,5.9,5.6,sinh_vien,Da Nang,2,91.0
KH14165,21.0,9.4,3.3,giao_vien,Ha Noi,1,42.0
KH14166,31.0,13.2,4.3,nhan_vien,Ha Noi,0,30.0
KH14167,36.0,23.0,18.9,kinh_doanh,Da Nang,6,84.0
KH14168,62.0,12.5,11.0,ky_su,Hai Phong,2,79.0
KH14169,31.0,25.2,18.1,ky_su,TP HCM,10,63.0
KH14170,22.0,2.8,1.9,sinh_vien,Can Tho,0,69.0
KH14171,18.0,22.4,13.7,bac_si,TP HCM,3,72.0
KH14172,63.0,66.5,25.5,ky_su,Da Nang,8,37.0
KH14173,44.0,9.5,4.6,giao_vien,TP HCM,1,52.0
KH14174,32.0,5.9,4.7,sinh_vien,TP HCM,2,94.0
KH14175,35.0,12.7,4.7,nhan_vien,TP HCM,1,34.0
KH14176,28.0,27.1,9.6,nhan_vien,TP HCM,4,38.0
KH14177,27.0,16.3,10.0,nhan_vien,TP HCM,3,64.0
KH14178,18.0,22.0,17.3,kinh_doanh,Da Nang,7,68.0
KH14179,18.0,12.9,6.7,kinh_doanh,Can Tho,1,55.0
KH14180,30.0,26.9,10.2,kinh_doanh,Hai Phong,2,37.0
KH14181,43.0,3.1,0.5,sinh_vien,TP HCM,0,16.0
KH14182,32.0,21.0,11.7,kinh_doanh,Da Nang,0,64.0
KH14183,44.0,9.4,6.4,kinh_doanh,Ha Noi,1,64.0
KH14184,37.0,29.2,14.8,ky_su,Can Tho,2,52.0
KH14185,42.0,18.6,6.2,ky_su,Ha Noi,2,36.0
KH14186,49.0,76.9,49.9,ky_su,TP HCM,13,71.0
KH14187,31.0,31.0,11.0,ky_su,TP HCM,2,33.0
KH14188,48.0,26.0,9.2,giao_vien,Ha Noi,5,34.0
KH14189,43.0,22.7,13.8,bac_si,TP HCM,6,57.0
KH14190,37.0,20.6,9.0,bac_si,TP HCM,4,38.0
KH14191,34.0,21.4,12.8,ky_su,TP HCM,2,56.0
KH14192,50.0,21.0,13.9,nhan_vien,TP HCM,4,64.0
KH14193,49.0,24.9,19.8,nhan_vien,Ha Noi,5,82.0
KH14194,18.0,37.3,17.5,kinh_doanh,TP HCM,9,50.0
KH14195,28.0,37.6,19.8,ky_su,TP HCM,4,45.0
KH14196,22.0,27.5,11.3,ky_su,Ha Noi,5,41.0
KH14197,28.0,20.0,8.4,giao_vien,Ha Noi,2,45.0
KH14198,37.0,8.5,4.5,sinh_vien,TP HCM,2,44.0
KH14199,31.0,15.6,13.5,nhan_vien,Da Nang,4,77.0
KH14200,45.0,45.6,19.9,giao_vien,Can Tho,8,39.0
KH14201,34.0,17.5,8.8,nhan_vien,TP HCM,2,47.0
KH14202,37.0,27.5,18.4,nhan_vien,Ha Noi,1,62.0
KH14203,28.0,16.0,5.6,ky_su,TP HCM,0,28.0
KH14204,42.0,4.5,2.7,sinh_vien,Ha Noi,1,58.0
KH14205,45.0,15.3,6.9,nhan_vien,Ha Noi,1,43.0
KH14206,54.0,4.8,2.9,giao_vien,Hai Phong,1,71.0
KH14207,42.0,15.8,8.2,ky_su,Ha Noi,1,46.0
KH14208,34.0,8.7,4.8,nhan_vien,TP HCM,0,51.0
KH14209,45.0,6.9,3.1,sinh_vien,Ha Noi,0,51.0
KH14210,32.0,46.9,40.1,kinh_doanh,Ha Noi,7,81.0
KH14211,57.0,23.5,10.0,nhan_vien,TP HCM,1,43.0
KH14212,18.0,13.8,6.9,bac_si,Ha Noi,2,41.0
KH14213,28.0,17.6,12.7,ky_su,TP HCM,1,66.0
KH14214,37.0,3.6,4.8,giao_vien,Da Nang,2,100.0
KH14215,41.0,35.8,18.0,kinh_doanh,Ha Noi,7,53.0
KH14216,31.0,25.8,16.3,nhan_vien,Hai Phong,2,58.0
KH14217,30.0,38.7,20.0,bac_si,Ha Noi,5,54.0
KH14218,32.0,22.1,16.4,bac_si,Ha Noi,3,86.0
KH14219,19.0,3.6,4.1,sinh_vien,Hai Phong,2,100.0
KH14220,30.0,4.4,4.4,sinh_vien,Ha Noi,0,100.0
KH14221,29.0,5.5,3.7,nhan_vien,Ha Noi,2,73.0
KH14222,52.0,27.5,17.1,nhan_vien,Hai Phong,5,64.0
KH14223,26.0,7.0,5.9,nhan_vien,TP HCM,1,95.0
KH14224,62.0,24.2,17.7,bac_si,Hai Phong,7,76.0
KH14225,43.0,14.0,10.3,giao_vien,Da Nang,3,71.0
KH14226,31.0,14.8,12.7,ky_su,TP HCM,4,100.0
KH14227,42.0,18.3,10.7,giao_vien,TP HCM,3,62.0
KH14228,46.0,30.8,19.6,bac_si,Ha Noi,5,53.0
KH14229,28.0,15.5,7.0,giao_vien,TP HCM,3,44.0
KH14230,33.0,4.0,5.5,sinh_vien,Da Nang,2,100.0
KH14231,39.0,16.1,7.7,nhan_vien,TP HCM,3,44.0
KH14232,39.0,6.1,4.8,nhan_vien,Ha Noi,2,70.0
KH14233,33.0,10.6,6.4,sinh_vien,Hai Phong,1,58.0
KH14234,42.0,12.4,8.6,nhan_vien,TP HCM,4,73.0
KH14235,49.0,16.3,12.2,nhan_vien,TP HCM,3,65.0
KH14236,56.0,4.5,2.7,sinh_vien,TP HCM,1,64.0
KH14237,18.0,11.9,7.7,kinh_doanh,Ha Noi,1,64.0
KH14238,37.0,8.2,6.2,nhan_vien,Can Tho,3,86.0
KH14239,46.0,18.6,9.1,kinh_doanh,TP HCM,3,54.0
KH14240,32.0,14.9,11.1,nhan_vien,Can Tho,2,65.0
KH14241,42.0,22.1,15.5,nhan_vien,Hai Phong,3,80.0
KH14242,66.0,11.9,5.6,nhan_vien,TP HCM,3,42.0
KH14243,36.0,15.2,8.8,giao_vien,TP HCM,0,63.0
KH14244,48.0,24.6,9.0,kinh_doanh,Ha Noi,2,30.0
KH14245,56.0,11.0,7.3,nhan_vien,Ha Noi,3,77.0
KH14246,18.0,12.9,7.8,nhan_vien,Ha Noi,2,71.0
KH14247,37.0,7.5,4.6,nhan_vien,TP HCM,0,51.0
KH14248,39.0,22.0,10.1,bac_si,TP HCM,2,43.0
KH14249,32.0,11.1,6.3,giao_vien,TP HCM,2,50.0
KH14250,37.0,11.1,8.9,giao_vien,Can Tho,1,70.0
KH14251,36.0,51.9,39.8,kinh_doanh,Hai Phong,7,88.0
KH14252,33.0,46.3,18.3,bac_si,TP HCM,4,44.0
KH14253,38.0,21.8,15.9,ky_su,Da Nang,12,63.0
KH14254,41.0,39.4,16.3,kinh_doanh,TP HCM,4,43.0
KH14255,38.0,20.0,11.5,nhan_vien,Da Nang,2,54.0
KH14256,23.0,27.2,17.4,nhan_vien,Ha Noi,6,56.0
KH14257,56.0,4.0,0.8,sinh_vien,Ha Noi,0,17.0
KH14258,41.0,11.8,5.6,ky_su,TP HCM,0,40.0
KH14259,18.0,6.8,4.6,giao_vien,Can Tho,0,64.0
KH14260,54.0,14.8,9.8,kinh_doanh,Ha Noi,5,66.0
KH14261,49.0,11.8,6.9,kinh_doanh,TP HCM,3,48.0
KH14262,23.0,8.7,5.1,giao_vien,Ha Noi,3,55.0
KH14263,21.0,36.9,19.8,nhan_vien,Ha Noi,9,62.0
KH14264,34.0,13.2,5.1,nhan_vien,Ha Noi,0,40.0
KH14265,49.0,22.4,18.4,nhan_vien,TP HCM,4,75.0
KH14266,30.0,16.3,6.4,nhan_vien,Hai Phong,0,46.0
KH14267,35.0,22.7,16.2,ky_su,Hai Phong,7,58.0
KH14268,40.0,12.0,6.3,nhan_vien,TP HCM,1,53.0
KH14269,54.0,33.2,16.8,ky_su,TP HCM,4,53.0
KH14270,45.0,4.5,4.7,giao_vien,Da Nang,0,100.0
KH14271,49.0,15.0,5.7,nhan_vien,Ha Noi,1,44.0
KH14272,42.0,28.3,19.1,bac_si,Can Tho,10,69.0
KH14273,48.0,21.2,8.5,kinh_doanh,Ha Noi,3,36.0
KH14274,47.0,6.5,5.7,giao_vien,TP HCM,0,75.0
KH14275,44.0,17.3,6.8,kinh_doanh,Ha Noi,3,40.0
KH14276,28.0,8.6,3.5,nhan_vien,Ha Noi,1,41.0
KH14277,33.0,10.7,6.8,nhan_vien,Ha Noi,1,55.0
KH14278,28.0,23.1,13.0,giao_vien,TP HCM,5,60.0
KH14279,34.0,12.6,2.3,giao_vien,Da Nang,0,19.0
KH14280,27.0,32.2,18.6,kinh_doanh,Ha Noi,6,66.0
KH14281,31.0,5.7,1.0,nhan_vien,TP HCM,0,15.0
KH14282,34.0,14.6,6.8,nhan_vien,Can Tho,3,43.0
KH14283,39.0,18.1,11.6,giao_vien,Da Nang,4,53.0
KH14284,43.0,23.7,7.6,bac_si,TP HCM,2,35.0
KH14285,44.0,49.4,19.4,kinh_doanh,TP HCM,7,39.0
KH14286,31.0,9.6,4.5,nhan_vien,TP HCM,0,39.0
KH14287,38.0,47.8,37.6,ky_su,Da Nang,9,65.0
KH14288,43.0,56.1,28.1,ky_su,Da Nang,6,60.0
KH14289,39.0,22.4,17.3,ky_su,TP HCM,1,84.0
KH14290,25.0,14.7,14.5,giao_vien,TP HCM,4,100.0
KH14291,28.0,6.7,5.0,sinh_vien,Da Nang,1,78.0
KH14292,24.0,19.0,9.2,ky_su,Hai Phong,4,50.0
KH14293,42.0,7.2,3.6,giao_vien,TP HCM,2,47.0
KH14294,31.0,39.6,16.7,ky_su,Ha Noi,7,41.0
KH14295,38.0,54.1,44.8,kinh_doanh,TP HCM,11,88.0
KH14296,25.0,5.2,4.4,sinh_vien,TP HCM,1,79.0
KH14297,26.0,9.6,6.2,nhan_vien,TP HCM,3,59.0
KH14298,39.0,21.5,10.8,nhan_vien,Hai Phong,1,56.0
KH14299,18.0,24.4,16.3,nhan_vien,TP HCM,2,75.0
KH14300,23.0,17.5,5.9,giao_vien,Can Tho,2,32.0
KH14301,37.0,22.3,15.4,ky_su,TP HCM,5,71.0
KH14302,54.0,16.2,14.8,ky_su,TP HCM,4,100.0
KH14303,36.0,12.5,8.6,giao_vien,Can Tho,6,63.0
KH14304,41.0,20.1,16.0,nhan_vien,Ha Noi,6,90.0
KH14305,28.0,12.0,8.8,nhan_vien,Can Tho,3,67.0
KH14306,35.0,14.8,11.9,giao_vien,Ha Noi,6,95.0
KH14307,24.0,21.8,10.9,nhan_vien,TP HCM,3,45.0
KH14308,18.0,21.5,10.7,kinh_doanh,TP HCM,3,49.0
KH14309,38.0,9.1,5.7,sinh_vien,Hai Phong,1,52.0
KH14310,57.0,13.3,4.1,nhan_vien,Ha Noi,3,31.0
KH14311,39.0,9.6,4.6,ky_su,TP HCM,0,44.0
KH14312,48.0,13.5,8.3,nhan_vien,Da Nang,1,73.0
KH14313,29.0,10.9,3.0,kinh_doanh,TP HCM,1,26.0
KH14314,18.0,12.0,9.4,nhan_vien,TP HCM,3,89.0
KH14315,34.0,6.2,5.8,nhan_vien,Can Tho,1,79.0
KH14316,18.0,45.0,26.6,kinh_doanh,Ha Noi,9,65.0
KH14317,49.0,16.6,6.8,ky_su,Hai Phong,3,47.0
KH14318,37.0,25.7,10.5,bac_si,Hai Phong,2,42.0
KH14319,37.0,33.0,16.1,ky_su,Ha Noi,2,42.0
KH14320,31.0,10.3,9.2,nhan_vien,Ha Noi,2,84.0
KH14321,28.0,18.6,7.3,ky_su,Ha Noi,4,46.0
KH14322,25.0,21.8,10.2,bac_si,TP HCM,2,54.0
KH14323,41.0,26.3,14.7,bac_si,Ha Noi,4,51.0
KH14324,32.0,18.4,10.5,nhan_vien,Can Tho,2,64.0
KH14325,30.0,15.9,13.4,bac_si,Ha Noi,4,86.0
KH14326,58.0,17.9,7.4,ky_su,TP HCM,2,43.0
KH14327,45.0,35.0,19.8,nhan_vien,Da Nang,1,68.0
KH14328,56.0,27.6,22.8,bac_si,TP HCM,7,88.0
KH14329,30.0,10.8,7.3,nhan_vien,Da Nang,1,67.0
KH14330,18.0,16.4,11.8,nhan_vien,Ha Noi,3,65.0
KH14331,32.0,14.5,5.6,nhan_vien,Can Tho,1,45.0
KH14332,44.0,30.1,23.5,kinh_doanh,TP HCM,2,86.0
KH14333,37.0,3.1,0.5,sinh_vien,TP HCM,0,13.0
KH14334,30.0,16.9,9.5,kinh_doanh,Da Nang,2,49.0
KH14335,39.0,16.8,8.2,giao_vien,Hai Phong,1,55.0
KH14336,35.0,24.7,7.7,kinh_doanh,TP HCM,1,35.0
KH14337,26.0,13.7,9.6,nhan_vien,Ha Noi,2,74.0
KH14338,25.0,16.0,5.2,ky_su,Hai Phong,3,37.0
KH14339,62.0,9.3,3.3,sinh_vien,Da Nang,2,33.0
KH14340,35.0,54.5,22.8,kinh_doanh,Hai Phong,9,37.0
KH14341,46.0,19.1,9.5,kinh_doanh,Ha Noi,1,53.0
KH14342,41.0,24.2,10.5,nhan_vien,Da Nang,0,43.0
KH14343,32.0,19.6,13.4,ky_su,TP HCM,4,61.0
KH14344,28.0,39.0,28.8,kinh_doanh,TP HCM,11,66.0
KH14345,36.0,8.8,5.9,nhan_vien,TP HCM,1,80.0
KH14346,39.0,16.7,15.1,nhan_vien,Hai Phong,6,80.0
KH14347,33.0,18.6,14.3,kinh_doanh,Da Nang,6,70.0
KH14348,40.0,35.1,14.1,bac_si,Can Tho,2,41.0
KH14349,43.0,32.2,25.3,nhan_vien,Da Nang,7,70.0
KH14350,33.0,16.8,8.2,nhan_vien,TP HCM,1,47.0
KH14351,28.0,15.4,5.7,nhan_vien,Ha Noi,5,32.0
KH14352,33.0,15.0,6.6,nhan_vien,Ha Noi,1,41.0
KH14353,35.0,15.2,12.7,giao_vien,TP HCM,4,84.0
KH14354,38.0,10.4,7.5,nhan_vien,Ha Noi,1,74.0
KH14355,28.0,28.3,14.9,giao_vien,TP HCM,2,58.0
KH14356,51.0,38.7,17.9,bac_si,TP HCM,6,42.0
KH14357,35.0,7.8,5.2,nhan_vien,Ha Noi,4,63.0
KH14358,36.0,26.1,19.2,ky_su,Can Tho,1,84.0
KH14359,18.0,9.7,6.4,nhan_vien,Can Tho,2,65.0
KH14360,26.0,8.7,7.3,giao_vien,TP HCM,1,94.0
KH14361,29.0,64.6,51.0,ky_su,Ha Noi,14,64.0
KH14362,25.0,8.0,7.4,nhan_vien,Da Nang,2,97.0
KH14363,18.0,10.0,7.7,nhan_vien,Ha Noi,4,79.0
KH14364,42.0,18.0,10.1,bac_si,Da Nang,3,51.0
KH14365,30.0,27.1,10.0,giao_vien,Ha Noi,4,37.0
KH14366,40.0,19.2,11.1,kinh_doanh,Can Tho,1,51.0
KH14367,22.0,14.1,7.4,nhan_vien,Ha Noi,1,48.0
KH14368,43.0,22.2,18.9,nhan_vien,Can Tho,3,82.0
KH14369,55.0,12.8,6.4,giao_vien,TP HCM,1,58.0
KH14370,47.0,23.9,16.6,kinh_doanh,TP HCM,2,72.0
KH14371,44.0,14.1,13.9,ky_su,TP HCM,4,100.0
KH14372,49.0,36.5,31.6,bac_si,TP HCM,7,86.0
KH14373,18.0,13.6,6.5,kinh_doanh,Ha Noi,1,39.0
KH14374,34.0,25.7,19.7,kinh_doanh,Hai Phong,5,65.0
KH14375,33.0,38.0,23.1,ky_su,Ha Noi,6,58.0
KH14376,34.0,22.9,12.9,ky_su,TP HCM,4,54.0
KH14377,34.0,10.4,2.4,nhan_vien,TP HCM,0,24.0
KH14378,32.0,18.2,9.7,kinh_doanh,TP HCM,0,47.0
KH14379,33.0,14.9,10.3,bac_si,Da Nang,2,59.0
KH14380,51.0,8.3,6.7,sinh_vien,Ha Noi,1,85.0
KH14381,65.0,26.1,10.1,nhan_vien,Hai Phong,3,43.0
KH14382,44.0,28.5,23.5,kinh_doanh,Ha Noi,4,82.0
KH14383,18.0,20.7,12.8,ky_su,Da Nang,1,64.0
KH14384,42.0,11.3,7.9,giao_vien,TP HCM,0,74.0
KH14385,25.0,9.8,8.2,nhan_vien,TP HCM,0,97.0
KH14386,67.0,3.4,1.0,sinh_vien,Ha Noi,0,33.0
KH14387,31.0,32.3,16.4,nhan_vien,Can Tho,5,51.0
KH14388,42.0,13.3,7.3,bac_si,Ha Noi,1,63.0
KH14389,29.0,7.0,3.9,nhan_vien,Da Nang,0,47.0
KH14390,48.0,10.5,6.1,nhan_vien,Can Tho,3,48.0
KH14391,31.0,17.8,9.8,nhan_vien,Da Nang,4,49.0
KH14392,37.0,12.3,6.0,giao_vien,Ha Noi,2,45.0
KH14393,35.0,54.8,43.3,ky_su,Ha Noi,10,73.0
KH14394,29.0,12.3,7.2,giao_vien,Da Nang,3,50.0
KH14395,39.0,5.8,2.4,giao_vien,TP HCM,1,45.0
KH14396,56.0,12.2,3.5,giao_vien,TP HCM,2,26.0
KH14397,19.0,10.1,6.5,giao_vien,Da Nang,0,71.0
KH14398,44.0,10.8,9.2,nhan_vien,TP HCM,2,98.0
KH14399,35.0,42.2,17.4,bac_si,Da Nang,5,36.0
KH14400,49.0,54.8,38.7,ky_su,Ha Noi,7,82.0
KH14401,39.0,16.5,12.1,giao_vien,TP HCM,5,88.0
KH14402,33.0,3.1,2.9,sinh_vien,TP HCM,1,87.0
KH14403,27.0,10.2,9.1,kinh_doanh,TP HCM,0,73.0
KH14404,45.0,21.2,19.8,nhan_vien,Da Nang,5,88.0
KH14405,42.0,30.5,15.2,bac_si,Da Nang,4,43.0
KH14406,44.0,14.3,9.9,ky_su,TP HCM,1,57.0
KH14407,26.0,14.8,7.0,giao_vien,TP HCM,1,40.0
KH14408,18.0,7.5,1.6,sinh_vien,TP HCM,0,24.0
KH14409,50.0,22.3,20.2,bac_si,Ha Noi,1,83.0
KH14410,42.0,12.3,10.1,kinh_doanh,Can Tho,1,68.0
KH14411,36.0,27.3,14.1,ky_su,TP HCM,3,58.0
KH14412,38.0,8.3,7.1,giao_vien,Da Nang,0,91.0
KH14413,39.0,18.1,8.2,bac_si,Can Tho,0,40.0
KH14414,18.0,16.5,10.8,nhan_vien,TP HCM,3,68.0
KH14415,30.0,13.8,7.3,giao_vien,TP HCM,4,51.0
KH14416,24.0,18.5,9.6,nhan_vien,Can Tho,2,61.0
KH14417,45.0,28.3,20.8,ky_su,Hai Phong,5,73.0
KH14418,33.0,14.0,7.0,giao_vien,Can Tho,2,47.0
KH14419,32.0,12.6,11.0,nhan_vien,TP HCM,1,84.0
KH14420,34.0,11.9,8.4,nhan_vien,Ha Noi,3,75.0
KH14421,20.0,14.9,6.0,nhan_vien,Ha Noi,0,38.0
KH14422,18.0,15.3,10.5,nhan_vien,Can Tho,0,56.0
KH14423,51.0,4.6,4.3,sinh_vien,Ha Noi,2,98.0
KH14424,36.0,24.6,18.6,ky_su,Da Nang,3,82.0
KH14425,36.0,14.6,12.5,ky_su,Hai Phong,1,89.0
KH14426,35.0,8.5,2.5,giao_vien,Hai Phong,1,30.0
KH14427,35.0,25.3,11.8,nhan_vien,Ha Noi,2,40.0
KH14428,48.0,28.4,18.4,kinh_doanh,TP HCM,2,59.0
KH14429,37.0,17.8,10.2,kinh_doanh,Ha Noi,0,53.0
KH14430,41.0,16.9,11.9,giao_vien,TP HCM,3,73.0
KH14431,33.0,3.1,0.5,sinh_vien,Hai Phong,0,18.0
KH14432,32.0,7.6,2.9,sinh_vien,TP HCM,1,40.0
KH14433,36.0,9.3,4.9,sinh_vien,Can Tho,1,58.0
KH14434,58.0,26.8,14.6,kinh_doanh,TP HCM,6,44.0
KH14435,33.0,20.9,6.4,nhan_vien,Can Tho,1,32.0
KH14436,35.0,21.9,14.1,ky_su,Ha Noi,4,52.0
KH14437,43.0,16.5,9.4,nhan_vien,TP HCM,3,65.0
KH14438,30.0,25.8,18.7,kinh_doanh,Hai Phong,2,70.0
KH14439,30.0,22.1,9.8,kinh_doanh,Ha Noi,0,39.0
KH14440,18.0,7.6,5.4,giao_vien,Da Nang,0,80.0
KH14441,22.0,16.8,7.8,bac_si,Can Tho,1,43.0
KH14442,35.0,10.7,8.8,giao_vien,TP HCM,5,74.0
KH14443,18.0,10.5,4.6,nhan_vien,TP HCM,0,43.0
KH14444,32.0,4.0,4.2,sinh_vien,Hai Phong,1,100.0
KH14445,26.0,7.8,2.6,nhan_vien,TP HCM,1,34.0
KH14446,39.0,10.4,3.8,bac_si,TP HCM,0,29.0
KH14447,43.0,22.3,10.3,nhan_vien,Ha Noi,3,48.0
KH14448,30.0,48.9,30.7,ky_su,TP HCM,9,51.0
KH14449,18.0,18.7,14.5,kinh_doanh,Can Tho,3,88.0
KH14450,22.0,27.1,16.1,nhan_vien,Ha Noi,3,63.0
KH14451,53.0,43.6,38.2,ky_su,TP HCM,16,78.0
KH14452,39.0,16.9,7.6,giao_vien,Hai Phong,2,43.0
KH14453,40.0,17.4,3.9,giao_vien,Ha Noi,0,27.0
KH14454,52.0,11.7,6.8,nhan_vien,TP HCM,0,48.0
KH14455,42.0,12.8,8.9,ky_su,Da Nang,1,60.0
KH14456,35.0,15.9,7.6,nhan_vien,Can Tho,2,51.0
KH14457,29.0,37.1,20.9,nhan_vien,Ha Noi,4,51.0
KH14458,41.0,19.5,14.9,kinh_doanh,Da Nang,2,64.0
KH14459,74.0,34.0,18.2,nhan_vien,Can Tho,3,57.0
KH14460,46.0,8.6,4.6,nhan_vien,Hai Phong,4,43.0
KH14461,32.0,6.5,3.3,nhan_vien,TP HCM,1,52.0
KH14462,39.0,4.3,1.9,sinh_vien,Hai Phong,1,47.0
KH14463,45.0,33.5,10.1,ky_su,Ha Noi,5,35.0
KH14464,34.0,9.1,7.8,giao_vien,Hai Phong,2,94.0
KH14465,28.0,11.3,4.9,nhan_vien,TP HCM,0,41.0
KH14466,33.0,14.3,9.5,nhan_vien,Da Nang,3,67.0
KH14467,26.0,6.7,2.9,nhan_vien,Ha Noi,1,40.0
KH14468,37.0,15.2,4.8,giao_vien,TP HCM,5,28.0
KH14469,23.0,4.7,0.5,sinh_vien,Da Nang,0,11.0
KH14470,41.0,26.6,13.8,bac_si,TP HCM,7,56.0
KH14471,45.0,13.7,9.0,giao_vien,TP HCM,2,54.0
KH14472,33.0,17.3,12.8,ky_su,TP HCM,4,60.0
KH14473,22.0,17.9,8.1,nhan_vien,Hai Phong,6,47.0
KH14474,40.0,62.3,40.9,kinh_doanh,TP HCM,5,75.0
KH14475,30.0,19.4,15.1,nhan_vien,TP HCM,2,91.0
KH14476,42.0,53.1,37.4,ky_su,TP HCM,6,63.0
KH14477,18.0,12.7,8.6,nhan_vien,Ha Noi,4,81.0
KH14478,43.0,17.7,9.3,giao_vien,Ha Noi,2,46.0
KH14479,45.0,13.2,7.9,giao_vien,TP HCM,4,49.0
KH14480,46.0,6.6,1.9,nhan_vien,TP HCM,1,27.0
KH14481,43.0,20.6,15.9,ky_su,TP HCM,2,88.0
KH14482,25.0,9.8,2.6,kinh_doanh,TP HCM,1,23.0
KH14483,52.0,16.2,9.8,ky_su,Ha Noi,4,70.0
KH14484,42.0,23.7,7.7,bac_si,Can Tho,2,28.0
KH14485,44.0,13.0,12.0,nhan_vien,TP HCM,3,100.0
KH14486,37.0,17.1,9.2,kinh_doanh,TP HCM,1,44.0
KH14487,34.0,16.8,11.4,giao_vien,Ha Noi,0,65.0
KH14488,50.0,18.8,6.9,ky_su,Hai Phong,2,39.0
KH14489,29.0,7.5,5.3,giao_vien,TP HCM,1,62.0
KH14490,34.0,21.0,13.2,giao_vien,Da Nang,3,51.0
KH14491,45.0,17.5,15.7,bac_si,TP HCM,2,88.0
KH14492,22.0,10.8,8.1,kinh_doanh,Ha Noi,3,85.0
KH14493,18.0,22.4,12.1,ky_su,Can Tho,1,52.0
KH14494,37.0,10.8,5.5,giao_vien,Ha Noi,2,54.0
KH14495,50.0,19.3,11.5,giao_vien,TP HCM,0,64.0
KH14496,58.0,40.6,16.4,ky_su,Da Nang,4,41.0
KH14497,39.0,34.9,14.5,ky_su,TP HCM,4,44.0
KH14498,18.0,20.8,8.4,ky_su,Ha Noi,4,38.0
KH14499,41.0,29.6,11.4,bac_si,Ha Noi,2,41.0
KH14500,31.0,3.9,1.9,sinh_vien,Can Tho,0,50.0
KH14501,53.0,15.7,10.5,giao_vien,TP HCM,2,56.0
KH14502,31.0,43.6,15.8,nhan_vien,Ha Noi,1,33.0
KH14503,39.0,6.4,3.1,sinh_vien,Da Nang,0,57.0
KH14504,43.0,23.0,19.2,ky_su,Hai Phong,3,91.0
KH14505,39.0,7.8,6.9,giao_vien,Can Tho,2,82.0
KH14506,50.0,25.0,16.5,giao_vien,Ha Noi,6,58.0
KH14507,41.0,10.4,3.8,nhan_vien,Ha Noi,1,39.0
KH14508,55.0,3.8,5.4,giao_vien,Hai Phong,1,100.0
KH14509,37.0,18.5,9.4,ky_su,TP HCM,3,55.0
KH14510,35.0,23.5,18.2,nhan_vien,Ha Noi,7,89.0
KH14511,36.0,17.0,15.5,giao_vien,TP HCM,5,100.0
KH14512,41.0,12.9,12.0,nhan_vien,Ha Noi,5,87.0
KH14513,57.0,27.2,13.0,kinh_doanh,Ha Noi,2,47.0
KH14514,18.0,13.6,9.0,nhan_vien,Ha Noi,3,56.0
KH14515,19.0,44.9,34.7,ky_su,TP HCM,13,65.0
KH14516,33.0,12.8,9.2,nhan_vien,Can Tho,1,68.0
KH14517,34.0,15.7,7.0,giao_vien,Hai Phong,1,44.0
KH14518,45.0,29.9,11.4,bac_si,Hai Phong,1,39.0
KH14519,36.0,39.7,21.7,bac_si,TP HCM,2,60.0
KH14520,36.0,9.9,5.2,kinh_doanh,TP HCM,0,53.0
KH14521,30.0,15.2,5.9,ky_su,TP HCM,2,37.0
KH14522,18.0,16.4,13.9,nhan_vien,Ha Noi,3,73.0
KH14523,36.0,14.5,6.3,giao_vien,TP HCM,0,47.0
KH14524,24.0,24.1,13.4,kinh_doanh,TP HCM,2,50.0
KH14525,18.0,28.3,20.5,kinh_doanh,Ha Noi,5,67.0
KH14526,34.0,24.2,12.9,giao_vien,TP HCM,4,62.0
KH14527,28.0,10.7,5.4,nhan_vien,TP HCM,1,41.0
KH14528,42.0,21.1,12.0,nhan_vien,Ha Noi,2,55.0
KH14529,50.0,13.4,6.1,kinh_doanh,Ha Noi,1,53.0
KH14530,25.0,51.3,19.4,kinh_doanh,TP HCM,2,33.0
KH14531,27.0,17.3,12.4,ky_su,Da Nang,5,80.0
KH14532,26.0,20.5,7.6,kinh_doanh,Ha Noi,3,43.0
KH14533,45.0,20.4,11.5,giao_vien,Can Tho,5,47.0
KH14534,18.0,14.5,12.2,nhan_vien,Ha Noi,2,86.0
KH14535,21.0,29.3,16.9,ky_su,Can Tho,3,69.0
KH14536,18.0,12.5,6.0,bac_si,Can Tho,6,51.0
KH14537,38.0,18.2,9.4,nhan_vien,Ha Noi,3,42.0
KH14538,34.0,9.6,7.1,giao_vien,Da Nang,0,63.0
KH14539,47.0,16.6,13.9,giao_vien,Hai Phong,2,82.0
KH14540,37.0,11.6,2.0,nhan_vien,TP HCM,0,14.0
KH14541,24.0,8.5,7.3,giao_vien,Can Tho,4,85.0
KH14542,33.0,12.9,8.0,nhan_vien,TP HCM,1,67.0
KH14543,37.0,16.9,8.7,ky_su,Ha Noi,1,44.0
KH14544,48.0,7.0,1.8,nhan_vien,TP HCM,0,29.0
KH14545,27.0,14.1,10.4,nhan_vien,Ha Noi,2,64.0
KH14546,25.0,14.6,10.3,nhan_vien,Ha Noi,1,82.0
KH14547,38.0,7.7,5.7,nhan_vien,Da Nang,1,71.0
KH14548,35.0,20.9,13.8,ky_su,TP HCM,4,74.0
KH14549,54.0,14.1,5.3,kinh_doanh,Ha Noi,2,35.0
KH14550,24.0,8.9,5.3,giao_vien,Ha Noi,1,70.0
KH14551,50.0,29.0,15.2,kinh_doanh,TP HCM,5,51.0
KH14552,25.0,22.4,10.5,kinh_doanh,TP HCM,4,46.0
KH14553,38.0,17.9,15.2,giao_vien,Ha Noi,2,70.0
KH14554,51.0,22.7,8.4,kinh_doanh,TP HCM,0,37.0
KH14555,27.0,34.6,20.2,kinh_doanh,Hai Phong,2,67.0
KH14556,27.0,23.8,10.5,nhan_vien,Da Nang,3,38.0
KH14557,37.0,12.4,9.8,nhan_vien,Can Tho,5,80.0
KH14558,32.0,7.3,5.3,sinh_vien,TP HCM,3,62.0
KH14559,33.0,9.7,3.8,kinh_doanh,Hai Phong,0,44.0
KH14560,42.0,41.4,23.5,ky_su,Hai Phong,7,56.0
KH14561,48.0,25.4,6.1,kinh_doanh,Ha Noi,1,20.0
KH14562,23.0,27.2,16.7,nhan_vien,Ha Noi,2,61.0
KH14563,25.0,16.0,9.8,giao_vien,TP HCM,4,59.0
KH14564,24.0,24.7,13.6,bac_si,TP HCM,2,46.0
KH14565,61.0,9.2,6.7,ky_su,TP HCM,0,87.0
KH14566,28.0,17.9,8.3,nhan_vien,Ha Noi,1,37.0
KH14567,26.0,9.3,3.6,ky_su,TP HCM,0,33.0
KH14568,22.0,32.1,15.4,ky_su,Can Tho,8,42.0
KH14569,37.0,16.9,8.7,nhan_vien,Da Nang,1,48.0
KH14570,28.0,3.3,1.6,sinh_vien,TP HCM,0,50.0
KH14571,27.0,23.2,15.5,kinh_doanh,TP HCM,6,66.0
KH14572,42.0,12.1,5.6,nhan_vien,TP HCM,3,55.0
KH14573,38.0,8.6,3.4,giao_vien,Da Nang,1,46.0
KH14574,51.0,16.4,13.7,nhan_vien,Ha Noi,2,74.0
KH14575,24.0,30.2,27.6,nhan_vien,TP HCM,7,97.0
KH14576,40.0,9.4,2.9,sinh_vien,Ha Noi,1,27.0
KH14577,18.0,29.7,16.7,nhan_vien,Can Tho,6,56.0
KH14578,42.0,6.8,6.4,sinh_vien,Da Nang,0,91.0
KH14579,18.0,13.5,4.6,kinh_doanh,Ha Noi,1,28.0
KH14580,37.0,22.7,15.6,bac_si,TP HCM,3,63.0
KH14581,33.0,16.0,8.5,kinh_doanh,Ha Noi,5,44.0
KH14582,48.0,46.4,35.2,ky_su,Ha Noi,6,76.0
KH14583,47.0,17.9,7.1,ky_su,Hai Phong,3,42.0
KH14584,32.0,27.2,10.6,bac_si,Hai Phong,3,33.0
KH14585,48.0,30.0,19.8,ky_su,Da Nang,3,66.0
KH14586,39.0,31.4,24.9,ky_su,Can Tho,7,94.0
KH14587,48.0,19.6,7.0,nhan_vien,TP HCM,0,35.0
KH14588,38.0,9.2,6.0,nhan_vien,Ha Noi,2,78.0
KH14589,41.0,22.7,13.6,ky_su,Ha Noi,4,71.0
KH14590,45.0,21.0,8.3,bac_si,Hai Phong,0,33.0
KH14591,50.0,46.5,26.5,ky_su,Ha Noi,9,50.0
KH14592,57.0,14.3,6.2,giao_vien,TP HCM,1,46.0
KH14593,26.0,14.5,10.7,nhan_vien,Ha Noi,4,80.0
KH14594,22.0,14.8,6.6,nhan_vien,Hai Phong,5,40.0
KH14595,18.0,9.0,5.6,nhan_vien,Ha Noi,1,57.0
KH14596,40.0,18.4,14.6,nhan_vien,Da Nang,1,88.0
KH14597,28.0,4.2,0.5,giao_vien,Ha Noi,0,10.0
KH14598,55.0,5.9,1.7,sinh_vien,Ha Noi,0,31.0
KH14599,31.0,18.0,8.1,giao_vien,Can Tho,1,36.0
KH14600,58.0,14.8,3.3,nhan_vien,Ha Noi,0,26.0
KH14601,36.0,11.6,7.9,ky_su,TP HCM,0,69.0
KH14602,33.0,4.9,0.5,sinh_vien,Ha Noi,0,12.0
KH14603,35.0,8.9,6.8,sinh_vien,TP HCM,2,78.0
KH14604,54.0,20.1,7.2,ky_su,Hai Phong,1,35.0
KH14605,21.0,15.7,8.4,kinh_doanh,TP HCM,5,62.0
KH14606,36.0,39.9,26.2,bac_si,Hai Phong,3,66.0
KH14607,41.0,20.9,7.4,kinh_doanh,TP HCM,4,33.0
KH14608,48.0,9.3,7.1,sinh_vien,TP HCM,2,62.0
KH14609,51.0,44.8,22.9,kinh_doanh,TP HCM,7,47.0
KH14610,61.0,17.9,12.8,nhan_vien,TP HCM,3,59.0
KH14611,64.0,16.5,4.7,giao_vien,Ha Noi,1,25.0
KH14612,56.0,24.5,15.6,nhan_vien,TP HCM,8,68.0
KH14613,52.0,29.1,10.9,kinh_doanh,Ha Noi,1,41.0
KH14614,45.0,11.7,7.7,giao_vien,TP HCM,1,67.0
KH14615,51.0,20.6,14.3,kinh_doanh,Ha Noi,1,79.0
KH14616,33.0,26.6,14.3,ky_su,Da Nang,3,52.0
KH14617,28.0,17.5,10.3,nhan_vien,Da Nang,2,70.0
KH14618,45.0,24.1,9.1,bac_si,Ha Noi,0,34.0
KH14619,35.0,12.9,9.2,nhan_vien,TP HCM,1,77.0
KH14620,29.0,15.7,12.6,bac_si,Hai Phong,2,89.0
KH14621,36.0,14.5,11.0,nhan_vien,TP HCM,3,75.0
KH14622,28.0,29.7,21.8,bac_si,Da Nang,2,78.0
KH14623,27.0,5.1,5.2,sinh_vien,Ha Noi,1,92.0
KH14624,30.0,16.5,5.5,giao_vien,Ha Noi,1,29.0
KH14625,33.0,5.7,1.3,sinh_vien,Can Tho,0,27.0
KH14626,54.0,18.1,16.5,giao_vien,Hai Phong,5,100.0
KH14627,38.0,15.0,12.0,kinh_doanh,TP HCM,3,80.0
KH14628,39.0,19.4,7.5,ky_su,Ha Noi,2,43.0
KH14629,18.0,8.4,2.5,nhan_vien,Ha Noi,0,35.0
KH14630,30.0,36.6,26.4,giao_vien,Hai Phong,2,70.0
KH14631,34.0,14.4,5.5,ky_su,TP HCM,3,34.0
KH14632,39.0,13.6,9.2,giao_vien,Ha Noi,1,81.0
KH14633,50.0,18.1,11.1,nhan_vien,Da Nang,5,62.0
KH14634,33.0,5.5,5.4,giao_vien,Ha Noi,3,100.0
KH14635,34.0,6.9,6.2,giao_vien,Hai Phong,0,78.0
KH14636,18.0,21.5,16.1,kinh_doanh,Da Nang,1,81.0
KH14637,18.0,35.7,23.1,ky_su,Hai Phong,11,75.0
KH14638,23.0,14.7,9.9,kinh_doanh,TP HCM,2,65.0
KH14639,37.0,12.9,5.3,nhan_vien,Can Tho,1,38.0
KH14640,41.0,15.9,5.7,ky_su,Can Tho,2,30.0
KH14641,32.0,30.9,25.6,nhan_vien,Can Tho,3,73.0
KH14642,35.0,11.4,5.9,giao_vien,Da Nang,1,51.0
KH14643,36.0,19.5,8.6,kinh_doanh,Ha Noi,2,47.0
KH14644,27.0,6.3,3.2,nhan_vien,TP HCM,3,42.0
KH14645,46.0,16.9,11.7,kinh_doanh,Ha Noi,5,57.0
KH14646,36.0,56.8,28.1,bac_si,Hai Phong,4,54.0
KH14647,21.0,14.1,6.6,nhan_vien,TP HCM,2,41.0
KH14648,42.0,4.0,0.5,sinh_vien,TP HCM,0,15.0
KH14649,43.0,35.3,15.4,kinh_doanh,TP HCM,4,40.0
KH14650,29.0,31.2,22.0,bac_si,Ha Noi,3,66.0
KH14651,56.0,39.0,13.3,nhan_vien,TP HCM,3,27.0
KH14652,39.0,21.2,13.5,giao_vien,TP HCM,4,69.0
KH14653,32.0,18.3,12.9,kinh_doanh,TP HCM,6,69.0
KH14654,37.0,24.0,10.8,nhan_vien,Ha Noi,3,50.0
KH14655,36.0,8.5,8.3,giao_vien,TP HCM,2,100.0
KH14656,46.0,7.5,3.5,sinh_vien,Ha Noi,2,45.0
KH14657,23.0,21.7,13.4,kinh_doanh,Can Tho,2,70.0
KH14658,54.0,17.4,11.1,nhan_vien,Ha Noi,2,55.0
KH14659,23.0,15.4,11.6,nhan_vien,TP HCM,1,83.0
KH14660,22.0,8.6,7.6,giao_vien,TP HCM,2,82.0
KH14661,31.0,5.3,4.7,sinh_vien,TP HCM,1,77.0
KH14662,43.0,14.3,13.4,kinh_doanh,Ha Noi,4,99.0
KH14663,46.0,23.6,16.2,ky_su,Hai Phong,4,55.0
KH14664,48.0,5.6,3.7,sinh_vien,TP HCM,1,66.0
KH14665,31.0,4.6,2.5,sinh_vien,TP HCM,1,62.0
KH14666,37.0,31.2,18.3,kinh_doanh,Ha Noi,5,64.0
KH14667,53.0,31.8,25.1,ky_su,Ha Noi,0,64.0
KH14668,32.0,3.6,0.5,sinh_vien,Ha Noi,1,11.0
KH14669,43.0,20.1,16.8,nhan_vien,TP HCM,5,79.0
KH14670,66.0,12.1,4.9,nhan_vien,TP HCM,1,37.0
KH14671,70.0,23.9,14.1,ky_su,TP HCM,6,49.0
KH14672,65.0,13.5,6.3,kinh_doanh,Can Tho,3,51.0
KH14673,40.0,12.2,6.0,nhan_vien,Hai Phong,1,57.0
KH14674,31.0,14.6,8.4,nhan_vien,Da Nang,1,64.0
KH14675,43.0,19.6,14.4,ky_su,TP HCM,7,78.0
KH14676,27.0,10.7,6.9,kinh_doanh,Da Nang,0,72.0
KH14677,26.0,60.1,30.9,nhan_vien,TP HCM,5,62.0
KH14678,47.0,7.4,5.3,sinh_vien,Can Tho,1,62.0
KH14679,38.0,3.7,1.5,sinh_vien,TP HCM,1,43.0
KH14680,27.0,10.1,5.8,ky_su,Ha Noi,2,57.0
KH14681,22.0,12.8,11.2,bac_si,Hai Phong,4,87.0
KH14682,41.0,25.0,11.0,nhan_vien,TP HCM,4,39.0
KH14683,37.0,11.1,7.1,ky_su,Can Tho,3,61.0
KH14684,38.0,7.7,4.7,nhan_vien,Ha Noi,1,60.0
KH14685,45.0,25.0,13.9,ky_su,Da Nang,5,52.0
KH14686,43.0,12.8,7.6,nhan_vien,Da Nang,5,52.0
KH14687,31.0,49.5,36.5,nhan_vien,TP HCM,7,74.0
KH14688,31.0,19.5,13.2,giao_vien,Ha Noi,5,80.0
KH14689,30.0,34.3,25.9,nhan_vien,TP HCM,10,68.0
KH14690,29.0,12.3,4.6,kinh_doanh,TP HCM,2,41.0
KH14691,31.0,18.2,12.0,nhan_vien,TP HCM,2,54.0
KH14692,43.0,10.7,9.7,nhan_vien,TP HCM,1,100.0
KH14693,56.0,22.5,9.9,bac_si,TP HCM,5,47.0
KH14694,32.0,22.2,12.1,nhan_vien,TP HCM,6,56.0
KH14695,43.0,6.8,6.3,ky_su,Ha Noi,0,94.0
KH14696,57.0,13.0,6.8,giao_vien,Da Nang,7,53.0
KH14697,43.0,28.9,26.5,kinh_doanh,TP HCM,9,80.0
KH14698,27.0,30.1,14.4,nhan_vien,TP HCM,2,51.0
KH14699,18.0,17.8,9.3,bac_si,TP HCM,0,62.0
KH14700,31.0,28.1,13.3,kinh_doanh,TP HCM,1,49.0
KH14701,49.0,23.2,12.7,ky_su,Hai Phong,3,45.0
KH14702,58.0,24.1,14.4,kinh_doanh,TP HCM,4,48.0
KH14703,41.0,15.4,11.6,kinh_doanh,Da Nang,1,79.0
KH14704,43.0,24.5,14.9,ky_su,Da Nang,8,51.0
KH14705,35.0,11.1,3.9,giao_vien,TP HCM,2,34.0
KH14706,29.0,12.3,9.3,nhan_vien,TP HCM,3,79.0
KH14707,36.0,18.4,9.7,kinh_doanh,TP HCM,2,44.0
KH14708,34.0,18.9,7.1,kinh_doanh,Da Nang,0,38.0
KH14709,34.0,15.3,7.9,nhan_vien,Ha Noi,0,50.0
KH14710,52.0,70.8,41.3,bac_si,Da Nang,9,61.0
KH14711,18.0,18.9,8.8,nhan_vien,Ha Noi,2,55.0
KH14712,32.0,4.8,2.7,sinh_vien,Ha Noi,2,59.0
KH14713,18.0,10.6,8.3,giao_vien,Can Tho,2,93.0
KH14714,27.0,8.8,3.4,nhan_vien,TP HCM,0,38.0
KH14715,25.0,10.6,9.7,nhan_vien,TP HCM,4,91.0
KH14716,34.0,7.6,1.1,nhan_vien,TP HCM,0,17.0
KH14717,46.0,31.0,13.6,ky_su,TP HCM,3,35.0
KH14718,39.0,5.9,1.8,sinh_vien,TP HCM,1,32.0
KH14719,44.0,19.5,5.4,ky_su,Ha Noi,1,29.0
KH14720,34.0,41.3,27.4,kinh_doanh,Da Nang,4,55.0
KH14721,22.0,15.1,5.8,nhan_vien,Can Tho,2,39.0
KH14722,46.0,17.9,8.8,kinh_doanh,Hai Phong,2,44.0
KH14723,25.0,15.6,10.8,ky_su,TP HCM,2,73.0
KH14724,43.0,9.4,6.2,nhan_vien,Da Nang,4,57.0
KH14725,22.0,11.8,5.8,kinh_doanh,Ha Noi,2,46.0
KH14726,29.0,12.3,4.0,sinh_vien,Ha Noi,1,36.0
KH14727,24.0,26.7,21.2,kinh_doanh,Ha Noi,6,71.0
KH14728,38.0,20.2,11.2,nhan_vien,Da Nang,0,50.0
KH14729,37.0,16.0,6.6,nhan_vien,Da Nang,0,42.0
KH14730,25.0,14.8,6.7,nhan_vien,Ha Noi,0,42.0
KH14731,53.0,13.3,6.4,nhan_vien,Hai Phong,0,46.0
KH14732,28.0,15.6,11.7,nhan_vien,Hai Phong,5,62.0
KH14733,35.0,38.7,18.4,ky_su,Da Nang,6,49.0
KH14734,33.0,20.3,16.3,nhan_vien,Hai Phong,0,96.0
KH14735,51.0,30.6,16.5,ky_su,Da Nang,2,44.0
KH14736,20.0,5.0,0.5,sinh_vien,TP HCM,0,10.0
KH14737,42.0,6.8,3.8,giao_vien,Ha Noi,0,63.0
KH14738,38.0,15.2,7.3,ky_su,Hai Phong,2,42.0
KH14739,18.0,18.2,12.2,nhan_vien,Ha Noi,2,72.0
KH14740,56.0,9.7,9.7,kinh_doanh,TP HCM,2,88.0
KH14741,32.0,24.9,17.9,nhan_vien,Da Nang,3,65.0
KH14742,36.0,17.4,15.4,giao_vien,Ha Noi,5,100.0
KH14743,26.0,14.0,9.1,ky_su,Ha Noi,3,69.0
KH14744,45.0,27.1,20.3,nhan_vien,Hai Phong,3,69.0
KH14745,55.0,6.1,3.9,sinh_vien,Hai Phong,1,61.0
KH14746,49.0,26.6,12.0,bac_si,TP HCM,2,47.0
KH14747,55.0,22.2,20.4,ky_su,Ha Noi,8,83.0
KH14748,61.0,23.0,16.1,ky_su,TP HCM,3,76.0
KH14749,51.0,9.9,5.7,ky_su,TP HCM,2,60.0
KH14750,43.0,8.2,4.4,giao_vien,Da Nang,2,63.0
KH14751,48.0,7.8,5.5,kinh_doanh,TP HCM,2,69.0
KH14752,47.0,18.5,10.8,giao_vien,Ha Noi,2,67.0
KH14753,36.0,14.2,5.2,nhan_vien,Ha Noi,2,36.0
KH14754,45.0,19.9,8.3,ky_su,TP HCM,2,43.0
KH14755,34.0,38.4,32.0,kinh_doanh,TP HCM,4,78.0
KH14756,32.0,15.8,8.5,nhan_vien,Da Nang,1,43.0
KH14757,49.0,23.7,14.6,nhan_vien,Ha Noi,3,65.0
KH14758,40.0,18.3,8.3,nhan_vien,Ha Noi,1,37.0
KH14759,30.0,31.2,9.4,kinh_doanh,Can Tho,1,31.0
KH14760,38.0,19.1,8.3,ky_su,Can Tho,0,51.0
KH14761,46.0,24.1,16.3,ky_su,TP HCM,4,70.0
KH14762,29.0,14.7,4.7,ky_su,Ha Noi,0,30.0
KH14763,31.0,10.6,3.1,kinh_doanh,Can Tho,1,33.0
KH14764,38.0,14.9,10.6,bac_si,Ha Noi,0,80.0
KH14765,30.0,7.0,5.9,sinh_vien,Ha Noi,4,99.0
KH14766,51.0,16.6,8.7,kinh_doanh,Can Tho,1,56.0
KH14767,33.0,44.8,28.3,bac_si,TP HCM,7,74.0
KH14768,23.0,22.9,15.4,kinh_doanh,Hai Phong,4,61.0
KH14769,29.0,16.7,12.6,kinh_doanh,TP HCM,4,75.0
KH14770,29.0,14.8,7.7,kinh_doanh,Ha Noi,3,49.0
KH14771,44.0,44.5,23.4,kinh_doanh,TP HCM,8,57.0
KH14772,49.0,9.6,4.2,nhan_vien,TP HCM,1,41.0
KH14773,43.0,12.4,12.6,kinh_doanh,TP HCM,2,96.0
KH14774,48.0,38.6,15.3,kinh_doanh,Ha Noi,1,35.0
KH14775,38.0,14.1,6.3,nhan_vien,TP HCM,0,49.0
KH14776,40.0,17.1,5.5,nhan_vien,Ha Noi,1,36.0
KH14777,24.0,15.4,9.0,bac_si,TP HCM,2,64.0
KH14778,33.0,16.1,5.3,giao_vien,TP HCM,0,35.0
KH14779,37.0,6.1,2.5,giao_vien,TP HCM,1,41.0
KH14780,59.0,18.2,12.2,nhan_vien,Hai Phong,6,72.0
KH14781,28.0,18.3,8.5,ky_su,TP HCM,1,41.0
KH14782,42.0,11.1,9.5,nhan_vien,Ha Noi,1,72.0
KH14783,27.0,18.8,12.3,kinh_doanh,Hai Phong,7,64.0
KH14784,37.0,14.5,8.4,nhan_vien,TP HCM,3,54.0
KH14785,27.0,18.1,15.9,kinh_doanh,Hai Phong,3,89.0
KH14786,38.0,25.9,17.3,kinh_doanh,TP HCM,2,56.0
KH14787,29.0,17.2,12.8,nhan_vien,Da Nang,5,62.0
KH14788,57.0,40.6,27.8,ky_su,Hai Phong,8,76.0
KH14789,35.0,34.8,28.4,nhan_vien,TP HCM,5,81.0
KH14790,20.0,20.8,13.6,nhan_vien,Can Tho,2,60.0
KH14791,48.0,12.7,7.4,ky_su,Da Nang,2,51.0
KH14792,46.0,3.7,1.5,sinh_vien,Hai Phong,1,43.0
KH14793,44.0,20.2,16.8,ky_su,Ha Noi,4,91.0
KH14794,48.0,22.7,7.8,nhan_vien,Ha Noi,2,34.0
KH14795,33.0,38.7,26.2,ky_su,Da Nang,6,57.0
KH14796,32.0,12.5,10.0,nhan_vien,TP HCM,3,75.0
KH14797,31.0,25.6,15.6,kinh_doanh,Ha Noi,4,67.0
KH14798,20.0,14.2,8.0,ky_su,TP HCM,3,45.0
KH14799,47.0,10.2,2.1,giao_vien,Hai Phong,2,23.0
KH14800,18.0,29.6,23.4,nhan_vien,Ha Noi,7,76.0
KH14801,28.0,21.7,15.1,nhan_vien,TP HCM,1,78.0
KH14802,52.0,8.2,4.1,nhan_vien,Da Nang,2,56.0
KH14803,18.0,23.4,14.4,kinh_doanh,TP HCM,4,70.0
KH14804,35.0,28.7,21.6,ky_su,Ha Noi,3,86.0
KH14805,46.0,25.5,13.6,ky_su,TP HCM,4,57.0
KH14806,33.0,3.6,0.6,sinh_vien,Ha Noi,0,16.0
KH14807,41.0,24.0,15.6,kinh_doanh,Ha Noi,5,72.0
KH14808,37.0,21.6,15.4,kinh_doanh,Can Tho,6,72.0
KH14809,47.0,18.4,10.2,ky_su,TP HCM,6,49.0
KH14810,39.0,37.9,16.5,nhan_vien,Ha Noi,3,47.0
KH14811,31.0,16.7,4.8,kinh_doanh,TP HCM,1,27.0
KH14812,28.0,29.4,11.9,kinh_doanh,TP HCM,1,45.0
KH14813,39.0,24.0,11.2,kinh_doanh,TP HCM,3,40.0
KH14814,38.0,5.6,2.2,sinh_vien,TP HCM,0,44.0
KH14815,21.0,9.1,3.9,sinh_vien,TP HCM,1,49.0
KH14816,42.0,10.8,7.9,nhan_vien,Can Tho,1,65.0
KH14817,61.0,21.7,12.1,ky_su,Da Nang,3,66.0
KH14818,33.0,3.3,1.8,sinh_vien,Ha Noi,0,50.0
KH14819,49.0,12.2,6.0,nhan_vien,TP HCM,1,45.0
KH14820,42.0,33.0,21.1,ky_su,Can Tho,3,53.0
KH14821,24.0,8.0,3.1,giao_vien,Ha Noi,0,44.0
KH14822,50.0,11.5,7.0,nhan_vien,Ha Noi,3,68.0
KH14823,54.0,34.2,25.0,kinh_doanh,Can Tho,12,77.0
KH14824,21.0,30.0,13.8,kinh_doanh,TP HCM,4,55.0
KH14825,48.0,17.1,13.9,ky_su,Ha Noi,6,90.0
KH14826,42.0,8.4,5.5,nhan_vien,TP HCM,0,59.0
KH14827,40.0,21.2,7.2,nhan_vien,TP HCM,0,39.0
KH14828,36.0,21.5,13.4,kinh_doanh,TP HCM,2,58.0
KH14829,32.0,39.6,24.9,kinh_doanh,Ha Noi,2,63.0
KH14830,40.0,24.3,12.5,kinh_doanh,TP HCM,3,53.0
KH14831,27.0,10.3,2.9,giao_vien,Ha Noi,1,27.0
KH14832,51.0,11.4,5.4,kinh_doanh,Hai Phong,0,55.0
KH14833,27.0,20.4,16.4,nhan_vien,Ha Noi,3,84.0
KH14834,47.0,5.0,3.6,sinh_vien,TP HCM,0,81.0
KH14835,31.0,45.3,37.0,bac_si,TP HCM,11,72.0
KH14836,41.0,13.8,10.7,nhan_vien,Ha Noi,3,86.0
KH14837,28.0,23.3,14.1,kinh_doanh,Ha Noi,1,65.0
KH14838,53.0,16.1,9.6,bac_si,Ha Noi,2,67.0
KH14839,28.0,29.9,12.6,ky_su,Can Tho,2,35.0
KH14840,40.0,11.8,5.9,nhan_vien,TP HCM,2,41.0
KH14841,31.0,34.6,16.8,ky_su,Ha Noi,5,44.0
KH14842,41.0,15.4,8.4,ky_su,TP HCM,4,46.0
KH14843,51.0,8.7,6.2,bac_si,Ha Noi,1,84.0
KH14844,34.0,8.2,2.5,giao_vien,Ha Noi,0,28.0
KH14845,38.0,29.5,15.6,ky_su,Can Tho,4,49.0
KH14846,33.0,23.7,16.2,nhan_vien,TP HCM,4,67.0
KH14847,33.0,19.4,11.4,ky_su,Ha Noi,3,60.0
KH14848,41.0,4.2,0.7,sinh_vien,Can Tho,0,20.0
KH14849,33.0,40.8,30.4,ky_su,TP HCM,14,60.0
KH14850,32.0,11.4,5.3,nhan_vien,Can Tho,2,38.0
KH14851,50.0,43.9,31.2,kinh_doanh,TP HCM,7,68.0
KH14852,33.0,36.8,20.1,ky_su,Ha Noi,5,61.0
KH14853,23.0,8.7,2.4,nhan_vien,TP HCM,0,29.0
KH14854,48.0,17.3,7.8,giao_vien,TP HCM,3,44.0
KH14855,49.0,13.1,9.8,nhan_vien,Can Tho,3,84.0
KH14856,34.0,13.4,9.0,bac_si,Ha Noi,4,69.0
KH14857,37.0,40.4,34.2,bac_si,Can Tho,9,98.0
KH14858,40.0,31.0,23.6,ky_su,Da Nang,4,65.0
KH14859,28.0,14.0,6.4,giao_vien,TP HCM,2,51.0
KH14860,41.0,17.9,6.2,bac_si,TP HCM,3,30.0
KH14861,27.0,32.8,24.0,nhan_vien,TP HCM,7,76.0
KH14862,46.0,63.4,25.4,ky_su,Ha Noi,5,45.0
KH14863,33.0,20.3,12.9,nhan_vien,Ha Noi,0,64.0
KH14864,25.0,12.4,11.5,giao_vien,Ha Noi,2,97.0
KH14865,52.0,26.5,21.3,nhan_vien,Ha Noi,5,85.0
KH14866,42.0,21.5,15.2,kinh_doanh,TP HCM,3,60.0
KH14867,39.0,8.5,5.8,sinh_vien,Ha Noi,2,67.0
KH14868,42.0,37.1,29.3,ky_su,TP HCM,8,88.0
KH14869,47.0,31.3,22.8,nhan_vien,Ha Noi,7,62.0
KH14870,25.0,15.8,13.6,sinh_vien,Ha Noi,5,98.0
KH14871,58.0,21.0,19.0,nhan_vien,Da Nang,5,79.0
KH14872,45.0,25.9,13.1,ky_su,TP HCM,2,48.0
KH14873,18.0,23.4,10.4,kinh_doanh,Ha Noi,0,38.0
KH14874,18.0,32.8,17.2,nhan_vien,Hai Phong,5,50.0
KH14875,54.0,18.6,13.6,nhan_vien,TP HCM,4,63.0
KH14876,30.0,31.5,22.2,ky_su,Da Nang,7,58.0
KH14877,27.0,12.9,9.3,giao_vien,Can Tho,5,70.0
KH14878,25.0,64.2,39.8,bac_si,TP HCM,8,71.0
KH14879,34.0,22.1,13.2,giao_vien,Can Tho,2,71.0
KH14880,46.0,25.7,8.4,kinh_doanh,TP HCM,1,37.0
KH14881,30.0,15.3,3.7,ky_su,Hai Phong,2,25.0
KH14882,40.0,24.3,14.6,kinh_doanh,Ha Noi,8,56.0
KH14883,49.0,8.8,6.2,sinh_vien,TP HCM,2,71.0
KH14884,18.0,32.4,23.1,kinh_doanh,Hai Phong,6,81.0
KH14885,25.0,5.9,3.8,sinh_vien,Da Nang,0,62.0
KH14886,38.0,27.7,12.4,bac_si,TP HCM,1,42.0
KH14887,41.0,2.3,2.9,sinh_vien,Hai Phong,0,100.0
KH14888,32.0,46.7,26.7,bac_si,TP HCM,7,48.0
KH14889,41.0,25.3,10.2,ky_su,TP HCM,3,38.0
KH14890,33.0,8.1,4.1,sinh_vien,TP HCM,0,56.0
KH14891,28.0,14.1,7.5,ky_su,Can Tho,2,48.0
KH14892,49.0,6.1,1.3,sinh_vien,TP HCM,0,20.0
KH14893,18.0,37.2,25.4,kinh_doanh,Da Nang,5,78.0
KH14894,37.0,6.6,2.7,sinh_vien,Can Tho,2,49.0
KH14895,37.0,10.5,9.5,giao_vien,Hai Phong,4,78.0
KH14896,66.0,22.8,5.8,nhan_vien,TP HCM,3,30.0
KH14897,33.0,20.3,12.3,bac_si,TP HCM,3,56.0
KH14898,50.0,12.0,2.8,nhan_vien,Ha Noi,0,20.0
KH14899,36.0,41.2,31.6,giao_vien,TP HCM,10,70.0
KH14900,49.0,24.7,14.6,ky_su,Can Tho,3,68.0
KH14901,47.0,28.7,10.9,ky_su,Hai Phong,2,38.0
KH14902,28.0,16.4,12.9,nhan_vien,Da Nang,4,75.0
KH14903,39.0,24.6,14.8,ky_su,Hai Phong,7,59.0
KH14904,31.0,33.4,21.6,ky_su,Ha Noi,3,75.0
KH14905,52.0,15.8,8.3,nhan_vien,Da Nang,4,42.0
KH14906,20.0,16.3,7.8,ky_su,TP HCM,0,56.0
KH14907,39.0,42.0,19.2,kinh_doanh,Hai Phong,9,52.0
KH14908,35.0,20.2,15.1,ky_su,TP HCM,3,68.0
KH14909,43.0,13.5,7.4,giao_vien,TP HCM,4,50.0
KH14910,43.0,15.1,8.0,ky_su,Can Tho,0,55.0
KH14911,20.0,30.7,12.3,ky_su,TP HCM,6,37.0
KH14912,38.0,23.0,9.5,ky_su,TP HCM,3,40.0
KH14913,47.0,17.1,9.6,kinh_doanh,Ha Noi,5,50.0
KH14914,22.0,58.3,31.1,ky_su,Can Tho,11,51.0
KH14915,18.0,5.0,3.4,sinh_vien,Da Nang,0,56.0
KH14916,58.0,9.2,4.8,nhan_vien,TP HCM,1,51.0
KH14917,39.0,22.8,17.3,ky_su,Hai Phong,3,85.0
KH14918,38.0,11.4,7.0,sinh_vien,TP HCM,3,54.0
KH14919,52.0,5.6,4.0,giao_vien,Ha Noi,1,80.0
KH14920,25.0,3.5,0.9,sinh_vien,Da Nang,0,28.0
KH14921,55.0,7.4,4.9,sinh_vien,Da Nang,3,54.0
KH14922,34.0,18.3,11.1,ky_su,Da Nang,4,52.0
KH14923,40.0,6.6,4.4,giao_vien,Da Nang,1,58.0
KH14924,33.0,13.2,9.5,ky_su,TP HCM,4,79.0
KH14925,42.0,14.2,10.7,kinh_doanh,TP HCM,1,80.0
KH14926,22.0,5.9,1.9,giao_vien,Da Nang,0,26.0
KH14927,61.0,12.9,5.0,nhan_vien,TP HCM,3,43.0
KH14928,24.0,16.7,8.0,ky_su,Can Tho,4,56.0
KH14929,33.0,5.5,3.5,sinh_vien,Ha Noi,1,61.0
KH14930,41.0,21.0,11.1,ky_su,TP HCM,1,48.0
KH14931,18.0,10.9,2.1,giao_vien,Da Nang,1,20.0
KH14932,35.0,3.5,2.8,sinh_vien,TP HCM,0,76.0
KH14933,24.0,30.7,17.7,kinh_doanh,TP HCM,4,61.0
KH14934,40.0,28.4,11.3,bac_si,TP HCM,3,48.0
KH14935,25.0,8.6,5.1,giao_vien,Ha Noi,3,49.0
KH14936,42.0,19.6,17.2,ky_su,TP HCM,5,90.0
KH14937,23.0,8.0,2.8,sinh_vien,Ha Noi,0,31.0
KH14938,20.0,44.1,32.8,kinh_doanh,TP HCM,7,67.0
KH14939,45.0,45.1,36.4,ky_su,TP HCM,16,68.0
KH14940,43.0,18.6,15.6,giao_vien,Ha Noi,2,72.0
KH14941,30.0,17.7,14.9,kinh_doanh,TP HCM,4,89.0
KH14942,34.0,14.1,7.4,nhan_vien,TP HCM,4,62.0
KH14943,55.0,18.1,6.7,nhan_vien,TP HCM,3,39.0
KH14944,36.0,7.7,5.2,nhan_vien,Ha Noi,3,79.0
KH14945,29.0,27.1,21.8,giao_vien,Ha Noi,5,94.0
KH14946,48.0,24.4,14.4,kinh_doanh,Ha Noi,4,56.0
KH14947,20.0,11.2,8.7,nhan_vien,Can Tho,2,93.0
KH14948,25.0,13.3,9.6,ky_su,Ha Noi,3,66.0
KH14949,46.0,9.8,5.2,giao_vien,Ha Noi,4,52.0
KH14950,35.0,4.6,2.3,sinh_vien,TP HCM,1,56.0
KH14951,19.0,12.1,5.7,nhan_vien,TP HCM,2,38.0
KH14952,47.0,6.0,4.6,sinh_vien,Ha Noi,0,90.0
KH14953,25.0,44.6,21.0,kinh_doanh,Da Nang,4,49.0
KH14954,44.0,4.5,3.6,sinh_vien,Hai Phong,0,76.0
KH14955,43.0,16.9,8.1,ky_su,Ha Noi,1,56.0
KH14956,32.0,19.0,7.4,giao_vien,Can Tho,2,42.0
KH14957,43.0,18.9,13.0,kinh_doanh,Can Tho,3,59.0
KH14958,34.0,6.2,5.5,sinh_vien,Hai Phong,0,91.0
KH14959,23.0,51.1,36.2,kinh_doanh,TP HCM,6,71.0
KH14960,62.0,13.6,7.5,ky_su,Da Nang,1,58.0
KH14961,37.0,20.8,13.2,ky_su,Can Tho,3,51.0
KH14962,35.0,12.8,11.2,giao_vien,TP HCM,3,77.0
KH14963,44.0,17.6,11.1,kinh_doanh,Ha Noi,6,67.0
KH14964,32.0,20.4,14.9,ky_su,TP HCM,8,67.0
KH14965,18.0,19.2,12.1,bac_si,TP HCM,3,67.0
KH14966,49.0,18.6,9.4,bac_si,Ha Noi,1,43.0
KH14967,22.0,35.1,16.7,kinh_doanh,Ha Noi,1,57.0
KH14968,26.0,25.1,17.2,ky_su,Hai Phong,4,60.0
KH14969,40.0,18.1,12.7,nhan_vien,TP HCM,5,67.0
KH14970,32.0,16.6,11.9,nhan_vien,Da Nang,1,70.0
KH14971,46.0,7.0,0.5,nhan_vien,TP HCM,0,8.0
KH14972,41.0,25.6,20.2,ky_su,TP HCM,5,82.0
KH14973,37.0,23.9,20.6,ky_su,Ha Noi,6,88.0
KH14974,35.0,12.9,8.8,bac_si,TP HCM,1,73.0
KH14975,39.0,7.6,6.1,nhan_vien,TP HCM,2,93.0
KH14976,37.0,20.5,9.3,kinh_doanh,Ha Noi,2,54.0
KH14977,49.0,7.6,2.9,nhan_vien,Da Nang,1,46.0
KH14978,18.0,9.4,6.9,nhan_vien,Da Nang,4,81.0
KH14979,45.0,34.7,11.0,ky_su,TP HCM,3,29.0
KH14980,28.0,44.7,21.1,kinh_doanh,Ha Noi,6,56.0
KH14981,47.0,9.2,0.8,giao_vien,Can Tho,0,8.0
KH14982,42.0,18.8,9.5,kinh_doanh,Ha Noi,1,50.0
KH14983,18.0,16.7,10.0,nhan_vien,TP HCM,2,62.0
KH14984,32.0,11.7,9.2,kinh_doanh,TP HCM,2,73.0
KH14985,43.0,3.5,1.0,sinh_vien,Da Nang,0,32.0
KH14986,48.0,13.6,4.8,nhan_vien,Da Nang,2,30.0
KH14987,41.0,3.6,2.8,sinh_vien,TP HCM,0,74.0
KH14988,30.0,8.1,5.3,giao_vien,Hai Phong,3,69.0
KH14989,39.0,22.0,20.3,kinh_doanh,TP HCM,3,100.0
KH14990,41.0,32.6,20.2,ky_su,Ha Noi,3,63.0
KH14991,44.0,19.0,17.5,nhan_vien,Can Tho,3,97.0
KH14992,30.0,39.6,30.1,ky_su,TP HCM,6,69.0
KH14993,22.0,18.2,13.0,kinh_doanh,Can Tho,4,60.0
KH14994,38.0,4.6,3.0,giao_vien,Ha Noi,1,74.0
KH14995,44.0,18.7,13.7,nhan_vien,Hai Phong,2,65.0
KH14996,44.0,27.9,26.2,kinh_doanh,Ha Noi,5,81.0
KH14997,31.0,20.9,12.3,kinh_doanh,TP HCM,4,50.0
KH14998,55.0,19.0,9.0,bac_si,TP HCM,1,50.0
KH14999,42.0,62.7,37.5,kinh_doanh,Hai Phong,12,67.0
KH15000,43.0,25.3,11.8,nhan_vien,Da Nang,3,42.0
KH15001,22.0,25.2,20.5,kinh_doanh,Can Tho,10,76.0
KH15002,40.0,26.2,10.0,kinh_doanh,Da Nang,0,36.0
KH15003,40.0,22.8,11.9,kinh_doanh,TP HCM,4,62.0
KH15004,27.0,10.5,9.5,nhan_vien,Ha Noi,2,89.0
KH15005,48.0,9.4,5.7,giao_vien,Can Tho,2,73.0
KH15006,19.0,24.2,14.2,kinh_doanh,Can Tho,6,52.0
KH15007,24.0,16.1,9.6,nhan_vien,Ha Noi,2,65.0
KH15008,29.0,57.5,29.0,ky_su,TP HCM,5,47.0
KH15009,34.0,27.7,17.2,kinh_doanh,Da Nang,4,64.0
KH15010,44.0,14.2,2.2,nhan_vien,TP HCM,1,14.0
KH15011,18.0,27.7,21.7,kinh_doanh,Hai Phong,5,72.0
KH15012,34.0,37.8,18.0,nhan_vien,TP HCM,6,52.0
KH15013,44.0,11.7,8.0,nhan_vien,TP HCM,1,65.0
KH15014,45.0,29.3,17.3,giao_vien,Ha Noi,2,63.0
KH15015,51.0,14.2,9.1,nhan_vien,Da Nang,2,64.0
KH15016,21.0,22.5,15.9,kinh_doanh,Ha Noi,3,75.0
KH15017,47.0,49.5,40.9,ky_su,Can Tho,7,97.0
KH15018,43.0,13.3,7.2,nhan_vien,Da Nang,3,63.0
KH15019,38.0,36.5,23.3,ky_su,TP HCM,4,56.0
KH15020,18.0,28.7,11.7,nhan_vien,Hai Phong,3,42.0
KH15021,54.0,60.8,46.5,ky_su,Hai Phong,10,70.0
KH15022,26.0,22.4,15.5,bac_si,Da Nang,4,61.0
KH15023,52.0,10.5,6.2,nhan_vien,Hai Phong,3,64.0
KH15024,32.0,56.4,26.0,bac_si,Ha Noi,11,47.0
KH15025,46.0,20.5,16.2,nhan_vien,Can Tho,3,78.0
KH15026,30.0,14.8,5.9,kinh_doanh,TP HCM,0,35.0
KH15027,45.0,3.8,4.1,sinh_vien,Ha Noi,1,100.0
KH15028,30.0,14.7,12.7,giao_vien,Da Nang,5,82.0
KH15029,40.0,24.4,17.5,nhan_vien,Ha Noi,5,84.0
KH15030,48.0,5.1,4.0,sinh_vien,Ha Noi,0,85.0
KH15031,52.0,17.7,6.5,bac_si,Can Tho,1,33.0
KH15032,29.0,14.8,8.7,kinh_doanh,Ha Noi,2,66.0
KH15033,56.0,12.5,9.4,nhan_vien,TP HCM,2,72.0
KH15034,19.0,30.2,15.7,giao_vien,TP HCM,6,54.0
KH15035,18.0,25.6,11.9,bac_si,TP HCM,4,46.0
KH15036,47.0,19.9,15.3,ky_su,Ha Noi,10,88.0
KH15037,29.0,12.8,9.8,giao_vien,TP HCM,1,68.0
KH15038,29.0,20.2,6.9,ky_su,TP HCM,1,37.0
KH15039,31.0,19.3,17.7,nhan_vien,Ha Noi,5,83.0
KH15040,51.0,18.4,10.1,kinh_doanh,TP HCM,3,57.0
KH15041,33.0,10.5,6.0,nhan_vien,Da Nang,0,50.0
KH15042,51.0,11.9,7.0,nhan_vien,Hai Phong,2,52.0
KH15043,36.0,17.1,15.2,kinh_doanh,TP HCM,1,89.0
KH15044,45.0,13.6,8.6,nhan_vien,Ha Noi,2,65.0
KH15045,21.0,35.3,21.9,ky_su,Ha Noi,5,71.0
KH15046,39.0,19.4,4.1,nhan_vien,TP HCM,1,23.0
KH15047,35.0,14.8,13.0,kinh_doanh,TP HCM,4,78.0
KH15048,40.0,13.3,5.7,nhan_vien,Ha Noi,0,42.0
KH15049,38.0,10.8,3.1,nhan_vien,Ha Noi,0,27.0
KH15050,40.0,26.1,10.8,kinh_doanh,Hai Phong,5,36.0
KH15051,38.0,17.4,9.8,giao_vien,Can Tho,0,51.0
KH15052,57.0,25.1,9.0,bac_si,Ha Noi,3,29.0
KH15053,29.0,40.7,26.2,ky_su,TP HCM,11,75.0
KH15054,41.0,4.6,3.1,sinh_vien,Ha Noi,0,79.0
KH15055,25.0,16.1,5.4,ky_su,Da Nang,4,30.0
KH15056,24.0,17.8,14.8,ky_su,Ha Noi,5,68.0
KH15057,39.0,7.6,3.0,sinh_vien,TP HCM,1,33.0
KH15058,49.0,12.6,3.9,nhan_vien,Da Nang,0,30.0
KH15059,36.0,16.3,4.5,bac_si,Ha Noi,0,31.0
KH15060,33.0,22.2,16.2,ky_su,Can Tho,1,60.0
KH15061,32.0,21.3,15.2,ky_su,TP HCM,1,83.0
KH15062,34.0,14.3,5.9,ky_su,Ha Noi,1,44.0
KH15063,34.0,10.4,5.5,nhan_vien,Ha Noi,2,47.0
KH15064,44.0,16.3,8.7,nhan_vien,TP HCM,2,47.0
KH15065,49.0,15.9,8.2,nhan_vien,Ha Noi,1,58.0
KH15066,34.0,5.8,0.5,bac_si,Ha Noi,0,8.0
KH15067,27.0,15.4,11.4,giao_vien,TP HCM,5,73.0
KH15068,42.0,26.5,16.7,kinh_doanh,Da Nang,2,70.0
KH15069,26.0,11.4,6.4,giao_vien,TP HCM,2,55.0
KH15070,39.0,10.6,5.6,giao_vien,Da Nang,0,48.0
KH15071,27.0,31.5,14.9,ky_su,Ha Noi,2,52.0
KH15072,42.0,32.6,26.4,nhan_vien,TP HCM,7,72.0
KH15073,28.0,7.1,4.6,sinh_vien,Can Tho,2,60.0
KH15074,18.0,12.7,7.1,bac_si,TP HCM,0,58.0
KH15075,53.0,11.7,4.8,ky_su,Ha Noi,1,49.0
KH15076,35.0,14.5,10.0,kinh_doanh,Can Tho,2,75.0
KH15077,24.0,29.9,11.0,giao_vien,TP HCM,4,32.0
KH15078,34.0,23.9,17.2,ky_su,Ha Noi,3,72.0
KH15079,33.0,11.5,5.8,sinh_vien,TP HCM,2,54.0
KH15080,43.0,21.2,13.2,giao_vien,TP HCM,4,64.0
KH15081,35.0,35.1,14.4,kinh_doanh,TP HCM,4,46.0
KH15082,34.0,44.5,36.1,kinh_doanh,Can Tho,5,68.0
KH15083,34.0,11.4,4.1,nhan_vien,TP HCM,1,39.0
KH15084,28.0,10.7,9.8,ky_su,TP HCM,1,87.0
KH15085,36.0,21.2,10.1,giao_vien,Can Tho,5,40.0
KH15086,25.0,11.6,6.4,nhan_vien,Can Tho,3,57.0
KH15087,33.0,12.8,9.6,nhan_vien,TP HCM,2,70.0
KH15088,23.0,63.3,31.9,bac_si,Da Nang,8,40.0
KH15089,39.0,9.6,6.0,sinh_vien,Da Nang,1,65.0
KH15090,35.0,9.0,11.0,giao_vien,TP HCM,4,100.0
KH15091,22.0,18.5,10.4,nhan_vien,TP HCM,2,67.0
KH15092,33.0,8.6,6.2,kinh_doanh,TP HCM,0,84.0
KH15093,26.0,25.9,19.9,nhan_vien,Da Nang,1,62.0
KH15094,26.0,11.1,8.6,nhan_vien,Can Tho,3,72.0
KH15095,58.0,19.0,14.2,bac_si,Ha Noi,4,87.0
KH15096,34.0,35.5,11.8,ky_su,TP HCM,1,32.0
KH15097,19.0,9.7,7.5,nhan_vien,Ha Noi,0,92.0
KH15098,54.0,19.9,13.1,nhan_vien,Ha Noi,5,61.0
KH15099,18.0,7.7,2.5,kinh_doanh,Ha Noi,1,29.0
KH15100,50.0,3.4,3.3,sinh_vien,TP HCM,1,100.0
KH15101,37.0,7.7,5.8,nhan_vien,Hai Phong,3,83.0
KH15102,29.0,11.8,7.4,nhan_vien,Can Tho,3,64.0
KH15103,42.0,21.9,8.5,ky_su,TP HCM,0,44.0
KH15104,44.0,42.1,21.2,kinh_doanh,Da Nang,5,51.0
KH15105,35.0,28.5,20.3,nhan_vien,Ha Noi,4,71.0
KH15106,40.0,24.2,16.6,kinh_doanh,Ha Noi,4,82.0
KH15107,21.0,22.7,15.6,nhan_vien,Ha Noi,4,72.0
KH15108,40.0,8.6,8.3,giao_vien,Hai Phong,1,94.0
KH15109,18.0,16.8,10.6,ky_su,Ha Noi,3,53.0
KH15110,35.0,22.1,12.0,nhan_vien,Ha Noi,2,61.0
KH15111,51.0,8.4,6.8,giao_vien,TP HCM,2,68.0
KH15112,39.0,42.8,18.5,kinh_doanh,TP HCM,9,43.0
KH15113,24.0,16.6,10.8,kinh_doanh,Ha Noi,5,71.0
KH15114,37.0,6.2,5.7,giao_vien,TP HCM,1,91.0
KH15115,42.0,39.7,26.7,kinh_doanh,TP HCM,5,69.0
KH15116,25.0,11.5,6.6,giao_vien,Ha Noi,0,49.0
KH15117,58.0,14.1,3.2,ky_su,Da Nang,0,20.0
KH15118,41.0,16.2,10.6,nhan_vien,Ha Noi,3,68.0
KH15119,36.0,22.8,9.3,giao_vien,TP HCM,4,38.0
KH15120,42.0,22.5,16.9,ky_su,Da Nang,7,90.0
KH15121,29.0,21.5,19.6,nhan_vien,Da Nang,7,82.0
KH15122,48.0,6.1,5.9,sinh_vien,TP HCM,1,100.0
KH15123,65.0,25.2,17.8,ky_su,TP HCM,3,70.0
KH15124,41.0,22.5,12.9,bac_si,TP HCM,2,62.0
KH15125,48.0,8.6,4.9,nhan_vien,TP HCM,1,66.0
KH15126,26.0,3.8,2.5,sinh_vien,Hai Phong,0,65.0
KH15127,33.0,28.6,8.5,ky_su,TP HCM,0,26.0
KH15128,60.0,8.7,8.1,ky_su,TP HCM,4,85.0
KH15129,45.0,18.0,13.2,ky_su,TP HCM,5,66.0
KH15130,33.0,17.8,10.3,ky_su,TP HCM,5,49.0
KH15131,40.0,12.3,3.8,giao_vien,Hai Phong,0,35.0
KH15132,29.0,4.1,2.5,sinh_vien,TP HCM,0,58.0
KH15133,27.0,16.6,14.6,nhan_vien,TP HCM,6,82.0
KH15134,40.0,28.8,13.5,ky_su,Can Tho,4,43.0
KH15135,58.0,31.7,21.0,kinh_doanh,Ha Noi,4,54.0
KH15136,45.0,4.6,2.8,sinh_vien,TP HCM,1,70.0
KH15137,28.0,16.6,11.5,giao_vien,Can Tho,6,58.0
KH15138,24.0,7.4,4.0,sinh_vien,TP HCM,0,57.0
KH15139,35.0,15.0,6.2,ky_su,Ha Noi,3,33.0
KH15140,24.0,15.6,7.7,nhan_vien,TP HCM,0,54.0
KH15141,37.0,18.3,9.4,nhan_vien,Ha Noi,1,53.0
KH15142,39.0,2.2,1.3,sinh_vien,Ha Noi,1,49.0
KH15143,48.0,21.4,16.1,kinh_doanh,TP HCM,7,79.0
KH15144,30.0,13.7,9.8,giao_vien,Ha Noi,0,80.0
KH15145,34.0,6.1,3.4,sinh_vien,TP HCM,0,65.0
KH15146,35.0,26.1,11.6,nhan_vien,Hai Phong,3,39.0
KH15147,18.0,21.7,8.6,nhan_vien,Ha Noi,0,33.0
KH15148,34.0,26.8,17.0,nhan_vien,TP HCM,14,75.0
KH15149,34.0,8.0,5.9,giao_vien,Can Tho,2,70.0
KH15150,48.0,12.2,6.0,kinh_doanh,TP HCM,2,50.0
KH15151,59.0,23.5,19.3,ky_su,Ha Noi,5,94.0
KH15152,47.0,11.9,8.0,nhan_vien,TP HCM,1,61.0
KH15153,38.0,13.7,10.8,nhan_vien,Ha Noi,1,84.0
KH15154,47.0,21.4,10.4,kinh_doanh,Hai Phong,2,52.0
KH15155,31.0,20.5,14.4,bac_si,Ha Noi,3,70.0
KH15156,52.0,14.0,9.4,ky_su,Can Tho,4,72.0
KH15157,36.0,8.7,2.0,giao_vien,Ha Noi,0,26.0
KH15158,22.0,14.1,6.7,nhan_vien,Ha Noi,0,53.0
KH15159,48.0,18.0,13.5,nhan_vien,TP HCM,5,82.0
KH15160,52.0,7.1,5.7,nhan_vien,TP HCM,1,69.0
KH15161,48.0,44.3,31.3,ky_su,Can Tho,14,73.0
KH15162,33.0,11.9,12.4,nhan_vien,Da Nang,4,96.0
KH15163,34.0,15.5,5.0,nhan_vien,TP HCM,1,26.0
KH15164,45.0,7.9,3.9,sinh_vien,Ha Noi,0,53.0
KH15165,24.0,6.8,2.6,nhan_vien,Ha Noi,0,45.0
KH15166,46.0,16.5,9.3,nhan_vien,TP HCM,4,53.0
KH15167,46.0,18.3,6.3,kinh_doanh,Hai Phong,0,35.0
KH15168,46.0,23.6,17.2,nhan_vien,Can Tho,3,79.0
KH15169,39.0,6.0,3.1,giao_vien,Ha Noi,0,49.0
KH15170,27.0,17.3,6.1,giao_vien,Ha Noi,1,41.0
KH15171,32.0,23.0,6.7,giao_vien,Ha Noi,2,31.0
KH15172,52.0,20.1,5.8,ky_su,Da Nang,0,31.0
KH15173,44.0,18.4,14.6,nhan_vien,TP HCM,2,82.0
KH15174,42.0,11.5,10.1,nhan_vien,TP HCM,2,79.0
KH15175,32.0,34.3,29.3,kinh_doanh,TP HCM,2,73.0
KH15176,23.0,6.1,5.7,giao_vien,Ha Noi,2,100.0
KH15177,26.0,9.8,5.1,nhan_vien,TP HCM,0,46.0
KH15178,27.0,16.4,12.0,kinh_doanh,Can Tho,3,83.0
KH15179,45.0,4.8,1.5,sinh_vien,Ha Noi,0,32.0
KH15180,44.0,18.7,18.8,ky_su,Ha Noi,6,84.0
KH15181,34.0,7.6,3.5,sinh_vien,TP HCM,0,50.0
KH15182,20.0,14.0,11.8,nhan_vien,Da Nang,1,75.0
KH15183,25.0,20.8,11.5,kinh_doanh,TP HCM,1,49.0
KH15184,26.0,27.9,15.7,bac_si,TP HCM,4,46.0
KH15185,41.0,20.5,15.4,nhan_vien,Ha Noi,3,71.0
KH15186,28.0,11.1,7.5,giao_vien,TP HCM,1,76.0
KH15187,31.0,19.0,11.4,nhan_vien,Da Nang,3,70.0
KH15188,45.0,18.7,9.9,nhan_vien,Da Nang,4,49.0
KH15189,43.0,19.5,11.9,nhan_vien,TP HCM,3,64.0
KH15190,39.0,16.3,14.3,giao_vien,Ha Noi,5,75.0
KH15191,41.0,8.2,5.0,nhan_vien,TP HCM,1,71.0
KH15192,27.0,14.5,5.0,nhan_vien,Ha Noi,2,33.0
KH15193,36.0,10.6,9.2,kinh_doanh,Can Tho,4,99.0
KH15194,26.0,51.1,41.4,kinh_doanh,Ha Noi,7,68.0
KH15195,55.0,17.0,10.3,kinh_doanh,TP HCM,0,71.0
KH15196,51.0,32.0,11.6,nhan_vien,TP HCM,4,32.0
KH15197,48.0,9.1,7.5,giao_vien,Ha Noi,1,70.0
KH15198,18.0,25.7,6.7,nhan_vien,TP HCM,2,31.0
KH15199,24.0,30.1,15.9,nhan_vien,TP HCM,4,51.0
KH15200,39.0,21.1,10.1,kinh_doanh,TP HCM,5,54.0
KH15201,26.0,21.3,17.1,kinh_doanh,TP HCM,4,67.0
KH15202,55.0,26.9,8.4,kinh_doanh,Can Tho,3,27.0
KH15203,48.0,11.4,10.8,giao_vien,Ha Noi,2,100.0
KH15204,37.0,20.8,8.7,ky_su,Hai Phong,4,35.0
KH15205,36.0,26.0,16.3,nhan_vien,Can Tho,3,71.0
KH15206,54.0,25.0,20.1,ky_su,Hai Phong,4,93.0
KH15207,18.0,18.1,12.9,nhan_vien,Ha Noi,1,66.0
KH15208,35.0,10.7,3.5,nhan_vien,TP HCM,0,30.0
KH15209,38.0,31.5,23.7,nhan_vien,TP HCM,3,82.0
KH15210,43.0,10.2,8.6,nhan_vien,Da Nang,3,75.0
KH15211,32.0,19.1,8.1,nhan_vien,TP HCM,0,36.0
KH15212,40.0,23.5,9.3,kinh_doanh,Hai Phong,1,45.0
KH15213,28.0,20.1,7.4,ky_su,Ha Noi,4,32.0
KH15214,36.0,13.0,7.7,giao_vien,TP HCM,2,60.0
KH15215,36.0,12.6,10.1,kinh_doanh,Ha Noi,1,73.0
KH15216,49.0,42.0,25.2,giao_vien,Da Nang,7,49.0
KH15217,46.0,23.1,10.3,kinh_doanh,Can Tho,2,46.0
KH15218,49.0,13.7,5.1,kinh_doanh,Ha Noi,1,42.0
KH15219,53.0,41.9,19.0,nhan_vien,Ha Noi,2,48.0
KH15220,42.0,16.2,7.0,kinh_doanh,TP HCM,4,44.0
KH15221,38.0,15.7,12.8,bac_si,TP HCM,1,67.0
KH15222,23.0,26.3,17.6,kinh_doanh,Can Tho,6,67.0
KH15223,64.0,33.1,10.1,ky_su,TP HCM,1,28.0
KH15224,60.0,17.5,14.5,kinh_doanh,Ha Noi,10,69.0
KH15225,40.0,28.5,16.9,bac_si,TP HCM,3,50.0
KH15226,18.0,31.6,25.5,kinh_doanh,Ha Noi,4,67.0
KH15227,44.0,26.3,22.5,kinh_doanh,Can Tho,0,92.0
KH15228,44.0,39.5,19.9,bac_si,TP HCM,2,59.0
KH15229,33.0,19.2,14.7,bac_si,TP HCM,4,71.0
KH15230,40.0,34.5,29.1,kinh_doanh,Ha Noi,10,79.0
KH15231,25.0,9.6,4.6,giao_vien,TP HCM,3,54.0
KH15232,46.0,35.6,26.0,kinh_doanh,Ha Noi,8,75.0
KH15233,36.0,14.0,10.2,giao_vien,Ha Noi,1,59.0
KH15234,28.0,15.4,5.0,giao_vien,Hai Phong,1,31.0
KH15235,27.0,22.2,15.2,kinh_doanh,Ha Noi,5,74.0
KH15236,46.0,27.5,9.3,nhan_vien,Da Nang,5,35.0
KH15237,42.0,19.5,11.5,ky_su,Ha Noi,2,67.0
KH15238,60.0,29.3,25.6,nhan_vien,Ha Noi,6,99.0
KH15239,28.0,17.2,12.4,giao_vien,Ha Noi,7,82.0
KH15240,52.0,19.9,12.5,nhan_vien,Da Nang,1,55.0
KH15241,32.0,26.6,15.4,nhan_vien,TP HCM,8,62.0
KH15242,33.0,11.9,7.9,giao_vien,TP HCM,1,72.0
KH15243,48.0,23.4,9.9,bac_si,TP HCM,0,36.0
KH15244,41.0,19.4,16.3,ky_su,Da Nang,10,79.0
KH15245,18.0,47.0,29.8,kinh_doanh,TP HCM,8,53.0
KH15246,31.0,18.8,16.6,kinh_doanh,Ha Noi,5,92.0
KH15247,37.0,6.7,3.1,sinh_vien,Da Nang,0,47.0
KH15248,24.0,28.9,17.4,nhan_vien,Ha Noi,3,72.0
KH15249,31.0,4.0,2.6,sinh_vien,TP HCM,0,76.0
KH15250,26.0,19.8,10.5,ky_su,Ha Noi,1,60.0
KH15251,22.0,9.4,10.4,ky_su,Ha Noi,3,96.0
KH15252,45.0,17.8,6.0,ky_su,Can Tho,4,31.0
KH15253,27.0,17.0,8.8,nhan_vien,Ha Noi,2,49.0
KH15254,41.0,22.1,9.2,nhan_vien,TP HCM,2,49.0
KH15255,47.0,47.3,23.2,bac_si,Hai Phong,6,49.0
KH15256,25.0,25.2,13.0,ky_su,TP HCM,1,49.0
KH15257,44.0,8.3,8.4,nhan_vien,TP HCM,1,100.0
KH15258,33.0,29.2,12.3,bac_si,Can Tho,0,40.0
KH15259,23.0,31.3,11.8,ky_su,Ha Noi,1,32.0
KH15260,59.0,10.3,3.1,nhan_vien,Hai Phong,1,30.0
KH15261,38.0,26.8,15.0,ky_su,Can Tho,6,62.0
KH15262,39.0,7.3,4.0,sinh_vien,Ha Noi,0,57.0
KH15263,33.0,13.2,9.4,ky_su,Can Tho,6,59.0
KH15264,44.0,21.3,13.4,bac_si,Ha Noi,3,73.0
KH15265,46.0,27.5,10.8,ky_su,Ha Noi,1,43.0
KH15266,38.0,25.9,15.5,kinh_doanh,TP HCM,2,49.0
KH15267,35.0,4.8,1.7,sinh_vien,Ha Noi,0,37.0
KH15268,24.0,11.0,3.6,nhan_vien,Can Tho,0,31.0
KH15269,32.0,10.0,4.1,nhan_vien,Da Nang,0,43.0
KH15270,49.0,21.5,8.6,bac_si,Hai Phong,0,33.0
KH15271,31.0,25.2,16.8,nhan_vien,Hai Phong,4,63.0
KH15272,37.0,10.1,6.8,nhan_vien,Ha Noi,4,71.0
KH15273,24.0,30.3,15.2,ky_su,Da Nang,1,50.0
KH15274,32.0,41.6,12.4,ky_su,TP HCM,2,34.0
KH15275,29.0,12.5,6.8,ky_su,TP HCM,1,55.0
KH15276,50.0,17.1,13.0,ky_su,Da Nang,2,68.0
KH15277,48.0,11.8,4.1,giao_vien,TP HCM,1,33.0
KH15278,40.0,21.8,13.7,kinh_doanh,Ha Noi,3,56.0
KH15279,43.0,2.8,0.5,sinh_vien,TP HCM,1,19.0
KH15280,40.0,28.1,21.8,ky_su,Ha Noi,5,77.0
KH15281,40.0,43.9,23.8,kinh_doanh,Ha Noi,7,62.0
KH15282,27.0,14.8,5.2,nhan_vien,TP HCM,0,30.0
KH15283,27.0,23.8,17.6,bac_si,Ha Noi,5,78.0
KH15284,43.0,17.0,10.5,giao_vien,Ha Noi,4,65.0
KH15285,39.0,22.0,8.4,nhan_vien,Ha Noi,1,42.0
KH15286,26.0,17.3,5.0,ky_su,TP HCM,2,33.0
KH15287,33.0,17.5,9.9,ky_su,Can Tho,1,54.0
KH15288,52.0,16.7,13.8,nhan_vien,TP HCM,2,76.0
KH15289,45.0,42.8,20.6,bac_si,Ha Noi,7,41.0
KH15290,38.0,11.4,4.6,nhan_vien,TP HCM,1,48.0
KH15291,44.0,20.2,17.4,bac_si,TP HCM,3,74.0
KH15292,51.0,24.9,18.3,nhan_vien,TP HCM,3,76.0
KH15293,33.0,10.6,5.9,giao_vien,Hai Phong,2,66.0
KH15294,19.0,40.3,15.7,kinh_doanh,TP HCM,4,40.0
KH15295,35.0,3.4,1.4,sinh_vien,TP HCM,1,42.0
KH15296,34.0,14.8,10.2,kinh_doanh,TP HCM,1,75.0
KH15297,44.0,20.3,14.4,ky_su,Ha Noi,6,76.0
KH15298,32.0,9.8,9.4,nhan_vien,Ha Noi,1,100.0
KH15299,29.0,17.9,13.9,nhan_vien,Da Nang,3,67.0
KH15300,57.0,15.7,13.0,nhan_vien,Da Nang,7,76.0
KH15301,57.0,7.0,2.5,sinh_vien,Can Tho,0,29.0
KH15302,42.0,15.6,11.2,nhan_vien,Ha Noi,6,64.0
KH15303,41.0,10.6,7.9,giao_vien,TP HCM,3,68.0
KH15304,58.0,42.4,31.7,kinh_doanh,Ha Noi,5,69.0
KH15305,25.0,27.6,11.9,kinh_doanh,TP HCM,1,48.0
KH15306,19.0,20.7,19.0,nhan_vien,Can Tho,12,97.0
KH15307,39.0,35.2,26.8,kinh_doanh,TP HCM,8,72.0
KH15308,36.0,13.7,8.8,sinh_vien,TP HCM,0,54.0
KH15309,41.0,23.0,8.8,giao_vien,Ha Noi,3,41.0
KH15310,36.0,11.3,7.7,giao_vien,Can Tho,1,64.0
KH15311,21.0,35.8,30.6,kinh_doanh,Ha Noi,9,73.0
KH15312,29.0,26.8,15.8,nhan_vien,Da Nang,3,59.0
KH15313,18.0,33.7,9.2,kinh_doanh,Ha Noi,1,28.0
KH15314,19.0,5.0,4.7,sinh_vien,TP HCM,2,100.0
KH15315,28.0,21.1,15.2,nhan_vien,Hai Phong,3,71.0
KH15316,33.0,33.2,28.2,ky_su,TP HCM,7,78.0
KH15317,32.0,6.0,6.0,sinh_vien,TP HCM,2,100.0
KH15318,52.0,15.4,9.9,kinh_doanh,Ha Noi,1,68.0
KH15319,39.0,7.8,4.8,nhan_vien,Can Tho,0,58.0
KH15320,37.0,11.2,9.4,nhan_vien,TP HCM,5,84.0
KH15321,36.0,11.4,4.7,kinh_doanh,TP HCM,1,36.0
KH15322,46.0,14.9,7.9,kinh_doanh,Ha Noi,1,44.0
KH15323,40.0,14.7,9.7,ky_su,TP HCM,4,59.0
KH15324,27.0,19.5,10.0,nhan_vien,Ha Noi,5,53.0
KH15325,52.0,22.9,10.8,ky_su,TP HCM,2,47.0
KH15326,18.0,24.5,13.7,ky_su,TP HCM,3,59.0
KH15327,35.0,7.0,2.9,giao_vien,TP HCM,2,48.0
KH15328,35.0,11.3,0.5,nhan_vien,Ha Noi,1,5.0
KH15329,35.0,6.9,2.9,sinh_vien,Da Nang,1,49.0
KH15330,29.0,17.8,8.2,kinh_doanh,Can Tho,2,41.0
KH15331,44.0,44.4,24.7,kinh_doanh,Can Tho,3,60.0
KH15332,36.0,23.1,16.3,kinh_doanh,Ha Noi,8,59.0
KH15333,39.0,19.4,11.1,nhan_vien,TP HCM,1,67.0
KH15334,37.0,9.2,5.5,nhan_vien,TP HCM,1,63.0
KH15335,38.0,7.1,6.2,sinh_vien,Ha Noi,2,85.0
KH15336,44.0,13.6,7.7,nhan_vien,TP HCM,1,50.0
KH15337,18.0,38.0,33.1,kinh_doanh,Hai Phong,9,75.0
KH15338,18.0,16.2,7.6,kinh_doanh,TP HCM,1,51.0
KH15339,75.0,12.4,8.2,nhan_vien,TP HCM,1,75.0
KH15340,38.0,3.7,0.5,sinh_vien,Can Tho,0,11.0
KH15341,38.0,6.1,5.8,sinh_vien,Ha Noi,0,100.0
KH15342,34.0,5.6,2.7,sinh_vien,Ha Noi,0,50.0
KH15343,37.0,30.2,14.7,bac_si,TP HCM,3,56.0
KH15344,18.0,6.1,3.9,nhan_vien,TP HCM,1,63.0
KH15345,35.0,11.5,8.1,nhan_vien,TP HCM,3,77.0
KH15346,30.0,39.7,22.3,bac_si,Hai Phong,2,57.0
KH15347,24.0,12.1,7.2,giao_vien,TP HCM,3,50.0
KH15348,45.0,8.8,5.7,nhan_vien,Da Nang,5,62.0
KH15349,47.0,11.8,4.0,giao_vien,Ha Noi,0,28.0
KH15350,40.0,32.2,26.3,ky_su,Da Nang,6,73.0
KH15351,18.0,58.4,34.8,kinh_doanh,Da Nang,12,64.0
KH15352,52.0,10.8,4.9,nhan_vien,TP HCM,2,40.0
KH15353,32.0,44.0,23.3,kinh_doanh,TP HCM,1,50.0
KH15354,38.0,23.8,21.1,nhan_vien,TP HCM,4,87.0
KH15355,37.0,26.8,13.7,nhan_vien,TP HCM,4,42.0
KH15356,28.0,34.9,25.9,nhan_vien,TP HCM,6,73.0
KH15357,27.0,14.4,8.7,kinh_doanh,TP HCM,5,65.0
KH15358,31.0,17.1,13.3,ky_su,Hai Phong,5,64.0
KH15359,36.0,5.4,4.5,sinh_vien,Ha Noi,0,83.0
KH15360,28.0,6.4,1.9,giao_vien,Ha Noi,0,24.0
KH15361,30.0,11.7,7.6,nhan_vien,Ha Noi,0,74.0
KH15362,21.0,27.1,15.1,kinh_doanh,Ha Noi,4,61.0
KH15363,31.0,9.9,7.9,giao_vien,TP HCM,2,71.0
KH15364,20.0,19.3,16.3,bac_si,TP HCM,3,95.0
KH15365,47.0,22.4,11.6,kinh_doanh,TP HCM,0,48.0
KH15366,18.0,5.3,4.5,sinh_vien,TP HCM,1,70.0
KH15367,55.0,34.1,15.3,ky_su,TP HCM,5,50.0
KH15368,48.0,11.8,6.4,giao_vien,Can Tho,1,61.0
KH15369,38.0,22.9,20.1,nhan_vien,Ha Noi,5,100.0
KH15370,28.0,21.4,18.3,kinh_doanh,Ha Noi,2,79.0
KH15371,18.0,11.1,7.2,kinh_doanh,Da Nang,5,62.0
KH15372,37.0,16.0,6.1,nhan_vien,Can Tho,0,45.0
KH15373,37.0,24.0,13.9,nhan_vien,Hai Phong,3,68.0
KH15374,44.0,12.9,8.3,ky_su,Ha Noi,0,54.0
KH15375,46.0,11.9,10.4,nhan_vien,Can Tho,2,100.0
KH15376,47.0,14.5,10.6,giao_vien,TP HCM,2,68.0
KH15377,33.0,6.6,1.2,giao_vien,TP HCM,1,16.0
KH15378,40.0,19.5,16.4,bac_si,Da Nang,4,89.0
KH15379,49.0,35.6,21.5,nhan_vien,Can Tho,6,60.0
KH15380,35.0,29.0,22.4,kinh_doanh,TP HCM,7,64.0
KH15381,65.0,6.3,0.7,sinh_vien,Da Nang,1,13.0
KH15382,41.0,13.1,9.2,nhan_vien,Hai Phong,6,60.0
KH15383,43.0,43.3,31.8,ky_su,TP HCM,8,66.0
KH15384,51.0,9.4,6.4,nhan_vien,Can Tho,1,59.0
KH15385,44.0,52.2,28.7,kinh_doanh,TP HCM,3,61.0
KH15386,48.0,14.5,6.9,nhan_vien,Can Tho,2,56.0
KH15387,35.0,25.7,13.3,giao_vien,Da Nang,4,59.0
KH15388,55.0,11.0,8.9,kinh_doanh,Hai Phong,1,73.0
KH15389,47.0,22.1,17.8,nhan_vien,Hai Phong,4,79.0
KH15390,25.0,19.5,11.2,nhan_vien,TP HCM,4,51.0
KH15391,24.0,13.8,5.0,nhan_vien,TP HCM,1,43.0
KH15392,27.0,19.0,5.9,kinh_doanh,TP HCM,0,30.0
KH15393,54.0,19.7,8.2,bac_si,TP HCM,4,36.0
KH15394,32.0,18.3,10.9,giao_vien,TP HCM,0,55.0
KH15395,38.0,15.5,5.2,nhan_vien,TP HCM,4,29.0
KH15396,36.0,25.8,8.8,ky_su,Ha Noi,3,37.0
KH15397,43.0,13.8,8.1,giao_vien,Can Tho,0,53.0
KH15398,56.0,23.0,6.5,kinh_doanh,Da Nang,2,30.0
KH15399,46.0,11.4,3.3,giao_vien,Can Tho,1,33.0
KH15400,21.0,9.3,6.6,nhan_vien,TP HCM,0,67.0
KH15401,23.0,15.8,7.3,giao_vien,TP HCM,4,53.0
KH15402,27.0,15.0,6.4,ky_su,TP HCM,2,40.0
KH15403,23.0,34.1,29.1,bac_si,Hai Phong,9,74.0
KH15404,28.0,31.6,17.8,bac_si,TP HCM,5,62.0
KH15405,31.0,29.7,16.1,ky_su,TP HCM,4,47.0
KH15406,44.0,9.9,5.8,giao_vien,Hai Phong,2,68.0
KH15407,45.0,13.0,4.3,nhan_vien,Can Tho,2,37.0
KH15408,37.0,26.9,19.4,ky_su,Ha Noi,8,64.0
KH15409,47.0,3.6,2.5,sinh_vien,Ha Noi,1,77.0
KH15410,37.0,10.3,10.2,giao_vien,Can Tho,2,100.0
KH15411,51.0,10.1,5.9,giao_vien,TP HCM,2,54.0
KH15412,40.0,42.1,32.6,ky_su,TP HCM,9,79.0
KH15413,31.0,6.1,1.3,nhan_vien,TP HCM,0,19.0
KH15414,41.0,37.6,15.5,kinh_doanh,Can Tho,1,42.0
KH15415,37.0,13.2,9.2,nhan_vien,Da Nang,3,62.0
KH15416,46.0,20.2,19.5,kinh_doanh,TP HCM,3,98.0
KH15417,38.0,25.0,20.0,kinh_doanh,TP HCM,3,81.0
KH15418,38.0,8.3,6.3,nhan_vien,TP HCM,5,87.0
KH15419,41.0,13.4,7.8,nhan_vien,TP HCM,2,61.0
KH15420,58.0,7.4,3.2,giao_vien,Can Tho,0,50.0
KH15421,50.0,31.1,22.5,ky_su,Ha Noi,3,72.0
KH15422,49.0,27.5,11.9,ky_su,TP HCM,1,50.0
KH15423,27.0,64.5,25.0,kinh_doanh,Da Nang,7,42.0
KH15424,47.0,63.1,49.4,bac_si,TP HCM,8,72.0
KH15425,29.0,6.6,3.4,giao_vien,Ha Noi,1,47.0
KH15426,32.0,28.0,17.2,nhan_vien,Da Nang,2,61.0
KH15427,35.0,29.6,11.1,ky_su,Ha Noi,3,34.0
KH15428,31.0,13.2,8.4,nhan_vien,TP HCM,4,67.0
KH15429,24.0,20.9,13.2,nhan_vien,Can Tho,6,53.0
KH15430,38.0,16.3,14.4,nhan_vien,Da Nang,4,82.0
KH15431,43.0,16.8,10.3,giao_vien,Hai Phong,0,57.0
KH15432,38.0,26.8,19.2,nhan_vien,Da Nang,2,63.0
KH15433,26.0,16.9,7.2,sinh_vien,Da Nang,3,41.0
KH15434,35.0,28.4,16.4,nhan_vien,TP HCM,4,53.0
KH15435,46.0,31.4,15.5,bac_si,Da Nang,2,46.0
KH15436,21.0,23.8,9.6,giao_vien,Ha Noi,3,40.0
KH15437,35.0,44.4,27.9,ky_su,Da Nang,9,69.0
KH15438,33.0,10.9,7.6,nhan_vien,Ha Noi,1,71.0
KH15439,69.0,17.0,12.5,kinh_doanh,Hai Phong,1,85.0
KH15440,30.0,13.4,6.4,nhan_vien,Hai Phong,2,48.0
KH15441,49.0,16.6,9.3,ky_su,Ha Noi,0,62.0
KH15442,55.0,28.9,9.9,kinh_doanh,Ha Noi,4,35.0
KH15443,46.0,20.5,10.9,nhan_vien,TP HCM,3,49.0
KH15444,26.0,22.1,16.0,giao_vien,TP HCM,1,85.0
KH15445,51.0,22.5,14.8,ky_su,Da Nang,7,53.0
KH15446,50.0,9.0,8.0,nhan_vien,TP HCM,5,74.0
KH15447,31.0,27.3,11.9,bac_si,Can Tho,3,50.0
KH15448,18.0,27.6,19.7,ky_su,Da Nang,3,79.0
KH15449,30.0,5.7,6.3,sinh_vien,Ha Noi,0,100.0
KH15450,25.0,26.6,12.2,bac_si,TP HCM,3,38.0
KH15451,46.0,27.8,20.1,kinh_doanh,Ha Noi,2,61.0
KH15452,33.0,17.1,5.1,nhan_vien,TP HCM,5,35.0
KH15453,31.0,1.7,4.7,sinh_vien,TP HCM,1,100.0
KH15454,45.0,36.8,17.4,kinh_doanh,TP HCM,2,46.0
KH15455,32.0,26.2,12.8,kinh_doanh,TP HCM,2,56.0
KH15456,49.0,4.4,1.8,sinh_vien,TP HCM,1,37.0
KH15457,38.0,6.6,6.8,giao_vien,TP HCM,3,100.0
KH15458,36.0,10.4,3.2,nhan_vien,Can Tho,1,31.0
KH15459,18.0,7.1,5.5,ky_su,Ha Noi,0,76.0
KH15460,27.0,53.3,37.1,kinh_doanh,Ha Noi,8,71.0
KH15461,18.0,26.2,20.0,ky_su,TP HCM,7,83.0
KH15462,51.0,10.5,8.2,giao_vien,Hai Phong,2,85.0
KH15463,34.0,16.7,7.8,nhan_vien,Can Tho,2,53.0
KH15464,26.0,16.7,11.1,giao_vien,Can Tho,1,78.0
KH15465,41.0,34.2,15.4,nhan_vien,TP HCM,1,45.0
KH15466,32.0,11.6,2.9,nhan_vien,TP HCM,1,24.0
KH15467,35.0,4.5,0.5,sinh_vien,TP HCM,0,12.0
KH15468,29.0,1.9,2.0,sinh_vien,TP HCM,0,100.0
KH15469,40.0,10.0,9.1,sinh_vien,Ha Noi,1,88.0
KH15470,26.0,7.6,1.8,nhan_vien,Can Tho,1,26.0
KH15471,37.0,15.3,9.6,giao_vien,TP HCM,1,59.0
KH15472,18.0,24.5,19.2,ky_su,Ha Noi,6,94.0
KH15473,21.0,72.3,32.9,kinh_doanh,TP HCM,9,48.0
KH15474,33.0,14.1,6.7,giao_vien,Ha Noi,1,53.0
KH15475,45.0,15.1,5.1,kinh_doanh,TP HCM,2,40.0
KH15476,39.0,25.5,17.4,giao_vien,TP HCM,3,67.0
KH15477,31.0,25.7,15.4,kinh_doanh,TP HCM,2,49.0
KH15478,18.0,19.5,14.2,kinh_doanh,TP HCM,4,74.0
KH15479,41.0,12.4,5.8,nhan_vien,Ha Noi,4,49.0
KH15480,45.0,24.5,18.8,ky_su,TP HCM,8,65.0
KH15481,18.0,31.0,19.3,nhan_vien,Ha Noi,5,66.0
KH15482,35.0,5.1,3.8,sinh_vien,Ha Noi,1,64.0
KH15483,42.0,57.7,38.8,bac_si,Ha Noi,5,79.0
KH15484,28.0,13.6,10.8,nhan_vien,TP HCM,5,93.0
KH15485,36.0,3.7,1.7,sinh_vien,Can Tho,0,52.0
KH15486,39.0,16.9,13.9,kinh_doanh,TP HCM,2,82.0
KH15487,51.0,19.4,14.8,ky_su,Can Tho,6,83.0
KH15488,26.0,13.5,6.0,nhan_vien,TP HCM,0,37.0
KH15489,40.0,5.8,0.9,sinh_vien,TP HCM,0,16.0
KH15490,41.0,8.2,3.7,giao_vien,Hai Phong,0,41.0
KH15491,35.0,27.9,20.0,nhan_vien,TP HCM,4,63.0
KH15492,23.0,15.6,10.5,kinh_doanh,TP HCM,4,62.0
KH15493,23.0,5.0,0.8,sinh_vien,TP HCM,0,13.0
KH15494,24.0,16.9,14.9,bac_si,Ha Noi,5,100.0
KH15495,31.0,29.6,18.1,ky_su,Ha Noi,5,61.0
KH15496,32.0,23.6,12.0,ky_su,Can Tho,1,53.0
KH15497,53.0,14.9,10.3,nhan_vien,TP HCM,3,78.0
KH15498,32.0,14.3,5.9,nhan_vien,Da Nang,3,42.0
KH15499,18.0,24.4,10.4,kinh_doanh,TP HCM,1,47.0
KH15500,23.0,12.5,5.7,ky_su,TP HCM,0,44.0
KH15501,26.0,9.3,7.0,ky_su,Can Tho,3,64.0
KH15502,32.0,30.0,14.1,kinh_doanh,Ha Noi,2,39.0
KH15503,52.0,13.7,10.1,nhan_vien,TP HCM,4,81.0
KH15504,40.0,10.5,8.0,giao_vien,TP HCM,2,86.0
KH15505,38.0,12.1,8.7,nhan_vien,Da Nang,4,62.0
KH15506,47.0,6.5,4.0,sinh_vien,Can Tho,2,51.0
KH15507,21.0,16.6,7.8,ky_su,TP HCM,3,42.0
KH15508,18.0,59.6,32.1,ky_su,TP HCM,11,62.0
KH15509,27.0,41.8,33.6,kinh_doanh,Hai Phong,10,77.0
KH15510,42.0,21.0,16.5,bac_si,Can Tho,4,81.0
KH15511,38.0,20.9,9.9,nhan_vien,Ha Noi,3,41.0
KH15512,48.0,15.7,7.5,giao_vien,TP HCM,2,56.0
KH15513,28.0,13.1,5.2,ky_su,TP HCM,2,42.0
KH15514,46.0,42.8,24.3,ky_su,Ha Noi,4,49.0
KH15515,23.0,19.8,12.0,kinh_doanh,Can Tho,4,68.0
KH15516,46.0,7.5,4.2,sinh_vien,TP HCM,2,49.0
KH15517,36.0,26.0,22.2,ky_su,Ha Noi,10,77.0
KH15518,35.0,26.7,17.8,nhan_vien,Ha Noi,2,76.0
KH15519,43.0,46.0,22.4,ky_su,TP HCM,2,46.0
KH15520,34.0,21.8,13.7,nhan_vien,Ha Noi,2,57.0
KH15521,33.0,19.3,17.5,ky_su,Da Nang,6,82.0
KH15522,38.0,12.3,9.7,nhan_vien,TP HCM,4,82.0
KH15523,18.0,8.2,4.9,ky_su,Hai Phong,2,48.0
KH15524,18.0,8.4,3.1,nhan_vien,Da Nang,0,35.0
KH15525,40.0,40.8,27.3,ky_su,Ha Noi,12,63.0
KH15526,48.0,43.6,29.5,kinh_doanh,TP HCM,13,76.0
KH15527,33.0,8.8,3.2,nhan_vien,Da Nang,0,40.0
KH15528,37.0,10.5,8.0,sinh_vien,Hai Phong,4,86.0
KH15529,20.0,38.5,13.1,kinh_doanh,Ha Noi,4,40.0
KH15530,26.0,13.6,8.7,nhan_vien,TP HCM,1,59.0
KH15531,18.0,15.5,8.3,bac_si,TP HCM,4,58.0
KH15532,40.0,18.0,8.5,giao_vien,TP HCM,1,43.0
KH15533,18.0,29.0,18.4,kinh_doanh,TP HCM,2,54.0
KH15534,33.0,12.5,9.1,sinh_vien,TP HCM,3,76.0
KH15535,47.0,14.4,9.9,ky_su,Ha Noi,1,71.0
KH15536,31.0,14.2,6.0,nhan_vien,Ha Noi,4,37.0
KH15537,42.0,67.1,24.1,kinh_doanh,TP HCM,5,30.0
KH15538,48.0,9.7,3.6,nhan_vien,Da Nang,1,43.0
KH15539,60.0,19.9,12.1,ky_su,Hai Phong,3,71.0
KH15540,22.0,6.7,2.3,sinh_vien,TP HCM,0,40.0
KH15541,57.0,5.7,2.1,sinh_vien,TP HCM,0,33.0
KH15542,46.0,14.7,13.4,giao_vien,Ha Noi,1,93.0
KH15543,39.0,36.8,25.2,kinh_doanh,Can Tho,5,58.0
KH15544,37.0,4.5,3.2,sinh_vien,TP HCM,2,78.0
KH15545,41.0,30.3,22.8,ky_su,Can Tho,3,90.0
KH15546,45.0,24.3,10.0,ky_su,Ha Noi,3,39.0
KH15547,24.0,8.6,6.2,sinh_vien,Da Nang,2,79.0
KH15548,27.0,22.8,11.7,nhan_vien,Da Nang,2,47.0
KH15549,36.0,38.8,33.3,ky_su,Ha Noi,11,85.0
KH15550,30.0,25.4,21.1,kinh_doanh,Ha Noi,6,90.0
KH15551,45.0,7.7,1.6,sinh_vien,TP HCM,0,22.0
KH15552,35.0,25.0,16.9,ky_su,Ha Noi,3,60.0
KH15553,37.0,45.2,24.1,ky_su,TP HCM,6,45.0
KH15554,20.0,21.8,14.7,nhan_vien,TP HCM,4,57.0
KH15555,44.0,26.9,22.2,ky_su,Ha Noi,2,84.0
KH15556,46.0,16.1,3.3,kinh_doanh,Can Tho,0,19.0
KH15557,30.0,11.8,7.0,giao_vien,Da Nang,0,66.0
KH15558,58.0,24.1,15.1,ky_su,TP HCM,7,61.0
KH15559,39.0,8.7,9.1,sinh_vien,Ha Noi,2,99.0
KH15560,30.0,2.7,0.8,sinh_vien,TP HCM,0,31.0
KH15561,28.0,50.1,28.0,ky_su,Ha Noi,4,46.0
KH15562,31.0,14.3,11.3,ky_su,Da Nang,2,92.0
KH15563,26.0,18.3,7.7,ky_su,Da Nang,0,44.0
KH15564,33.0,19.5,15.1,ky_su,TP HCM,6,86.0
KH15565,33.0,10.4,6.4,nhan_vien,Ha Noi,1,53.0
KH15566,39.0,12.0,5.1,nhan_vien,TP HCM,1,39.0
KH15567,33.0,8.8,2.6,nhan_vien,TP HCM,2,30.0
KH15568,51.0,5.9,5.3,sinh_vien,Ha Noi,0,88.0
KH15569,47.0,12.5,6.8,nhan_vien,Hai Phong,2,54.0
KH15570,38.0,19.5,9.7,ky_su,Ha Noi,0,60.0
KH15571,32.0,7.9,6.5,nhan_vien,Hai Phong,3,79.0
KH15572,22.0,17.5,14.1,nhan_vien,Da Nang,6,93.0
KH15573,26.0,11.1,7.4,giao_vien,Ha Noi,1,73.0
KH15574,38.0,40.0,31.1,ky_su,Can Tho,8,88.0
KH15575,34.0,9.9,3.1,nhan_vien,Ha Noi,0,36.0
KH15576,59.0,20.9,19.1,nhan_vien,TP HCM,7,89.0
KH15577,42.0,3.3,2.0,sinh_vien,Da Nang,1,65.0
KH15578,50.0,15.6,5.8,nhan_vien,Ha Noi,1,34.0
KH15579,18.0,12.6,7.1,nhan_vien,Can Tho,0,56.0
KH15580,34.0,19.5,11.7,ky_su,Can Tho,5,65.0
KH15581,26.0,11.9,5.5,ky_su,Ha Noi,0,54.0
KH15582,33.0,28.2,24.5,bac_si,Da Nang,4,86.0
KH15583,18.0,12.3,5.4,nhan_vien,Can Tho,3,42.0
KH15584,46.0,14.4,6.4,nhan_vien,Ha Noi,2,41.0
KH15585,24.0,28.5,10.0,giao_vien,Ha Noi,2,31.0
KH15586,45.0,39.1,16.0,ky_su,TP HCM,7,48.0
KH15587,33.0,18.7,17.5,kinh_doanh,Can Tho,3,81.0
KH15588,27.0,27.6,21.9,ky_su,Hai Phong,1,85.0
KH15589,41.0,16.2,7.1,giao_vien,Can Tho,1,36.0
KH15590,21.0,75.1,49.2,kinh_doanh,Hai Phong,11,71.0
KH15591,34.0,6.9,6.3,nhan_vien,TP HCM,2,100.0
KH15592,18.0,12.1,3.3,sinh_vien,Ha Noi,1,32.0
KH15593,38.0,14.7,10.1,nhan_vien,TP HCM,5,64.0
KH15594,51.0,12.6,8.1,ky_su,Ha Noi,1,76.0
KH15595,31.0,66.9,54.2,bac_si,Ha Noi,12,67.0
KH15596,57.0,15.7,8.1,kinh_doanh,Can Tho,5,62.0
KH15597,49.0,41.4,32.3,ky_su,Ha Noi,13,74.0
KH15598,43.0,15.7,14.3,nhan_vien,Ha Noi,2,75.0
KH15599,18.0,24.1,13.2,bac_si,TP HCM,3,45.0
KH15600,56.0,23.9,13.7,giao_vien,TP HCM,5,60.0
KH15601,35.0,14.5,10.3,nhan_vien,Ha Noi,6,65.0
KH15602,43.0,18.1,11.8,ky_su,Ha Noi,6,73.0
KH15603,26.0,38.8,26.0,nhan_vien,Da Nang,5,54.0
KH15604,33.0,15.6,8.1,giao_vien,TP HCM,7,42.0
KH15605,49.0,25.7,24.7,kinh_doanh,TP HCM,3,86.0
KH15606,40.0,17.9,9.1,ky_su,Hai Phong,2,42.0
KH15607,30.0,6.1,7.5,sinh_vien,Da Nang,3,100.0
KH15608,27.0,8.8,6.6,nhan_vien,TP HCM,1,70.0
KH15609,30.0,20.2,11.1,nhan_vien,TP HCM,3,62.0
KH15610,18.0,7.7,9.2,nhan_vien,TP HCM,3,99.0
KH15611,60.0,42.0,23.8,kinh_doanh,Can Tho,4,46.0
KH15612,39.0,26.9,17.3,kinh_doanh,Can Tho,2,72.0
KH15613,25.0,15.9,11.0,ky_su,Ha Noi,5,64.0
KH15614,38.0,14.1,8.2,giao_vien,Ha Noi,2,54.0
KH15615,28.0,25.0,12.8,ky_su,Ha Noi,4,41.0
KH15616,50.0,14.6,10.2,giao_vien,Ha Noi,1,75.0
KH15617,37.0,9.2,6.6,nhan_vien,Hai Phong,1,78.0
KH15618,44.0,6.5,5.5,giao_vien,Can Tho,0,82.0
KH15619,37.0,10.4,4.4,kinh_doanh,Ha Noi,2,38.0
KH15620,33.0,3.7,1.7,sinh_vien,Ha Noi,0,42.0
KH15621,50.0,18.6,14.3,nhan_vien,Ha Noi,7,87.0
KH15622,43.0,26.1,14.8,kinh_doanh,Ha Noi,4,52.0
KH15623,28.0,18.3,11.2,ky_su,Can Tho,3,60.0
KH15624,39.0,5.5,4.3,nhan_vien,TP HCM,0,93.0
KH15625,28.0,17.3,13.3,nhan_vien,Ha Noi,1,90.0
KH15626,36.0,32.7,14.5,ky_su,TP HCM,1,48.0
KH15627,18.0,23.1,13.3,bac_si,Can Tho,2,63.0
KH15628,40.0,30.0,21.6,kinh_doanh,Can Tho,7,62.0
KH15629,53.0,10.9,7.9,giao_vien,Can Tho,3,83.0
KH15630,21.0,36.9,19.4,kinh_doanh,TP HCM,2,57.0
KH15631,23.0,43.2,31.0,kinh_doanh,Ha Noi,9,84.0
KH15632,25.0,5.3,4.7,sinh_vien,TP HCM,2,83.0
KH15633,29.0,31.8,23.9,bac_si,Ha Noi,4,86.0
KH15634,44.0,45.1,33.3,bac_si,Ha Noi,10,65.0
KH15635,18.0,22.5,10.5,ky_su,Ha Noi,1,43.0
KH15636,37.0,14.1,9.0,nhan_vien,Ha Noi,0,61.0
KH15637,60.0,20.4,12.6,nhan_vien,Ha Noi,3,57.0
KH15638,29.0,14.9,8.9,nhan_vien,Hai Phong,0,53.0
KH15639,51.0,2.0,0.5,sinh_vien,Hai Phong,0,25.0
KH15640,37.0,18.2,12.9,kinh_doanh,Da Nang,2,63.0
KH15641,34.0,8.8,4.1,bac_si,Ha Noi,1,51.0
KH15642,48.0,7.1,3.4,nhan_vien,Ha Noi,0,56.0
KH15643,35.0,5.7,5.4,sinh_vien,Ha Noi,2,97.0
KH15644,26.0,17.7,7.1,ky_su,TP HCM,2,33.0
KH15645,45.0,16.2,9.6,giao_vien,TP HCM,5,56.0
KH15646,29.0,26.5,16.1,ky_su,Ha Noi,4,71.0
KH15647,27.0,9.0,5.4,nhan_vien,Ha Noi,1,54.0
KH15648,46.0,12.2,8.4,kinh_doanh,TP HCM,3,63.0
KH15649,28.0,38.5,23.8,kinh_doanh,Ha Noi,7,74.0
KH15650,33.0,21.0,14.6,kinh_doanh,Ha Noi,5,59.0
KH15651,52.0,13.5,5.9,ky_su,TP HCM,2,46.0
KH15652,45.0,65.5,41.1,nhan_vien,Ha Noi,12,57.0
KH15653,28.0,18.1,4.5,ky_su,Hai Phong,1,21.0
KH15654,55.0,9.4,5.0,kinh_doanh,TP HCM,2,55.0
KH15655,41.0,4.9,4.3,sinh_vien,Can Tho,0,100.0
KH15656,31.0,13.9,7.7,nhan_vien,TP HCM,2,45.0
KH15657,40.0,60.3,32.1,nhan_vien,TP HCM,15,46.0
KH15658,26.0,17.3,15.3,nhan_vien,TP HCM,3,100.0
KH15659,50.0,14.0,7.6,giao_vien,Ha Noi,0,54.0
KH15660,40.0,22.2,11.6,bac_si,TP HCM,4,49.0
KH15661,26.0,21.3,13.9,kinh_doanh,Ha Noi,4,59.0
KH15662,24.0,18.3,13.1,giao_vien,Ha Noi,3,85.0
KH15663,25.0,34.3,24.9,kinh_doanh,TP HCM,6,82.0
KH15664,29.0,6.8,5.9,nhan_vien,Hai Phong,2,84.0
KH15665,18.0,10.0,8.5,sinh_vien,TP HCM,2,69.0
KH15666,18.0,42.5,23.7,kinh_doanh,Ha Noi,10,64.0
KH15667,30.0,5.7,5.1,sinh_vien,Hai Phong,1,85.0
KH15668,32.0,10.2,5.6,nhan_vien,TP HCM,0,52.0
KH15669,38.0,8.7,6.6,giao_vien,Da Nang,1,76.0
KH15670,43.0,15.2,9.8,giao_vien,Ha Noi,1,74.0
KH15671,42.0,15.1,7.1,kinh_doanh,TP HCM,2,47.0
KH15672,33.0,3.1,1.5,sinh_vien,TP HCM,1,46.0
KH15673,35.0,9.8,5.2,kinh_doanh,Ha Noi,1,51.0
KH15674,60.0,18.9,4.5,bac_si,TP HCM,1,26.0
KH15675,22.0,17.4,7.6,giao_vien,Can Tho,3,47.0
KH15676,40.0,13.4,11.9,nhan_vien,TP HCM,3,79.0
KH15677,18.0,11.2,5.2,nhan_vien,Ha Noi,0,42.0
KH15678,46.0,16.9,7.4,nhan_vien,Da Nang,3,38.0
KH15679,33.0,17.1,5.7,ky_su,TP HCM,2,39.0
KH15680,50.0,11.7,4.5,ky_su,Hai Phong,0,32.0
KH15681,19.0,19.7,10.7,ky_su,TP HCM,0,54.0
KH15682,41.0,31.3,16.0,giao_vien,TP HCM,1,52.0
KH15683,18.0,20.3,16.4,nhan_vien,Ha Noi,3,87.0
KH15684,43.0,19.2,7.2,bac_si,Ha Noi,3,41.0
KH15685,34.0,9.8,7.3,nhan_vien,TP HCM,1,89.0
KH15686,41.0,18.2,15.5,giao_vien,TP HCM,1,70.0
KH15687,49.0,31.4,24.8,kinh_doanh,TP HCM,4,73.0
KH15688,43.0,19.3,11.1,nhan_vien,Can Tho,7,64.0
KH15689,56.0,9.7,0.9,nhan_vien,TP HCM,0,9.0
KH15690,55.0,8.2,4.1,nhan_vien,TP HCM,1,54.0
KH15691,22.0,15.9,8.5,giao_vien,Ha Noi,3,45.0
KH15692,31.0,19.9,12.5,kinh_doanh,Ha Noi,3,59.0
KH15693,20.0,34.8,18.3,kinh_doanh,Hai Phong,3,54.0
KH15694,21.0,18.1,13.2,sinh_vien,Ha Noi,3,72.0
KH15695,32.0,9.4,2.4,nhan_vien,Ha Noi,0,30.0
KH15696,18.0,17.3,12.4,nhan_vien,Ha Noi,2,84.0
KH15697,34.0,38.0,20.5,giao_vien,Da Nang,6,50.0
KH15698,29.0,13.5,4.4,nhan_vien,TP HCM,1,37.0
KH15699,18.0,15.5,9.6,nhan_vien,Ha Noi,2,59.0
KH15700,39.0,24.5,13.1,nhan_vien,Ha Noi,5,51.0
KH15701,33.0,25.4,13.4,ky_su,Ha Noi,5,56.0
KH15702,41.0,7.9,4.4,giao_vien,Can Tho,2,48.0
KH15703,57.0,25.3,16.6,ky_su,Da Nang,3,59.0
KH15704,50.0,36.2,21.3,nhan_vien,Ha Noi,5,50.0
KH15705,49.0,12.4,9.5,nhan_vien,TP HCM,2,89.0
KH15706,25.0,51.1,38.9,nhan_vien,TP HCM,5,89.0
KH15707,34.0,24.1,10.4,giao_vien,Ha Noi,1,38.0
KH15708,41.0,6.9,5.2,nhan_vien,Ha Noi,1,81.0
KH15709,44.0,17.9,6.5,bac_si,Ha Noi,2,35.0
KH15710,36.0,16.9,8.1,kinh_doanh,Hai Phong,2,51.0
KH15711,40.0,20.2,8.2,bac_si,TP HCM,1,49.0
KH15712,57.0,6.3,3.7,nhan_vien,TP HCM,1,67.0
KH15713,40.0,20.9,12.9,nhan_vien,TP HCM,4,50.0
KH15714,28.0,33.3,10.2,bac_si,Ha Noi,4,28.0
KH15715,28.0,23.2,15.6,bac_si,TP HCM,2,57.0
KH15716,35.0,19.4,17.1,giao_vien,TP HCM,6,73.0
KH15717,31.0,31.8,20.4,ky_su,Ha Noi,3,59.0
KH15718,34.0,14.4,5.8,giao_vien,TP HCM,0,40.0
KH15719,56.0,12.1,8.2,nhan_vien,Ha Noi,0,74.0
KH15720,44.0,41.5,31.7,kinh_doanh,TP HCM,8,76.0
KH15721,42.0,19.4,7.5,bac_si,Can Tho,4,33.0
KH15722,24.0,8.7,9.0,giao_vien,TP HCM,3,100.0
KH15723,27.0,15.4,11.8,ky_su,TP HCM,2,70.0
KH15724,38.0,14.7,9.0,nhan_vien,Da Nang,3,64.0
KH15725,39.0,10.8,4.5,nhan_vien,Can Tho,3,44.0
KH15726,40.0,39.3,27.4,ky_su,TP HCM,6,71.0
KH15727,44.0,20.8,15.5,giao_vien,TP HCM,4,81.0
KH15728,26.0,30.4,24.4,ky_su,Da Nang,3,91.0
KH15729,31.0,21.0,10.4,nhan_vien,Ha Noi,4,40.0
KH15730,21.0,22.3,19.5,nhan_vien,TP HCM,7,99.0
KH15731,31.0,13.1,7.1,ky_su,Hai Phong,1,63.0
KH15732,20.0,40.0,26.9,nhan_vien,Ha Noi,7,58.0
KH15733,38.0,15.9,8.7,giao_vien,Hai Phong,2,48.0
KH15734,32.0,23.7,12.2,ky_su,TP HCM,4,54.0
KH15735,27.0,31.7,22.1,kinh_doanh,TP HCM,2,67.0
KH15736,50.0,30.1,19.5,giao_vien,Can Tho,4,64.0
KH15737,36.0,35.5,22.8,nhan_vien,Da Nang,5,71.0
KH15738,48.0,15.4,9.6,giao_vien,TP HCM,3,57.0
KH15739,28.0,19.1,11.2,giao_vien,Ha Noi,4,54.0
KH15740,27.0,6.6,2.7,nhan_vien,Da Nang,0,36.0
KH15741,36.0,6.6,1.1,nhan_vien,TP HCM,1,14.0
KH15742,51.0,13.9,8.7,giao_vien,TP HCM,3,62.0
KH15743,59.0,2.9,4.2,sinh_vien,TP HCM,0,100.0
KH15744,39.0,15.6,8.7,giao_vien,Hai Phong,4,47.0
KH15745,19.0,9.8,6.0,nhan_vien,Da Nang,2,65.0
KH15746,43.0,15.5,11.2,nhan_vien,Da Nang,6,76.0
KH15747,40.0,12.4,9.9,nhan_vien,TP HCM,1,68.0
KH15748,41.0,19.1,10.8,kinh_doanh,TP HCM,3,47.0
KH15749,30.0,32.4,18.7,kinh_doanh,TP HCM,5,65.0
KH15750,38.0,11.7,7.4,giao_vien,Hai Phong,3,62.0
KH15751,48.0,13.4,4.1,giao_vien,Ha Noi,1,29.0
KH15752,33.0,24.5,18.2,ky_su,TP HCM,5,82.0
KH15753,39.0,15.0,7.8,nhan_vien,TP HCM,1,56.0
KH15754,50.0,21.3,15.8,ky_su,TP HCM,6,65.0
KH15755,39.0,13.8,9.7,ky_su,Can Tho,4,60.0
KH15756,45.0,13.6,5.2,giao_vien,Can Tho,3,35.0
KH15757,30.0,14.0,2.7,giao_vien,Ha Noi,2,18.0
KH15758,44.0,18.1,10.5,kinh_doanh,TP HCM,3,69.0
KH15759,31.0,11.5,9.1,nhan_vien,Ha Noi,5,73.0
KH15760,35.0,30.4,16.5,nhan_vien,TP HCM,1,46.0
KH15761,36.0,18.8,6.8,kinh_doanh,TP HCM,1,37.0
KH15762,44.0,28.8,24.5,nhan_vien,Da Nang,4,97.0
KH15763,19.0,60.4,46.0,kinh_doanh,TP HCM,8,70.0
KH15764,44.0,2.5,2.8,sinh_vien,Ha Noi,0,100.0
KH15765,59.0,65.4,29.7,ky_su,Ha Noi,8,47.0
KH15766,26.0,29.8,14.7,bac_si,Can Tho,2,52.0
KH15767,42.0,19.9,8.2,ky_su,Da Nang,1,42.0
KH15768,46.0,6.5,3.9,sinh_vien,Hai Phong,2,62.0
KH15769,18.0,10.6,10.9,nhan_vien,TP HCM,4,90.0
KH15770,42.0,15.2,7.0,giao_vien,Can Tho,2,45.0
KH15771,40.0,19.2,5.1,nhan_vien,TP HCM,1,26.0
KH15772,49.0,34.7,21.9,ky_su,Ha Noi,3,67.0
KH15773,37.0,42.6,17.7,bac_si,Hai Phong,6,37.0
KH15774,27.0,19.2,11.2,ky_su,TP HCM,3,61.0
KH15775,52.0,4.5,5.7,sinh_vien,TP HCM,1,100.0
KH15776,49.0,37.6,22.6,bac_si,Hai Phong,3,67.0
KH15777,58.0,28.1,11.4,nhan_vien,Ha Noi,3,46.0
KH15778,27.0,28.8,10.6,nhan_vien,TP HCM,2,31.0
KH15779,61.0,20.8,17.8,nhan_vien,TP HCM,2,100.0
KH15780,46.0,31.6,21.1,kinh_doanh,TP HCM,7,68.0
KH15781,48.0,12.4,6.6,nhan_vien,Ha Noi,2,60.0
KH15782,18.0,8.6,6.6,nhan_vien,Can Tho,0,66.0
KH15783,47.0,63.2,37.6,nhan_vien,Da Nang,10,55.0
KH15784,44.0,19.3,14.9,bac_si,Ha Noi,7,92.0
KH15785,57.0,17.4,17.9,giao_vien,TP HCM,1,100.0
KH15786,30.0,18.2,7.7,ky_su,Hai Phong,1,44.0
KH15787,44.0,61.3,48.3,ky_su,Ha Noi,8,75.0
KH15788,38.0,10.8,6.0,nhan_vien,Hai Phong,3,47.0
KH15789,54.0,30.9,18.9,bac_si,Ha Noi,5,62.0
KH15790,30.0,31.8,23.0,bac_si,Can Tho,6,68.0
KH15791,20.0,23.0,11.6,nhan_vien,TP HCM,6,59.0
KH15792,34.0,35.3,17.4,ky_su,Ha Noi,4,58.0
KH15793,51.0,41.4,24.8,bac_si,TP HCM,2,72.0
KH15794,34.0,29.2,10.6,ky_su,TP HCM,9,41.0
KH15795,39.0,28.1,22.7,bac_si,TP HCM,4,77.0
KH15796,21.0,12.6,13.8,nhan_vien,TP HCM,2,100.0
KH15797,25.0,33.6,20.8,ky_su,Ha Noi,11,57.0
KH15798,42.0,21.0,11.6,kinh_doanh,Hai Phong,1,49.0
KH15799,30.0,9.8,8.5,nhan_vien,Hai Phong,2,100.0
KH15800,36.0,10.2,5.1,nhan_vien,TP HCM,1,49.0
KH15801,46.0,29.0,21.6,nhan_vien,Hai Phong,12,69.0
KH15802,35.0,10.3,5.7,kinh_doanh,Ha Noi,1,50.0
KH15803,26.0,43.6,27.3,bac_si,Can Tho,4,59.0
KH15804,37.0,9.4,4.0,nhan_vien,Ha Noi,0,36.0
KH15805,18.0,16.2,6.7,kinh_doanh,TP HCM,1,37.0
KH15806,53.0,24.9,16.4,ky_su,Can Tho,4,70.0
KH15807,40.0,40.7,35.3,kinh_doanh,TP HCM,12,85.0
KH15808,26.0,12.2,9.1,sinh_vien,Hai Phong,0,60.0
KH15809,43.0,8.5,2.1,nhan_vien,TP HCM,0,22.0
KH15810,26.0,24.5,20.6,bac_si,TP HCM,1,90.0
KH15811,27.0,21.8,10.6,ky_su,Ha Noi,3,58.0
KH15812,22.0,20.7,16.1,nhan_vien,TP HCM,8,87.0
KH15813,35.0,76.5,31.9,bac_si,Da Nang,7,43.0
KH15814,41.0,8.7,3.8,nhan_vien,TP HCM,3,49.0
KH15815,18.0,12.7,5.9,ky_su,Can Tho,3,38.0
KH15816,44.0,2.0,2.7,sinh_vien,Hai Phong,1,100.0
KH15817,52.0,18.5,12.7,kinh_doanh,Can Tho,2,71.0
KH15818,56.0,50.9,39.0,ky_su,Hai Phong,13,83.0
KH15819,31.0,8.3,7.3,ky_su,Ha Noi,1,82.0
KH15820,24.0,14.9,6.2,giao_vien,Da Nang,0,45.0
KH15821,32.0,11.1,6.2,giao_vien,Can Tho,2,51.0
KH15822,31.0,33.6,28.1,nhan_vien,TP HCM,7,99.0
KH15823,43.0,39.7,14.7,kinh_doanh,Ha Noi,2,35.0
KH15824,44.0,52.3,23.6,bac_si,Ha Noi,7,48.0
KH15825,37.0,14.6,12.0,ky_su,TP HCM,4,92.0
KH15826,18.0,12.6,7.8,nhan_vien,Ha Noi,1,52.0
KH15827,34.0,24.5,19.0,kinh_doanh,TP HCM,2,73.0
KH15828,28.0,5.2,3.2,sinh_vien,Can Tho,0,67.0
KH15829,48.0,8.1,7.3,nhan_vien,TP HCM,1,78.0
KH15830,45.0,46.6,30.7,ky_su,TP HCM,11,68.0
KH15831,23.0,13.0,8.4,giao_vien,Ha Noi,3,69.0
KH15832,41.0,18.0,10.9,bac_si,Hai Phong,5,51.0
KH15833,23.0,6.8,0.5,sinh_vien,Can Tho,0,6.0
KH15834,30.0,21.8,11.2,kinh_doanh,Ha Noi,1,43.0
KH15835,18.0,24.7,19.6,ky_su,TP HCM,0,94.0
KH15836,22.0,19.9,17.2,ky_su,TP HCM,3,86.0
KH15837,54.0,12.5,9.1,nhan_vien,Ha Noi,2,66.0
KH15838,40.0,27.5,16.6,ky_su,Can Tho,2,61.0
KH15839,27.0,18.4,13.3,nhan_vien,Hai Phong,2,60.0
KH15840,28.0,18.0,7.3,nhan_vien,Hai Phong,2,33.0
KH15841,23.0,32.3,17.2,bac_si,Can Tho,4,55.0
KH15842,18.0,11.0,7.2,nhan_vien,Ha Noi,1,77.0
KH15843,34.0,20.2,7.2,ky_su,Ha Noi,0,38.0
KH15844,48.0,38.8,19.0,bac_si,Ha Noi,5,48.0
KH15845,46.0,7.8,4.7,nhan_vien,Ha Noi,0,49.0
KH15846,48.0,16.6,6.7,ky_su,TP HCM,2,33.0
KH15847,26.0,4.2,6.3,sinh_vien,TP HCM,1,100.0
KH15848,34.0,15.7,9.0,giao_vien,Ha Noi,2,50.0
KH15849,46.0,22.2,11.9,ky_su,Can Tho,4,64.0
KH15850,50.0,25.3,18.5,ky_su,Da Nang,8,75.0
KH15851,37.0,5.6,3.1,sinh_vien,Da Nang,2,51.0
KH15852,19.0,31.2,17.1,ky_su,Can Tho,1,57.0
KH15853,37.0,12.7,6.4,sinh_vien,Da Nang,2,42.0
KH15854,40.0,10.1,4.6,kinh_doanh,Da Nang,2,47.0
KH15855,35.0,22.1,9.6,kinh_doanh,Can Tho,2,43.0
KH15856,29.0,14.4,6.7,giao_vien,TP HCM,3,56.0
KH15857,40.0,10.4,4.2,giao_vien,TP HCM,1,42.0
KH15858,54.0,9.7,7.6,giao_vien,Can Tho,2,71.0
KH15859,51.0,23.7,18.1,ky_su,Can Tho,9,84.0
KH15860,37.0,22.0,19.5,nhan_vien,Can Tho,5,84.0
KH15861,29.0,20.0,15.5,kinh_doanh,Can Tho,4,92.0
KH15862,18.0,11.1,8.5,giao_vien,TP HCM,6,74.0
KH15863,43.0,35.0,18.7,ky_su,Hai Phong,6,53.0
KH15864,51.0,30.7,12.2,ky_su,TP HCM,0,41.0
KH15865,47.0,10.7,8.7,nhan_vien,Ha Noi,2,78.0
KH15866,38.0,16.7,11.5,nhan_vien,TP HCM,3,78.0
KH15867,47.0,23.5,17.5,nhan_vien,Ha Noi,10,73.0
KH15868,50.0,6.2,3.0,sinh_vien,Ha Noi,1,53.0
KH15869,40.0,17.7,14.4,nhan_vien,Ha Noi,6,79.0
KH15870,31.0,29.6,8.8,kinh_doanh,TP HCM,4,25.0
KH15871,29.0,17.1,13.2,giao_vien,Can Tho,4,87.0
KH15872,27.0,11.9,8.3,giao_vien,Ha Noi,1,69.0
KH15873,22.0,38.1,19.8,ky_su,TP HCM,2,49.0
KH15874,39.0,11.9,3.2,nhan_vien,TP HCM,0,26.0
KH15875,41.0,29.2,19.4,giao_vien,Da Nang,5,59.0
KH15876,26.0,25.7,19.3,ky_su,TP HCM,5,84.0
KH15877,35.0,23.2,17.1,giao_vien,Ha Noi,5,63.0
KH15878,26.0,12.6,8.7,nhan_vien,Can Tho,3,57.0
KH15879,30.0,16.1,13.7,giao_vien,Ha Noi,3,89.0
KH15880,39.0,20.5,13.8,nhan_vien,TP HCM,2,59.0
KH15881,42.0,11.9,3.8,kinh_doanh,Hai Phong,0,30.0
KH15882,39.0,7.4,5.8,giao_vien,Ha Noi,1,78.0
KH15883,37.0,17.7,9.8,kinh_doanh,Ha Noi,4,56.0
KH15884,33.0,24.6,10.1,nhan_vien,Da Nang,3,39.0
KH15885,44.0,36.0,29.9,bac_si,TP HCM,7,83.0
KH15886,49.0,7.4,2.6,giao_vien,TP HCM,2,34.0
KH15887,32.0,11.0,7.1,nhan_vien,Ha Noi,2,55.0
KH15888,32.0,12.1,5.9,giao_vien,Da Nang,1,46.0
KH15889,50.0,16.1,9.0,ky_su,Ha Noi,0,64.0
KH15890,18.0,2.1,0.8,sinh_vien,TP HCM,2,44.0
KH15891,35.0,21.0,11.7,nhan_vien,Hai Phong,3,54.0
KH15892,64.0,21.5,13.1,nhan_vien,Ha Noi,2,69.0
KH15893,31.0,11.1,4.8,nhan_vien,TP HCM,0,52.0
KH15894,35.0,40.2,17.5,bac_si,TP HCM,4,49.0
KH15895,29.0,35.4,24.0,kinh_doanh,TP HCM,11,77.0
KH15896,47.0,11.5,4.7,nhan_vien,Da Nang,1,48.0
KH15897,30.0,19.7,7.0,nhan_vien,TP HCM,3,30.0
KH15898,27.0,13.3,8.5,nhan_vien,Ha Noi,2,56.0
KH15899,28.0,8.5,5.8,sinh_vien,TP HCM,3,70.0
KH15900,49.0,13.8,9.1,giao_vien,Da Nang,5,70.0
KH15901,45.0,6.7,1.4,giao_vien,Ha Noi,0,17.0
KH15902,39.0,3.8,4.3,sinh_vien,TP HCM,1,100.0
KH15903,33.0,29.7,17.4,ky_su,Da Nang,1,59.0
KH15904,52.0,24.7,12.7,kinh_doanh,Ha Noi,1,51.0
KH15905,28.0,7.2,5.1,nhan_vien,Ha Noi,0,66.0
KH15906,38.0,14.8,6.2,nhan_vien,TP HCM,2,42.0
KH15907,29.0,21.1,9.6,ky_su,TP HCM,2,45.0
KH15908,25.0,25.1,20.0,nhan_vien,Ha Noi,8,85.0
KH15909,42.0,13.6,11.9,kinh_doanh,TP HCM,2,85.0
KH15910,36.0,29.6,21.6,kinh_doanh,Ha Noi,6,85.0
KH15911,29.0,23.8,15.3,nhan_vien,Hai Phong,2,72.0
KH15912,35.0,21.2,19.1,kinh_doanh,Hai Phong,3,95.0
KH15913,48.0,23.0,12.7,kinh_doanh,Ha Noi,3,66.0
KH15914,18.0,25.5,15.9,nhan_vien,Ha Noi,3,62.0
KH15915,50.0,26.4,15.6,ky_su,TP HCM,2,64.0
KH15916,29.0,12.1,5.2,kinh_doanh,TP HCM,0,45.0
KH15917,59.0,35.9,26.2,nhan_vien,Hai Phong,13,78.0
KH15918,49.0,18.2,8.2,nhan_vien,Da Nang,2,39.0
KH15919,40.0,9.9,3.4,nhan_vien,TP HCM,0,32.0
KH15920,41.0,15.4,10.0,ky_su,Ha Noi,4,76.0
KH15921,44.0,21.7,14.5,kinh_doanh,Ha Noi,4,72.0
KH15922,24.0,32.3,24.8,bac_si,Da Nang,6,67.0
KH15923,42.0,9.0,1.8,nhan_vien,Hai Phong,1,21.0
KH15924,49.0,26.3,12.5,giao_vien,Ha Noi,1,39.0
KH15925,41.0,12.5,4.9,giao_vien,Hai Phong,1,33.0
KH15926,25.0,14.7,11.4,nhan_vien,Can Tho,1,89.0
KH15927,40.0,29.5,13.9,kinh_doanh,TP HCM,4,56.0
KH15928,40.0,20.7,12.6,nhan_vien,Da Nang,2,61.0
KH15929,40.0,5.8,2.9,sinh_vien,Da Nang,0,53.0
KH15930,48.0,23.9,17.7,kinh_doanh,TP HCM,5,66.0
KH15931,30.0,40.0,15.4,kinh_doanh,Ha Noi,4,33.0
KH15932,45.0,9.9,8.8,nhan_vien,TP HCM,4,87.0
KH15933,29.0,30.5,11.7,bac_si,Ha Noi,5,44.0
KH15934,40.0,31.0,22.0,nhan_vien,Ha Noi,8,75.0
KH15935,27.0,7.0,4.1,giao_vien,TP HCM,0,64.0
KH15936,43.0,16.9,12.5,kinh_doanh,Hai Phong,3,71.0
KH15937,51.0,7.2,6.3,sinh_vien,TP HCM,1,100.0
KH15938,20.0,15.0,8.4,nhan_vien,Ha Noi,1,60.0
KH15939,53.0,49.4,22.1,kinh_doanh,Da Nang,1,43.0
KH15940,45.0,27.5,15.5,ky_su,Ha Noi,5,46.0
KH15941,52.0,33.1,21.4,ky_su,Ha Noi,4,66.0
KH15942,39.0,43.6,21.0,bac_si,Can Tho,3,57.0
KH15943,54.0,34.7,29.8,nhan_vien,TP HCM,8,84.0
KH15944,30.0,21.3,12.7,ky_su,Ha Noi,1,55.0
KH15945,34.0,12.7,6.3,nhan_vien,Da Nang,2,51.0
KH15946,33.0,25.0,19.3,kinh_doanh,Hai Phong,8,83.0
KH15947,21.0,13.4,12.8,kinh_doanh,TP HCM,3,95.0
KH15948,55.0,36.3,23.6,bac_si,Can Tho,4,61.0
KH15949,25.0,39.6,21.3,giao_vien,TP HCM,4,43.0
KH15950,36.0,5.5,2.3,giao_vien,Ha Noi,1,43.0
KH15951,48.0,22.5,16.2,ky_su,Da Nang,4,80.0
KH15952,25.0,22.8,12.8,ky_su,Can Tho,3,53.0
KH15953,35.0,10.6,7.8,sinh_vien,Ha Noi,3,65.0
KH15954,43.0,15.8,8.8,nhan_vien,Ha Noi,4,50.0
KH15955,22.0,9.5,3.5,nhan_vien,Ha Noi,0,34.0
KH15956,31.0,17.1,9.8,kinh_doanh,Da Nang,3,52.0
KH15957,28.0,23.1,18.0,nhan_vien,Can Tho,4,87.0
KH15958,53.0,20.4,8.6,ky_su,Ha Noi,2,35.0
KH15959,37.0,37.5,22.2,kinh_doanh,Ha Noi,3,55.0
KH15960,44.0,3.4,1.1,sinh_vien,Ha Noi,0,32.0
KH15961,23.0,8.3,2.6,sinh_vien,Hai Phong,1,30.0
KH15962,30.0,26.7,18.5,nhan_vien,Da Nang,1,67.0
KH15963,30.0,49.0,39.6,kinh_doanh,Ha Noi,12,94.0
KH15964,37.0,16.6,9.5,nhan_vien,Hai Phong,4,64.0
KH15965,44.0,17.8,13.1,ky_su,Can Tho,6,77.0
KH15966,36.0,7.8,7.4,giao_vien,Ha Noi,3,93.0
KH15967,38.0,16.5,11.0,ky_su,TP HCM,1,54.0
KH15968,37.0,59.3,36.8,kinh_doanh,TP HCM,13,55.0
KH15969,42.0,26.3,15.3,kinh_doanh,Can Tho,2,52.0
KH15970,44.0,18.0,12.9,nhan_vien,TP HCM,2,74.0
KH15971,33.0,57.3,44.0,bac_si,Da Nang,6,63.0
KH15972,24.0,25.4,25.1,giao_vien,TP HCM,6,100.0
KH15973,43.0,17.5,10.2,nhan_vien,TP HCM,4,65.0
KH15974,19.0,5.0,3.4,nhan_vien,TP HCM,1,61.0
KH15975,38.0,6.6,3.0,sinh_vien,Can Tho,0,49.0
KH15976,24.0,10.1,5.2,ky_su,Ha Noi,1,52.0
KH15977,40.0,6.0,0.5,sinh_vien,TP HCM,1,8.0
KH15978,26.0,26.9,20.3,ky_su,Ha Noi,5,67.0
KH15979,39.0,93.1,33.4,bac_si,Ha Noi,7,41.0
KH15980,38.0,51.6,29.4,bac_si,TP HCM,7,52.0
KH15981,68.0,20.9,9.9,giao_vien,TP HCM,1,43.0
KH15982,40.0,54.8,31.0,kinh_doanh,Hai Phong,8,65.0
KH15983,27.0,12.1,7.6,ky_su,Ha Noi,2,62.0
KH15984,38.0,4.5,2.6,sinh_vien,TP HCM,0,48.0
KH15985,26.0,14.9,7.2,ky_su,TP HCM,1,47.0
KH15986,23.0,18.4,11.5,ky_su,Can Tho,1,69.0
KH15987,27.0,3.6,2.3,sinh_vien,TP HCM,0,53.0
KH15988,50.0,18.7,14.1,kinh_doanh,Hai Phong,2,88.0
KH15989,35.0,12.1,8.4,ky_su,Hai Phong,3,69.0
KH15990,39.0,23.0,12.1,ky_su,Ha Noi,1,53.0
KH15991,34.0,12.4,9.2,nhan_vien,Ha Noi,4,67.0
KH15992,38.0,30.6,20.9,bac_si,Da Nang,4,79.0
KH15993,31.0,12.0,5.2,nhan_vien,TP HCM,1,51.0
KH15994,24.0,13.1,8.7,nhan_vien,Can Tho,2,69.0
KH15995,23.0,10.9,7.9,nhan_vien,TP HCM,4,62.0
KH15996,34.0,25.4,21.1,kinh_doanh,Ha Noi,4,70.0
KH15997,42.0,24.2,14.9,ky_su,Hai Phong,5,65.0
KH15998,38.0,7.3,7.3,nhan_vien,Ha Noi,4,80.0
KH15999,34.0,43.7,36.5,giao_vien,TP HCM,9,77.0
KH16000,24.0,22.4,17.8,ky_su,TP HCM,1,78.0
KH16001,18.0,15.0,6.6,nhan_vien,TP HCM,0,48.0
KH16002,21.0,14.5,5.8,giao_vien,Ha Noi,0,43.0
KH16003,26.0,2.6,3.1,sinh_vien,Ha Noi,1,100.0
KH16004,23.0,8.0,3.4,nhan_vien,TP HCM,2,36.0
KH16005,37.0,37.4,20.1,kinh_doanh,Ha Noi,5,52.0
KH16006,22.0,8.2,1.9,sinh_vien,Ha Noi,1,20.0
KH16007,23.0,38.1,27.6,kinh_doanh,Can Tho,7,62.0
KH16008,46.0,20.2,9.3,ky_su,Ha Noi,4,51.0
KH16009,27.0,49.6,20.9,kinh_doanh,TP HCM,5,49.0
KH16010,29.0,16.8,6.6,bac_si,Can Tho,0,40.0
KH16011,34.0,25.1,18.1,ky_su,Hai Phong,9,80.0
KH16012,26.0,17.9,12.8,ky_su,TP HCM,4,66.0
KH16013,35.0,17.7,8.4,kinh_doanh,Can Tho,1,39.0
KH16014,24.0,19.7,6.0,giao_vien,Can Tho,2,31.0
KH16015,29.0,41.0,30.8,ky_su,Hai Phong,5,87.0
KH16016,34.0,6.8,3.3,giao_vien,TP HCM,0,42.0
KH16017,18.0,34.2,15.0,bac_si,TP HCM,2,48.0
KH16018,31.0,15.5,7.0,nhan_vien,TP HCM,2,38.0
KH16019,32.0,40.8,29.9,ky_su,Ha Noi,12,62.0
KH16020,34.0,21.5,14.8,bac_si,TP HCM,7,75.0
KH16021,37.0,20.5,7.6,nhan_vien,TP HCM,0,43.0
KH16022,30.0,9.0,9.3,nhan_vien,Can Tho,3,100.0
KH16023,36.0,15.5,9.1,giao_vien,Da Nang,4,61.0
KH16024,33.0,10.0,6.2,giao_vien,Can Tho,0,67.0
KH16025,44.0,12.8,4.5,nhan_vien,Ha Noi,1,37.0
KH16026,28.0,16.3,9.5,nhan_vien,Ha Noi,5,70.0
KH16027,36.0,58.9,48.1,kinh_doanh,Can Tho,6,86.0
KH16028,52.0,24.0,9.8,giao_vien,TP HCM,3,34.0
KH16029,39.0,32.4,22.9,nhan_vien,Ha Noi,11,69.0
KH16030,43.0,13.8,8.5,giao_vien,Ha Noi,3,67.0
KH16031,18.0,17.7,13.6,nhan_vien,TP HCM,3,71.0
KH16032,40.0,15.2,11.5,nhan_vien,Can Tho,1,85.0
KH16033,31.0,14.3,9.1,nhan_vien,TP HCM,2,76.0
KH16034,18.0,17.8,14.9,nhan_vien,Hai Phong,5,91.0
KH16035,29.0,29.0,14.5,ky_su,TP HCM,2,53.0
KH16036,45.0,15.0,12.6,ky_su,TP HCM,3,86.0
KH16037,59.0,16.7,10.6,bac_si,TP HCM,1,55.0
KH16038,32.0,20.4,12.9,nhan_vien,Can Tho,2,65.0
KH16039,33.0,10.0,9.6,ky_su,TP HCM,4,100.0
KH16040,29.0,15.4,14.5,bac_si,Hai Phong,1,95.0
KH16041,40.0,7.7,5.2,giao_vien,Hai Phong,1,72.0
KH16042,28.0,21.4,11.1,nhan_vien,Hai Phong,3,43.0
KH16043,44.0,15.9,8.2,kinh_doanh,TP HCM,2,48.0
KH16044,32.0,15.3,13.8,kinh_doanh,TP HCM,2,73.0
KH16045,40.0,16.0,8.9,nhan_vien,Hai Phong,0,65.0
KH16046,37.0,36.3,16.4,ky_su,TP HCM,1,50.0
KH16047,28.0,49.1,29.6,ky_su,Hai Phong,5,69.0
KH16048,59.0,25.2,19.4,bac_si,Hai Phong,6,63.0
KH16049,36.0,12.5,6.4,giao_vien,Ha Noi,2,46.0
KH16050,39.0,26.0,19.2,nhan_vien,TP HCM,7,71.0
KH16051,47.0,23.1,9.8,bac_si,Ha Noi,1,48.0
KH16052,59.0,12.3,6.2,nhan_vien,Hai Phong,1,52.0
KH16053,38.0,22.8,17.2,giao_vien,Can Tho,4,86.0
KH16054,18.0,12.5,5.3,nhan_vien,Hai Phong,2,47.0
KH16055,30.0,9.1,2.5,nhan_vien,TP HCM,1,26.0
KH16056,54.0,26.4,12.4,giao_vien,Ha Noi,1,54.0
KH16057,40.0,20.7,13.9,ky_su,Ha Noi,6,67.0
KH16058,32.0,7.7,4.9,ky_su,Can Tho,2,56.0
KH16059,40.0,12.6,7.2,nhan_vien,TP HCM,4,63.0
KH16060,34.0,11.2,8.0,giao_vien,Ha Noi,3,75.0
KH16061,48.0,8.1,1.0,nhan_vien,Ha Noi,0,13.0
KH16062,35.0,17.6,10.7,nhan_vien,TP HCM,5,69.0
KH16063,28.0,7.9,5.2,sinh_vien,TP HCM,3,70.0
KH16064,39.0,55.0,40.2,ky_su,Can Tho,2,78.0
KH16065,46.0,16.2,4.3,giao_vien,Hai Phong,0,26.0
KH16066,37.0,29.7,15.0,ky_su,Da Nang,0,56.0
KH16067,22.0,11.5,4.7,nhan_vien,Da Nang,1,44.0
KH16068,26.0,3.6,1.0,sinh_vien,Ha Noi,1,32.0
KH16069,39.0,25.0,11.6,ky_su,Ha Noi,2,46.0
KH16070,18.0,15.5,11.3,ky_su,Can Tho,5,76.0
KH16071,48.0,11.7,8.4,nhan_vien,Ha Noi,1,84.0
KH16072,39.0,35.6,14.3,ky_su,Hai Phong,2,36.0
KH16073,42.0,28.2,13.1,nhan_vien,Ha Noi,3,41.0
KH16074,31.0,9.9,9.6,nhan_vien,Ha Noi,3,78.0
KH16075,39.0,32.0,19.1,kinh_doanh,TP HCM,2,70.0
KH16076,30.0,5.2,4.4,sinh_vien,Can Tho,1,97.0
KH16077,35.0,13.8,6.2,ky_su,TP HCM,1,43.0
KH16078,40.0,39.2,13.1,kinh_doanh,Ha Noi,4,36.0
KH16079,53.0,25.2,16.6,nhan_vien,Ha Noi,8,67.0
KH16080,32.0,9.1,2.9,giao_vien,Ha Noi,1,33.0
KH16081,44.0,10.5,5.0,nhan_vien,Can Tho,2,42.0
KH16082,37.0,15.5,6.9,nhan_vien,Ha Noi,2,50.0
KH16083,45.0,20.7,12.9,ky_su,TP HCM,2,51.0
KH16084,22.0,15.7,7.2,kinh_doanh,Can Tho,1,52.0
KH16085,24.0,22.8,11.4,bac_si,Can Tho,1,51.0
KH16086,46.0,37.1,23.4,ky_su,Can Tho,3,60.0
KH16087,47.0,6.0,3.9,sinh_vien,Da Nang,2,58.0
KH16088,40.0,8.2,6.5,kinh_doanh,Hai Phong,1,72.0
KH16089,48.0,22.4,12.7,kinh_doanh,Ha Noi,0,55.0
KH16090,42.0,16.1,6.2,nhan_vien,TP HCM,3,37.0
KH16091,35.0,21.4,17.1,nhan_vien,Ha Noi,4,67.0
KH16092,31.0,5.1,4.0,sinh_vien,TP HCM,1,70.0
KH16093,47.0,19.1,9.2,ky_su,TP HCM,1,44.0
KH16094,48.0,28.5,18.6,kinh_doanh,Da Nang,4,53.0
KH16095,32.0,34.4,26.6,ky_su,Can Tho,8,79.0
KH16096,40.0,16.5,11.8,nhan_vien,TP HCM,2,69.0
KH16097,39.0,18.5,12.2,nhan_vien,Da Nang,3,67.0
KH16098,18.0,8.4,4.3,sinh_vien,Can Tho,1,53.0
KH16099,21.0,18.4,11.6,ky_su,Ha Noi,2,66.0
KH16100,44.0,43.5,31.5,bac_si,TP HCM,11,67.0
KH16101,37.0,21.1,10.5,bac_si,Ha Noi,3,45.0
KH16102,48.0,18.9,14.3,nhan_vien,TP HCM,2,78.0
KH16103,58.0,20.2,9.5,nhan_vien,Ha Noi,1,46.0
KH16104,55.0,12.1,7.1,sinh_vien,Ha Noi,2,63.0
KH16105,28.0,23.7,8.3,nhan_vien,Ha Noi,5,29.0
KH16106,28.0,11.1,3.8,giao_vien,Da Nang,1,38.0
KH16107,24.0,24.0,19.3,ky_su,Ha Noi,6,79.0
KH16108,32.0,17.4,10.8,kinh_doanh,Hai Phong,3,72.0
KH16109,34.0,8.2,6.0,nhan_vien,Ha Noi,1,60.0
KH16110,18.0,46.7,21.7,kinh_doanh,TP HCM,4,39.0
KH16111,28.0,13.0,7.2,giao_vien,TP HCM,4,63.0
KH16112,36.0,8.2,2.1,nhan_vien,Can Tho,0,30.0
KH16113,36.0,20.2,10.6,kinh_doanh,TP HCM,5,52.0
KH16114,30.0,13.0,10.8,nhan_vien,Can Tho,2,77.0
KH16115,26.0,36.4,23.4,nhan_vien,TP HCM,4,54.0
KH16116,21.0,20.6,14.9,nhan_vien,Ha Noi,2,71.0
KH16117,24.0,9.4,6.2,bac_si,Da Nang,3,74.0
KH16118,41.0,3.6,1.1,sinh_vien,TP HCM,0,31.0
KH16119,21.0,14.5,12.3,nhan_vien,Ha Noi,3,74.0
KH16120,42.0,23.4,16.1,ky_su,Ha Noi,5,72.0
KH16121,38.0,39.8,11.4,kinh_doanh,Ha Noi,0,31.0
KH16122,23.0,28.0,16.9,kinh_doanh,TP HCM,3,53.0
KH16123,18.0,15.5,8.4,nhan_vien,Da Nang,2,50.0
KH16124,26.0,5.3,3.4,sinh_vien,Ha Noi,1,51.0
KH16125,37.0,11.0,10.5,bac_si,Da Nang,4,96.0
KH16126,18.0,24.5,20.6,giao_vien,Ha Noi,7,83.0
KH16127,19.0,11.9,6.5,ky_su,Ha Noi,3,55.0
KH16128,27.0,24.7,17.6,ky_su,TP HCM,1,79.0
KH16129,52.0,24.0,16.5,ky_su,Ha Noi,3,56.0
KH16130,29.0,21.2,7.2,kinh_doanh,Ha Noi,0,34.0
KH16131,29.0,47.2,25.2,kinh_doanh,TP HCM,7,59.0
KH16132,55.0,26.3,18.8,bac_si,Ha Noi,4,67.0
KH16133,32.0,29.0,13.7,nhan_vien,Da Nang,6,48.0
KH16134,44.0,12.2,6.6,kinh_doanh,TP HCM,6,59.0
KH16135,50.0,16.4,11.1,kinh_doanh,Ha Noi,1,79.0
KH16136,34.0,7.2,4.3,sinh_vien,TP HCM,0,64.0
KH16137,47.0,10.4,8.1,nhan_vien,TP HCM,2,65.0
KH16138,44.0,22.4,12.0,ky_su,TP HCM,2,43.0
KH16139,34.0,22.8,7.6,ky_su,Can Tho,1,35.0
KH16140,18.0,18.0,11.6,giao_vien,TP HCM,2,64.0
KH16141,43.0,10.4,8.9,giao_vien,Ha Noi,0,93.0
KH16142,38.0,21.0,18.8,ky_su,TP HCM,6,96.0
KH16143,29.0,8.0,3.1,nhan_vien,Ha Noi,0,35.0
KH16144,54.0,11.8,8.7,nhan_vien,Can Tho,1,79.0
KH16145,44.0,20.4,17.7,bac_si,TP HCM,2,89.0
KH16146,36.0,18.7,8.2,nhan_vien,Ha Noi,2,37.0
KH16147,25.0,21.0,11.2,giao_vien,TP HCM,4,63.0
KH16148,45.0,18.7,6.3,nhan_vien,Can Tho,2,34.0
KH16149,34.0,14.2,13.1,ky_su,Ha Noi,3,84.0
KH16150,30.0,15.0,8.6,nhan_vien,TP HCM,1,51.0
KH16151,20.0,26.4,19.7,kinh_doanh,Can Tho,11,70.0
KH16152,51.0,9.2,7.9,nhan_vien,TP HCM,2,90.0
KH16153,39.0,24.5,10.2,kinh_doanh,Ha Noi,2,47.0
KH16154,18.0,11.7,7.7,nhan_vien,Ha Noi,4,64.0
KH16155,36.0,21.7,13.5,nhan_vien,Ha Noi,6,62.0
KH16156,58.0,7.3,6.9,nhan_vien,Can Tho,0,82.0
KH16157,33.0,27.3,14.2,kinh_doanh,TP HCM,2,53.0
KH16158,46.0,34.4,26.8,kinh_doanh,Ha Noi,9,86.0
KH16159,55.0,9.6,6.9,nhan_vien,TP HCM,0,78.0
KH16160,30.0,21.2,8.0,nhan_vien,Ha Noi,3,44.0
KH16161,61.0,13.9,8.8,nhan_vien,TP HCM,3,71.0
KH16162,35.0,34.3,11.3,ky_su,TP HCM,1,31.0
KH16163,46.0,13.3,6.1,nhan_vien,TP HCM,4,54.0
KH16164,27.0,16.9,13.0,ky_su,Ha Noi,6,67.0
KH16165,39.0,20.7,8.4,giao_vien,Ha Noi,3,33.0
KH16166,37.0,8.9,6.8,nhan_vien,Can Tho,1,88.0
KH16167,36.0,10.3,6.9,giao_vien,Ha Noi,0,60.0
KH16168,19.0,11.7,7.5,ky_su,TP HCM,3,62.0
KH16169,51.0,14.6,12.6,giao_vien,Hai Phong,1,91.0
KH16170,18.0,12.1,6.4,giao_vien,Da Nang,1,56.0
KH16171,67.0,22.7,18.7,bac_si,TP HCM,5,97.0
KH16172,50.0,19.2,4.4,nhan_vien,TP HCM,1,24.0
KH16173,30.0,33.5,23.5,kinh_doanh,TP HCM,6,58.0
KH16174,27.0,4.5,3.5,giao_vien,TP HCM,1,65.0
KH16175,50.0,38.4,26.1,bac_si,Hai Phong,5,77.0
KH16176,52.0,13.1,11.2,giao_vien,Can Tho,6,81.0
KH16177,42.0,27.7,17.1,bac_si,Ha Noi,3,58.0
KH16178,40.0,12.9,9.4,giao_vien,TP HCM,2,82.0
KH16179,27.0,7.3,3.9,giao_vien,Can Tho,0,46.0
KH16180,45.0,14.8,6.7,giao_vien,TP HCM,2,38.0
KH16181,31.0,33.8,14.9,bac_si,Ha Noi,3,43.0
KH16182,31.0,20.2,15.9,kinh_doanh,TP HCM,3,70.0
KH16183,20.0,16.4,12.1,ky_su,Ha Noi,4,79.0
KH16184,26.0,29.5,17.8,kinh_doanh,TP HCM,2,54.0
KH16185,38.0,26.4,12.3,kinh_doanh,Ha Noi,0,50.0
KH16186,48.0,15.6,8.7,nhan_vien,Hai Phong,3,54.0
KH16187,26.0,18.6,12.1,kinh_doanh,Hai Phong,2,78.0
KH16188,32.0,47.3,28.3,nhan_vien,Da Nang,10,69.0
KH16189,24.0,37.6,24.0,nhan_vien,Hai Phong,4,70.0
KH16190,30.0,22.1,14.2,kinh_doanh,Ha Noi,4,52.0
KH16191,42.0,36.1,17.1,bac_si,Hai Phong,3,51.0
KH16192,50.0,13.3,4.6,ky_su,Hai Phong,1,38.0
KH16193,31.0,16.3,10.2,nhan_vien,Hai Phong,1,51.0
KH16194,43.0,14.9,6.1,kinh_doanh,Da Nang,2,42.0
KH16195,18.0,17.8,11.0,giao_vien,TP HCM,5,59.0
KH16196,27.0,20.1,13.0,nhan_vien,TP HCM,4,52.0
KH16197,39.0,4.2,4.1,sinh_vien,TP HCM,0,100.0
KH16198,24.0,67.6,27.3,bac_si,Ha Noi,3,40.0
KH16199,48.0,4.2,2.3,sinh_vien,Can Tho,0,51.0
KH16200,38.0,31.3,22.2,kinh_doanh,TP HCM,5,78.0
KH16201,41.0,20.9,12.0,giao_vien,TP HCM,3,60.0
KH16202,40.0,33.9,20.4,kinh_doanh,TP HCM,4,66.0
KH16203,30.0,4.3,2.5,sinh_vien,TP HCM,0,50.0
KH16204,69.0,24.3,11.1,ky_su,Da Nang,3,47.0
KH16205,44.0,15.8,15.4,ky_su,Hai Phong,3,100.0
KH16206,42.0,23.9,11.2,nhan_vien,Ha Noi,3,40.0
KH16207,39.0,45.5,28.0,kinh_doanh,TP HCM,5,50.0
KH16208,22.0,22.8,12.0,nhan_vien,Hai Phong,2,61.0
KH16209,32.0,31.1,11.3,kinh_doanh,TP HCM,3,39.0
KH16210,30.0,25.9,8.5,nhan_vien,Da Nang,3,27.0
KH16211,41.0,27.1,14.3,kinh_doanh,Ha Noi,4,55.0
KH16212,30.0,22.5,12.2,nhan_vien,TP HCM,1,45.0
KH16213,25.0,11.9,4.0,nhan_vien,Can Tho,0,34.0
KH16214,34.0,4.8,1.3,sinh_vien,Ha Noi,1,31.0
KH16215,44.0,19.3,18.6,giao_vien,Hai Phong,10,88.0
KH16216,19.0,14.5,4.4,nhan_vien,TP HCM,2,34.0
KH16217,42.0,13.5,8.8,nhan_vien,Hai Phong,0,61.0
KH16218,38.0,2.9,0.5,sinh_vien,Da Nang,2,20.0
KH16219,39.0,4.2,2.4,sinh_vien,Ha Noi,0,56.0
KH16220,41.0,13.9,8.5,nhan_vien,Hai Phong,1,58.0
KH16221,47.0,16.0,9.4,giao_vien,Can Tho,0,55.0
KH16222,18.0,16.8,6.8,ky_su,Can Tho,3,39.0
KH16223,44.0,13.3,8.5,nhan_vien,Ha Noi,2,74.0
KH16224,20.0,11.1,6.3,nhan_vien,TP HCM,2,60.0
KH16225,25.0,49.4,19.0,bac_si,Hai Phong,3,39.0
KH16226,37.0,29.9,21.9,kinh_doanh,Ha Noi,9,74.0
KH16227,30.0,25.3,11.3,kinh_doanh,Can Tho,4,53.0
KH16228,49.0,58.4,40.7,kinh_doanh,TP HCM,8,82.0
KH16229,22.0,16.4,7.6,nhan_vien,TP HCM,1,43.0
KH16230,58.0,9.2,3.4,giao_vien,Ha Noi,3,31.0
KH16231,29.0,7.7,6.0,giao_vien,TP HCM,1,85.0
KH16232,27.0,21.2,12.5,kinh_doanh,Can Tho,2,50.0
KH16233,48.0,17.5,15.3,nhan_vien,Da Nang,2,100.0
KH16234,28.0,21.8,17.8,nhan_vien,Ha Noi,5,85.0
KH16235,24.0,5.6,1.7,sinh_vien,Ha Noi,0,33.0
KH16236,35.0,13.3,12.0,kinh_doanh,Hai Phong,4,99.0
KH16237,49.0,29.3,25.8,nhan_vien,Da Nang,6,88.0
KH16238,42.0,18.3,7.3,nhan_vien,Ha Noi,5,45.0
KH16239,28.0,15.9,5.9,bac_si,Da Nang,0,35.0
KH16240,18.0,2.7,3.8,sinh_vien,TP HCM,1,100.0
KH16241,36.0,16.7,11.2,nhan_vien,TP HCM,1,69.0
KH16242,43.0,8.7,5.7,ky_su,TP HCM,0,69.0
KH16243,48.0,14.4,12.4,ky_su,Ha Noi,1,95.0
KH16244,24.0,13.2,11.9,bac_si,Can Tho,4,89.0
KH16245,40.0,24.2,14.8,ky_su,TP HCM,6,69.0
KH16246,21.0,19.8,7.9,nhan_vien,Da Nang,2,44.0
KH16247,32.0,26.8,20.5,kinh_doanh,TP HCM,8,86.0
KH16248,59.0,22.0,13.1,kinh_doanh,TP HCM,5,71.0
KH16249,59.0,13.1,7.2,ky_su,TP HCM,0,58.0
KH16250,20.0,15.6,4.3,giao_vien,Da Nang,0,31.0
KH16251,50.0,21.6,14.2,kinh_doanh,Ha Noi,2,58.0
KH16252,33.0,25.3,12.1,bac_si,TP HCM,2,55.0
KH16253,34.0,8.3,7.4,nhan_vien,TP HCM,0,73.0
KH16254,20.0,19.9,9.8,kinh_doanh,Da Nang,2,55.0
KH16255,40.0,41.0,17.9,ky_su,TP HCM,6,50.0
KH16256,18.0,28.7,12.8,ky_su,Ha Noi,3,42.0
KH16257,37.0,6.6,2.3,sinh_vien,TP HCM,0,29.0
KH16258,41.0,25.4,15.0,ky_su,TP HCM,1,68.0
KH16259,18.0,15.5,12.1,ky_su,Da Nang,2,93.0
KH16260,53.0,11.1,10.5,nhan_vien,Da Nang,3,100.0
KH16261,37.0,31.2,12.4,ky_su,Can Tho,5,44.0
KH16262,44.0,31.9,19.5,kinh_doanh,TP HCM,3,54.0
KH16263,31.0,14.9,8.8,nhan_vien,Ha Noi,1,51.0
KH16264,27.0,65.0,43.9,nhan_vien,Ha Noi,10,76.0
KH16265,37.0,25.3,8.9,ky_su,Ha Noi,3,35.0
KH16266,45.0,22.0,13.5,kinh_doanh,TP HCM,0,50.0
KH16267,21.0,21.1,13.4,ky_su,Hai Phong,2,69.0
KH16268,18.0,3.5,3.4,sinh_vien,TP HCM,1,96.0
KH16269,30.0,41.0,28.5,kinh_doanh,Ha Noi,6,71.0
KH16270,36.0,9.6,2.5,kinh_doanh,Can Tho,1,24.0
KH16271,47.0,10.8,8.8,nhan_vien,TP HCM,1,74.0
KH16272,34.0,13.2,4.3,giao_vien,TP HCM,0,38.0
KH16273,32.0,15.3,5.6,nhan_vien,TP HCM,2,35.0
KH16274,38.0,29.8,12.2,ky_su,Ha Noi,1,36.0
KH16275,55.0,13.8,12.3,ky_su,Hai Phong,3,100.0
KH16276,49.0,39.9,28.4,kinh_doanh,Ha Noi,7,69.0
KH16277,41.0,18.7,9.2,giao_vien,TP HCM,1,47.0
KH16278,46.0,4.6,2.3,sinh_vien,Can Tho,1,50.0
KH16279,29.0,25.7,18.0,kinh_doanh,TP HCM,4,61.0
KH16280,33.0,23.5,9.5,kinh_doanh,TP HCM,2,45.0
KH16281,25.0,14.0,7.8,giao_vien,Ha Noi,2,46.0
KH16282,34.0,9.7,3.7,nhan_vien,Hai Phong,0,34.0
KH16283,34.0,22.6,12.5,nhan_vien,Hai Phong,3,66.0
KH16284,40.0,8.4,2.8,nhan_vien,Da Nang,0,33.0
KH16285,40.0,13.4,2.6,kinh_doanh,Ha Noi,0,21.0
KH16286,40.0,16.1,11.8,giao_vien,TP HCM,5,61.0
KH16287,37.0,26.8,18.8,ky_su,Ha Noi,4,71.0
KH16288,37.0,22.4,8.2,nhan_vien,Hai Phong,2,31.0
KH16289,49.0,22.2,18.7,kinh_doanh,Da Nang,6,79.0
KH16290,53.0,3.7,0.5,sinh_vien,Ha Noi,0,13.0
KH16291,29.0,57.2,33.4,ky_su,Ha Noi,12,49.0
KH16292,23.0,41.6,30.0,kinh_doanh,TP HCM,11,86.0
KH16293,54.0,11.0,4.9,nhan_vien,TP HCM,2,52.0
KH16294,35.0,8.2,9.8,giao_vien,TP HCM,4,100.0
KH16295,18.0,7.3,5.2,nhan_vien,Can Tho,1,84.0
KH16296,38.0,29.6,18.2,kinh_doanh,TP HCM,4,50.0
KH16297,18.0,15.9,8.9,nhan_vien,Hai Phong,2,64.0
KH16298,51.0,13.9,6.1,nhan_vien,Da Nang,2,39.0
KH16299,45.0,28.3,14.2,kinh_doanh,Ha Noi,5,43.0
KH16300,33.0,16.4,8.3,nhan_vien,TP HCM,6,42.0
KH16301,40.0,14.1,7.1,nhan_vien,TP HCM,2,49.0
KH16302,24.0,21.9,9.3,nhan_vien,TP HCM,0,43.0
KH16303,34.0,9.8,4.7,giao_vien,Ha Noi,2,56.0
KH16304,58.0,7.4,6.0,giao_vien,Da Nang,2,71.0
KH16305,36.0,25.4,17.1,kinh_doanh,TP HCM,6,78.0
KH16306,47.0,11.8,8.6,giao_vien,Ha Noi,0,60.0
KH16307,39.0,8.7,2.6,nhan_vien,Hai Phong,0,35.0
KH16308,49.0,35.1,22.0,kinh_doanh,TP HCM,6,73.0
KH16309,57.0,17.7,7.8,kinh_doanh,Da Nang,1,42.0
KH16310,41.0,22.9,7.8,nhan_vien,Hai Phong,0,36.0
KH16311,42.0,15.0,9.6,nhan_vien,Can Tho,1,59.0
KH16312,30.0,10.5,9.0,nhan_vien,Can Tho,1,99.0
KH16313,56.0,12.7,7.6,nhan_vien,TP HCM,3,67.0
KH16314,35.0,24.2,12.6,giao_vien,Ha Noi,3,57.0
KH16315,38.0,32.2,12.0,bac_si,Da Nang,3,30.0
KH16316,38.0,24.6,23.2,ky_su,Can Tho,5,100.0
KH16317,38.0,34.8,30.3,kinh_doanh,TP HCM,6,84.0
KH16318,29.0,17.7,7.1,ky_su,TP HCM,2,39.0
KH16319,29.0,15.3,9.7,nhan_vien,TP HCM,2,54.0
KH16320,34.0,21.4,14.3,nhan_vien,Ha Noi,4,68.0
KH16321,37.0,19.2,12.4,nhan_vien,Da Nang,7,74.0
KH16322,40.0,22.1,14.6,nhan_vien,TP HCM,5,62.0
KH16323,28.0,61.0,49.3,kinh_doanh,TP HCM,9,80.0
KH16324,31.0,4.9,0.5,sinh_vien,TP HCM,0,9.0
KH16325,29.0,14.9,7.4,bac_si,Ha Noi,0,47.0
KH16326,33.0,13.4,5.3,nhan_vien,TP HCM,1,37.0
KH16327,33.0,25.4,22.6,ky_su,Can Tho,5,100.0
KH16328,34.0,21.6,16.2,ky_su,TP HCM,4,86.0
KH16329,32.0,5.0,2.5,sinh_vien,Ha Noi,1,48.0
KH16330,38.0,8.2,6.6,sinh_vien,Ha Noi,1,80.0
KH16331,54.0,34.0,23.1,kinh_doanh,Can Tho,7,81.0
KH16332,39.0,36.5,18.2,bac_si,Da Nang,3,52.0
KH16333,42.0,56.4,34.3,kinh_doanh,Ha Noi,8,69.0
KH16334,29.0,19.4,11.5,ky_su,Can Tho,1,51.0
KH16335,37.0,22.0,11.2,ky_su,Da Nang,3,44.0
KH16336,52.0,11.4,6.8,nhan_vien,Can Tho,1,54.0
KH16337,37.0,6.2,4.9,giao_vien,TP HCM,1,90.0
KH16338,47.0,25.8,20.1,ky_su,Hai Phong,7,62.0
KH16339,46.0,22.4,14.9,nhan_vien,TP HCM,5,78.0
KH16340,43.0,18.6,10.8,nhan_vien,TP HCM,3,59.0
KH16341,30.0,18.3,11.8,ky_su,TP HCM,6,68.0
KH16342,36.0,42.6,26.0,kinh_doanh,TP HCM,7,51.0
KH16343,43.0,11.7,7.4,nhan_vien,TP HCM,0,56.0
KH16344,39.0,18.9,7.4,bac_si,TP HCM,0,38.0
KH16345,44.0,25.7,14.2,giao_vien,Hai Phong,2,45.0
KH16346,27.0,12.6,10.6,kinh_doanh,Da Nang,0,81.0
KH16347,25.0,26.9,15.9,ky_su,Can Tho,0,63.0
KH16348,43.0,18.9,11.9,bac_si,TP HCM,2,61.0
KH16349,47.0,24.4,14.9,bac_si,Ha Noi,2,55.0
KH16350,37.0,8.3,6.8,giao_vien,Da Nang,3,80.0
KH16351,38.0,19.8,14.0,nhan_vien,TP HCM,3,72.0
KH16352,24.0,6.5,0.5,sinh_vien,TP HCM,1,9.0
KH16353,33.0,35.4,21.6,kinh_doanh,TP HCM,7,50.0
KH16354,20.0,29.9,20.3,nhan_vien,TP HCM,5,62.0
KH16355,26.0,13.3,6.2,nhan_vien,Da Nang,0,42.0
KH16356,27.0,8.3,5.1,sinh_vien,Ha Noi,2,69.0
KH16357,38.0,13.3,5.0,nhan_vien,TP HCM,0,37.0
KH16358,43.0,4.0,0.5,sinh_vien,Hai Phong,0,13.0
KH16359,36.0,4.1,3.6,sinh_vien,TP HCM,0,100.0
KH16360,62.0,6.9,6.3,giao_vien,Ha Noi,1,97.0
KH16361,28.0,22.4,19.3,kinh_doanh,Hai Phong,3,85.0
KH16362,44.0,11.6,4.2,giao_vien,Da Nang,3,29.0
KH16363,35.0,22.1,17.8,nhan_vien,TP HCM,8,85.0
KH16364,48.0,16.0,5.7,nhan_vien,Ha Noi,1,41.0
KH16365,19.0,15.7,11.0,giao_vien,TP HCM,1,73.0
KH16366,31.0,20.6,13.9,nhan_vien,Ha Noi,3,61.0
KH16367,39.0,7.5,6.1,sinh_vien,Ha Noi,2,68.0
KH16368,45.0,7.0,5.3,sinh_vien,Da Nang,3,77.0
KH16369,55.0,17.3,7.4,kinh_doanh,Ha Noi,3,41.0
KH16370,32.0,6.0,5.4,nhan_vien,Ha Noi,1,92.0
KH16371,26.0,17.0,13.5,nhan_vien,Ha Noi,5,66.0
KH16372,26.0,34.7,29.9,kinh_doanh,TP HCM,5,89.0
KH16373,52.0,14.7,8.3,nhan_vien,Ha Noi,2,49.0
KH16374,50.0,27.2,20.6,bac_si,TP HCM,2,87.0
KH16375,28.0,27.7,23.0,kinh_doanh,TP HCM,6,96.0
KH16376,30.0,15.6,6.0,bac_si,Ha Noi,3,31.0
KH16377,48.0,7.5,7.0,sinh_vien,Ha Noi,2,95.0
KH16378,38.0,20.1,19.0,nhan_vien,Da Nang,4,100.0
KH16379,30.0,12.8,7.6,ky_su,TP HCM,1,58.0
KH16380,27.0,22.3,10.8,ky_su,Da Nang,0,48.0
KH16381,27.0,4.8,3.4,sinh_vien,Ha Noi,1,80.0
KH16382,31.0,8.1,5.4,giao_vien,Ha Noi,1,55.0
KH16383,44.0,6.8,2.0,nhan_vien,Can Tho,1,26.0
KH16384,21.0,31.0,22.2,kinh_doanh,Ha Noi,7,58.0
KH16385,52.0,30.2,13.3,kinh_doanh,TP HCM,6,42.0
KH16386,18.0,16.7,8.0,giao_vien,TP HCM,2,56.0
KH16387,50.0,10.9,8.3,kinh_doanh,Hai Phong,3,63.0
KH16388,51.0,30.2,23.7,ky_su,TP HCM,7,75.0
KH16389,59.0,8.2,4.2,giao_vien,TP HCM,1,49.0
KH16390,25.0,16.7,13.1,kinh_doanh,Ha Noi,1,83.0
KH16391,34.0,35.8,11.5,ky_su,Ha Noi,1,33.0
KH16392,53.0,4.8,3.7,sinh_vien,Ha Noi,1,91.0
KH16393,34.0,17.0,4.7,nhan_vien,TP HCM,1,31.0
KH16394,26.0,16.0,12.4,nhan_vien,TP HCM,4,92.0
KH16395,37.0,18.9,6.1,kinh_doanh,Da Nang,4,34.0
KH16396,46.0,1.6,0.5,sinh_vien,TP HCM,0,25.0
KH16397,37.0,23.7,15.3,nhan_vien,TP HCM,6,52.0
KH16398,32.0,19.9,14.8,bac_si,Ha Noi,0,65.0
KH16399,21.0,6.9,3.3,sinh_vien,Da Nang,2,43.0
KH16400,40.0,16.8,7.9,nhan_vien,TP HCM,1,46.0
KH16401,57.0,22.0,12.6,kinh_doanh,Ha Noi,5,47.0
KH16402,41.0,23.9,10.3,kinh_doanh,Ha Noi,4,35.0
KH16403,33.0,38.2,22.3,ky_su,TP HCM,6,57.0
KH16404,46.0,25.9,8.2,kinh_doanh,Da Nang,1,33.0
KH16405,27.0,43.0,36.1,kinh_doanh,TP HCM,7,97.0
KH16406,33.0,12.5,5.5,kinh_doanh,Ha Noi,1,43.0
KH16407,45.0,12.3,10.9,kinh_doanh,Hai Phong,2,92.0
KH16408,30.0,35.2,25.7,kinh_doanh,Ha Noi,7,60.0
KH16409,21.0,25.7,14.8,bac_si,Ha Noi,5,63.0
KH16410,38.0,19.5,3.7,giao_vien,Ha Noi,0,19.0
KH16411,35.0,25.3,13.3,nhan_vien,Ha Noi,2,52.0
KH16412,29.0,8.4,6.7,nhan_vien,TP HCM,0,71.0
KH16413,52.0,21.3,9.7,kinh_doanh,Hai Phong,4,49.0
KH16414,20.0,6.2,2.4,nhan_vien,Can Tho,0,45.0
KH16415,31.0,19.5,10.4,nhan_vien,Ha Noi,3,62.0
KH16416,46.0,9.3,5.7,nhan_vien,TP HCM,0,49.0
KH16417,35.0,11.7,6.1,nhan_vien,Can Tho,2,57.0
KH16418,24.0,22.5,10.8,nhan_vien,Ha Noi,2,44.0
KH16419,23.0,10.2,4.3,sinh_vien,Hai Phong,2,51.0
KH16420,21.0,19.2,16.5,giao_vien,Ha Noi,2,94.0
KH16421,41.0,11.7,4.2,ky_su,Can Tho,0,34.0
KH16422,27.0,43.5,18.2,bac_si,Da Nang,4,37.0
KH16423,40.0,19.3,12.8,kinh_doanh,Ha Noi,3,64.0
KH16424,38.0,22.7,15.9,kinh_doanh,TP HCM,3,78.0
KH16425,37.0,11.1,3.8,giao_vien,Ha Noi,0,38.0
KH16426,31.0,5.1,3.6,nhan_vien,Ha Noi,3,76.0
KH16427,45.0,9.3,8.6,giao_vien,Can Tho,3,100.0
KH16428,40.0,21.9,14.2,nhan_vien,Da Nang,7,59.0
KH16429,21.0,32.5,8.9,ky_su,Ha Noi,1,31.0
KH16430,36.0,7.7,2.6,giao_vien,Ha Noi,1,27.0
KH16431,44.0,8.2,5.7,giao_vien,TP HCM,1,78.0
KH16432,39.0,9.3,5.5,nhan_vien,Ha Noi,1,64.0
KH16433,29.0,34.6,14.9,bac_si,Da Nang,3,45.0
KH16434,26.0,35.9,14.1,kinh_doanh,Ha Noi,3,39.0
KH16435,31.0,38.8,16.1,kinh_doanh,TP HCM,4,39.0
KH16436,42.0,20.0,12.4,nhan_vien,TP HCM,1,58.0
KH16437,41.0,15.2,9.1,kinh_doanh,TP HCM,2,48.0
KH16438,30.0,18.1,11.9,kinh_doanh,Ha Noi,4,53.0
KH16439,33.0,55.8,43.2,bac_si,Ha Noi,7,63.0
KH16440,45.0,40.7,33.3,kinh_doanh,Ha Noi,8,66.0
KH16441,23.0,19.4,10.8,ky_su,TP HCM,3,55.0
KH16442,54.0,12.3,7.4,nhan_vien,Can Tho,1,65.0
KH16443,37.0,17.3,15.1,ky_su,TP HCM,4,70.0
KH16444,30.0,24.1,10.6,giao_vien,TP HCM,0,48.0
KH16445,41.0,19.7,15.8,nhan_vien,Da Nang,3,85.0
KH16446,47.0,14.5,8.4,nhan_vien,Ha Noi,2,60.0
KH16447,29.0,12.2,3.4,ky_su,TP HCM,0,23.0
KH16448,24.0,21.2,9.0,kinh_doanh,TP HCM,2,45.0
KH16449,33.0,4.3,1.8,sinh_vien,TP HCM,0,49.0
KH16450,20.0,26.1,9.2,ky_su,Ha Noi,2,41.0
KH16451,43.0,12.7,9.0,ky_su,TP HCM,1,73.0
KH16452,42.0,27.4,20.0,kinh_doanh,TP HCM,8,65.0
KH16453,34.0,10.9,9.9,ky_su,Ha Noi,2,85.0
KH16454,25.0,6.4,7.7,nhan_vien,Can Tho,2,97.0
KH16455,42.0,19.1,10.3,nhan_vien,TP HCM,2,48.0
KH16456,32.0,12.5,4.1,nhan_vien,Ha Noi,1,38.0
KH16457,18.0,13.5,6.2,ky_su,TP HCM,1,45.0
KH16458,18.0,15.1,7.3,nhan_vien,Da Nang,2,44.0
KH16459,49.0,15.6,14.4,nhan_vien,TP HCM,4,89.0
KH16460,18.0,10.6,7.7,nhan_vien,Can Tho,3,87.0
KH16461,32.0,13.6,8.6,ky_su,Ha Noi,2,57.0
KH16462,51.0,25.9,13.2,kinh_doanh,TP HCM,7,45.0
KH16463,31.0,17.2,7.4,nhan_vien,TP HCM,3,46.0
KH16464,36.0,10.2,7.9,giao_vien,Da Nang,2,91.0
KH16465,40.0,13.0,7.4,giao_vien,Da Nang,4,61.0
KH16466,34.0,34.6,23.7,ky_su,Da Nang,9,66.0
KH16467,35.0,20.0,10.4,nhan_vien,TP HCM,0,47.0
KH16468,32.0,19.1,11.0,ky_su,Can Tho,0,66.0
KH16469,33.0,8.2,6.1,nhan_vien,Ha Noi,1,82.0
KH16470,18.0,11.1,5.6,bac_si,Hai Phong,2,45.0
KH16471,34.0,20.4,12.9,ky_su,TP HCM,3,76.0
KH16472,52.0,4.7,4.2,sinh_vien,TP HCM,0,100.0
KH16473,48.0,19.9,14.5,kinh_doanh,TP HCM,4,70.0
KH16474,18.0,10.4,6.6,nhan_vien,Can Tho,1,67.0
KH16475,31.0,6.5,1.0,nhan_vien,TP HCM,0,16.0
KH16476,42.0,32.4,18.0,ky_su,TP HCM,6,46.0
KH16477,47.0,18.8,16.1,kinh_doanh,Ha Noi,5,93.0
KH16478,23.0,22.1,9.2,nhan_vien,TP HCM,4,42.0
KH16479,28.0,24.3,11.0,kinh_doanh,Ha Noi,3,43.0
KH16480,33.0,10.8,5.8,nhan_vien,Ha Noi,2,56.0
KH16481,42.0,58.1,47.5,kinh_doanh,TP HCM,14,87.0
KH16482,42.0,28.1,14.5,kinh_doanh,Can Tho,2,55.0
KH16483,41.0,21.1,8.8,bac_si,Can Tho,2,46.0
KH16484,63.0,18.8,14.0,kinh_doanh,TP HCM,0,86.0
KH16485,53.0,12.3,10.9,nhan_vien,Hai Phong,3,74.0
KH16486,49.0,14.8,14.5,ky_su,TP HCM,3,100.0
KH16487,51.0,24.3,18.5,nhan_vien,Da Nang,7,67.0
KH16488,46.0,13.6,5.5,nhan_vien,Ha Noi,1,41.0
KH16489,39.0,11.9,7.8,giao_vien,TP HCM,2,64.0
KH16490,38.0,50.8,26.2,kinh_doanh,Hai Phong,7,60.0
KH16491,48.0,8.1,6.4,sinh_vien,TP HCM,0,76.0
KH16492,53.0,20.6,15.2,nhan_vien,Hai Phong,4,68.0
KH16493,41.0,40.8,17.7,ky_su,Ha Noi,3,49.0
KH16494,37.0,13.5,4.4,bac_si,Hai Phong,2,31.0
KH16495,43.0,11.3,5.2,kinh_doanh,Da Nang,0,55.0
KH16496,46.0,43.2,25.4,kinh_doanh,Ha Noi,14,63.0
KH16497,31.0,15.2,9.4,ky_su,Da Nang,1,68.0
KH16498,24.0,48.1,38.1,nhan_vien,Ha Noi,4,75.0
KH16499,31.0,20.7,9.1,nhan_vien,TP HCM,1,37.0
KH16500,41.0,15.1,8.6,bac_si,Hai Phong,3,55.0
KH16501,19.0,17.3,10.5,giao_vien,TP HCM,2,61.0
KH16502,37.0,12.3,7.6,ky_su,TP HCM,4,65.0
KH16503,33.0,21.7,18.6,ky_su,TP HCM,3,75.0
KH16504,34.0,24.0,13.4,ky_su,Hai Phong,2,56.0
KH16505,28.0,13.6,7.4,nhan_vien,Hai Phong,0,48.0
KH16506,24.0,7.0,6.3,giao_vien,TP HCM,3,100.0
KH16507,18.0,39.4,16.7,kinh_doanh,Hai Phong,2,35.0
KH16508,38.0,5.8,5.2,giao_vien,Can Tho,1,74.0
KH16509,36.0,22.8,8.6,nhan_vien,Hai Phong,3,41.0
KH16510,34.0,9.5,5.1,giao_vien,Hai Phong,1,43.0
KH16511,42.0,57.7,23.2,bac_si,Can Tho,3,38.0
KH16512,30.0,3.5,0.5,sinh_vien,TP HCM,1,17.0
KH16513,27.0,7.7,4.6,giao_vien,Can Tho,1,55.0
KH16514,24.0,38.2,25.4,kinh_doanh,Hai Phong,9,60.0
KH16515,44.0,9.1,5.3,nhan_vien,Ha Noi,1,59.0
KH16516,41.0,25.5,14.6,nhan_vien,Ha Noi,5,51.0
KH16517,19.0,30.7,25.1,nhan_vien,Da Nang,8,89.0
KH16518,35.0,21.9,16.5,nhan_vien,Da Nang,8,84.0
KH16519,48.0,7.6,3.6,sinh_vien,Hai Phong,1,39.0
KH16520,40.0,26.1,14.5,nhan_vien,Ha Noi,2,45.0
KH16521,29.0,5.6,1.3,sinh_vien,Can Tho,1,19.0
KH16522,46.0,26.5,14.2,ky_su,TP HCM,1,58.0
KH16523,49.0,20.9,9.2,ky_su,TP HCM,1,37.0
KH16524,54.0,8.7,9.1,nhan_vien,Ha Noi,4,100.0
KH16525,27.0,30.3,25.0,bac_si,Ha Noi,7,76.0
KH16526,26.0,17.0,13.8,bac_si,TP HCM,2,88.0
KH16527,38.0,6.5,2.6,ky_su,Ha Noi,0,39.0
KH16528,51.0,33.3,22.9,ky_su,TP HCM,4,68.0
KH16529,46.0,27.6,21.4,nhan_vien,TP HCM,7,64.0
KH16530,18.0,29.7,23.7,ky_su,Can Tho,6,79.0
KH16531,37.0,24.3,13.8,nhan_vien,Can Tho,6,46.0
KH16532,27.0,8.9,3.7,sinh_vien,TP HCM,3,39.0
KH16533,39.0,12.7,2.6,giao_vien,TP HCM,1,21.0
KH16534,39.0,17.0,14.9,nhan_vien,Can Tho,5,83.0
KH16535,21.0,20.3,8.0,nhan_vien,TP HCM,1,45.0
KH16536,50.0,32.4,24.0,ky_su,Hai Phong,8,63.0
KH16537,41.0,15.4,9.0,giao_vien,Hai Phong,5,64.0
KH16538,35.0,17.5,10.2,nhan_vien,TP HCM,3,50.0
KH16539,20.0,5.9,1.7,sinh_vien,Da Nang,1,31.0
KH16540,34.0,14.1,13.3,nhan_vien,Ha Noi,5,93.0
KH16541,20.0,17.4,8.6,nhan_vien,TP HCM,0,42.0
KH16542,46.0,23.2,9.7,kinh_doanh,Can Tho,1,43.0
KH16543,53.0,28.6,15.0,kinh_doanh,Ha Noi,4,62.0
KH16544,39.0,5.9,5.5,sinh_vien,Ha Noi,3,96.0
KH16545,48.0,24.8,19.5,kinh_doanh,Da Nang,6,80.0
KH16546,49.0,16.5,5.6,ky_su,TP HCM,1,38.0
KH16547,26.0,11.7,6.3,nhan_vien,Da Nang,0,59.0
KH16548,40.0,30.5,23.1,nhan_vien,TP HCM,2,66.0
KH16549,34.0,36.5,24.7,ky_su,TP HCM,9,73.0
KH16550,54.0,29.1,9.7,ky_su,Ha Noi,3,37.0
KH16551,26.0,32.0,24.1,ky_su,Da Nang,9,65.0
KH16552,29.0,18.6,11.7,ky_su,Ha Noi,4,55.0
KH16553,40.0,20.8,11.6,bac_si,TP HCM,3,49.0
KH16554,42.0,29.1,21.0,giao_vien,TP HCM,5,82.0
KH16555,18.0,49.5,20.4,kinh_doanh,TP HCM,1,39.0
KH16556,36.0,20.1,16.3,giao_vien,Ha Noi,5,95.0
KH16557,52.0,11.3,8.6,nhan_vien,TP HCM,3,62.0
KH16558,40.0,13.0,9.6,nhan_vien,TP HCM,1,66.0
KH16559,36.0,27.1,10.6,nhan_vien,Hai Phong,3,39.0
KH16560,24.0,3.9,1.7,giao_vien,TP HCM,0,44.0
KH16561,25.0,9.6,4.8,nhan_vien,Ha Noi,1,57.0
KH16562,29.0,37.3,19.0,ky_su,Ha Noi,3,46.0
KH16563,53.0,34.9,22.6,bac_si,TP HCM,4,55.0
KH16564,32.0,34.3,22.3,nhan_vien,Hai Phong,6,60.0
KH16565,44.0,30.6,24.7,kinh_doanh,Hai Phong,6,71.0
KH16566,31.0,34.9,18.3,kinh_doanh,Ha Noi,4,48.0
KH16567,36.0,8.9,5.1,nhan_vien,Hai Phong,3,49.0
KH16568,43.0,21.4,8.0,giao_vien,TP HCM,3,35.0
KH16569,44.0,23.0,9.5,kinh_doanh,Ha Noi,3,41.0
KH16570,24.0,4.7,3.8,sinh_vien,TP HCM,1,91.0
KH16571,19.0,4.5,3.9,sinh_vien,TP HCM,0,73.0
KH16572,35.0,56.8,28.3,bac_si,Ha Noi,5,57.0
KH16573,75.0,23.4,16.2,bac_si,TP HCM,3,73.0
KH16574,41.0,10.2,8.2,giao_vien,TP HCM,4,83.0
KH16575,44.0,9.1,2.5,nhan_vien,TP HCM,0,30.0
KH16576,33.0,29.1,26.3,bac_si,TP HCM,9,100.0
KH16577,50.0,30.4,14.4,bac_si,Ha Noi,3,47.0
KH16578,55.0,37.8,11.8,bac_si,TP HCM,1,29.0
KH16579,18.0,17.0,8.8,bac_si,TP HCM,1,60.0
KH16580,48.0,22.1,13.4,nhan_vien,Can Tho,4,69.0
KH16581,29.0,15.0,11.3,nhan_vien,Ha Noi,2,74.0
KH16582,28.0,37.8,20.6,bac_si,TP HCM,3,62.0
KH16583,27.0,10.4,3.4,giao_vien,TP HCM,0,29.0
KH16584,35.0,31.9,15.0,giao_vien,Ha Noi,4,55.0
KH16585,39.0,23.2,19.1,kinh_doanh,Ha Noi,3,66.0
KH16586,47.0,5.2,5.0,giao_vien,Ha Noi,0,90.0
KH16587,43.0,24.2,18.7,nhan_vien,Ha Noi,6,73.0
KH16588,28.0,36.4,28.8,ky_su,Ha Noi,7,75.0
KH16589,23.0,6.5,7.2,sinh_vien,Da Nang,1,96.0
KH16590,43.0,6.4,4.1,nhan_vien,Hai Phong,0,68.0
KH16591,18.0,11.1,6.7,nhan_vien,TP HCM,1,66.0
KH16592,24.0,14.0,10.5,nhan_vien,Ha Noi,1,84.0
KH16593,18.0,13.9,8.1,nhan_vien,Da Nang,1,48.0
KH16594,43.0,12.2,8.2,nhan_vien,Hai Phong,0,56.0
KH16595,40.0,34.4,21.5,nhan_vien,TP HCM,8,69.0
KH16596,31.0,7.2,4.6,giao_vien,Da Nang,2,57.0
KH16597,31.0,11.1,2.9,nhan_vien,TP HCM,2,23.0
KH16598,46.0,10.8,5.3,giao_vien,TP HCM,1,41.0
KH16599,34.0,6.2,5.7,ky_su,Ha Noi,2,96.0
KH16600,33.0,5.6,3.6,sinh_vien,TP HCM,1,60.0
KH16601,27.0,23.2,19.9,ky_su,TP HCM,6,69.0
KH16602,51.0,9.8,4.5,sinh_vien,Ha Noi,0,42.0
KH16603,27.0,5.2,2.9,sinh_vien,TP HCM,1,62.0
KH16604,44.0,32.2,18.5,kinh_doanh,TP HCM,3,52.0
KH16605,29.0,11.1,4.4,sinh_vien,Ha Noi,0,33.0
KH16606,18.0,32.6,25.2,ky_su,Ha Noi,9,69.0
KH16607,28.0,17.6,10.8,nhan_vien,Ha Noi,2,55.0
KH16608,57.0,20.7,7.2,giao_vien,TP HCM,1,39.0
KH16609,31.0,10.4,4.9,giao_vien,Can Tho,0,56.0
KH16610,43.0,3.8,3.9,sinh_vien,Da Nang,2,100.0
KH16611,47.0,23.0,15.3,ky_su,TP HCM,1,55.0
KH16612,47.0,26.9,8.5,ky_su,TP HCM,1,28.0
KH16613,27.0,9.2,5.1,nhan_vien,TP HCM,2,62.0
KH16614,38.0,58.0,46.2,nhan_vien,TP HCM,12,67.0
KH16615,42.0,14.2,8.0,nhan_vien,Can Tho,1,61.0
KH16616,27.0,24.9,10.2,bac_si,TP HCM,3,37.0
KH16617,29.0,23.7,9.2,bac_si,TP HCM,3,42.0
KH16618,39.0,12.9,11.4,giao_vien,Hai Phong,4,74.0
KH16619,32.0,6.2,0.6,sinh_vien,Hai Phong,0,10.0
KH16620,33.0,6.0,3.4,nhan_vien,TP HCM,1,61.0
KH16621,40.0,2.4,1.6,nhan_vien,Ha Noi,0,54.0
KH16622,31.0,27.6,11.2,ky_su,Hai Phong,2,34.0
KH16623,26.0,62.6,49.7,ky_su,Can Tho,14,86.0
KH16624,48.0,19.7,10.9,bac_si,TP HCM,1,57.0
KH16625,49.0,15.6,11.7,kinh_doanh,Da Nang,3,85.0
KH16626,23.0,17.2,9.7,giao_vien,Ha Noi,3,46.0
KH16627,35.0,23.0,14.6,kinh_doanh,Hai Phong,2,51.0
KH16628,34.0,21.6,15.2,bac_si,Da Nang,1,63.0
KH16629,34.0,31.7,25.0,ky_su,Can Tho,9,88.0
KH16630,46.0,25.9,14.9,bac_si,Can Tho,4,65.0
KH16631,34.0,10.3,4.2,kinh_doanh,Hai Phong,2,36.0
KH16632,40.0,6.7,2.5,sinh_vien,Ha Noi,0,40.0
KH16633,29.0,26.3,17.4,ky_su,TP HCM,1,58.0
KH16634,41.0,24.5,15.2,nhan_vien,TP HCM,5,70.0
KH16635,33.0,35.8,24.7,bac_si,TP HCM,6,68.0
KH16636,61.0,25.6,16.0,bac_si,Ha Noi,4,73.0
KH16637,38.0,5.9,4.4,nhan_vien,Ha Noi,1,66.0
KH16638,18.0,48.1,29.5,ky_su,TP HCM,10,50.0
KH16639,30.0,31.6,21.0,ky_su,Da Nang,9,66.0
KH16640,35.0,11.0,7.0,nhan_vien,Ha Noi,0,76.0
KH16641,40.0,31.8,22.0,nhan_vien,TP HCM,5,81.0
KH16642,27.0,6.0,0.9,nhan_vien,Ha Noi,0,16.0
KH16643,32.0,4.6,3.5,sinh_vien,Ha Noi,0,83.0
KH16644,19.0,22.3,8.4,nhan_vien,TP HCM,1,34.0
KH16645,50.0,14.2,9.2,giao_vien,Ha Noi,1,70.0
KH16646,18.0,27.2,11.5,ky_su,Hai Phong,3,48.0
KH16647,45.0,5.7,4.3,ky_su,Ha Noi,2,76.0
KH16648,32.0,14.2,10.5,ky_su,TP HCM,1,77.0
KH16649,54.0,14.9,5.1,nhan_vien,Ha Noi,0,28.0
KH16650,35.0,12.8,9.5,ky_su,Da Nang,0,83.0
KH16651,45.0,30.4,14.6,nhan_vien,Ha Noi,3,46.0
KH16652,48.0,30.5,13.9,ky_su,Can Tho,5,53.0
KH16653,18.0,94.3,66.9,bac_si,Ha Noi,9,81.0
KH16654,40.0,9.3,3.3,nhan_vien,Hai Phong,0,38.0
KH16655,19.0,16.5,6.9,nhan_vien,TP HCM,2,47.0
KH16656,31.0,2.4,0.7,sinh_vien,Da Nang,1,32.0
KH16657,40.0,33.2,19.0,ky_su,TP HCM,5,48.0
KH16658,53.0,4.1,0.5,sinh_vien,Da Nang,0,11.0
KH16659,32.0,27.3,19.4,bac_si,Ha Noi,4,83.0
KH16660,43.0,35.4,26.2,kinh_doanh,TP HCM,8,74.0
KH16661,39.0,13.6,10.7,nhan_vien,Ha Noi,5,91.0
KH16662,18.0,18.5,6.1,kinh_doanh,TP HCM,1,34.0
KH16663,43.0,5.2,3.0,sinh_vien,Ha Noi,1,61.0
KH16664,44.0,38.2,25.1,ky_su,TP HCM,7,74.0
KH16665,50.0,17.4,13.0,nhan_vien,Ha Noi,2,64.0
KH16666,18.0,11.5,7.5,sinh_vien,Ha Noi,2,61.0
KH16667,46.0,13.1,13.4,nhan_vien,Ha Noi,2,100.0
KH16668,52.0,11.1,7.0,nhan_vien,TP HCM,1,63.0
KH16669,42.0,18.6,7.9,nhan_vien,Ha Noi,2,36.0
KH16670,28.0,6.8,5.7,sinh_vien,Can Tho,1,78.0
KH16671,18.0,12.8,8.2,giao_vien,TP HCM,2,55.0
KH16672,38.0,30.8,12.0,ky_su,Ha Noi,5,37.0
KH16673,22.0,4.5,1.6,sinh_vien,TP HCM,0,30.0
KH16674,27.0,34.0,10.9,ky_su,TP HCM,1,33.0
KH16675,26.0,10.4,4.5,nhan_vien,Ha Noi,1,39.0
KH16676,46.0,10.1,5.1,giao_vien,Da Nang,0,49.0
KH16677,43.0,18.3,12.5,giao_vien,Da Nang,2,64.0
KH16678,25.0,40.4,28.9,kinh_doanh,Ha Noi,6,84.0
KH16679,32.0,12.7,9.0,nhan_vien,Da Nang,3,59.0
KH16680,46.0,29.4,18.1,kinh_doanh,Ha Noi,0,68.0
KH16681,41.0,4.0,0.5,sinh_vien,TP HCM,0,13.0
KH16682,42.0,5.3,1.8,giao_vien,Ha Noi,0,33.0
KH16683,42.0,26.5,12.0,nhan_vien,Ha Noi,2,42.0
KH16684,18.0,4.8,2.7,sinh_vien,TP HCM,0,58.0
KH16685,37.0,17.0,13.1,ky_su,Can Tho,4,82.0
KH16686,33.0,49.1,39.6,ky_su,Da Nang,11,80.0
KH16687,38.0,21.6,11.9,ky_su,TP HCM,4,59.0
KH16688,46.0,18.2,10.6,kinh_doanh,TP HCM,1,58.0
KH16689,21.0,22.1,12.2,giao_vien,TP HCM,4,61.0
KH16690,32.0,19.1,14.4,kinh_doanh,TP HCM,4,68.0
KH16691,33.0,30.3,26.4,ky_su,Ha Noi,7,99.0
KH16692,46.0,35.9,26.7,bac_si,TP HCM,7,72.0
KH16693,32.0,20.7,7.8,nhan_vien,TP HCM,3,37.0
KH16694,27.0,27.1,18.4,nhan_vien,Da Nang,8,60.0
KH16695,49.0,28.9,17.6,bac_si,Hai Phong,2,72.0
KH16696,31.0,22.5,16.7,nhan_vien,TP HCM,2,85.0
KH16697,52.0,34.6,20.4,ky_su,Can Tho,2,70.0
KH16698,40.0,25.8,20.6,bac_si,Hai Phong,6,78.0
KH16699,32.0,21.8,14.7,nhan_vien,Da Nang,4,73.0
KH16700,44.0,14.5,8.6,giao_vien,TP HCM,1,49.0
KH16701,35.0,19.3,14.6,giao_vien,Da Nang,9,68.0
KH16702,40.0,11.1,4.4,nhan_vien,Ha Noi,0,34.0
KH16703,57.0,4.8,2.4,sinh_vien,Hai Phong,0,50.0
KH16704,34.0,14.6,11.1,nhan_vien,Hai Phong,2,90.0
KH16705,18.0,9.3,4.8,ky_su,Ha Noi,1,55.0
KH16706,18.0,18.9,7.4,ky_su,TP HCM,2,35.0
KH16707,25.0,15.2,6.5,ky_su,Hai Phong,1,50.0
KH16708,40.0,14.4,13.5,nhan_vien,Da Nang,3,91.0
KH16709,26.0,23.2,18.3,nhan_vien,Da Nang,6,64.0
KH16710,46.0,19.3,5.2,nhan_vien,Hai Phong,0,29.0
KH16711,38.0,20.1,6.7,nhan_vien,Ha Noi,1,30.0
KH16712,35.0,15.3,14.5,giao_vien,TP HCM,2,87.0
KH16713,52.0,54.4,39.1,bac_si,Ha Noi,3,63.0
KH16714,38.0,21.4,12.5,giao_vien,Ha Noi,1,62.0
KH16715,47.0,42.9,15.9,ky_su,Ha Noi,1,34.0
KH16716,39.0,19.7,14.6,ky_su,Can Tho,1,72.0
KH16717,27.0,6.3,4.1,sinh_vien,Can Tho,3,71.0
KH16718,27.0,21.2,11.5,giao_vien,TP HCM,4,64.0
KH16719,21.0,28.9,22.1,kinh_doanh,TP HCM,5,66.0
KH16720,39.0,25.9,18.1,kinh_doanh,Hai Phong,0,77.0
KH16721,18.0,12.9,8.7,giao_vien,Ha Noi,0,79.0
KH16722,30.0,23.4,13.6,nhan_vien,Ha Noi,4,54.0
KH16723,51.0,14.3,11.0,bac_si,Da Nang,8,88.0
KH16724,26.0,6.2,1.3,sinh_vien,TP HCM,0,19.0
KH16725,53.0,7.3,4.7,nhan_vien,TP HCM,2,69.0
KH16726,18.0,16.7,10.2,kinh_doanh,Ha Noi,0,57.0
KH16727,33.0,24.3,19.3,kinh_doanh,TP HCM,2,88.0
KH16728,18.0,9.1,2.5,sinh_vien,TP HCM,3,28.0
KH16729,28.0,33.0,23.0,kinh_doanh,Ha Noi,4,71.0
KH16730,33.0,19.0,8.2,kinh_doanh,TP HCM,1,50.0
KH16731,38.0,5.6,5.1,giao_vien,TP HCM,0,77.0
KH16732,48.0,15.0,5.1,ky_su,Da Nang,0,29.0
KH16733,31.0,9.7,4.5,nhan_vien,Ha Noi,3,45.0
KH16734,21.0,27.4,18.9,nhan_vien,Ha Noi,3,73.0
KH16735,18.0,28.4,14.1,ky_su,Hai Phong,5,40.0
KH16736,48.0,22.3,10.5,kinh_doanh,Ha Noi,5,49.0
KH16737,34.0,26.7,17.8,ky_su,Da Nang,3,71.0
KH16738,53.0,20.2,8.3,giao_vien,TP HCM,2,44.0
KH16739,18.0,16.7,11.5,giao_vien,Ha Noi,4,73.0
KH16740,62.0,5.6,4.4,giao_vien,Hai Phong,1,74.0
KH16741,45.0,34.6,16.8,ky_su,TP HCM,2,54.0
KH16742,34.0,11.4,4.1,nhan_vien,TP HCM,1,39.0
KH16743,37.0,12.4,11.1,kinh_doanh,TP HCM,0,95.0
KH16744,43.0,18.8,15.1,nhan_vien,Ha Noi,3,85.0
KH16745,29.0,21.9,9.9,kinh_doanh,Ha Noi,2,39.0
KH16746,44.0,29.9,16.8,nhan_vien,Ha Noi,2,50.0
KH16747,18.0,15.7,11.0,bac_si,Hai Phong,1,77.0
KH16748,18.0,14.2,10.0,nhan_vien,TP HCM,3,67.0
KH16749,31.0,40.4,31.8,kinh_doanh,TP HCM,4,66.0
KH16750,36.0,18.0,14.9,ky_su,Hai Phong,2,71.0
KH16751,19.0,14.0,6.0,bac_si,TP HCM,1,36.0
KH16752,22.0,5.0,2.3,sinh_vien,Can Tho,1,38.0
KH16753,20.0,33.8,18.7,ky_su,Can Tho,4,58.0
KH16754,41.0,13.1,5.9,giao_vien,TP HCM,0,49.0
KH16755,30.0,19.2,15.4,ky_su,Ha Noi,1,67.0
KH16756,35.0,25.1,7.3,nhan_vien,Hai Phong,2,32.0
KH16757,45.0,22.6,15.0,nhan_vien,Can Tho,1,76.0
KH16758,35.0,24.2,13.7,kinh_doanh,Da Nang,2,49.0
KH16759,45.0,16.7,9.3,giao_vien,Hai Phong,5,55.0
KH16760,37.0,28.9,16.3,nhan_vien,Can Tho,3,54.0
KH16761,27.0,19.0,14.8,ky_su,Ha Noi,5,73.0
KH16762,18.0,16.2,6.4,giao_vien,Hai Phong,4,39.0
KH16763,29.0,25.6,21.1,kinh_doanh,TP HCM,5,74.0
KH16764,30.0,3.5,1.7,sinh_vien,Ha Noi,0,45.0
KH16765,18.0,6.1,0.5,giao_vien,Can Tho,1,9.0
KH16766,35.0,8.3,2.4,sinh_vien,Ha Noi,2,31.0
KH16767,46.0,12.9,8.4,kinh_doanh,TP HCM,0,76.0
KH16768,35.0,24.6,19.6,bac_si,Da Nang,4,67.0
KH16769,33.0,25.5,11.6,kinh_doanh,Hai Phong,3,40.0
KH16770,26.0,11.1,7.0,giao_vien,TP HCM,0,70.0
KH16771,27.0,4.8,1.9,sinh_vien,Da Nang,1,33.0
KH16772,35.0,24.1,9.0,nhan_vien,TP HCM,3,32.0
KH16773,31.0,34.8,13.4,ky_su,Can Tho,4,34.0
KH16774,32.0,16.3,11.9,bac_si,Ha Noi,1,63.0
KH16775,45.0,14.2,9.8,nhan_vien,TP HCM,4,59.0
KH16776,47.0,7.2,3.5,nhan_vien,Da Nang,2,44.0
KH16777,43.0,108.2,50.2,ky_su,TP HCM,16,55.0
KH16778,45.0,19.2,19.6,bac_si,Hai Phong,4,97.0
KH16779,41.0,13.3,8.9,nhan_vien,Hai Phong,0,65.0
KH16780,55.0,5.3,3.4,sinh_vien,Ha Noi,0,69.0
KH16781,18.0,8.6,2.3,sinh_vien,Da Nang,0,29.0
KH16782,18.0,42.4,16.4,kinh_doanh,Ha Noi,1,37.0
KH16783,20.0,11.6,5.2,giao_vien,TP HCM,0,37.0
KH16784,26.0,25.6,9.9,ky_su,TP HCM,6,38.0
KH16785,35.0,32.9,26.5,bac_si,Hai Phong,8,75.0
KH16786,46.0,3.9,4.2,sinh_vien,TP HCM,3,100.0
KH16787,18.0,14.4,11.5,nhan_vien,TP HCM,1,70.0
KH16788,24.0,2.3,0.5,sinh_vien,Can Tho,0,18.0
KH16789,30.0,11.4,7.5,nhan_vien,Da Nang,0,61.0
KH16790,41.0,10.3,6.7,nhan_vien,Hai Phong,0,74.0
KH16791,38.0,13.3,4.9,ky_su,Hai Phong,2,30.0
KH16792,39.0,11.3,7.6,ky_su,Da Nang,1,57.0
KH16793,45.0,23.6,14.4,bac_si,TP HCM,4,58.0
KH16794,41.0,15.0,12.9,giao_vien,Da Nang,2,88.0
KH16795,26.0,31.8,27.4,nhan_vien,Ha Noi,6,86.0
KH16796,53.0,12.1,12.2,nhan_vien,Ha Noi,2,100.0
KH16797,24.0,15.1,7.5,giao_vien,Hai Phong,1,53.0
KH16798,37.0,41.2,35.0,kinh_doanh,TP HCM,10,85.0
KH16799,40.0,27.2,21.2,ky_su,Can Tho,5,88.0
KH16800,19.0,15.6,6.0,ky_su,Ha Noi,0,40.0
KH16801,43.0,6.6,2.5,nhan_vien,Da Nang,0,40.0
KH16802,29.0,9.1,9.9,nhan_vien,TP HCM,0,100.0
KH16803,21.0,11.3,6.7,nhan_vien,TP HCM,1,71.0
KH16804,41.0,59.6,32.7,ky_su,Can Tho,8,48.0
KH16805,41.0,25.4,18.0,nhan_vien,Ha Noi,5,81.0
KH16806,30.0,10.1,7.0,nhan_vien,Ha Noi,1,77.0
KH16807,47.0,18.6,9.2,giao_vien,Ha Noi,2,54.0
KH16808,32.0,17.6,9.5,ky_su,Da Nang,4,52.0
KH16809,50.0,32.1,16.7,nhan_vien,Da Nang,1,56.0
KH16810,45.0,21.4,7.6,nhan_vien,Hai Phong,0,40.0
KH16811,59.0,16.6,8.9,ky_su,Hai Phong,0,49.0
KH16812,25.0,18.9,7.9,nhan_vien,TP HCM,2,35.0
KH16813,42.0,7.5,5.8,nhan_vien,TP HCM,1,74.0
KH16814,27.0,28.9,11.6,kinh_doanh,TP HCM,2,32.0
KH16815,33.0,26.2,14.5,ky_su,TP HCM,7,54.0
KH16816,28.0,19.2,15.6,ky_su,Ha Noi,4,89.0
KH16817,51.0,13.5,9.5,giao_vien,Can Tho,7,67.0
KH16818,30.0,37.4,23.4,kinh_doanh,Hai Phong,4,64.0
KH16819,45.0,16.7,6.4,ky_su,Hai Phong,3,41.0
KH16820,52.0,43.4,21.7,ky_su,Ha Noi,5,50.0
KH16821,32.0,29.8,16.1,bac_si,Ha Noi,3,59.0
KH16822,54.0,8.2,4.5,sinh_vien,Can Tho,1,47.0
KH16823,25.0,15.9,7.2,nhan_vien,TP HCM,6,51.0
KH16824,61.0,20.3,12.5,nhan_vien,Hai Phong,3,61.0
KH16825,31.0,27.3,15.0,ky_su,TP HCM,2,63.0
KH16826,18.0,3.4,0.5,nhan_vien,Da Nang,0,13.0
KH16827,58.0,8.3,4.0,nhan_vien,Da Nang,1,50.0
KH16828,29.0,17.6,10.7,ky_su,Ha Noi,1,58.0
KH16829,33.0,21.3,5.0,ky_su,TP HCM,0,19.0
KH16830,36.0,15.1,11.0,sinh_vien,TP HCM,4,59.0
KH16831,37.0,19.8,15.8,ky_su,Da Nang,4,73.0
KH16832,27.0,21.5,12.5,giao_vien,Can Tho,1,61.0
KH16833,43.0,9.6,6.0,nhan_vien,TP HCM,2,57.0
KH16834,21.0,14.0,10.0,giao_vien,TP HCM,4,79.0
KH16835,26.0,30.3,12.0,ky_su,TP HCM,3,42.0
KH16836,18.0,15.3,8.1,giao_vien,Ha Noi,1,56.0
KH16837,51.0,8.7,5.0,nhan_vien,Hai Phong,1,48.0
KH16838,25.0,60.8,46.1,kinh_doanh,TP HCM,10,76.0
KH16839,42.0,17.6,7.6,ky_su,Da Nang,2,41.0
KH16840,48.0,11.3,8.0,sinh_vien,Hai Phong,1,59.0
KH16841,26.0,20.2,14.5,nhan_vien,TP HCM,4,77.0
KH16842,34.0,41.5,22.3,kinh_doanh,TP HCM,5,45.0
KH16843,18.0,14.1,13.6,nhan_vien,Ha Noi,4,99.0
KH16844,28.0,18.8,8.9,kinh_doanh,TP HCM,5,55.0
KH16845,38.0,8.0,5.5,giao_vien,TP HCM,1,63.0
KH16846,61.0,10.7,8.3,nhan_vien,Hai Phong,3,83.0
KH16847,33.0,22.5,17.2,giao_vien,Can Tho,3,69.0
KH16848,30.0,16.5,6.0,kinh_doanh,Ha Noi,0,34.0
KH16849,50.0,13.0,5.3,giao_vien,Can Tho,2,40.0
KH16850,44.0,11.5,5.3,giao_vien,TP HCM,1,44.0
KH16851,41.0,5.3,1.6,giao_vien,Ha Noi,0,29.0
KH16852,39.0,16.4,7.3,nhan_vien,TP HCM,4,43.0
KH16853,43.0,30.8,17.5,kinh_doanh,Ha Noi,4,51.0
KH16854,31.0,9.0,8.6,sinh_vien,TP HCM,3,84.0
KH16855,41.0,38.5,22.2,ky_su,Ha Noi,9,69.0
KH16856,34.0,13.5,9.4,nhan_vien,Hai Phong,2,70.0
KH16857,32.0,16.7,10.1,ky_su,Ha Noi,1,71.0
KH16858,24.0,39.7,32.5,bac_si,Ha Noi,7,70.0
KH16859,45.0,15.2,4.0,bac_si,TP HCM,1,23.0
KH16860,26.0,11.1,7.5,ky_su,TP HCM,2,73.0
KH16861,40.0,36.5,33.1,bac_si,Can Tho,6,86.0
KH16862,37.0,35.1,22.5,giao_vien,Ha Noi,5,55.0
KH16863,41.0,13.7,7.8,kinh_doanh,TP HCM,1,58.0
KH16864,36.0,24.5,20.1,kinh_doanh,Can Tho,4,91.0
KH16865,49.0,18.7,9.8,bac_si,Hai Phong,1,54.0
KH16866,32.0,8.2,5.0,giao_vien,TP HCM,1,72.0
KH16867,36.0,56.9,43.9,kinh_doanh,TP HCM,17,62.0
KH16868,30.0,17.0,10.9,bac_si,Can Tho,1,73.0
KH16869,37.0,36.2,26.3,ky_su,Ha Noi,3,58.0
KH16870,24.0,58.2,43.5,kinh_doanh,Ha Noi,8,80.0
KH16871,35.0,16.7,6.2,giao_vien,Ha Noi,0,31.0
KH16872,22.0,28.6,10.3,ky_su,Ha Noi,0,35.0
KH16873,47.0,21.6,8.4,ky_su,Hai Phong,2,39.0
KH16874,18.0,23.7,8.5,nhan_vien,Da Nang,4,38.0
KH16875,28.0,13.2,4.0,ky_su,TP HCM,2,27.0
KH16876,27.0,14.6,10.2,nhan_vien,Ha Noi,3,58.0
KH16877,29.0,23.1,10.3,kinh_doanh,Ha Noi,0,51.0
KH16878,37.0,16.3,9.3,bac_si,Ha Noi,3,63.0
KH16879,35.0,12.6,11.8,nhan_vien,Hai Phong,2,100.0
KH16880,35.0,23.2,12.9,ky_su,Ha Noi,4,59.0
KH16881,55.0,19.4,15.6,kinh_doanh,Can Tho,1,76.0
KH16882,60.0,13.3,9.7,giao_vien,Ha Noi,0,82.0
KH16883,42.0,47.1,24.7,ky_su,TP HCM,8,57.0
KH16884,38.0,9.1,7.9,giao_vien,TP HCM,3,75.0
KH16885,32.0,16.6,10.5,nhan_vien,TP HCM,3,64.0
KH16886,35.0,23.7,10.1,bac_si,Ha Noi,2,46.0
KH16887,47.0,23.9,19.7,nhan_vien,Ha Noi,5,92.0
KH16888,35.0,25.3,18.8,kinh_doanh,Ha Noi,5,78.0
KH16889,19.0,5.1,2.2,giao_vien,TP HCM,1,41.0
KH16890,28.0,7.9,2.2,sinh_vien,Can Tho,1,32.0
KH16891,18.0,3.9,2.2,sinh_vien,Da Nang,0,55.0
KH16892,18.0,23.6,16.0,kinh_doanh,Da Nang,0,72.0
KH16893,32.0,21.4,10.4,nhan_vien,TP HCM,2,46.0
KH16894,34.0,13.3,9.6,nhan_vien,TP HCM,0,62.0
KH16895,60.0,32.8,24.1,ky_su,Hai Phong,7,66.0
KH16896,39.0,49.8,20.5,ky_su,TP HCM,7,36.0
KH16897,29.0,28.6,10.8,kinh_doanh,Ha Noi,3,34.0
KH16898,43.0,49.0,33.4,kinh_doanh,Ha Noi,8,57.0
KH16899,48.0,19.4,11.6,nhan_vien,TP HCM,4,49.0
KH16900,35.0,8.8,5.2,nhan_vien,TP HCM,2,63.0
KH16901,38.0,35.6,20.5,ky_su,Can Tho,5,47.0
KH16902,38.0,17.2,13.9,nhan_vien,Hai Phong,4,68.0
KH16903,23.0,23.6,9.7,ky_su,Can Tho,0,47.0
KH16904,46.0,14.7,12.1,nhan_vien,Ha Noi,6,70.0
KH16905,25.0,5.8,4.2,nhan_vien,Ha Noi,2,58.0
KH16906,36.0,6.0,2.0,sinh_vien,Ha Noi,0,34.0
KH16907,37.0,35.2,16.2,nhan_vien,Ha Noi,6,46.0
KH16908,36.0,4.5,0.5,sinh_vien,TP HCM,0,10.0
KH16909,46.0,25.4,20.7,bac_si,Can Tho,2,77.0
KH16910,39.0,41.2,21.4,kinh_doanh,TP HCM,6,49.0
KH16911,42.0,20.2,10.1,ky_su,TP HCM,1,55.0
KH16912,36.0,17.4,11.8,nhan_vien,TP HCM,1,67.0
KH16913,48.0,29.4,21.8,bac_si,Da Nang,10,85.0
KH16914,31.0,19.4,7.0,kinh_doanh,Can Tho,1,38.0
KH16915,45.0,18.1,7.8,nhan_vien,TP HCM,1,50.0
KH16916,36.0,43.0,27.0,bac_si,Ha Noi,5,68.0
KH16917,38.0,15.0,9.8,giao_vien,Can Tho,4,64.0
KH16918,49.0,18.7,12.6,giao_vien,Ha Noi,3,79.0
KH16919,18.0,13.2,9.2,nhan_vien,TP HCM,0,59.0
KH16920,59.0,40.2,19.2,ky_su,Ha Noi,5,54.0
KH16921,49.0,5.7,4.8,sinh_vien,TP HCM,2,80.0
KH16922,52.0,2.0,0.5,sinh_vien,Ha Noi,0,24.0
KH16923,27.0,8.6,2.8,nhan_vien,Da Nang,0,27.0
KH16924,41.0,26.8,14.1,kinh_doanh,TP HCM,1,53.0
KH16925,33.0,10.8,4.4,nhan_vien,Da Nang,1,39.0
KH16926,28.0,26.6,11.1,ky_su,TP HCM,2,49.0
KH16927,19.0,11.6,5.1,ky_su,Da Nang,1,39.0
KH16928,38.0,17.9,8.3,kinh_doanh,Hai Phong,1,44.0
KH16929,43.0,45.8,16.7,kinh_doanh,TP HCM,4,40.0
KH16930,42.0,14.8,7.0,ky_su,TP HCM,2,52.0
KH16931,42.0,8.8,6.6,ky_su,TP HCM,1,85.0
KH16932,38.0,10.1,5.2,giao_vien,Can Tho,1,61.0
KH16933,28.0,28.0,19.3,nhan_vien,Hai Phong,6,72.0
KH16934,42.0,24.8,17.8,ky_su,TP HCM,3,86.0
KH16935,55.0,18.5,10.8,ky_su,Hai Phong,2,51.0
KH16936,25.0,9.2,6.8,nhan_vien,Ha Noi,3,70.0
KH16937,40.0,32.3,15.7,bac_si,Da Nang,6,44.0
KH16938,56.0,16.9,10.2,ky_su,TP HCM,1,50.0
KH16939,51.0,16.6,10.6,kinh_doanh,TP HCM,2,54.0
KH16940,34.0,32.3,26.1,ky_su,TP HCM,6,77.0
KH16941,21.0,6.3,3.6,nhan_vien,Can Tho,0,53.0
KH16942,54.0,12.6,5.7,nhan_vien,Ha Noi,2,45.0
KH16943,18.0,26.9,16.4,kinh_doanh,TP HCM,1,57.0
KH16944,42.0,40.6,26.0,nhan_vien,TP HCM,11,71.0
KH16945,23.0,52.6,34.8,bac_si,Ha Noi,5,79.0
KH16946,18.0,13.7,6.3,nhan_vien,TP HCM,0,45.0
KH16947,37.0,12.8,7.3,nhan_vien,Da Nang,3,66.0
KH16948,36.0,12.1,7.6,nhan_vien,Ha Noi,1,57.0
KH16949,47.0,25.1,9.3,kinh_doanh,TP HCM,4,30.0
KH16950,24.0,25.4,8.1,ky_su,Hai Phong,0,35.0
KH16951,18.0,22.1,20.9,ky_su,Hai Phong,7,100.0
KH16952,48.0,17.9,13.9,bac_si,Ha Noi,4,69.0
KH16953,39.0,16.6,6.3,giao_vien,Hai Phong,1,39.0
KH16954,44.0,21.5,12.0,nhan_vien,TP HCM,2,49.0
KH16955,20.0,49.8,40.7,ky_su,TP HCM,9,83.0
KH16956,24.0,5.3,1.6,nhan_vien,Da Nang,0,30.0
KH16957,37.0,9.8,6.2,nhan_vien,TP HCM,1,51.0
KH16958,38.0,45.7,17.4,bac_si,TP HCM,4,42.0
KH16959,30.0,21.5,14.0,kinh_doanh,Can Tho,2,57.0
KH16960,27.0,24.3,16.1,nhan_vien,Hai Phong,4,74.0
KH16961,58.0,13.9,4.2,ky_su,TP HCM,0,33.0
KH16962,29.0,10.8,6.1,nhan_vien,TP HCM,2,48.0
KH16963,28.0,36.9,18.2,ky_su,Da Nang,4,57.0
KH16964,30.0,12.1,3.7,kinh_doanh,TP HCM,0,25.0
KH16965,45.0,5.8,3.5,sinh_vien,Ha Noi,0,57.0
KH16966,22.0,2.8,2.3,sinh_vien,TP HCM,2,88.0
KH16967,38.0,23.3,11.5,ky_su,Ha Noi,2,48.0
KH16968,19.0,48.1,40.7,bac_si,Da Nang,18,81.0
KH16969,25.0,18.2,9.8,nhan_vien,Ha Noi,3,57.0
KH16970,33.0,48.6,18.1,kinh_doanh,Ha Noi,4,31.0
KH16971,26.0,5.0,2.0,sinh_vien,TP HCM,0,42.0
KH16972,32.0,23.7,17.2,bac_si,Ha Noi,4,84.0
KH16973,31.0,48.0,23.5,bac_si,Ha Noi,7,43.0
KH16974,35.0,3.3,2.7,sinh_vien,Hai Phong,2,75.0
KH16975,35.0,12.9,7.5,nhan_vien,Can Tho,2,66.0
KH16976,26.0,11.7,9.4,nhan_vien,Ha Noi,1,75.0
KH16977,34.0,26.4,20.0,nhan_vien,Da Nang,4,62.0
KH16978,46.0,12.0,5.0,giao_vien,Ha Noi,2,42.0
KH16979,40.0,23.7,9.9,nhan_vien,TP HCM,3,41.0
KH16980,46.0,13.9,8.7,ky_su,Ha Noi,3,59.0
KH16981,23.0,26.1,14.0,ky_su,TP HCM,5,57.0
KH16982,21.0,20.9,10.8,giao_vien,Da Nang,1,57.0
KH16983,37.0,6.3,4.9,sinh_vien,TP HCM,0,88.0
KH16984,29.0,25.0,15.0,ky_su,TP HCM,4,66.0
KH16985,33.0,32.1,22.5,bac_si,Can Tho,5,79.0
KH16986,51.0,32.9,13.5,nhan_vien,Ha Noi,3,41.0
KH16987,23.0,31.2,14.4,bac_si,TP HCM,3,49.0
KH16988,36.0,6.4,4.1,sinh_vien,Ha Noi,0,56.0
KH16989,46.0,28.0,12.2,kinh_doanh,Hai Phong,1,36.0
KH16990,45.0,37.4,23.1,ky_su,Ha Noi,8,67.0
KH16991,18.0,22.1,17.5,ky_su,Ha Noi,5,82.0
KH16992,41.0,4.4,1.3,sinh_vien,Ha Noi,0,34.0
KH16993,32.0,12.0,8.2,nhan_vien,Ha Noi,2,78.0
KH16994,38.0,11.4,7.6,nhan_vien,Da Nang,2,77.0
KH16995,51.0,27.1,17.1,kinh_doanh,TP HCM,1,72.0
KH16996,38.0,13.0,8.0,kinh_doanh,Can Tho,1,69.0
KH16997,36.0,15.2,7.7,ky_su,Hai Phong,2,59.0
KH16998,36.0,22.1,13.0,bac_si,TP HCM,2,48.0
KH16999,49.0,40.1,27.6,kinh_doanh,Ha Noi,9,73.0
KH17000,29.0,42.5,21.2,bac_si,Hai Phong,8,59.0
KH17001,34.0,5.5,1.4,sinh_vien,Ha Noi,0,25.0
KH17002,18.0,33.8,25.1,kinh_doanh,TP HCM,3,80.0
KH17003,29.0,22.5,16.7,ky_su,TP HCM,2,61.0
KH17004,18.0,34.9,16.5,kinh_doanh,Ha Noi,3,49.0
KH17005,36.0,30.4,18.6,kinh_doanh,Can Tho,4,58.0
KH17006,26.0,36.8,25.3,kinh_doanh,TP HCM,8,80.0
KH17007,38.0,16.0,13.1,kinh_doanh,Da Nang,4,83.0
KH17008,41.0,6.3,2.9,sinh_vien,TP HCM,0,43.0
KH17009,36.0,22.7,19.7,ky_su,Da Nang,7,80.0
KH17010,18.0,20.9,15.4,ky_su,TP HCM,4,82.0
KH17011,27.0,27.2,16.7,ky_su,Can Tho,3,55.0
KH17012,40.0,7.5,6.2,sinh_vien,TP HCM,3,92.0
KH17013,44.0,11.1,8.7,nhan_vien,Ha Noi,1,84.0
KH17014,42.0,23.3,19.1,kinh_doanh,Ha Noi,3,90.0
KH17015,20.0,5.5,0.8,sinh_vien,Ha Noi,0,12.0
KH17016,36.0,14.4,7.3,nhan_vien,Ha Noi,3,57.0
KH17017,33.0,13.3,8.1,kinh_doanh,TP HCM,4,57.0
KH17018,24.0,20.7,11.5,bac_si,Hai Phong,4,59.0
KH17019,24.0,15.3,6.7,ky_su,TP HCM,0,52.0
KH17020,39.0,20.8,16.1,kinh_doanh,TP HCM,6,89.0
KH17021,34.0,19.3,14.9,nhan_vien,Can Tho,1,71.0
KH17022,18.0,30.5,15.0,kinh_doanh,TP HCM,4,43.0
KH17023,44.0,22.7,12.0,ky_su,TP HCM,0,58.0
KH17024,32.0,4.5,2.0,giao_vien,TP HCM,1,47.0
KH17025,34.0,6.9,5.6,sinh_vien,Da Nang,1,95.0
KH17026,38.0,30.5,19.9,nhan_vien,Hai Phong,6,60.0
KH17027,33.0,45.6,24.5,kinh_doanh,TP HCM,7,52.0
KH17028,45.0,15.0,5.8,giao_vien,TP HCM,0,31.0
KH17029,28.0,15.0,8.9,nhan_vien,Can Tho,3,56.0
KH17030,32.0,13.8,11.3,kinh_doanh,Ha Noi,2,85.0
KH17031,47.0,19.3,18.2,kinh_doanh,Ha Noi,3,100.0
KH17032,33.0,12.5,5.0,giao_vien,Ha Noi,1,32.0
KH17033,35.0,29.2,21.9,bac_si,Ha Noi,7,80.0
KH17034,44.0,12.2,9.0,nhan_vien,Ha Noi,1,67.0
KH17035,55.0,41.0,27.3,ky_su,TP HCM,9,62.0
KH17036,58.0,12.4,9.8,ky_su,TP HCM,4,77.0
KH17037,36.0,34.1,26.7,kinh_doanh,Ha Noi,11,89.0
KH17038,51.0,15.0,7.4,nhan_vien,Da Nang,1,46.0
KH17039,21.0,15.7,11.3,bac_si,Ha Noi,8,70.0
KH17040,45.0,49.1,34.7,kinh_doanh,Can Tho,7,77.0
KH17041,40.0,25.5,18.3,kinh_doanh,Da Nang,5,84.0
KH17042,47.0,4.4,4.0,sinh_vien,Hai Phong,2,100.0
KH17043,33.0,22.4,14.1,ky_su,Da Nang,2,64.0
KH17044,23.0,14.4,4.6,nhan_vien,Ha Noi,0,33.0
KH17045,57.0,6.1,4.8,nhan_vien,TP HCM,1,86.0
KH17046,22.0,7.8,2.9,sinh_vien,TP HCM,0,31.0
KH17047,18.0,16.0,6.3,nhan_vien,Ha Noi,1,47.0
KH17048,34.0,19.6,7.9,ky_su,TP HCM,2,37.0
KH17049,20.0,23.1,10.2,kinh_doanh,Hai Phong,2,46.0
KH17050,43.0,19.9,10.9,ky_su,Can Tho,1,58.0
KH17051,37.0,6.1,3.2,sinh_vien,Ha Noi,1,45.0
KH17052,46.0,9.9,2.7,giao_vien,TP HCM,0,22.0
KH17053,37.0,13.4,9.4,nhan_vien,Hai Phong,2,69.0
KH17054,34.0,53.5,27.1,ky_su,TP HCM,7,42.0
KH17055,32.0,14.9,15.3,nhan_vien,Hai Phong,6,92.0
KH17056,34.0,15.6,11.8,nhan_vien,TP HCM,4,80.0
KH17057,22.0,8.6,6.0,nhan_vien,TP HCM,1,70.0
KH17058,34.0,28.5,24.3,bac_si,TP HCM,11,79.0
KH17059,28.0,19.5,9.1,bac_si,Ha Noi,1,51.0
KH17060,37.0,22.6,10.3,kinh_doanh,Da Nang,4,45.0
KH17061,31.0,13.1,9.3,ky_su,Da Nang,1,84.0
KH17062,32.0,27.7,15.1,kinh_doanh,Ha Noi,2,52.0
KH17063,39.0,3.5,3.1,sinh_vien,Ha Noi,2,75.0
KH17064,46.0,19.3,16.3,ky_su,TP HCM,6,95.0
KH17065,47.0,19.9,11.2,ky_su,Da Nang,1,65.0
KH17066,44.0,45.1,33.5,nhan_vien,Hai Phong,10,60.0
KH17067,45.0,8.3,5.6,ky_su,TP HCM,1,59.0
KH17068,52.0,16.0,5.7,nhan_vien,Ha Noi,1,35.0
KH17069,23.0,58.4,31.1,ky_su,Ha Noi,7,56.0
KH17070,56.0,24.4,17.4,bac_si,TP HCM,3,79.0
KH17071,53.0,9.5,5.9,nhan_vien,Ha Noi,0,63.0
KH17072,60.0,25.8,15.7,nhan_vien,TP HCM,2,56.0
KH17073,29.0,19.4,9.4,ky_su,TP HCM,1,47.0
KH17074,24.0,14.2,8.5,giao_vien,Hai Phong,3,49.0
KH17075,41.0,10.6,7.3,kinh_doanh,Hai Phong,3,73.0
KH17076,36.0,31.2,18.7,ky_su,Hai Phong,5,63.0
KH17077,36.0,10.5,4.2,giao_vien,TP HCM,1,42.0
KH17078,21.0,36.3,25.7,kinh_doanh,Ha Noi,10,80.0
KH17079,44.0,12.4,6.1,nhan_vien,TP HCM,2,47.0
KH17080,37.0,12.4,8.5,bac_si,Can Tho,5,58.0
KH17081,50.0,19.1,13.1,kinh_doanh,TP HCM,5,65.0
KH17082,36.0,10.1,5.5,nhan_vien,Hai Phong,1,57.0
KH17083,50.0,17.2,10.2,nhan_vien,Ha Noi,2,69.0
KH17084,27.0,19.8,12.2,kinh_doanh,Da Nang,2,62.0
KH17085,18.0,6.0,5.3,sinh_vien,TP HCM,1,100.0
KH17086,44.0,13.4,9.9,nhan_vien,Ha Noi,4,74.0
KH17087,36.0,14.5,12.0,nhan_vien,Ha Noi,6,96.0
KH17088,32.0,17.5,12.8,ky_su,TP HCM,4,64.0
KH17089,41.0,5.3,5.2,nhan_vien,Can Tho,2,100.0
KH17090,49.0,18.5,14.3,ky_su,Hai Phong,3,69.0
KH17091,34.0,16.5,13.1,kinh_doanh,Ha Noi,2,69.0
KH17092,26.0,49.6,41.6,kinh_doanh,Can Tho,11,75.0
KH17093,40.0,21.5,16.2,ky_su,Ha Noi,4,88.0
KH17094,36.0,18.0,15.5,kinh_doanh,Ha Noi,4,100.0
KH17095,45.0,6.0,5.4,giao_vien,Ha Noi,0,76.0
KH17096,18.0,15.1,11.8,nhan_vien,TP HCM,6,74.0
KH17097,22.0,30.0,24.1,kinh_doanh,Ha Noi,7,70.0
KH17098,46.0,25.5,15.7,giao_vien,Da Nang,5,65.0
KH17099,35.0,26.8,21.3,giao_vien,TP HCM,8,90.0
KH17100,36.0,19.2,11.2,bac_si,Ha Noi,1,57.0
KH17101,25.0,29.0,16.5,nhan_vien,Hai Phong,7,51.0
KH17102,44.0,41.1,18.3,bac_si,TP HCM,3,42.0
KH17103,36.0,9.1,1.7,kinh_doanh,Ha Noi,2,16.0
KH17104,29.0,15.2,8.5,nhan_vien,Da Nang,2,55.0
KH17105,36.0,22.4,19.8,kinh_doanh,Hai Phong,7,99.0
KH17106,37.0,16.4,8.5,giao_vien,Hai Phong,1,58.0
KH17107,40.0,20.6,11.8,nhan_vien,TP HCM,4,66.0
KH17108,18.0,4.5,1.7,ky_su,Ha Noi,0,40.0
KH17109,32.0,25.1,12.1,giao_vien,Hai Phong,0,45.0
KH17110,18.0,20.2,8.2,kinh_doanh,Da Nang,1,47.0
KH17111,33.0,5.9,1.4,sinh_vien,TP HCM,1,26.0
KH17112,47.0,44.2,34.1,nhan_vien,Can Tho,5,67.0
KH17113,20.0,7.6,5.1,nhan_vien,Can Tho,0,70.0
KH17114,37.0,4.2,1.7,sinh_vien,TP HCM,0,47.0
KH17115,51.0,27.6,20.0,nhan_vien,Ha Noi,5,86.0
KH17116,42.0,5.5,2.7,ky_su,TP HCM,1,55.0
KH17117,60.0,15.5,7.2,nhan_vien,Da Nang,1,44.0
KH17118,26.0,15.9,8.0,giao_vien,Can Tho,1,40.0
KH17119,24.0,24.2,8.7,giao_vien,Ha Noi,0,32.0
KH17120,37.0,13.5,10.3,giao_vien,TP HCM,2,74.0
KH17121,36.0,32.8,26.9,nhan_vien,TP HCM,6,80.0
KH17122,40.0,28.2,20.2,ky_su,Da Nang,5,60.0
KH17123,65.0,13.9,10.2,giao_vien,Ha Noi,7,82.0
KH17124,36.0,26.0,14.6,ky_su,TP HCM,2,63.0
KH17125,54.0,9.2,5.5,sinh_vien,Hai Phong,2,51.0
KH17126,38.0,11.7,9.2,nhan_vien,TP HCM,3,63.0
KH17127,46.0,11.7,3.5,giao_vien,TP HCM,1,32.0
KH17128,38.0,11.7,5.5,giao_vien,TP HCM,4,47.0
KH17129,43.0,51.1,17.9,kinh_doanh,TP HCM,5,38.0
KH17130,24.0,18.3,12.7,nhan_vien,Hai Phong,1,68.0
KH17131,26.0,12.9,4.3,nhan_vien,TP HCM,0,32.0
KH17132,26.0,28.8,12.4,giao_vien,Da Nang,1,50.0
KH17133,61.0,10.4,8.8,nhan_vien,Ha Noi,2,98.0
KH17134,18.0,24.4,8.2,ky_su,TP HCM,2,36.0
KH17135,24.0,9.9,7.4,nhan_vien,Ha Noi,6,83.0
KH17136,41.0,33.4,18.2,ky_su,TP HCM,5,48.0
KH17137,39.0,11.6,10.7,nhan_vien,TP HCM,1,98.0
KH17138,31.0,16.5,15.7,kinh_doanh,TP HCM,8,93.0
KH17139,30.0,24.7,19.6,bac_si,Ha Noi,3,75.0
KH17140,44.0,24.9,19.7,giao_vien,Ha Noi,7,68.0
KH17141,42.0,31.6,9.4,kinh_doanh,TP HCM,1,31.0
KH17142,35.0,36.6,18.6,bac_si,Ha Noi,4,57.0
KH17143,43.0,21.6,13.0,giao_vien,Da Nang,5,63.0
KH17144,30.0,20.6,9.8,nhan_vien,TP HCM,3,46.0
KH17145,28.0,26.7,20.1,ky_su,TP HCM,4,74.0
KH17146,36.0,9.1,6.9,nhan_vien,Can Tho,0,84.0
KH17147,40.0,15.6,12.3,ky_su,Da Nang,2,76.0
KH17148,44.0,4.1,4.0,sinh_vien,TP HCM,0,100.0
KH17149,32.0,5.9,4.1,sinh_vien,Ha Noi,0,67.0
KH17150,55.0,6.9,0.6,giao_vien,Can Tho,0,10.0
KH17151,40.0,51.9,33.9,kinh_doanh,Hai Phong,9,56.0
KH17152,32.0,22.8,8.9,giao_vien,Ha Noi,3,37.0
KH17153,20.0,28.6,23.9,bac_si,Can Tho,7,72.0
KH17154,29.0,19.2,14.0,nhan_vien,Ha Noi,1,74.0
KH17155,24.0,30.3,13.5,bac_si,Ha Noi,7,49.0
KH17156,33.0,23.2,7.2,bac_si,TP HCM,1,32.0
KH17157,28.0,6.5,4.2,giao_vien,Ha Noi,1,66.0
KH17158,30.0,17.0,15.1,giao_vien,Da Nang,2,73.0
KH17159,40.0,15.0,7.7,ky_su,Da Nang,3,59.0
KH17160,18.0,3.8,3.7,sinh_vien,Ha Noi,0,100.0
KH17161,22.0,35.5,15.6,ky_su,Ha Noi,3,47.0
KH17162,46.0,16.3,5.8,ky_su,Ha Noi,2,36.0
KH17163,30.0,15.7,11.2,ky_su,Hai Phong,1,61.0
KH17164,22.0,18.8,9.4,kinh_doanh,TP HCM,4,55.0
KH17165,31.0,16.2,10.3,nhan_vien,TP HCM,1,51.0
KH17166,21.0,20.0,10.3,nhan_vien,TP HCM,2,42.0
KH17167,22.0,16.0,13.0,nhan_vien,Ha Noi,4,71.0
KH17168,31.0,6.5,5.1,sinh_vien,Ha Noi,1,83.0
KH17169,34.0,24.3,10.6,nhan_vien,Ha Noi,3,38.0
KH17170,32.0,21.4,18.4,ky_su,TP HCM,1,83.0
KH17171,41.0,12.8,12.0,ky_su,Ha Noi,3,85.0
KH17172,35.0,21.0,10.2,ky_su,Ha Noi,3,55.0
KH17173,20.0,20.4,10.3,ky_su,Ha Noi,3,48.0
KH17174,28.0,12.1,4.9,nhan_vien,Ha Noi,2,33.0
KH17175,46.0,12.0,3.9,nhan_vien,TP HCM,0,38.0
KH17176,55.0,21.5,11.0,kinh_doanh,TP HCM,4,47.0
KH17177,28.0,21.8,9.6,kinh_doanh,Hai Phong,2,50.0
KH17178,37.0,29.9,22.9,kinh_doanh,TP HCM,4,82.0
KH17179,40.0,5.3,3.0,sinh_vien,Ha Noi,1,46.0
KH17180,37.0,13.8,8.9,nhan_vien,Ha Noi,2,53.0
KH17181,27.0,12.7,8.0,nhan_vien,Da Nang,1,60.0
KH17182,21.0,5.9,8.7,nhan_vien,TP HCM,4,100.0
KH17183,18.0,31.8,22.0,kinh_doanh,TP HCM,9,63.0
KH17184,48.0,3.9,5.1,sinh_vien,Can Tho,2,100.0
KH17185,58.0,14.6,11.5,kinh_doanh,TP HCM,3,73.0
KH17186,45.0,27.0,9.6,ky_su,TP HCM,3,33.0
KH17187,33.0,19.2,11.2,ky_su,Can Tho,2,57.0
KH17188,27.0,5.1,1.2,sinh_vien,Da Nang,0,19.0
KH17189,30.0,30.7,15.5,kinh_doanh,Ha Noi,4,53.0
KH17190,45.0,30.1,10.5,ky_su,Ha Noi,3,32.0
KH17191,32.0,14.7,9.8,nhan_vien,Hai Phong,2,77.0
KH17192,50.0,23.8,18.0,bac_si,TP HCM,6,87.0
KH17193,29.0,19.6,16.6,kinh_doanh,TP HCM,2,100.0
KH17194,47.0,16.0,8.7,ky_su,Da Nang,3,46.0
KH17195,18.0,10.4,5.7,nhan_vien,Ha Noi,2,62.0
KH17196,30.0,33.7,26.1,kinh_doanh,Da Nang,6,77.0
KH17197,24.0,6.4,6.5,sinh_vien,TP HCM,2,82.0
KH17198,39.0,4.7,2.9,giao_vien,Ha Noi,0,52.0
KH17199,29.0,20.0,15.5,ky_su,Ha Noi,1,75.0
KH17200,18.0,6.6,0.5,giao_vien,TP HCM,0,8.0
KH17201,39.0,12.2,4.7,bac_si,Ha Noi,1,43.0
KH17202,29.0,17.2,12.9,giao_vien,Ha Noi,1,62.0
KH17203,20.0,22.4,13.6,giao_vien,Ha Noi,1,67.0
KH17204,43.0,19.9,16.2,nhan_vien,Can Tho,6,91.0
KH17205,20.0,19.0,7.3,nhan_vien,Hai Phong,4,31.0
KH17206,27.0,22.8,12.7,ky_su,Ha Noi,2,51.0
KH17207,40.0,14.6,11.3,nhan_vien,Can Tho,3,81.0
KH17208,33.0,21.9,11.5,nhan_vien,TP HCM,2,52.0
KH17209,36.0,22.4,13.7,nhan_vien,TP HCM,3,49.0
KH17210,45.0,17.6,10.7,kinh_doanh,Hai Phong,2,56.0
KH17211,37.0,10.3,2.0,giao_vien,TP HCM,2,16.0
KH17212,30.0,30.7,20.7,kinh_doanh,Ha Noi,7,59.0
KH17213,29.0,26.4,11.3,nhan_vien,Da Nang,0,41.0
KH17214,28.0,12.2,9.3,nhan_vien,TP HCM,2,64.0
KH17215,18.0,10.9,3.6,nhan_vien,TP HCM,2,31.0
KH17216,40.0,12.9,6.4,nhan_vien,Can Tho,0,48.0
KH17217,39.0,23.4,19.5,bac_si,TP HCM,8,81.0
KH17218,37.0,9.0,4.0,sinh_vien,TP HCM,0,50.0
KH17219,31.0,11.1,8.1,kinh_doanh,Ha Noi,4,61.0
KH17220,35.0,13.4,6.2,nhan_vien,Hai Phong,1,46.0
KH17221,43.0,22.5,15.7,kinh_doanh,TP HCM,2,64.0
KH17222,26.0,15.3,6.3,nhan_vien,Ha Noi,1,38.0
KH17223,63.0,12.8,7.4,nhan_vien,Ha Noi,2,54.0
KH17224,40.0,18.7,12.0,nhan_vien,Ha Noi,3,75.0
KH17225,44.0,11.1,8.0,nhan_vien,Hai Phong,4,71.0
KH17226,31.0,23.7,16.7,nhan_vien,Can Tho,8,76.0
KH17227,55.0,3.5,2.1,sinh_vien,Ha Noi,0,71.0
KH17228,30.0,12.8,5.4,giao_vien,Ha Noi,1,35.0
KH17229,41.0,13.5,7.4,giao_vien,Can Tho,3,57.0
KH17230,45.0,5.7,1.5,sinh_vien,TP HCM,2,28.0
KH17231,34.0,9.1,6.1,giao_vien,TP HCM,3,62.0
KH17232,18.0,14.9,11.6,nhan_vien,TP HCM,1,87.0
KH17233,37.0,19.9,13.8,ky_su,TP HCM,3,71.0
KH17234,40.0,17.8,8.7,giao_vien,Da Nang,3,58.0
KH17235,49.0,21.4,8.4,nhan_vien,TP HCM,0,43.0
KH17236,37.0,15.3,5.6,ky_su,Hai Phong,3,30.0
KH17237,25.0,32.0,18.2,kinh_doanh,Hai Phong,5,63.0
KH17238,36.0,9.1,6.7,nhan_vien,Hai Phong,2,72.0
KH17239,51.0,14.2,8.7,bac_si,Ha Noi,3,50.0
KH17240,38.0,5.1,2.3,sinh_vien,TP HCM,0,52.0
KH17241,48.0,9.8,8.0,nhan_vien,Ha Noi,2,89.0
KH17242,38.0,12.9,9.1,nhan_vien,Hai Phong,2,75.0
KH17243,41.0,11.6,4.9,kinh_doanh,TP HCM,2,36.0
KH17244,18.0,26.8,12.3,bac_si,Can Tho,2,38.0
KH17245,41.0,13.2,10.1,nhan_vien,Hai Phong,2,86.0
KH17246,34.0,19.7,9.8,ky_su,TP HCM,4,59.0
KH17247,31.0,8.8,3.9,nhan_vien,TP HCM,0,46.0
KH17248,35.0,17.9,8.6,kinh_doanh,TP HCM,1,44.0
KH17249,32.0,23.5,11.9,kinh_doanh,TP HCM,5,54.0
KH17250,29.0,11.3,6.0,giao_vien,TP HCM,1,50.0
KH17251,38.0,55.9,35.2,ky_su,Ha Noi,5,50.0
KH17252,33.0,18.1,6.1,giao_vien,TP HCM,2,27.0
KH17253,49.0,33.9,23.5,kinh_doanh,TP HCM,4,71.0
KH17254,51.0,15.8,10.3,giao_vien,Can Tho,3,69.0
KH17255,38.0,15.8,14.0,kinh_doanh,TP HCM,2,92.0
KH17256,34.0,11.0,8.7,nhan_vien,TP HCM,0,78.0
KH17257,38.0,3.3,0.5,sinh_vien,TP HCM,0,13.0
KH17258,28.0,11.5,8.0,ky_su,TP HCM,0,68.0
KH17259,33.0,31.6,18.2,bac_si,TP HCM,3,51.0
KH17260,56.0,23.9,14.1,bac_si,TP HCM,6,53.0
KH17261,38.0,10.4,5.6,giao_vien,TP HCM,2,62.0
KH17262,52.0,9.4,3.3,nhan_vien,TP HCM,0,38.0
KH17263,46.0,16.5,10.5,ky_su,TP HCM,2,55.0
KH17264,18.0,17.9,13.6,ky_su,TP HCM,7,88.0
KH17265,57.0,22.5,15.5,kinh_doanh,TP HCM,4,62.0
KH17266,45.0,13.2,10.9,kinh_doanh,TP HCM,1,69.0
KH17267,34.0,11.1,6.5,nhan_vien,Can Tho,0,63.0
KH17268,39.0,18.8,13.7,ky_su,Hai Phong,1,75.0
KH17269,29.0,48.8,27.3,kinh_doanh,Ha Noi,10,48.0
KH17270,31.0,12.3,9.3,bac_si,Ha Noi,4,67.0
KH17271,49.0,10.8,4.6,ky_su,Ha Noi,0,46.0
KH17272,44.0,16.8,8.9,nhan_vien,Hai Phong,2,43.0
KH17273,31.0,18.8,10.1,ky_su,Ha Noi,3,47.0
KH17274,25.0,14.8,8.2,nhan_vien,Ha Noi,3,52.0
KH17275,20.0,65.3,33.7,ky_su,TP HCM,7,43.0
KH17276,40.0,30.6,13.5,ky_su,Ha Noi,1,44.0
KH17277,21.0,2.8,3.2,sinh_vien,Ha Noi,2,100.0
KH17278,37.0,5.2,2.1,sinh_vien,TP HCM,0,40.0
KH17279,37.0,17.7,15.4,nhan_vien,Da Nang,3,84.0
KH17280,53.0,15.7,9.7,ky_su,TP HCM,2,57.0
KH17281,33.0,19.5,13.5,kinh_doanh,Can Tho,2,70.0
KH17282,44.0,37.8,20.5,ky_su,Hai Phong,7,61.0
KH17283,37.0,10.0,7.6,giao_vien,Ha Noi,1,69.0
KH17284,29.0,19.7,13.2,bac_si,Ha Noi,2,60.0
KH17285,38.0,13.2,12.6,nhan_vien,Da Nang,2,92.0
KH17286,38.0,20.5,11.7,ky_su,TP HCM,1,62.0
KH17287,54.0,27.7,18.1,ky_su,Ha Noi,5,62.0
KH17288,32.0,13.3,8.7,giao_vien,Ha Noi,4,77.0
KH17289,35.0,9.6,4.5,nhan_vien,TP HCM,1,51.0
KH17290,41.0,5.6,4.6,sinh_vien,Ha Noi,1,85.0
KH17291,34.0,18.8,14.0,kinh_doanh,Ha Noi,2,75.0
KH17292,20.0,11.0,3.9,nhan_vien,TP HCM,2,42.0
KH17293,50.0,22.8,16.2,nhan_vien,Ha Noi,5,59.0
KH17294,49.0,56.4,36.7,bac_si,TP HCM,10,75.0
KH17295,52.0,16.2,11.8,giao_vien,TP HCM,3,62.0
KH17296,30.0,22.5,15.2,kinh_doanh,Ha Noi,6,74.0
KH17297,23.0,11.8,5.0,nhan_vien,TP HCM,0,44.0
KH17298,43.0,25.8,15.7,ky_su,TP HCM,3,54.0
KH17299,55.0,8.7,7.8,nhan_vien,Hai Phong,1,75.0
KH17300,33.0,18.8,8.6,kinh_doanh,Ha Noi,2,46.0
KH17301,41.0,15.8,10.7,nhan_vien,TP HCM,4,61.0
KH17302,32.0,14.6,6.9,nhan_vien,Ha Noi,1,53.0
KH17303,29.0,49.2,43.1,kinh_doanh,TP HCM,9,100.0
KH17304,51.0,3.5,1.7,sinh_vien,Da Nang,0,46.0
KH17305,41.0,17.4,13.5,bac_si,Ha Noi,4,81.0
KH17306,49.0,49.5,26.1,kinh_doanh,Hai Phong,6,59.0
KH17307,31.0,9.6,4.6,nhan_vien,TP HCM,2,51.0
KH17308,44.0,3.1,2.3,sinh_vien,TP HCM,2,83.0
KH17309,32.0,32.1,23.6,kinh_doanh,TP HCM,4,63.0
KH17310,30.0,49.2,47.2,ky_su,TP HCM,10,100.0
KH17311,49.0,35.8,13.6,ky_su,TP HCM,4,38.0
KH17312,38.0,18.7,14.1,kinh_doanh,TP HCM,4,76.0
KH17313,29.0,4.0,3.1,sinh_vien,Da Nang,1,75.0
KH17314,26.0,18.3,15.8,giao_vien,Ha Noi,3,74.0
KH17315,52.0,8.9,7.2,nhan_vien,Da Nang,1,68.0
KH17316,38.0,16.5,12.5,nhan_vien,Da Nang,1,69.0
KH17317,25.0,16.7,9.1,kinh_doanh,TP HCM,1,61.0
KH17318,24.0,34.3,15.7,kinh_doanh,TP HCM,3,45.0
KH17319,21.0,25.1,14.6,kinh_doanh,TP HCM,2,59.0
KH17320,41.0,33.8,13.4,bac_si,Ha Noi,4,47.0
KH17321,40.0,29.9,19.1,ky_su,Da Nang,3,62.0
KH17322,41.0,21.7,12.1,ky_su,Ha Noi,2,52.0
KH17323,36.0,17.6,12.8,kinh_doanh,Can Tho,0,70.0
KH17324,38.0,21.1,11.8,kinh_doanh,Ha Noi,1,53.0
KH17325,34.0,27.6,22.6,kinh_doanh,Ha Noi,3,89.0
KH17326,44.0,17.4,12.1,giao_vien,Da Nang,4,78.0
KH17327,34.0,22.3,16.2,nhan_vien,Da Nang,6,81.0
KH17328,27.0,24.7,15.4,kinh_doanh,Ha Noi,5,71.0
KH17329,46.0,21.6,11.6,ky_su,TP HCM,6,46.0
KH17330,30.0,23.0,17.6,bac_si,TP HCM,4,66.0
KH17331,18.0,14.4,6.0,bac_si,TP HCM,0,39.0
KH17332,32.0,18.7,6.4,ky_su,TP HCM,3,39.0
KH17333,40.0,10.9,7.6,nhan_vien,Da Nang,1,80.0
KH17334,29.0,52.5,24.3,kinh_doanh,TP HCM,3,48.0
KH17335,33.0,8.5,4.0,nhan_vien,TP HCM,1,56.0
KH17336,32.0,9.1,6.4,ky_su,Ha Noi,2,70.0
KH17337,45.0,39.5,15.5,kinh_doanh,Ha Noi,7,42.0
KH17338,32.0,13.1,10.8,nhan_vien,Ha Noi,4,86.0
KH17339,23.0,9.4,8.2,nhan_vien,Ha Noi,3,98.0
KH17340,42.0,9.7,6.8,giao_vien,TP HCM,1,58.0
KH17341,28.0,58.0,40.3,ky_su,Can Tho,17,64.0
KH17342,48.0,13.8,10.9,nhan_vien,TP HCM,3,76.0
KH17343,34.0,28.8,16.5,bac_si,TP HCM,5,62.0
KH17344,37.0,8.8,5.8,nhan_vien,TP HCM,3,70.0
KH17345,32.0,26.4,12.7,bac_si,TP HCM,2,54.0
KH17346,57.0,19.2,17.8,nhan_vien,Can Tho,3,79.0
KH17347,45.0,32.7,15.0,bac_si,TP HCM,0,51.0
KH17348,36.0,16.7,12.8,nhan_vien,TP HCM,5,71.0
KH17349,36.0,10.6,7.1,kinh_doanh,Ha Noi,3,71.0
KH17350,39.0,26.3,9.9,kinh_doanh,TP HCM,4,39.0
KH17351,29.0,13.0,6.1,nhan_vien,Da Nang,1,52.0
KH17352,54.0,26.2,20.4,nhan_vien,Da Nang,10,73.0
KH17353,43.0,4.6,2.7,sinh_vien,Ha Noi,1,47.0
KH17354,41.0,32.6,22.0,kinh_doanh,TP HCM,4,69.0
KH17355,22.0,16.1,14.9,nhan_vien,TP HCM,1,95.0
KH17356,30.0,31.6,17.6,nhan_vien,Da Nang,2,46.0
KH17357,31.0,6.8,3.9,nhan_vien,Ha Noi,3,62.0
KH17358,46.0,25.3,17.6,ky_su,Can Tho,5,74.0
KH17359,28.0,8.8,3.1,sinh_vien,Da Nang,1,32.0
KH17360,23.0,21.7,9.5,kinh_doanh,Hai Phong,0,41.0
KH17361,31.0,19.4,14.1,kinh_doanh,TP HCM,2,77.0
KH17362,18.0,24.4,20.1,ky_su,Ha Noi,3,77.0
KH17363,40.0,38.2,23.7,bac_si,TP HCM,5,58.0
KH17364,19.0,33.6,11.8,kinh_doanh,Can Tho,2,29.0
KH17365,45.0,26.9,16.9,kinh_doanh,Da Nang,3,73.0
KH17366,33.0,29.2,23.0,nhan_vien,TP HCM,8,87.0
KH17367,53.0,50.5,27.2,ky_su,Ha Noi,9,45.0
KH17368,47.0,18.4,7.3,nhan_vien,Ha Noi,2,40.0
KH17369,18.0,44.0,30.7,kinh_doanh,Da Nang,9,56.0
KH17370,21.0,27.2,18.6,nhan_vien,Da Nang,3,77.0
KH17371,29.0,15.2,9.1,kinh_doanh,TP HCM,3,51.0
KH17372,45.0,30.6,19.1,ky_su,Da Nang,9,53.0
KH17373,50.0,4.8,3.3,sinh_vien,Ha Noi,0,68.0
KH17374,52.0,5.9,5.2,sinh_vien,Can Tho,1,91.0
KH17375,38.0,25.4,19.8,ky_su,Can Tho,6,91.0
KH17376,18.0,9.2,5.1,giao_vien,Hai Phong,4,53.0
KH17377,23.0,20.8,15.2,kinh_doanh,TP HCM,3,74.0
KH17378,26.0,41.4,15.8,bac_si,Can Tho,6,46.0
KH17379,24.0,14.3,7.2,kinh_doanh,Ha Noi,0,48.0
KH17380,32.0,6.7,1.5,sinh_vien,TP HCM,0,23.0
KH17381,32.0,29.0,19.5,bac_si,Ha Noi,6,80.0
KH17382,33.0,5.5,5.5,sinh_vien,Ha Noi,0,95.0
KH17383,47.0,61.9,30.9,ky_su,Ha Noi,7,43.0
KH17384,24.0,5.2,4.1,sinh_vien,Ha Noi,0,77.0
KH17385,38.0,18.0,7.4,nhan_vien,TP HCM,3,37.0
KH17386,24.0,11.1,5.6,bac_si,Ha Noi,1,54.0
KH17387,36.0,23.4,17.1,nhan_vien,Hai Phong,5,85.0
KH17388,32.0,5.8,1.2,sinh_vien,Da Nang,0,18.0
KH17389,41.0,21.1,10.0,nhan_vien,TP HCM,1,54.0
KH17390,34.0,17.7,13.7,kinh_doanh,TP HCM,6,76.0
KH17391,41.0,21.8,21.2,nhan_vien,TP HCM,5,100.0
KH17392,39.0,4.8,2.0,sinh_vien,TP HCM,0,38.0
KH17393,24.0,15.4,10.2,nhan_vien,Ha Noi,1,54.0
KH17394,56.0,23.6,6.4,nhan_vien,Ha Noi,1,27.0
KH17395,40.0,20.1,13.7,kinh_doanh,Can Tho,5,73.0
KH17396,42.0,28.7,12.2,nhan_vien,Ha Noi,2,48.0
KH17397,34.0,32.9,22.9,kinh_doanh,TP HCM,4,67.0
KH17398,40.0,29.3,16.2,ky_su,TP HCM,3,62.0
KH17399,30.0,27.8,14.4,ky_su,TP HCM,8,58.0
KH17400,27.0,24.6,16.2,nhan_vien,TP HCM,1,61.0
KH17401,35.0,13.9,4.0,nhan_vien,Hai Phong,0,26.0
KH17402,45.0,13.5,6.1,nhan_vien,Hai Phong,1,40.0
KH17403,27.0,10.7,6.0,nhan_vien,Ha Noi,3,65.0
KH17404,26.0,11.3,10.2,giao_vien,TP HCM,4,73.0
KH17405,45.0,16.8,10.7,kinh_doanh,TP HCM,2,61.0
KH17406,23.0,19.3,12.8,nhan_vien,Ha Noi,2,64.0
KH17407,35.0,21.6,13.7,kinh_doanh,Ha Noi,1,69.0
KH17408,34.0,35.2,23.4,ky_su,Ha Noi,4,68.0
KH17409,45.0,30.9,19.3,ky_su,TP HCM,8,72.0
KH17410,18.0,20.7,15.8,ky_su,TP HCM,7,72.0
KH17411,50.0,15.0,7.1,nhan_vien,Can Tho,1,43.0
KH17412,39.0,14.1,9.4,nhan_vien,Ha Noi,6,66.0
KH17413,43.0,10.5,5.4,sinh_vien,Ha Noi,2,49.0
KH17414,36.0,43.0,28.2,kinh_doanh,Da Nang,7,65.0
KH17415,25.0,26.7,18.9,kinh_doanh,Ha Noi,5,70.0
KH17416,36.0,16.3,11.8,giao_vien,TP HCM,3,68.0
KH17417,42.0,17.4,14.8,nhan_vien,Da Nang,2,82.0
KH17418,25.0,20.5,9.0,nhan_vien,Ha Noi,1,39.0
KH17419,34.0,20.1,14.3,bac_si,Can Tho,2,83.0
KH17420,18.0,10.0,8.7,nhan_vien,Can Tho,2,100.0
KH17421,33.0,22.1,16.4,ky_su,Da Nang,5,74.0
KH17422,38.0,52.0,39.1,bac_si,TP HCM,9,71.0
KH17423,44.0,49.4,40.9,kinh_doanh,TP HCM,13,82.0
KH17424,28.0,23.8,12.2,nhan_vien,TP HCM,3,43.0
KH17425,27.0,32.5,25.6,nhan_vien,Ha Noi,9,80.0
KH17426,47.0,40.9,24.2,ky_su,Ha Noi,8,60.0
KH17427,54.0,37.7,19.9,nhan_vien,Ha Noi,6,55.0
KH17428,37.0,17.9,11.7,ky_su,TP HCM,2,78.0
KH17429,23.0,13.7,6.7,giao_vien,Can Tho,1,41.0
KH17430,54.0,2.4,0.7,sinh_vien,TP HCM,0,29.0
KH17431,29.0,36.8,14.1,ky_su,Hai Phong,4,46.0
KH17432,36.0,18.3,8.8,nhan_vien,TP HCM,1,42.0
KH17433,23.0,34.0,24.8,kinh_doanh,Ha Noi,5,72.0
KH17434,43.0,8.1,4.5,nhan_vien,TP HCM,1,57.0
KH17435,56.0,30.0,21.1,kinh_doanh,TP HCM,2,81.0
KH17436,36.0,23.5,16.7,kinh_doanh,TP HCM,2,75.0
KH17437,47.0,11.1,9.4,giao_vien,TP HCM,1,77.0
KH17438,39.0,18.4,12.1,nhan_vien,TP HCM,5,58.0
KH17439,41.0,8.8,2.4,ky_su,TP HCM,1,31.0
KH17440,38.0,14.6,8.3,nhan_vien,Can Tho,4,54.0
KH17441,28.0,21.5,14.5,kinh_doanh,Hai Phong,1,55.0
KH17442,38.0,48.4,19.9,ky_su,Ha Noi,7,41.0
KH17443,39.0,17.9,9.8,nhan_vien,TP HCM,1,64.0
KH17444,31.0,7.1,3.7,sinh_vien,Hai Phong,1,60.0
KH17445,47.0,20.9,11.4,nhan_vien,Ha Noi,2,52.0
KH17446,41.0,18.3,16.3,kinh_doanh,TP HCM,4,78.0
KH17447,29.0,32.6,11.1,bac_si,Ha Noi,0,40.0
KH17448,39.0,4.0,2.4,sinh_vien,TP HCM,1,51.0
KH17449,36.0,17.1,13.2,ky_su,Ha Noi,5,65.0
KH17450,44.0,16.4,14.4,giao_vien,Ha Noi,8,97.0
KH17451,35.0,5.1,7.6,sinh_vien,TP HCM,0,100.0
KH17452,47.0,8.4,3.0,sinh_vien,TP HCM,0,41.0
KH17453,51.0,23.9,9.3,bac_si,TP HCM,1,39.0
KH17454,40.0,26.3,15.8,kinh_doanh,Da Nang,2,49.0
KH17455,51.0,59.6,30.6,ky_su,Ha Noi,10,46.0
KH17456,24.0,36.3,23.9,ky_su,Hai Phong,7,63.0
KH17457,22.0,19.5,13.9,kinh_doanh,Can Tho,8,82.0
KH17458,46.0,8.4,5.7,giao_vien,TP HCM,1,69.0
KH17459,38.0,6.8,6.7,sinh_vien,Ha Noi,0,100.0
KH17460,38.0,16.3,8.5,giao_vien,TP HCM,1,61.0
KH17461,19.0,10.0,5.6,nhan_vien,Da Nang,1,52.0
KH17462,34.0,12.4,4.4,nhan_vien,Hai Phong,1,29.0
KH17463,29.0,29.3,22.5,nhan_vien,Da Nang,6,82.0
KH17464,61.0,46.8,21.5,ky_su,TP HCM,2,46.0
KH17465,50.0,12.5,4.7,nhan_vien,TP HCM,1,43.0
KH17466,49.0,6.9,3.8,nhan_vien,Ha Noi,4,62.0
KH17467,45.0,15.0,11.2,ky_su,TP HCM,2,66.0
KH17468,34.0,3.8,0.5,sinh_vien,Ha Noi,0,14.0
KH17469,38.0,41.4,26.6,kinh_doanh,Can Tho,6,59.0
KH17470,42.0,24.3,8.8,nhan_vien,Hai Phong,2,37.0
KH17471,35.0,31.2,18.9,ky_su,TP HCM,8,53.0
KH17472,48.0,16.7,12.2,nhan_vien,Ha Noi,6,78.0
KH17473,26.0,16.7,14.0,kinh_doanh,Ha Noi,1,87.0
KH17474,33.0,19.8,9.7,bac_si,TP HCM,3,48.0
KH17475,73.0,16.9,15.8,nhan_vien,Can Tho,4,95.0
KH17476,32.0,23.7,16.5,ky_su,Can Tho,5,74.0
KH17477,42.0,9.7,5.9,nhan_vien,Hai Phong,2,72.0
KH17478,37.0,24.0,14.9,ky_su,Ha Noi,5,62.0
KH17479,18.0,27.5,17.5,kinh_doanh,TP HCM,3,55.0
KH17480,34.0,29.2,17.5,bac_si,TP HCM,2,54.0
KH17481,20.0,27.9,9.3,nhan_vien,TP HCM,1,33.0
KH17482,30.0,29.9,17.9,kinh_doanh,TP HCM,5,71.0
KH17483,27.0,4.1,0.5,sinh_vien,Ha Noi,1,11.0
KH17484,48.0,10.8,4.9,nhan_vien,TP HCM,2,54.0
KH17485,42.0,21.6,6.4,kinh_doanh,Ha Noi,1,33.0
KH17486,18.0,6.5,2.3,giao_vien,Ha Noi,1,36.0
KH17487,25.0,8.9,6.8,giao_vien,Ha Noi,1,85.0
KH17488,38.0,9.4,4.1,giao_vien,TP HCM,1,36.0
KH17489,38.0,14.7,9.2,giao_vien,Hai Phong,2,66.0
KH17490,33.0,3.5,2.0,sinh_vien,Ha Noi,2,52.0
KH17491,30.0,13.5,11.2,nhan_vien,TP HCM,2,88.0
KH17492,38.0,10.2,3.4,nhan_vien,Can Tho,0,36.0
KH17493,45.0,11.8,8.4,nhan_vien,Hai Phong,1,77.0
KH17494,48.0,5.5,6.0,sinh_vien,Can Tho,3,92.0
KH17495,34.0,13.9,6.9,giao_vien,Ha Noi,4,52.0
KH17496,30.0,9.8,8.2,sinh_vien,Ha Noi,4,77.0
KH17497,28.0,36.7,10.5,ky_su,TP HCM,3,26.0
KH17498,33.0,13.8,12.1,giao_vien,Hai Phong,2,80.0
KH17499,33.0,40.6,29.5,kinh_doanh,Ha Noi,7,84.0
KH17500,43.0,18.1,10.5,nhan_vien,Can Tho,3,50.0
KH17501,38.0,27.4,9.2,kinh_doanh,TP HCM,0,39.0
KH17502,48.0,3.7,1.7,sinh_vien,Ha Noi,1,54.0
KH17503,31.0,3.7,0.5,sinh_vien,Ha Noi,0,13.0
KH17504,48.0,27.5,12.6,ky_su,Ha Noi,3,54.0
KH17505,37.0,17.7,8.8,kinh_doanh,Ha Noi,4,46.0
KH17506,55.0,3.8,0.5,sinh_vien,TP HCM,0,15.0
KH17507,42.0,40.6,19.5,ky_su,Ha Noi,6,56.0
KH17508,41.0,17.6,10.8,nhan_vien,Ha Noi,1,62.0
KH17509,30.0,18.4,13.5,bac_si,TP HCM,7,85.0
KH17510,59.0,13.6,10.7,giao_vien,TP HCM,1,73.0
KH17511,29.0,16.7,11.9,ky_su,Da Nang,2,74.0
KH17512,27.0,22.9,14.9,nhan_vien,TP HCM,6,59.0
KH17513,26.0,7.9,6.8,giao_vien,Ha Noi,2,92.0
KH17514,24.0,18.8,14.7,bac_si,Ha Noi,6,70.0
KH17515,26.0,6.2,1.2,sinh_vien,Da Nang,0,22.0
KH17516,47.0,28.7,18.8,kinh_doanh,Da Nang,8,53.0
KH17517,51.0,11.8,3.8,giao_vien,Ha Noi,1,27.0
KH17518,45.0,38.9,30.6,kinh_doanh,Da Nang,9,82.0
KH17519,50.0,13.6,6.6,nhan_vien,TP HCM,4,50.0
KH17520,48.0,23.7,15.2,bac_si,TP HCM,1,56.0
KH17521,61.0,13.7,9.6,ky_su,Can Tho,4,74.0
KH17522,34.0,15.4,10.9,nhan_vien,Ha Noi,2,73.0
KH17523,28.0,11.4,8.3,giao_vien,TP HCM,0,78.0
KH17524,27.0,22.4,8.4,bac_si,TP HCM,1,40.0
KH17525,28.0,7.9,6.4,sinh_vien,TP HCM,1,94.0
KH17526,39.0,22.9,10.9,ky_su,TP HCM,6,53.0
KH17527,45.0,38.4,21.4,ky_su,Ha Noi,8,65.0
KH17528,31.0,29.8,17.7,nhan_vien,Hai Phong,4,62.0
KH17529,21.0,45.8,24.5,ky_su,Hai Phong,6,55.0
KH17530,35.0,11.7,5.1,nhan_vien,Hai Phong,0,51.0
KH17531,33.0,15.9,6.3,kinh_doanh,Can Tho,2,47.0
KH17532,48.0,28.5,20.6,ky_su,TP HCM,2,85.0
KH17533,37.0,6.6,4.2,sinh_vien,Ha Noi,0,63.0
KH17534,22.0,25.3,13.0,nhan_vien,TP HCM,5,49.0
KH17535,29.0,5.5,3.3,sinh_vien,Da Nang,0,69.0
KH17536,33.0,17.1,9.5,nhan_vien,Can Tho,3,51.0
KH17537,36.0,3.9,1.8,sinh_vien,Ha Noi,0,43.0
KH17538,50.0,29.4,13.7,kinh_doanh,Ha Noi,2,55.0
KH17539,33.0,9.2,6.1,nhan_vien,Ha Noi,2,60.0
KH17540,30.0,19.3,8.9,ky_su,Da Nang,0,52.0
KH17541,42.0,11.8,3.3,ky_su,Da Nang,3,33.0
KH17542,68.0,26.0,13.5,kinh_doanh,Hai Phong,5,46.0
KH17543,36.0,23.2,13.6,nhan_vien,Can Tho,8,54.0
KH17544,19.0,28.1,11.7,bac_si,Ha Noi,4,35.0
KH17545,38.0,22.4,15.6,ky_su,Ha Noi,4,61.0
KH17546,22.0,16.5,9.5,bac_si,TP HCM,3,54.0
KH17547,42.0,17.6,12.6,nhan_vien,TP HCM,3,61.0
KH17548,64.0,6.4,4.8,sinh_vien,TP HCM,1,62.0
KH17549,30.0,16.1,6.4,nhan_vien,TP HCM,0,40.0
KH17550,38.0,8.5,4.9,sinh_vien,TP HCM,0,64.0
KH17551,53.0,5.5,4.7,giao_vien,Ha Noi,2,80.0
KH17552,36.0,16.3,6.9,giao_vien,Ha Noi,1,35.0
KH17553,39.0,4.1,4.9,nhan_vien,TP HCM,1,100.0
KH17554,38.0,21.6,16.1,nhan_vien,Ha Noi,4,67.0
KH17555,51.0,20.0,11.2,bac_si,TP HCM,7,60.0
KH17556,41.0,14.8,10.7,nhan_vien,TP HCM,4,70.0
KH17557,28.0,14.0,11.9,kinh_doanh,Can Tho,5,81.0
KH17558,39.0,36.8,21.2,kinh_doanh,Da Nang,9,65.0
KH17559,22.0,11.2,0.6,kinh_doanh,TP HCM,0,5.0
KH17560,32.0,2.3,0.5,sinh_vien,Ha Noi,0,20.0
KH17561,32.0,10.4,7.9,nhan_vien,Can Tho,2,75.0
KH17562,32.0,8.6,3.7,giao_vien,TP HCM,0,42.0
KH17563,45.0,27.3,12.7,ky_su,Ha Noi,3,42.0
KH17564,43.0,41.7,34.0,ky_su,TP HCM,9,83.0
KH17565,30.0,8.9,7.3,nhan_vien,Can Tho,0,66.0
KH17566,33.0,2.9,1.2,sinh_vien,Ha Noi,1,33.0
KH17567,50.0,17.4,11.1,nhan_vien,Can Tho,1,51.0
KH17568,36.0,9.8,5.6,giao_vien,TP HCM,2,60.0
KH17569,42.0,31.1,15.6,ky_su,TP HCM,3,45.0
KH17570,46.0,16.2,13.6,kinh_doanh,Ha Noi,1,77.0
KH17571,35.0,29.5,24.2,nhan_vien,TP HCM,4,88.0
KH17572,46.0,8.1,6.0,sinh_vien,Ha Noi,1,79.0
KH17573,35.0,22.4,13.1,nhan_vien,Da Nang,6,54.0
KH17574,36.0,4.7,0.9,nhan_vien,Ha Noi,0,21.0
KH17575,33.0,22.2,11.9,nhan_vien,Ha Noi,4,62.0
KH17576,26.0,11.0,3.4,giao_vien,Ha Noi,0,31.0
KH17577,54.0,34.4,21.8,bac_si,Can Tho,6,58.0
KH17578,30.0,48.5,25.2,bac_si,Can Tho,4,54.0
KH17579,28.0,34.9,22.9,bac_si,Ha Noi,4,69.0
KH17580,46.0,17.9,13.6,nhan_vien,TP HCM,2,80.0
KH17581,30.0,13.6,9.9,nhan_vien,TP HCM,4,80.0
KH17582,39.0,27.5,18.4,kinh_doanh,Ha Noi,5,77.0
KH17583,43.0,6.6,0.5,giao_vien,Ha Noi,1,7.0
KH17584,42.0,27.6,18.3,giao_vien,Ha Noi,5,62.0
KH17585,28.0,43.7,17.7,ky_su,Can Tho,5,39.0
KH17586,23.0,28.5,23.9,nhan_vien,Ha Noi,9,86.0
KH17587,38.0,21.3,11.9,kinh_doanh,Ha Noi,2,56.0
KH17588,58.0,28.5,14.3,ky_su,TP HCM,1,59.0
KH17589,43.0,16.2,10.5,giao_vien,Can Tho,1,69.0
KH17590,28.0,25.9,10.8,bac_si,Hai Phong,3,40.0
KH17591,48.0,22.5,8.7,ky_su,Ha Noi,1,45.0
KH17592,18.0,16.5,13.5,bac_si,Can Tho,2,70.0
KH17593,46.0,8.3,3.4,nhan_vien,Hai Phong,3,38.0
KH17594,37.0,5.3,5.5,sinh_vien,TP HCM,2,85.0
KH17595,35.0,12.9,8.4,ky_su,TP HCM,0,64.0
KH17596,18.0,39.0,26.2,ky_su,Ha Noi,3,67.0
KH17597,32.0,15.6,10.8,ky_su,TP HCM,2,65.0
KH17598,33.0,18.2,8.6,nhan_vien,Hai Phong,2,40.0
KH17599,22.0,54.9,32.3,ky_su,Ha Noi,5,60.0
KH17600,19.0,15.6,10.9,kinh_doanh,TP HCM,2,61.0
KH17601,38.0,23.0,12.9,bac_si,Can Tho,3,47.0
KH17602,45.0,33.8,21.1,ky_su,Hai Phong,8,58.0
KH17603,25.0,30.1,19.8,ky_su,Da Nang,9,62.0
KH17604,31.0,5.7,0.5,sinh_vien,Hai Phong,0,10.0
KH17605,41.0,12.1,8.6,nhan_vien,Ha Noi,0,69.0
KH17606,18.0,16.1,9.2,giao_vien,TP HCM,5,53.0
KH17607,28.0,15.1,8.7,nhan_vien,TP HCM,2,62.0
KH17608,29.0,9.1,2.2,sinh_vien,TP HCM,1,25.0
KH17609,23.0,9.5,6.7,sinh_vien,TP HCM,1,63.0
KH17610,30.0,14.0,5.5,nhan_vien,Ha Noi,2,44.0
KH17611,54.0,27.5,13.8,nhan_vien,Ha Noi,3,56.0
KH17612,33.0,21.7,14.8,nhan_vien,TP HCM,9,61.0
KH17613,28.0,15.4,9.7,ky_su,Ha Noi,3,61.0
KH17614,42.0,19.2,5.5,nhan_vien,Can Tho,0,29.0
KH17615,40.0,18.3,13.1,kinh_doanh,Ha Noi,1,57.0
KH17616,27.0,26.0,12.7,kinh_doanh,Ha Noi,7,47.0
KH17617,37.0,4.4,5.3,sinh_vien,Da Nang,1,100.0
KH17618,23.0,11.7,8.2,sinh_vien,Can Tho,0,72.0
KH17619,34.0,27.9,9.3,ky_su,Da Nang,1,30.0
KH17620,21.0,18.0,10.8,nhan_vien,TP HCM,3,59.0
KH17621,32.0,20.4,17.3,ky_su,Da Nang,3,83.0
KH17622,46.0,39.7,20.0,kinh_doanh,Hai Phong,6,43.0
KH17623,37.0,14.7,7.7,giao_vien,Ha Noi,2,54.0
KH17624,39.0,13.5,4.9,ky_su,TP HCM,0,39.0
KH17625,31.0,20.2,14.9,kinh_doanh,Ha Noi,5,70.0
KH17626,47.0,54.8,38.7,kinh_doanh,Hai Phong,7,80.0
KH17627,36.0,38.0,14.0,ky_su,TP HCM,5,34.0
KH17628,47.0,27.2,16.5,kinh_doanh,TP HCM,3,52.0
KH17629,42.0,13.8,9.1,giao_vien,TP HCM,0,72.0
KH17630,32.0,23.8,11.8,nhan_vien,TP HCM,4,44.0
KH17631,30.0,17.9,7.5,kinh_doanh,Can Tho,2,40.0
KH17632,33.0,23.8,11.9,ky_su,Da Nang,2,56.0
KH17633,18.0,8.1,7.6,giao_vien,Hai Phong,0,79.0
KH17634,39.0,3.3,3.7,sinh_vien,TP HCM,1,92.0
KH17635,51.0,3.0,0.5,sinh_vien,TP HCM,0,17.0
KH17636,46.0,22.5,13.6,nhan_vien,TP HCM,3,73.0
KH17637,30.0,28.3,21.3,bac_si,Ha Noi,6,64.0
KH17638,30.0,15.1,10.7,kinh_doanh,Ha Noi,1,80.0
KH17639,47.0,53.6,28.1,ky_su,Da Nang,6,60.0
KH17640,51.0,9.9,6.2,nhan_vien,Ha Noi,3,66.0
KH17641,37.0,19.2,10.4,nhan_vien,Ha Noi,2,53.0
KH17642,41.0,14.2,4.7,ky_su,TP HCM,1,33.0
KH17643,26.0,10.7,8.0,giao_vien,Ha Noi,3,80.0
KH17644,49.0,35.2,21.0,kinh_doanh,Ha Noi,4,67.0
KH17645,72.0,13.5,7.9,giao_vien,TP HCM,0,59.0
KH17646,34.0,3.6,1.3,sinh_vien,TP HCM,0,33.0
KH17647,44.0,16.2,7.5,nhan_vien,TP HCM,2,38.0
KH17648,49.0,15.6,13.9,giao_vien,Ha Noi,3,100.0
KH17649,35.0,13.6,8.4,giao_vien,Da Nang,1,55.0
KH17650,20.0,23.0,7.3,ky_su,Ha Noi,2,34.0
KH17651,35.0,22.2,8.3,kinh_doanh,Can Tho,4,30.0
KH17652,47.0,7.0,5.6,sinh_vien,TP HCM,1,72.0
KH17653,58.0,6.6,6.8,giao_vien,Ha Noi,1,93.0
KH17654,26.0,14.7,7.2,ky_su,Da Nang,1,46.0
KH17655,18.0,18.2,5.4,nhan_vien,Hai Phong,0,33.0
KH17656,18.0,9.8,2.1,nhan_vien,TP HCM,0,25.0
KH17657,42.0,19.3,11.0,ky_su,TP HCM,3,56.0
KH17658,37.0,14.5,8.5,nhan_vien,TP HCM,2,58.0
KH17659,45.0,33.4,13.2,ky_su,TP HCM,3,45.0
KH17660,33.0,21.2,9.9,nhan_vien,Ha Noi,3,44.0
KH17661,31.0,22.5,11.7,nhan_vien,Da Nang,4,54.0
KH17662,35.0,22.3,20.7,kinh_doanh,Ha Noi,7,94.0
KH17663,37.0,12.1,10.7,nhan_vien,Hai Phong,1,95.0
KH17664,38.0,6.6,2.7,giao_vien,TP HCM,0,41.0
KH17665,35.0,48.9,39.6,kinh_doanh,Can Tho,10,73.0
KH17666,35.0,13.4,6.9,nhan_vien,Ha Noi,2,56.0
KH17667,26.0,32.2,23.9,bac_si,Ha Noi,7,71.0
KH17668,41.0,25.8,15.7,nhan_vien,TP HCM,9,60.0
KH17669,40.0,25.8,10.7,ky_su,Hai Phong,3,37.0
KH17670,32.0,29.7,15.9,nhan_vien,TP HCM,4,64.0
KH17671,33.0,49.2,16.6,nhan_vien,Ha Noi,2,39.0
KH17672,47.0,3.5,0.5,sinh_vien,TP HCM,0,12.0
KH17673,34.0,25.1,10.8,nhan_vien,Ha Noi,3,48.0
KH17674,39.0,17.5,7.0,nhan_vien,Ha Noi,2,38.0
KH17675,36.0,24.7,10.5,bac_si,Ha Noi,6,34.0
KH17676,30.0,4.8,2.1,sinh_vien,Can Tho,0,52.0
KH17677,18.0,4.4,1.1,nhan_vien,Ha Noi,0,26.0
KH17678,39.0,38.7,25.1,kinh_doanh,TP HCM,8,56.0
KH17679,28.0,17.9,10.7,ky_su,TP HCM,2,68.0
KH17680,60.0,34.3,15.0,bac_si,Ha Noi,4,52.0
KH17681,49.0,29.7,21.3,nhan_vien,Ha Noi,4,63.0
KH17682,34.0,7.3,1.7,sinh_vien,Ha Noi,0,22.0
KH17683,47.0,42.1,18.8,bac_si,TP HCM,2,52.0
KH17684,36.0,35.4,27.1,kinh_doanh,TP HCM,5,80.0
KH17685,46.0,4.2,4.2,sinh_vien,TP HCM,0,100.0
KH17686,29.0,10.5,6.4,nhan_vien,TP HCM,3,54.0
KH17687,42.0,24.6,20.7,ky_su,TP HCM,7,90.0
KH17688,27.0,2.8,3.1,sinh_vien,Can Tho,0,90.0
KH17689,36.0,32.9,21.2,kinh_doanh,Hai Phong,6,54.0
KH17690,19.0,14.9,7.0,nhan_vien,TP HCM,1,50.0
KH17691,32.0,18.3,12.4,ky_su,Ha Noi,1,56.0
KH17692,32.0,11.7,9.6,ky_su,Ha Noi,4,95.0
KH17693,44.0,19.8,14.8,kinh_doanh,Ha Noi,3,77.0
KH17694,32.0,16.7,8.9,nhan_vien,Ha Noi,0,46.0
KH17695,52.0,48.3,28.0,kinh_doanh,Can Tho,5,60.0
KH17696,33.0,30.1,9.2,kinh_doanh,Ha Noi,1,36.0
KH17697,57.0,3.5,1.9,sinh_vien,Ha Noi,0,44.0
KH17698,26.0,27.0,8.8,ky_su,Ha Noi,5,34.0
KH17699,40.0,52.3,39.0,bac_si,TP HCM,5,72.0
KH17700,19.0,24.4,6.6,bac_si,TP HCM,1,32.0
KH17701,31.0,17.0,6.3,ky_su,TP HCM,2,34.0
KH17702,45.0,24.7,11.6,nhan_vien,Hai Phong,3,43.0
KH17703,22.0,28.3,17.0,bac_si,TP HCM,2,70.0
KH17704,34.0,4.5,1.8,sinh_vien,Ha Noi,0,44.0
KH17705,40.0,22.0,15.3,nhan_vien,TP HCM,2,77.0
KH17706,36.0,40.5,31.5,bac_si,Ha Noi,6,75.0
KH17707,22.0,5.5,0.5,sinh_vien,Da Nang,0,10.0
KH17708,26.0,15.4,4.9,kinh_doanh,TP HCM,2,36.0
KH17709,22.0,17.8,9.4,giao_vien,Ha Noi,3,63.0
KH17710,39.0,3.6,0.5,sinh_vien,TP HCM,0,12.0
KH17711,33.0,15.4,9.5,nhan_vien,Da Nang,2,61.0
KH17712,33.0,80.0,61.6,kinh_doanh,Ha Noi,17,85.0
KH17713,55.0,9.6,6.9,sinh_vien,Hai Phong,1,58.0
KH17714,37.0,16.2,8.8,nhan_vien,Can Tho,3,58.0
KH17715,37.0,32.5,27.3,nhan_vien,Hai Phong,12,88.0
KH17716,43.0,36.9,21.2,kinh_doanh,Ha Noi,7,50.0
KH17717,28.0,29.2,14.5,kinh_doanh,Ha Noi,5,56.0
KH17718,23.0,21.7,12.9,ky_su,Can Tho,6,49.0
KH17719,34.0,12.9,9.9,nhan_vien,Ha Noi,1,74.0
KH17720,56.0,28.0,17.6,nhan_vien,TP HCM,4,69.0
KH17721,49.0,10.6,7.1,giao_vien,Da Nang,0,78.0
KH17722,32.0,6.7,4.9,giao_vien,Ha Noi,1,65.0
KH17723,58.0,15.0,9.3,ky_su,TP HCM,2,73.0
KH17724,28.0,24.6,12.1,bac_si,TP HCM,5,44.0
KH17725,28.0,30.4,18.1,nhan_vien,TP HCM,8,63.0
KH17726,35.0,22.7,10.2,ky_su,TP HCM,3,53.0
KH17727,40.0,10.8,4.7,nhan_vien,Da Nang,2,43.0
KH17728,45.0,13.3,11.3,nhan_vien,Can Tho,1,81.0
KH17729,47.0,18.1,9.4,nhan_vien,Ha Noi,0,57.0
KH17730,48.0,13.3,8.7,ky_su,Ha Noi,2,60.0
KH17731,50.0,17.6,8.2,nhan_vien,TP HCM,2,53.0
KH17732,51.0,16.9,13.7,giao_vien,Can Tho,3,91.0
KH17733,19.0,6.7,1.4,giao_vien,Da Nang,1,25.0
KH17734,45.0,22.0,11.5,ky_su,TP HCM,1,57.0
KH17735,18.0,34.9,23.2,ky_su,TP HCM,8,61.0
KH17736,30.0,3.7,1.8,sinh_vien,Ha Noi,1,50.0
KH17737,49.0,13.3,7.5,ky_su,Da Nang,5,53.0
KH17738,35.0,35.8,13.7,ky_su,TP HCM,3,39.0
KH17739,48.0,7.8,5.0,sinh_vien,Da Nang,1,77.0
KH17740,25.0,94.4,74.7,kinh_doanh,Ha Noi,20,64.0
KH17741,26.0,41.1,19.9,kinh_doanh,Can Tho,8,55.0
KH17742,27.0,12.5,1.7,kinh_doanh,Ha Noi,0,11.0
KH17743,48.0,3.3,2.7,sinh_vien,Can Tho,0,86.0
KH17744,30.0,27.6,16.4,ky_su,Hai Phong,3,71.0
KH17745,26.0,9.2,4.3,giao_vien,Ha Noi,1,40.0
KH17746,40.0,6.4,8.3,giao_vien,Ha Noi,1,100.0
KH17747,33.0,5.7,4.2,nhan_vien,TP HCM,1,59.0
KH17748,43.0,14.8,5.5,nhan_vien,Da Nang,2,32.0
KH17749,42.0,61.9,27.6,kinh_doanh,Hai Phong,5,42.0
KH17750,28.0,10.6,5.3,sinh_vien,Ha Noi,3,53.0
KH17751,40.0,5.8,3.8,giao_vien,TP HCM,1,75.0
KH17752,48.0,12.9,5.1,ky_su,TP HCM,2,38.0
KH17753,40.0,18.2,13.0,giao_vien,Ha Noi,1,60.0
KH17754,41.0,1.9,2.6,sinh_vien,Ha Noi,0,100.0
KH17755,36.0,34.9,25.9,nhan_vien,TP HCM,5,84.0
KH17756,47.0,12.1,5.3,nhan_vien,Can Tho,4,47.0
KH17757,34.0,26.6,15.7,kinh_doanh,Da Nang,4,59.0
KH17758,28.0,29.2,19.8,ky_su,Ha Noi,2,59.0
KH17759,24.0,39.4,18.4,ky_su,TP HCM,5,46.0
KH17760,54.0,24.8,10.1,ky_su,TP HCM,3,48.0
KH17761,18.0,17.2,8.9,ky_su,TP HCM,1,58.0
KH17762,26.0,10.9,2.2,nhan_vien,Hai Phong,1,21.0
KH17763,55.0,25.0,11.3,kinh_doanh,Da Nang,7,47.0
KH17764,42.0,37.7,23.4,kinh_doanh,Da Nang,5,69.0
KH17765,35.0,12.9,10.3,giao_vien,TP HCM,2,86.0
KH17766,25.0,30.6,20.2,ky_su,Ha Noi,2,65.0
KH17767,36.0,29.6,19.4,ky_su,Can Tho,5,74.0
KH17768,35.0,4.8,0.5,sinh_vien,TP HCM,0,11.0
KH17769,35.0,39.2,12.1,ky_su,Ha Noi,2,32.0
KH17770,34.0,11.0,5.2,nhan_vien,TP HCM,1,44.0
KH17771,50.0,45.9,25.0,bac_si,TP HCM,4,62.0
KH17772,39.0,12.9,9.3,nhan_vien,Ha Noi,1,64.0
KH17773,32.0,44.7,20.8,ky_su,Ha Noi,5,53.0
KH17774,24.0,42.4,16.0,kinh_doanh,TP HCM,3,35.0
KH17775,31.0,24.6,10.5,ky_su,TP HCM,3,46.0
KH17776,39.0,16.4,6.2,giao_vien,TP HCM,2,34.0
KH17777,35.0,31.0,22.3,nhan_vien,TP HCM,3,84.0
KH17778,47.0,23.6,11.6,ky_su,TP HCM,3,49.0
KH17779,33.0,39.7,27.9,ky_su,Ha Noi,5,84.0
KH17780,31.0,13.1,5.1,ky_su,TP HCM,1,36.0
KH17781,47.0,22.6,8.2,nhan_vien,Ha Noi,2,37.0
KH17782,26.0,19.6,16.6,nhan_vien,TP HCM,3,89.0
KH17783,53.0,17.3,7.8,ky_su,TP HCM,2,48.0
KH17784,28.0,37.3,21.9,kinh_doanh,Hai Phong,8,48.0
KH17785,55.0,11.0,7.6,giao_vien,Hai Phong,1,64.0
KH17786,25.0,15.9,9.5,nhan_vien,TP HCM,1,63.0
KH17787,22.0,15.3,5.0,nhan_vien,Da Nang,1,28.0
KH17788,43.0,16.8,11.6,nhan_vien,Da Nang,2,78.0
KH17789,41.0,11.1,8.0,nhan_vien,Ha Noi,3,67.0
KH17790,29.0,19.0,8.9,ky_su,Ha Noi,3,38.0
KH17791,40.0,56.7,30.5,nhan_vien,TP HCM,7,58.0
KH17792,23.0,47.0,38.0,nhan_vien,TP HCM,10,87.0
KH17793,53.0,15.9,10.6,nhan_vien,TP HCM,4,70.0
KH17794,29.0,13.6,8.4,giao_vien,Ha Noi,3,70.0
KH17795,31.0,2.6,1.3,sinh_vien,TP HCM,1,59.0
KH17796,23.0,26.9,7.5,ky_su,Ha Noi,1,24.0
KH17797,31.0,16.7,12.4,nhan_vien,TP HCM,1,60.0
KH17798,23.0,23.8,19.7,ky_su,Hai Phong,7,84.0
KH17799,37.0,17.1,12.1,nhan_vien,Ha Noi,3,58.0
KH17800,51.0,6.3,4.9,sinh_vien,Ha Noi,1,78.0
KH17801,27.0,18.4,13.5,bac_si,Ha Noi,4,61.0
KH17802,18.0,55.9,43.5,kinh_doanh,TP HCM,11,65.0
KH17803,42.0,2.9,0.5,sinh_vien,Can Tho,0,17.0
KH17804,37.0,4.1,2.8,sinh_vien,Da Nang,0,78.0
KH17805,29.0,16.1,11.3,nhan_vien,Ha Noi,3,75.0
KH17806,35.0,36.7,23.9,kinh_doanh,Ha Noi,9,68.0
KH17807,20.0,7.8,1.6,sinh_vien,TP HCM,0,24.0
KH17808,20.0,10.7,6.6,giao_vien,Ha Noi,0,66.0
KH17809,52.0,6.5,5.1,sinh_vien,TP HCM,0,77.0
KH17810,35.0,19.5,16.4,ky_su,TP HCM,3,85.0
KH17811,32.0,45.0,35.9,ky_su,Ha Noi,9,87.0
KH17812,38.0,4.0,1.2,sinh_vien,Ha Noi,0,28.0
KH17813,44.0,21.7,9.6,nhan_vien,Can Tho,2,39.0
KH17814,50.0,13.5,5.8,giao_vien,Ha Noi,1,36.0
KH17815,41.0,11.2,3.1,nhan_vien,Ha Noi,0,26.0
KH17816,31.0,69.4,26.3,kinh_doanh,Ha Noi,5,42.0
KH17817,44.0,37.4,29.8,ky_su,Da Nang,8,86.0
KH17818,38.0,34.2,15.8,kinh_doanh,TP HCM,2,53.0
KH17819,43.0,10.4,6.3,giao_vien,Ha Noi,5,71.0
KH17820,29.0,13.1,4.6,kinh_doanh,TP HCM,3,41.0
KH17821,40.0,8.7,3.7,sinh_vien,Ha Noi,2,44.0
KH17822,40.0,16.9,14.0,bac_si,TP HCM,1,93.0
KH17823,58.0,11.5,7.6,bac_si,Ha Noi,0,78.0
KH17824,22.0,8.7,3.2,giao_vien,Can Tho,1,44.0
KH17825,38.0,10.2,8.7,kinh_doanh,Da Nang,1,76.0
KH17826,32.0,42.5,33.6,kinh_doanh,Ha Noi,10,73.0
KH17827,48.0,17.5,6.6,kinh_doanh,Da Nang,1,38.0
KH17828,44.0,32.5,12.8,kinh_doanh,TP HCM,6,32.0
KH17829,40.0,23.0,10.5,kinh_doanh,Hai Phong,1,43.0
KH17830,37.0,11.9,4.3,nhan_vien,Ha Noi,0,38.0
KH17831,29.0,10.1,9.4,giao_vien,Da Nang,2,82.0
KH17832,39.0,19.7,10.0,giao_vien,Ha Noi,3,54.0
KH17833,49.0,28.4,22.2,kinh_doanh,Hai Phong,6,71.0
KH17834,43.0,16.9,12.9,nhan_vien,Ha Noi,2,70.0
KH17835,32.0,11.1,4.3,nhan_vien,Da Nang,1,39.0
KH17836,32.0,17.6,11.1,giao_vien,Ha Noi,3,75.0
KH17837,57.0,21.8,17.6,nhan_vien,TP HCM,3,72.0
KH17838,31.0,11.3,6.6,nhan_vien,TP HCM,0,55.0
KH17839,29.0,8.9,4.6,nhan_vien,TP HCM,0,50.0
KH17840,47.0,27.3,10.0,nhan_vien,Ha Noi,3,42.0
KH17841,35.0,20.2,11.4,nhan_vien,Da Nang,2,63.0
KH17842,48.0,19.7,12.3,bac_si,TP HCM,1,61.0
KH17843,41.0,9.4,6.9,nhan_vien,TP HCM,2,60.0
KH17844,40.0,7.9,3.8,giao_vien,Da Nang,1,49.0
KH17845,37.0,20.3,13.1,ky_su,Ha Noi,6,57.0
KH17846,43.0,31.4,20.2,ky_su,TP HCM,9,76.0
KH17847,18.0,13.4,4.6,ky_su,Ha Noi,0,35.0
KH17848,36.0,23.8,14.3,ky_su,TP HCM,2,71.0
KH17849,22.0,8.6,5.6,kinh_doanh,Can Tho,0,76.0
KH17850,45.0,26.6,24.5,ky_su,Hai Phong,5,100.0
KH17851,39.0,34.3,14.2,kinh_doanh,TP HCM,5,35.0
KH17852,41.0,17.7,15.0,ky_su,Hai Phong,3,71.0
KH17853,18.0,17.0,8.9,nhan_vien,TP HCM,2,46.0
KH17854,18.0,15.6,5.8,nhan_vien,TP HCM,2,38.0
KH17855,19.0,28.7,20.8,kinh_doanh,TP HCM,8,73.0
KH17856,18.0,17.0,8.4,nhan_vien,Can Tho,1,40.0
KH17857,28.0,4.4,0.5,sinh_vien,Can Tho,0,9.0
KH17858,20.0,44.3,17.7,kinh_doanh,TP HCM,1,39.0
KH17859,41.0,23.0,10.2,giao_vien,Ha Noi,2,45.0
KH17860,39.0,47.7,30.4,ky_su,Ha Noi,5,69.0
KH17861,44.0,10.4,10.4,kinh_doanh,TP HCM,1,100.0
KH17862,45.0,34.7,14.9,ky_su,TP HCM,0,42.0
KH17863,25.0,10.6,5.9,sinh_vien,Can Tho,1,49.0
KH17864,51.0,17.0,11.2,nhan_vien,Ha Noi,3,71.0
KH17865,27.0,28.1,19.8,kinh_doanh,Hai Phong,4,81.0
KH17866,18.0,6.4,2.8,nhan_vien,Can Tho,0,38.0
KH17867,35.0,13.9,9.5,kinh_doanh,Can Tho,2,65.0
KH17868,38.0,32.5,15.7,kinh_doanh,Ha Noi,5,53.0
KH17869,60.0,25.4,15.7,nhan_vien,Ha Noi,3,69.0
KH17870,36.0,26.1,13.5,kinh_doanh,Can Tho,2,52.0
KH17871,46.0,60.3,22.0,kinh_doanh,Ha Noi,6,36.0
KH17872,38.0,6.7,1.4,sinh_vien,TP HCM,1,19.0
KH17873,30.0,10.5,4.9,nhan_vien,Hai Phong,1,48.0
KH17874,18.0,26.4,13.7,bac_si,Ha Noi,4,56.0
KH17875,32.0,13.9,9.7,nhan_vien,Ha Noi,4,63.0
KH17876,45.0,14.0,12.3,ky_su,TP HCM,6,100.0
KH17877,18.0,40.3,16.9,ky_su,Da Nang,7,40.0
KH17878,36.0,5.3,2.3,sinh_vien,Ha Noi,1,51.0
KH17879,38.0,30.2,19.4,kinh_doanh,Ha Noi,6,59.0
KH17880,30.0,18.3,13.0,ky_su,Da Nang,1,76.0
KH17881,38.0,7.1,3.2,nhan_vien,TP HCM,0,52.0
KH17882,47.0,5.5,4.5,sinh_vien,TP HCM,0,76.0
KH17883,43.0,17.4,9.4,giao_vien,Hai Phong,1,59.0
KH17884,47.0,20.3,8.7,ky_su,TP HCM,1,43.0
KH17885,33.0,33.0,17.5,bac_si,TP HCM,8,61.0
KH17886,18.0,62.9,26.7,kinh_doanh,TP HCM,3,41.0
KH17887,33.0,25.0,11.7,nhan_vien,TP HCM,3,38.0
KH17888,33.0,7.5,6.8,kinh_doanh,Can Tho,2,92.0
KH17889,33.0,31.0,18.6,bac_si,Can Tho,4,63.0
KH17890,35.0,13.8,9.5,nhan_vien,Hai Phong,3,74.0
KH17891,34.0,20.3,15.6,nhan_vien,Ha Noi,6,91.0
KH17892,25.0,41.4,24.9,ky_su,TP HCM,8,54.0
KH17893,35.0,20.3,14.2,nhan_vien,TP HCM,9,67.0
KH17894,36.0,19.2,9.6,nhan_vien,Ha Noi,3,44.0
KH17895,40.0,6.0,4.0,sinh_vien,TP HCM,0,72.0
KH17896,21.0,13.0,9.2,nhan_vien,Ha Noi,2,77.0
KH17897,51.0,9.6,7.7,nhan_vien,Ha Noi,2,83.0
KH17898,48.0,47.7,22.4,ky_su,TP HCM,5,47.0
KH17899,27.0,57.4,23.7,kinh_doanh,Hai Phong,5,44.0
KH17900,18.0,27.4,22.2,ky_su,TP HCM,8,94.0
KH17901,18.0,16.1,9.4,giao_vien,Hai Phong,7,56.0
KH17902,25.0,20.4,15.3,giao_vien,TP HCM,7,78.0
KH17903,33.0,22.0,19.7,ky_su,Can Tho,2,82.0
KH17904,38.0,17.0,8.1,nhan_vien,Hai Phong,0,46.0
KH17905,46.0,11.2,1.6,nhan_vien,TP HCM,1,15.0
KH17906,39.0,9.0,4.9,nhan_vien,Hai Phong,1,49.0
KH17907,37.0,7.5,2.8,sinh_vien,Ha Noi,0,36.0
KH17908,57.0,11.5,4.1,sinh_vien,Ha Noi,1,33.0
KH17909,49.0,22.6,16.6,kinh_doanh,Hai Phong,3,66.0
KH17910,29.0,7.7,2.6,nhan_vien,TP HCM,1,32.0
KH17911,47.0,5.1,5.0,sinh_vien,TP HCM,0,100.0
KH17912,45.0,48.1,37.2,kinh_doanh,Da Nang,11,89.0
KH17913,18.0,12.1,8.5,nhan_vien,Ha Noi,0,75.0
KH17914,31.0,9.8,7.3,nhan_vien,Da Nang,0,62.0
KH17915,23.0,19.7,16.3,ky_su,Ha Noi,2,71.0
KH17916,18.0,31.5,23.9,nhan_vien,TP HCM,7,62.0
KH17917,18.0,29.6,24.9,bac_si,Da Nang,4,88.0
KH17918,49.0,5.9,3.6,giao_vien,Can Tho,2,53.0
KH17919,30.0,7.2,5.1,giao_vien,TP HCM,0,84.0
KH17920,28.0,9.2,2.3,giao_vien,Ha Noi,1,30.0
KH17921,29.0,22.1,13.0,ky_su,TP HCM,3,71.0
KH17922,31.0,24.8,14.8,kinh_doanh,Hai Phong,3,48.0
KH17923,36.0,9.4,5.6,nhan_vien,Ha Noi,2,52.0
KH17924,44.0,29.3,21.5,kinh_doanh,TP HCM,7,80.0
KH17925,60.0,11.6,10.5,nhan_vien,TP HCM,1,87.0
KH17926,39.0,7.1,6.6,nhan_vien,TP HCM,1,90.0
KH17927,36.0,35.8,19.4,ky_su,Ha Noi,4,61.0
KH17928,33.0,12.8,9.2,nhan_vien,Da Nang,4,59.0
KH17929,39.0,52.3,41.1,kinh_doanh,Ha Noi,9,73.0
KH17930,18.0,23.9,5.8,ky_su,TP HCM,1,28.0
KH17931,32.0,27.9,11.9,ky_su,Ha Noi,1,46.0
KH17932,23.0,16.1,9.8,bac_si,Ha Noi,1,60.0
KH17933,24.0,14.9,9.1,giao_vien,Ha Noi,0,52.0
KH17934,38.0,11.2,3.5,nhan_vien,Hai Phong,0,27.0
KH17935,50.0,14.0,5.8,nhan_vien,TP HCM,3,44.0
KH17936,25.0,30.4,14.5,kinh_doanh,TP HCM,3,53.0
KH17937,18.0,7.9,7.0,sinh_vien,Ha Noi,1,93.0
KH17938,38.0,18.6,6.4,giao_vien,Ha Noi,3,39.0
KH17939,59.0,14.6,12.5,kinh_doanh,TP HCM,2,81.0
KH17940,39.0,25.9,12.0,nhan_vien,TP HCM,3,49.0
KH17941,18.0,22.3,17.5,giao_vien,Can Tho,2,93.0
KH17942,38.0,3.3,1.7,sinh_vien,TP HCM,0,42.0
KH17943,28.0,52.8,25.6,kinh_doanh,TP HCM,3,43.0
KH17944,36.0,23.7,20.8,nhan_vien,TP HCM,8,78.0
KH17945,50.0,14.4,4.6,kinh_doanh,TP HCM,3,29.0
KH17946,43.0,24.6,10.0,giao_vien,TP HCM,3,46.0
KH17947,49.0,29.4,22.4,kinh_doanh,Ha Noi,2,86.0
KH17948,40.0,16.7,9.5,nhan_vien,TP HCM,3,62.0
KH17949,35.0,32.7,11.9,kinh_doanh,Da Nang,1,39.0
KH17950,27.0,10.4,3.2,nhan_vien,Hai Phong,2,31.0
KH17951,48.0,11.2,3.9,nhan_vien,Hai Phong,3,41.0
KH17952,44.0,8.1,7.1,giao_vien,TP HCM,1,97.0
KH17953,44.0,27.3,14.4,bac_si,Ha Noi,6,46.0
KH17954,18.0,12.3,8.7,ky_su,Ha Noi,5,61.0
KH17955,49.0,34.0,23.4,ky_su,Ha Noi,6,72.0
KH17956,35.0,30.2,23.5,kinh_doanh,Da Nang,4,66.0
KH17957,30.0,13.3,8.5,giao_vien,Da Nang,4,54.0
KH17958,41.0,29.5,10.1,bac_si,TP HCM,2,32.0
KH17959,18.0,33.8,18.7,kinh_doanh,TP HCM,7,55.0
KH17960,40.0,9.6,6.3,giao_vien,Hai Phong,2,73.0
KH17961,38.0,10.7,6.6,nhan_vien,Can Tho,0,63.0
KH17962,39.0,2.7,2.4,sinh_vien,Hai Phong,0,77.0
KH17963,54.0,36.4,26.9,ky_su,Ha Noi,5,87.0
KH17964,18.0,15.7,13.4,sinh_vien,Ha Noi,4,71.0
KH17965,30.0,37.0,31.0,ky_su,TP HCM,8,77.0
KH17966,38.0,21.2,14.0,ky_su,Ha Noi,3,72.0
KH17967,18.0,14.3,8.2,kinh_doanh,Hai Phong,2,60.0
KH17968,48.0,28.7,13.9,ky_su,TP HCM,6,39.0
KH17969,44.0,11.9,7.3,giao_vien,TP HCM,1,69.0
KH17970,26.0,13.1,4.9,nhan_vien,Ha Noi,2,40.0
KH17971,33.0,24.2,15.2,ky_su,Ha Noi,3,62.0
KH17972,18.0,22.1,15.4,kinh_doanh,TP HCM,4,77.0
KH17973,33.0,16.2,8.5,giao_vien,Ha Noi,3,59.0
KH17974,30.0,5.8,2.7,sinh_vien,Da Nang,0,42.0
KH17975,25.0,22.4,6.5,kinh_doanh,TP HCM,3,25.0
KH17976,48.0,17.1,15.3,giao_vien,Ha Noi,2,100.0
KH17977,44.0,17.8,6.5,ky_su,Ha Noi,1,36.0
KH17978,25.0,17.8,12.0,ky_su,TP HCM,6,62.0
KH17979,46.0,13.3,10.5,giao_vien,TP HCM,2,83.0
KH17980,28.0,28.8,17.0,nhan_vien,Can Tho,2,55.0
KH17981,42.0,34.7,30.6,ky_su,Ha Noi,8,100.0
KH17982,52.0,25.2,14.9,bac_si,TP HCM,6,58.0
KH17983,33.0,7.7,2.5,sinh_vien,Can Tho,0,35.0
KH17984,43.0,18.3,13.3,giao_vien,TP HCM,2,72.0
KH17985,21.0,2.8,1.8,sinh_vien,TP HCM,0,63.0
KH17986,34.0,17.8,12.7,kinh_doanh,Da Nang,7,67.0
KH17987,24.0,6.0,1.4,sinh_vien,Can Tho,0,27.0
KH17988,43.0,13.4,9.4,giao_vien,Hai Phong,2,78.0
KH17989,30.0,36.8,31.9,bac_si,Can Tho,15,88.0
KH17990,21.0,41.9,30.0,nhan_vien,Can Tho,6,67.0
KH17991,47.0,4.5,3.0,sinh_vien,Can Tho,0,68.0
KH17992,49.0,48.3,27.0,ky_su,Da Nang,8,55.0
KH17993,54.0,20.2,9.7,kinh_doanh,Ha Noi,3,45.0
KH17994,40.0,26.0,15.8,kinh_doanh,TP HCM,4,63.0
KH17995,22.0,24.6,12.0,ky_su,Ha Noi,4,56.0
KH17996,23.0,30.3,16.0,ky_su,Da Nang,3,53.0
KH17997,61.0,16.9,8.9,nhan_vien,TP HCM,0,55.0
KH17998,33.0,39.7,23.0,ky_su,TP HCM,3,57.0
KH17999,30.0,8.1,5.4,giao_vien,TP HCM,1,69.0
KH18000,34.0,8.2,5.9,kinh_doanh,Ha Noi,3,84.0
KH18001,26.0,21.5,13.9,kinh_doanh,Ha Noi,5,53.0
KH18002,39.0,8.2,6.6,sinh_vien,Ha Noi,1,68.0
KH18003,36.0,14.9,6.3,ky_su,Hai Phong,0,46.0
KH18004,38.0,11.9,10.9,nhan_vien,Da Nang,6,98.0
KH18005,39.0,5.0,3.5,sinh_vien,Ha Noi,0,75.0
KH18006,50.0,4.8,2.5,giao_vien,Ha Noi,1,56.0
KH18007,29.0,13.2,7.1,nhan_vien,TP HCM,2,61.0
KH18008,40.0,8.8,4.5,nhan_vien,Ha Noi,0,41.0
KH18009,22.0,6.6,5.2,nhan_vien,Hai Phong,0,66.0
KH18010,51.0,8.4,2.7,nhan_vien,TP HCM,1,34.0
KH18011,43.0,17.3,11.7,nhan_vien,Da Nang,4,79.0
KH18012,35.0,11.6,6.5,giao_vien,Hai Phong,1,61.0
KH18013,49.0,4.7,2.7,sinh_vien,Ha Noi,1,68.0
KH18014,18.0,22.9,8.6,bac_si,Ha Noi,2,32.0
KH18015,47.0,14.1,13.1,giao_vien,Hai Phong,4,100.0
KH18016,30.0,15.4,11.0,nhan_vien,TP HCM,6,69.0
KH18017,27.0,16.9,13.9,nhan_vien,Ha Noi,3,74.0
KH18018,34.0,10.8,6.6,nhan_vien,Da Nang,1,70.0
KH18019,53.0,24.0,20.6,ky_su,Can Tho,6,92.0
KH18020,46.0,24.1,16.3,kinh_doanh,TP HCM,2,58.0
KH18021,39.0,24.8,19.5,bac_si,TP HCM,1,93.0
KH18022,28.0,16.5,9.7,giao_vien,TP HCM,0,64.0
KH18023,34.0,29.4,19.0,giao_vien,TP HCM,4,54.0
KH18024,29.0,6.5,4.7,sinh_vien,Ha Noi,1,59.0
KH18025,31.0,8.6,6.6,ky_su,TP HCM,2,64.0
KH18026,39.0,20.2,8.3,giao_vien,Ha Noi,5,47.0
KH18027,22.0,18.6,5.4,nhan_vien,Da Nang,1,25.0
KH18028,29.0,24.7,9.3,nhan_vien,Ha Noi,4,33.0
KH18029,39.0,41.7,16.8,bac_si,TP HCM,4,48.0
KH18030,57.0,5.0,2.2,sinh_vien,Can Tho,1,46.0
KH18031,42.0,47.1,18.9,bac_si,Da Nang,2,40.0
KH18032,38.0,21.5,15.8,ky_su,Ha Noi,3,76.0
KH18033,42.0,32.0,15.4,kinh_doanh,TP HCM,0,45.0
KH18034,43.0,25.5,22.5,ky_su,Ha Noi,6,90.0
KH18035,24.0,37.3,22.4,kinh_doanh,TP HCM,11,50.0
KH18036,22.0,13.8,4.5,giao_vien,TP HCM,1,28.0
KH18037,65.0,14.8,9.2,nhan_vien,Da Nang,3,67.0
KH18038,50.0,33.9,25.6,kinh_doanh,Ha Noi,9,89.0
KH18039,21.0,32.5,27.2,ky_su,TP HCM,11,90.0
KH18040,50.0,11.6,5.4,nhan_vien,TP HCM,1,47.0
KH18041,35.0,16.2,4.7,kinh_doanh,Ha Noi,3,32.0
KH18042,45.0,25.0,18.2,nhan_vien,TP HCM,3,70.0
KH18043,34.0,21.4,15.4,ky_su,Ha Noi,6,70.0
KH18044,30.0,6.1,3.6,nhan_vien,TP HCM,0,55.0
KH18045,56.0,10.1,4.7,giao_vien,TP HCM,3,55.0
KH18046,54.0,29.2,22.3,nhan_vien,Ha Noi,9,70.0
KH18047,54.0,7.6,4.8,giao_vien,TP HCM,1,51.0
KH18048,42.0,17.9,7.2,giao_vien,TP HCM,4,47.0
KH18049,19.0,10.1,7.9,giao_vien,Hai Phong,2,85.0
KH18050,34.0,14.8,10.8,ky_su,TP HCM,3,77.0
KH18051,26.0,8.4,4.3,giao_vien,Ha Noi,0,50.0
KH18052,54.0,13.4,7.0,nhan_vien,Da Nang,1,49.0
KH18053,50.0,33.1,14.8,kinh_doanh,TP HCM,3,45.0
KH18054,30.0,9.1,8.1,nhan_vien,TP HCM,1,93.0
KH18055,43.0,7.9,1.3,sinh_vien,Ha Noi,0,16.0
KH18056,48.0,10.4,8.6,nhan_vien,TP HCM,2,71.0
KH18057,45.0,18.1,11.0,ky_su,TP HCM,6,61.0
KH18058,66.0,28.6,10.9,kinh_doanh,Ha Noi,2,35.0
KH18059,28.0,15.1,11.0,giao_vien,TP HCM,3,61.0
KH18060,27.0,14.2,4.3,nhan_vien,TP HCM,1,29.0
KH18061,27.0,28.6,21.9,ky_su,Ha Noi,5,68.0
KH18062,25.0,13.4,10.8,bac_si,Hai Phong,1,79.0
KH18063,44.0,16.3,11.3,ky_su,Ha Noi,2,56.0
KH18064,46.0,14.2,10.3,kinh_doanh,Ha Noi,3,85.0
KH18065,40.0,19.0,18.8,ky_su,Can Tho,10,100.0
KH18066,34.0,18.3,11.1,bac_si,TP HCM,4,73.0
KH18067,36.0,30.7,19.0,kinh_doanh,Hai Phong,3,67.0
KH18068,26.0,15.6,10.0,nhan_vien,TP HCM,4,75.0
KH18069,35.0,31.4,21.2,ky_su,TP HCM,8,75.0
KH18070,39.0,35.8,14.2,ky_su,Ha Noi,2,40.0
KH18071,34.0,6.3,2.1,sinh_vien,Da Nang,1,30.0
KH18072,39.0,14.4,10.6,ky_su,Da Nang,3,63.0
KH18073,49.0,24.4,15.5,kinh_doanh,Hai Phong,2,53.0
KH18074,35.0,11.7,3.7,nhan_vien,Can Tho,3,32.0
KH18075,36.0,8.2,2.7,kinh_doanh,Ha Noi,1,30.0
KH18076,37.0,24.4,16.5,kinh_doanh,TP HCM,3,75.0
KH18077,48.0,34.3,21.2,bac_si,Ha Noi,3,61.0
KH18078,34.0,11.3,6.2,giao_vien,Ha Noi,0,61.0
KH18079,48.0,11.2,6.5,nhan_vien,Ha Noi,2,49.0
KH18080,33.0,16.3,14.4,ky_su,Ha Noi,2,72.0
KH18081,41.0,24.7,18.2,kinh_doanh,Ha Noi,5,81.0
KH18082,34.0,3.9,3.4,sinh_vien,Da Nang,1,96.0
KH18083,41.0,17.9,8.7,giao_vien,Ha Noi,0,46.0
KH18084,35.0,16.4,14.1,nhan_vien,TP HCM,5,71.0
KH18085,30.0,22.1,10.8,ky_su,TP HCM,1,52.0
KH18086,48.0,29.2,12.5,kinh_doanh,Da Nang,3,36.0
KH18087,34.0,18.1,12.6,nhan_vien,Can Tho,2,64.0
KH18088,39.0,11.4,4.3,sinh_vien,TP HCM,1,42.0
KH18089,31.0,5.2,3.0,sinh_vien,Ha Noi,2,59.0
KH18090,43.0,37.2,26.2,ky_su,Hai Phong,5,62.0
KH18091,31.0,21.7,14.9,nhan_vien,Can Tho,0,77.0
KH18092,40.0,22.9,11.3,kinh_doanh,TP HCM,1,53.0
KH18093,18.0,3.8,4.0,sinh_vien,Hai Phong,0,100.0
KH18094,33.0,8.6,1.7,nhan_vien,TP HCM,0,23.0
KH18095,37.0,22.4,15.5,ky_su,Ha Noi,3,60.0
KH18096,34.0,26.7,13.3,ky_su,Ha Noi,0,48.0
KH18097,36.0,16.2,11.2,giao_vien,Da Nang,1,61.0
KH18098,40.0,7.6,5.5,sinh_vien,TP HCM,0,83.0
KH18099,36.0,15.9,5.1,nhan_vien,Da Nang,2,34.0
KH18100,42.0,7.7,3.5,nhan_vien,Ha Noi,1,49.0
KH18101,30.0,19.7,15.3,ky_su,TP HCM,6,91.0
KH18102,47.0,35.1,19.9,ky_su,Ha Noi,6,49.0
KH18103,60.0,26.5,23.0,nhan_vien,TP HCM,9,90.0
KH18104,56.0,45.5,33.4,nhan_vien,TP HCM,9,62.0
KH18105,22.0,5.2,2.7,nhan_vien,Da Nang,1,58.0
KH18106,46.0,9.6,4.9,nhan_vien,TP HCM,0,41.0
KH18107,18.0,24.8,19.3,kinh_doanh,TP HCM,4,63.0
KH18108,49.0,20.8,9.6,nhan_vien,Ha Noi,2,42.0
KH18109,34.0,23.7,14.9,nhan_vien,Da Nang,5,74.0
KH18110,43.0,42.0,15.3,kinh_doanh,Ha Noi,4,30.0
KH18111,31.0,41.5,21.8,kinh_doanh,Ha Noi,1,46.0
KH18112,41.0,16.4,14.0,giao_vien,TP HCM,3,87.0
KH18113,43.0,3.6,1.2,sinh_vien,TP HCM,0,33.0
KH18114,33.0,7.5,3.3,nhan_vien,Can Tho,1,43.0
KH18115,53.0,18.7,9.2,nhan_vien,TP HCM,1,50.0
KH18116,50.0,19.4,13.9,ky_su,Can Tho,6,61.0
KH18117,41.0,3.1,0.5,sinh_vien,TP HCM,0,14.0
KH18118,51.0,14.5,10.9,nhan_vien,Da Nang,2,85.0
KH18119,38.0,14.9,7.2,nhan_vien,Ha Noi,0,55.0
KH18120,38.0,46.9,36.2,kinh_doanh,Ha Noi,9,82.0
KH18121,25.0,51.5,23.5,bac_si,Can Tho,4,37.0
KH18122,29.0,15.2,11.7,nhan_vien,TP HCM,3,85.0
KH18123,41.0,22.0,8.5,nhan_vien,TP HCM,0,38.0
KH18124,25.0,28.3,19.2,nhan_vien,Ha Noi,1,78.0
KH18125,27.0,20.5,14.4,giao_vien,Da Nang,3,82.0
KH18126,18.0,20.5,9.7,nhan_vien,Da Nang,1,39.0
KH18127,46.0,4.3,2.4,sinh_vien,Hai Phong,1,46.0
KH18128,32.0,18.6,16.6,ky_su,Da Nang,3,71.0
KH18129,37.0,23.9,17.7,kinh_doanh,Ha Noi,8,89.0
KH18130,18.0,28.7,21.9,ky_su,Ha Noi,11,78.0
KH18131,27.0,20.3,9.8,ky_su,Can Tho,2,54.0
KH18132,48.0,8.2,6.8,sinh_vien,Ha Noi,2,72.0
KH18133,42.0,10.3,4.3,kinh_doanh,Ha Noi,1,50.0
KH18134,42.0,25.3,13.5,bac_si,Da Nang,5,63.0
KH18135,18.0,15.3,9.3,giao_vien,Da Nang,2,73.0
KH18136,25.0,19.5,4.7,nhan_vien,Da Nang,1,20.0
KH18137,35.0,11.4,4.4,nhan_vien,Da Nang,1,39.0
KH18138,33.0,17.8,6.0,kinh_doanh,Ha Noi,2,31.0
KH18139,40.0,34.0,24.1,kinh_doanh,TP HCM,6,73.0
KH18140,21.0,16.9,11.3,kinh_doanh,TP HCM,5,64.0
KH18141,19.0,24.4,19.0,bac_si,Ha Noi,3,72.0
KH18142,25.0,11.3,6.8,giao_vien,TP HCM,2,60.0
KH18143,38.0,17.2,14.5,nhan_vien,Ha Noi,3,91.0
KH18144,41.0,13.9,8.3,nhan_vien,TP HCM,3,67.0
KH18145,38.0,3.5,1.9,sinh_vien,Da Nang,0,46.0
KH18146,34.0,2.6,3.1,sinh_vien,Da Nang,0,100.0
KH18147,44.0,22.2,12.3,giao_vien,TP HCM,1,61.0
KH18148,40.0,19.6,7.6,nhan_vien,TP HCM,3,33.0
KH18149,35.0,24.8,13.8,giao_vien,Ha Noi,1,62.0
KH18150,52.0,16.3,9.9,ky_su,Da Nang,3,50.0
KH18151,37.0,15.5,10.8,giao_vien,Ha Noi,6,66.0
KH18152,48.0,31.9,11.5,kinh_doanh,Ha Noi,2,29.0
KH18153,38.0,29.8,13.3,giao_vien,TP HCM,1,52.0
KH18154,37.0,32.6,23.1,bac_si,Ha Noi,6,73.0
KH18155,32.0,9.4,8.0,nhan_vien,TP HCM,3,97.0
KH18156,53.0,12.9,11.5,ky_su,TP HCM,3,92.0
KH18157,42.0,17.6,9.2,kinh_doanh,Can Tho,4,55.0
KH18158,49.0,25.8,10.5,nhan_vien,Da Nang,0,33.0
KH18159,50.0,15.4,5.4,nhan_vien,TP HCM,1,39.0
KH18160,45.0,39.7,17.8,nhan_vien,Ha Noi,7,40.0
KH18161,49.0,23.8,9.3,nhan_vien,TP HCM,4,39.0
KH18162,33.0,20.4,19.1,nhan_vien,Da Nang,2,77.0
KH18163,47.0,5.5,1.6,sinh_vien,Ha Noi,1,29.0
KH18164,37.0,7.1,3.5,nhan_vien,Hai Phong,3,41.0
KH18165,61.0,28.3,23.5,kinh_doanh,Ha Noi,9,96.0
KH18166,43.0,17.0,4.5,nhan_vien,Can Tho,1,22.0
KH18167,35.0,9.6,7.2,nhan_vien,TP HCM,1,82.0
KH18168,50.0,32.0,24.4,kinh_doanh,Da Nang,7,66.0
KH18169,35.0,67.5,43.8,bac_si,Ha Noi,6,63.0
KH18170,41.0,11.9,8.1,ky_su,Ha Noi,1,58.0
KH18171,29.0,13.7,5.2,nhan_vien,Hai Phong,1,33.0
KH18172,32.0,18.0,16.3,ky_su,TP HCM,1,79.0
KH18173,55.0,59.1,27.1,bac_si,Ha Noi,3,46.0
KH18174,28.0,10.2,4.7,nhan_vien,TP HCM,1,45.0
KH18175,46.0,14.8,9.4,ky_su,Da Nang,2,58.0
KH18176,40.0,16.0,4.8,giao_vien,TP HCM,2,30.0
KH18177,42.0,13.4,5.2,nhan_vien,TP HCM,4,45.0
KH18178,35.0,14.1,8.5,kinh_doanh,Hai Phong,3,49.0
KH18179,32.0,29.2,11.9,ky_su,Can Tho,2,35.0
KH18180,34.0,24.3,18.8,nhan_vien,Can Tho,7,82.0
KH18181,31.0,3.3,4.2,sinh_vien,Ha Noi,0,100.0
KH18182,25.0,34.2,14.5,nhan_vien,TP HCM,3,49.0
KH18183,49.0,21.7,17.5,nhan_vien,TP HCM,2,91.0
KH18184,37.0,23.6,13.5,ky_su,TP HCM,0,47.0
KH18185,37.0,21.8,16.1,nhan_vien,Da Nang,2,85.0
KH18186,50.0,42.4,20.2,kinh_doanh,TP HCM,7,42.0
KH18187,41.0,31.7,13.6,bac_si,TP HCM,4,46.0
KH18188,33.0,21.1,12.0,kinh_doanh,Da Nang,2,66.0
KH18189,30.0,30.1,22.8,ky_su,Da Nang,7,68.0
KH18190,34.0,12.2,5.1,giao_vien,TP HCM,0,37.0
KH18191,33.0,33.4,14.2,kinh_doanh,Hai Phong,4,37.0
KH18192,41.0,21.7,17.3,ky_su,Da Nang,6,91.0
KH18193,24.0,32.5,25.1,kinh_doanh,Can Tho,3,66.0
KH18194,30.0,47.9,31.1,ky_su,Ha Noi,4,65.0
KH18195,25.0,35.2,29.9,ky_su,Ha Noi,10,100.0
KH18196,60.0,14.3,7.6,nhan_vien,Ha Noi,3,58.0
KH18197,23.0,7.6,3.5,giao_vien,TP HCM,2,51.0
KH18198,45.0,44.1,33.5,kinh_doanh,Ha Noi,6,62.0
KH18199,35.0,23.6,18.0,ky_su,Ha Noi,5,64.0
KH18200,18.0,13.8,4.6,giao_vien,Ha Noi,3,34.0
KH18201,54.0,11.4,9.0,nhan_vien,TP HCM,2,79.0
KH18202,32.0,23.8,8.0,giao_vien,Ha Noi,3,37.0
KH18203,55.0,5.1,3.7,sinh_vien,TP HCM,2,65.0
KH18204,20.0,8.2,3.4,giao_vien,Can Tho,1,35.0
KH18205,22.0,9.0,7.0,giao_vien,Ha Noi,0,90.0
KH18206,36.0,19.8,14.1,kinh_doanh,Hai Phong,4,78.0
KH18207,44.0,10.1,8.8,kinh_doanh,Da Nang,1,100.0
KH18208,43.0,9.8,4.2,nhan_vien,Can Tho,1,40.0
KH18209,31.0,15.1,9.1,kinh_doanh,Ha Noi,2,69.0
KH18210,25.0,16.0,9.7,bac_si,TP HCM,2,59.0
KH18211,55.0,24.1,10.6,ky_su,Ha Noi,4,43.0
KH18212,41.0,25.0,13.8,ky_su,Can Tho,7,64.0
KH18213,35.0,27.6,10.4,ky_su,Ha Noi,0,43.0
KH18214,23.0,13.7,10.0,giao_vien,Can Tho,2,82.0
KH18215,23.0,37.2,18.2,ky_su,Ha Noi,3,48.0
KH18216,52.0,20.1,7.1,kinh_doanh,TP HCM,0,32.0
KH18217,18.0,28.9,22.0,kinh_doanh,Hai Phong,4,65.0
KH18218,47.0,7.1,4.0,nhan_vien,Can Tho,0,57.0
KH18219,39.0,9.4,7.2,sinh_vien,TP HCM,2,92.0
KH18220,42.0,11.2,5.5,kinh_doanh,Ha Noi,3,41.0
KH18221,45.0,10.1,0.5,giao_vien,Ha Noi,0,6.0
KH18222,50.0,10.4,4.0,nhan_vien,TP HCM,0,44.0
KH18223,51.0,7.4,3.6,sinh_vien,TP HCM,2,43.0
KH18224,20.0,3.6,0.9,sinh_vien,Ha Noi,0,29.0
KH18225,36.0,20.1,15.6,kinh_doanh,Ha Noi,5,80.0
KH18226,29.0,34.7,11.5,ky_su,Hai Phong,2,34.0
KH18227,25.0,47.7,24.0,ky_su,Da Nang,2,51.0
KH18228,39.0,11.0,6.0,ky_su,TP HCM,1,62.0
KH18229,18.0,6.7,1.8,giao_vien,TP HCM,1,25.0
KH18230,30.0,51.0,23.2,bac_si,Da Nang,2,41.0
KH18231,18.0,3.7,1.4,sinh_vien,Hai Phong,1,35.0
KH18232,39.0,44.1,19.6,kinh_doanh,Ha Noi,7,51.0
KH18233,24.0,22.9,10.6,nhan_vien,Hai Phong,5,54.0
KH18234,35.0,12.8,6.0,giao_vien,Hai Phong,1,38.0
KH18235,22.0,15.5,11.6,giao_vien,Ha Noi,1,80.0
KH18236,52.0,10.7,5.6,nhan_vien,Can Tho,2,45.0
KH18237,20.0,26.3,21.3,kinh_doanh,Da Nang,7,90.0
KH18238,23.0,23.3,14.1,giao_vien,Ha Noi,6,60.0
KH18239,42.0,18.4,4.7,bac_si,Ha Noi,2,25.0
KH18240,39.0,15.8,13.2,nhan_vien,Ha Noi,4,74.0
KH18241,25.0,10.4,6.4,giao_vien,Can Tho,2,60.0
KH18242,35.0,33.1,25.0,giao_vien,Da Nang,5,85.0
KH18243,31.0,25.3,19.2,giao_vien,TP HCM,4,63.0
KH18244,52.0,14.3,9.8,nhan_vien,Can Tho,4,79.0
KH18245,38.0,29.6,12.4,ky_su,TP HCM,3,35.0
KH18246,41.0,8.8,3.2,nhan_vien,Ha Noi,1,30.0
KH18247,36.0,7.4,3.7,nhan_vien,TP HCM,2,44.0
KH18248,34.0,20.8,10.4,bac_si,TP HCM,2,57.0
KH18249,47.0,14.5,10.9,nhan_vien,Hai Phong,1,84.0
KH18250,34.0,19.0,11.3,giao_vien,TP HCM,1,56.0
KH18251,48.0,26.0,14.9,ky_su,TP HCM,3,61.0
KH18252,27.0,38.3,24.4,ky_su,Da Nang,8,60.0
KH18253,51.0,22.0,10.6,nhan_vien,Hai Phong,3,48.0
KH18254,45.0,30.3,23.9,giao_vien,Ha Noi,6,76.0
KH18255,38.0,4.1,1.4,sinh_vien,TP HCM,0,35.0
KH18256,37.0,17.8,9.7,giao_vien,Ha Noi,2,44.0
KH18257,56.0,4.1,3.0,sinh_vien,Can Tho,2,80.0
KH18258,62.0,9.5,7.6,nhan_vien,TP HCM,1,83.0
KH18259,37.0,30.7,24.9,kinh_doanh,Ha Noi,7,74.0
KH18260,43.0,32.8,26.6,ky_su,Can Tho,12,81.0
KH18261,18.0,27.3,11.6,kinh_doanh,Da Nang,2,41.0
KH18262,47.0,18.3,10.2,nhan_vien,TP HCM,3,45.0
KH18263,38.0,17.0,10.7,nhan_vien,Da Nang,1,60.0
KH18264,30.0,12.1,9.2,nhan_vien,Can Tho,3,78.0
KH18265,48.0,7.1,3.4,nhan_vien,Ha Noi,0,52.0
KH18266,27.0,15.2,12.7,kinh_doanh,TP HCM,1,93.0
KH18267,36.0,25.7,19.5,ky_su,Ha Noi,5,67.0
KH18268,31.0,8.5,6.5,giao_vien,Ha Noi,1,71.0
KH18269,43.0,12.0,7.2,ky_su,Ha Noi,2,64.0
KH18270,20.0,6.3,1.5,giao_vien,Da Nang,1,25.0
KH18271,23.0,40.7,25.1,bac_si,Hai Phong,9,54.0
KH18272,44.0,9.4,6.8,sinh_vien,TP HCM,4,70.0
KH18273,24.0,47.1,34.3,ky_su,Ha Noi,5,87.0
KH18274,26.0,10.0,7.5,kinh_doanh,TP HCM,1,68.0
KH18275,46.0,17.6,11.7,kinh_doanh,TP HCM,5,68.0
KH18276,55.0,22.1,14.2,ky_su,TP HCM,3,59.0
KH18277,30.0,17.2,14.3,nhan_vien,TP HCM,3,75.0
KH18278,24.0,24.7,16.2,nhan_vien,Ha Noi,4,73.0
KH18279,26.0,15.0,4.5,ky_su,TP HCM,1,29.0
KH18280,35.0,12.7,8.2,giao_vien,Ha Noi,2,59.0
KH18281,34.0,2.1,1.5,sinh_vien,Da Nang,0,82.0
KH18282,23.0,13.0,8.6,ky_su,TP HCM,3,62.0
KH18283,59.0,13.2,6.9,nhan_vien,Ha Noi,2,42.0
KH18284,39.0,12.7,9.2,nhan_vien,Ha Noi,2,83.0
KH18285,38.0,8.9,7.1,sinh_vien,TP HCM,3,93.0
KH18286,21.0,34.8,33.9,ky_su,TP HCM,8,100.0
KH18287,26.0,25.2,17.8,nhan_vien,TP HCM,3,84.0
KH18288,38.0,4.6,2.4,sinh_vien,Ha Noi,0,44.0
KH18289,33.0,16.2,9.7,nhan_vien,Ha Noi,2,55.0
KH18290,29.0,28.6,12.8,nhan_vien,TP HCM,2,53.0
KH18291,45.0,6.5,4.1,nhan_vien,TP HCM,2,54.0
KH18292,24.0,4.7,4.6,sinh_vien,TP HCM,0,81.0
KH18293,52.0,6.5,5.1,giao_vien,TP HCM,1,70.0
KH18294,26.0,10.5,4.5,nhan_vien,Ha Noi,1,48.0
KH18295,42.0,11.2,4.4,ky_su,Hai Phong,3,41.0
KH18296,19.0,7.2,3.8,sinh_vien,TP HCM,2,46.0
KH18297,56.0,25.8,12.6,kinh_doanh,TP HCM,1,56.0
KH18298,51.0,17.4,12.0,nhan_vien,Hai Phong,5,83.0
KH18299,20.0,17.9,8.9,giao_vien,Ha Noi,1,49.0
KH18300,41.0,40.1,26.0,kinh_doanh,Ha Noi,8,73.0
KH18301,35.0,29.9,17.0,ky_su,TP HCM,1,49.0
KH18302,47.0,6.9,4.8,nhan_vien,Can Tho,0,63.0
KH18303,26.0,21.6,13.8,nhan_vien,Can Tho,2,75.0
KH18304,46.0,19.4,8.6,kinh_doanh,TP HCM,0,46.0
KH18305,50.0,21.8,14.4,ky_su,TP HCM,2,77.0
KH18306,44.0,25.1,17.6,kinh_doanh,Can Tho,5,72.0
KH18307,33.0,40.1,34.1,kinh_doanh,TP HCM,8,95.0
KH18308,47.0,20.6,7.7,ky_su,Ha Noi,3,42.0
KH18309,38.0,42.4,29.9,ky_su,Ha Noi,5,60.0
KH18310,45.0,62.2,37.9,bac_si,TP HCM,16,59.0
KH18311,61.0,20.3,9.5,nhan_vien,Can Tho,1,43.0
KH18312,69.0,26.6,14.5,giao_vien,TP HCM,3,57.0
KH18313,30.0,22.3,13.7,kinh_doanh,TP HCM,5,51.0
KH18314,45.0,15.1,9.5,ky_su,Hai Phong,3,65.0
KH18315,18.0,86.0,48.5,kinh_doanh,TP HCM,11,66.0
KH18316,25.0,25.2,12.8,nhan_vien,Ha Noi,2,56.0
KH18317,19.0,10.0,8.6,giao_vien,Can Tho,6,80.0
KH18318,36.0,6.0,0.6,giao_vien,TP HCM,0,12.0
KH18319,40.0,20.2,15.8,bac_si,Ha Noi,4,90.0
KH18320,28.0,22.5,13.1,bac_si,Ha Noi,4,63.0
KH18321,21.0,5.5,5.3,sinh_vien,TP HCM,3,100.0
KH18322,29.0,14.8,8.7,giao_vien,TP HCM,2,51.0
KH18323,18.0,30.3,22.8,nhan_vien,Can Tho,4,72.0
KH18324,24.0,2.6,3.9,sinh_vien,Da Nang,1,100.0
KH18325,40.0,15.8,3.4,nhan_vien,Ha Noi,3,21.0
KH18326,28.0,12.0,3.3,bac_si,Hai Phong,1,32.0
KH18327,18.0,27.9,19.5,ky_su,Ha Noi,6,67.0
KH18328,34.0,23.4,7.5,giao_vien,Ha Noi,1,28.0
KH18329,46.0,4.8,5.4,giao_vien,TP HCM,0,100.0
KH18330,29.0,16.1,13.1,nhan_vien,TP HCM,3,85.0
KH18331,47.0,21.0,13.8,ky_su,Ha Noi,5,61.0
KH18332,27.0,52.1,37.0,ky_su,Can Tho,6,57.0
KH18333,32.0,9.5,6.0,giao_vien,Ha Noi,1,69.0
KH18334,36.0,9.1,7.5,sinh_vien,TP HCM,0,82.0
KH18335,21.0,33.6,12.7,ky_su,Da Nang,2,40.0
KH18336,40.0,4.1,2.3,sinh_vien,TP HCM,0,57.0
KH18337,23.0,26.0,13.3,kinh_doanh,Ha Noi,5,55.0
KH18338,35.0,34.8,20.5,bac_si,Can Tho,5,52.0
KH18339,42.0,15.2,7.8,ky_su,TP HCM,1,58.0
KH18340,23.0,16.4,11.7,nhan_vien,Hai Phong,4,66.0
KH18341,35.0,45.1,25.2,nhan_vien,Ha Noi,5,65.0
KH18342,31.0,22.8,13.9,kinh_doanh,Da Nang,4,57.0
KH18343,26.0,7.5,3.1,sinh_vien,TP HCM,0,38.0
KH18344,35.0,24.6,14.8,ky_su,TP HCM,4,70.0
KH18345,31.0,12.2,9.3,nhan_vien,TP HCM,4,89.0
KH18346,49.0,15.9,13.0,nhan_vien,Ha Noi,2,96.0
KH18347,41.0,21.7,13.0,nhan_vien,Ha Noi,1,64.0
KH18348,53.0,4.6,3.7,nhan_vien,Da Nang,1,71.0
KH18349,35.0,12.9,8.1,nhan_vien,Ha Noi,5,70.0
KH18350,22.0,26.8,16.2,nhan_vien,Can Tho,3,50.0
KH18351,45.0,17.4,10.6,giao_vien,TP HCM,2,65.0
KH18352,27.0,23.0,13.7,kinh_doanh,TP HCM,4,59.0
KH18353,42.0,8.7,3.8,giao_vien,TP HCM,0,37.0
KH18354,32.0,28.1,16.0,ky_su,TP HCM,1,57.0
KH18355,43.0,11.8,8.8,nhan_vien,TP HCM,0,85.0
KH18356,34.0,21.0,16.6,ky_su,TP HCM,6,79.0
KH18357,39.0,11.2,6.5,nhan_vien,Ha Noi,5,63.0
KH18358,28.0,25.7,15.0,kinh_doanh,Da Nang,9,50.0
KH18359,41.0,11.0,4.9,giao_vien,TP HCM,2,38.0
KH18360,38.0,62.4,47.7,kinh_doanh,TP HCM,7,62.0
KH18361,37.0,27.6,22.9,ky_su,Ha Noi,6,68.0
KH18362,30.0,3.9,3.7,sinh_vien,Da Nang,1,84.0
KH18363,39.0,17.4,12.0,kinh_doanh,Ha Noi,4,66.0
KH18364,30.0,3.4,3.2,sinh_vien,TP HCM,0,81.0
KH18365,28.0,21.1,15.3,ky_su,Da Nang,3,84.0
KH18366,44.0,12.2,9.5,giao_vien,Ha Noi,0,83.0
KH18367,26.0,11.3,6.4,nhan_vien,Hai Phong,4,66.0
KH18368,42.0,34.0,20.8,kinh_doanh,TP HCM,8,69.0
KH18369,51.0,6.5,3.7,sinh_vien,Ha Noi,0,55.0
KH18370,36.0,16.8,8.7,nhan_vien,TP HCM,4,57.0
KH18371,45.0,18.3,6.7,giao_vien,Hai Phong,1,42.0
KH18372,53.0,18.2,12.7,kinh_doanh,Ha Noi,8,58.0
KH18373,18.0,11.5,7.1,nhan_vien,Ha Noi,0,58.0
KH18374,31.0,11.1,9.0,giao_vien,Ha Noi,1,75.0
KH18375,27.0,35.7,16.5,bac_si,Hai Phong,4,43.0
KH18376,26.0,29.6,19.7,kinh_doanh,TP HCM,5,79.0
KH18377,28.0,11.3,3.5,giao_vien,Ha Noi,0,29.0
KH18378,50.0,23.9,17.7,kinh_doanh,TP HCM,3,63.0
KH18379,40.0,13.7,10.8,giao_vien,TP HCM,4,69.0
KH18380,36.0,8.6,4.5,sinh_vien,Ha Noi,1,49.0
KH18381,43.0,11.6,9.3,nhan_vien,Da Nang,0,70.0
KH18382,44.0,18.4,9.5,kinh_doanh,Ha Noi,3,58.0
KH18383,41.0,35.1,29.8,kinh_doanh,TP HCM,11,89.0
KH18384,40.0,26.6,14.5,nhan_vien,Ha Noi,5,63.0
KH18385,47.0,19.8,12.2,giao_vien,Da Nang,2,69.0
KH18386,21.0,13.4,10.4,kinh_doanh,TP HCM,3,80.0
KH18387,40.0,70.8,37.1,bac_si,Ha Noi,10,47.0
KH18388,24.0,11.6,7.4,giao_vien,TP HCM,3,66.0
KH18389,18.0,14.9,12.3,nhan_vien,Ha Noi,3,98.0
KH18390,49.0,34.8,14.5,kinh_doanh,Ha Noi,5,41.0
KH18391,18.0,22.4,9.2,nhan_vien,TP HCM,3,44.0
KH18392,42.0,41.8,26.3,bac_si,Ha Noi,6,68.0
KH18393,33.0,6.7,3.4,sinh_vien,TP HCM,0,49.0
KH18394,32.0,3.1,3.1,sinh_vien,Hai Phong,0,96.0
KH18395,25.0,15.1,12.9,kinh_doanh,Can Tho,2,72.0
KH18396,25.0,17.4,12.1,bac_si,TP HCM,2,77.0
KH18397,37.0,35.4,14.5,ky_su,Da Nang,3,48.0
KH18398,18.0,30.8,19.5,ky_su,TP HCM,3,67.0
KH18399,46.0,13.1,8.5,bac_si,Can Tho,1,68.0
KH18400,42.0,15.3,10.9,giao_vien,Ha Noi,4,63.0
KH18401,34.0,10.8,4.2,nhan_vien,Ha Noi,1,34.0
KH18402,46.0,16.2,2.9,nhan_vien,Ha Noi,0,17.0
KH18403,34.0,33.0,13.0,ky_su,TP HCM,3,35.0
KH18404,24.0,23.9,9.3,ky_su,Ha Noi,1,35.0
KH18405,45.0,32.9,13.7,bac_si,Ha Noi,3,44.0
KH18406,32.0,6.2,3.1,sinh_vien,Hai Phong,1,51.0
KH18407,24.0,18.9,11.2,ky_su,Ha Noi,3,66.0
KH18408,39.0,14.3,8.6,nhan_vien,TP HCM,2,69.0
KH18409,42.0,17.3,11.7,ky_su,Can Tho,1,76.0
KH18410,42.0,19.1,8.0,nhan_vien,TP HCM,1,50.0
KH18411,36.0,25.9,10.1,nhan_vien,Ha Noi,1,41.0
KH18412,40.0,9.2,9.0,nhan_vien,TP HCM,1,81.0
KH18413,26.0,7.5,3.0,giao_vien,TP HCM,2,33.0
KH18414,55.0,16.3,4.8,ky_su,Da Nang,0,24.0
KH18415,18.0,22.3,9.6,kinh_doanh,Hai Phong,5,43.0
KH18416,18.0,18.5,11.4,giao_vien,Hai Phong,3,52.0
KH18417,47.0,8.2,3.5,nhan_vien,Ha Noi,1,48.0
KH18418,38.0,5.3,6.9,sinh_vien,TP HCM,1,100.0
KH18419,23.0,42.1,23.1,ky_su,Ha Noi,7,51.0
KH18420,31.0,54.8,36.0,kinh_doanh,Da Nang,5,76.0
KH18421,36.0,14.8,8.1,ky_su,TP HCM,1,46.0
KH18422,40.0,49.9,31.9,bac_si,Da Nang,5,54.0
KH18423,21.0,11.7,7.1,giao_vien,Hai Phong,1,67.0
KH18424,31.0,2.5,2.1,sinh_vien,TP HCM,1,70.0
KH18425,35.0,37.3,20.2,bac_si,TP HCM,7,59.0
KH18426,50.0,43.9,20.4,ky_su,TP HCM,5,48.0
KH18427,47.0,21.0,14.8,nhan_vien,Ha Noi,3,80.0
KH18428,43.0,18.2,13.5,bac_si,TP HCM,2,59.0
KH18429,45.0,10.0,6.3,sinh_vien,TP HCM,1,54.0
KH18430,46.0,17.2,7.8,nhan_vien,Da Nang,1,37.0
KH18431,52.0,33.4,20.8,bac_si,Ha Noi,4,74.0
KH18432,59.0,18.7,13.5,giao_vien,Da Nang,4,77.0
KH18433,18.0,19.3,9.7,nhan_vien,TP HCM,3,57.0
KH18434,41.0,31.9,19.9,nhan_vien,TP HCM,3,72.0
KH18435,26.0,39.1,21.8,kinh_doanh,TP HCM,3,57.0
KH18436,35.0,35.3,28.1,nhan_vien,Ha Noi,7,70.0
KH18437,40.0,13.3,6.4,nhan_vien,Ha Noi,1,48.0
KH18438,29.0,10.7,9.4,giao_vien,Can Tho,1,86.0
KH18439,34.0,31.9,12.3,ky_su,TP HCM,5,46.0
KH18440,22.0,6.6,3.2,nhan_vien,TP HCM,0,47.0
KH18441,19.0,11.5,5.5,giao_vien,Ha Noi,1,46.0
KH18442,38.0,26.2,16.2,kinh_doanh,Ha Noi,10,55.0
KH18443,52.0,11.1,8.7,ky_su,Ha Noi,3,71.0
KH18444,55.0,24.0,9.9,nhan_vien,Ha Noi,3,40.0
KH18445,39.0,45.6,33.4,kinh_doanh,Can Tho,11,61.0
KH18446,44.0,19.3,11.2,giao_vien,Ha Noi,2,58.0
KH18447,37.0,11.4,3.5,giao_vien,TP HCM,0,26.0
KH18448,33.0,25.9,18.6,kinh_doanh,Hai Phong,6,80.0
KH18449,38.0,53.0,29.9,bac_si,Ha Noi,11,46.0
KH18450,37.0,11.0,6.3,nhan_vien,Hai Phong,2,56.0
KH18451,35.0,20.1,11.7,kinh_doanh,Hai Phong,4,58.0
KH18452,24.0,12.1,5.8,ky_su,Ha Noi,0,38.0
KH18453,23.0,4.4,3.0,sinh_vien,Ha Noi,2,60.0
KH18454,30.0,20.7,14.9,ky_su,Ha Noi,4,61.0
KH18455,18.0,20.2,11.9,giao_vien,TP HCM,2,63.0
KH18456,41.0,20.1,9.9,ky_su,Ha Noi,4,43.0
KH18457,18.0,21.4,11.5,kinh_doanh,Ha Noi,2,52.0
KH18458,50.0,26.2,19.0,ky_su,TP HCM,3,77.0
KH18459,34.0,13.2,6.5,ky_su,TP HCM,0,58.0
KH18460,54.0,12.9,8.3,nhan_vien,TP HCM,1,60.0
KH18461,51.0,16.7,7.4,kinh_doanh,Ha Noi,2,39.0
KH18462,21.0,9.8,3.7,nhan_vien,TP HCM,0,39.0
KH18463,36.0,17.0,8.5,bac_si,TP HCM,2,58.0
KH18464,42.0,23.5,14.1,bac_si,Can Tho,3,57.0
KH18465,31.0,6.5,2.2,giao_vien,Ha Noi,0,30.0
KH18466,32.0,11.3,7.2,nhan_vien,Da Nang,1,62.0
KH18467,26.0,12.0,8.7,giao_vien,TP HCM,5,64.0
KH18468,50.0,19.3,11.1,nhan_vien,Hai Phong,2,49.0
KH18469,26.0,15.5,8.6,bac_si,Ha Noi,4,45.0
KH18470,18.0,17.4,12.2,bac_si,Ha Noi,4,67.0
KH18471,27.0,20.5,8.0,kinh_doanh,Hai Phong,3,46.0
KH18472,51.0,15.0,10.5,nhan_vien,Can Tho,2,76.0
KH18473,30.0,16.1,14.8,nhan_vien,TP HCM,2,100.0
KH18474,38.0,29.0,21.8,bac_si,TP HCM,7,69.0
KH18475,42.0,11.9,10.3,ky_su,TP HCM,0,79.0
KH18476,32.0,17.6,14.9,ky_su,Ha Noi,5,92.0
KH18477,62.0,19.8,6.6,bac_si,TP HCM,4,28.0
KH18478,33.0,19.0,15.5,kinh_doanh,Ha Noi,5,69.0
KH18479,47.0,4.2,4.5,sinh_vien,TP HCM,1,86.0
KH18480,33.0,41.9,36.3,ky_su,Ha Noi,8,81.0
KH18481,51.0,15.0,10.5,kinh_doanh,Ha Noi,2,82.0
KH18482,48.0,26.7,14.7,kinh_doanh,Ha Noi,3,64.0
KH18483,47.0,6.3,4.5,nhan_vien,Ha Noi,0,59.0
KH18484,38.0,18.7,11.2,ky_su,Hai Phong,1,68.0
KH18485,37.0,24.5,9.7,giao_vien,Ha Noi,1,45.0
KH18486,48.0,22.8,9.0,ky_su,TP HCM,3,34.0
KH18487,34.0,15.0,8.0,nhan_vien,TP HCM,2,58.0
KH18488,33.0,12.3,9.6,nhan_vien,TP HCM,2,69.0
KH18489,47.0,23.4,12.2,ky_su,TP HCM,2,53.0
KH18490,39.0,20.4,13.8,giao_vien,Ha Noi,6,73.0
KH18491,21.0,46.7,29.4,ky_su,Can Tho,5,61.0
KH18492,27.0,22.6,17.1,ky_su,Da Nang,6,86.0
KH18493,34.0,11.5,9.3,giao_vien,Can Tho,2,83.0
KH18494,35.0,12.8,9.3,nhan_vien,Ha Noi,1,77.0
KH18495,45.0,21.5,15.2,nhan_vien,Ha Noi,4,58.0
KH18496,29.0,27.5,14.3,ky_su,Ha Noi,5,57.0
KH18497,39.0,11.8,10.1,ky_su,Ha Noi,2,97.0
KH18498,21.0,34.2,11.1,kinh_doanh,Can Tho,4,27.0
KH18499,19.0,7.7,4.4,giao_vien,TP HCM,0,48.0
KH18500,30.0,13.8,4.4,ky_su,Ha Noi,0,27.0
KH18501,45.0,12.1,9.7,giao_vien,Ha Noi,1,94.0
KH18502,39.0,6.3,4.0,sinh_vien,Ha Noi,3,61.0
KH18503,51.0,24.5,14.4,ky_su,TP HCM,2,54.0
KH18504,36.0,26.8,21.5,ky_su,TP HCM,4,75.0
KH18505,54.0,27.8,14.7,ky_su,TP HCM,4,45.0
KH18506,27.0,18.0,9.8,giao_vien,Can Tho,1,50.0
KH18507,46.0,21.5,19.9,ky_su,TP HCM,3,100.0
KH18508,28.0,6.6,2.7,giao_vien,Ha Noi,1,33.0
KH18509,33.0,23.5,16.2,nhan_vien,Ha Noi,2,76.0
KH18510,24.0,11.4,6.8,nhan_vien,TP HCM,2,58.0
KH18511,34.0,20.6,12.9,kinh_doanh,Ha Noi,5,70.0
KH18512,51.0,51.3,26.6,kinh_doanh,Hai Phong,7,49.0
KH18513,28.0,15.9,6.5,giao_vien,Hai Phong,2,39.0
KH18514,53.0,24.2,16.1,ky_su,Da Nang,1,72.0
KH18515,22.0,11.6,7.7,giao_vien,Ha Noi,1,78.0
KH18516,25.0,15.5,7.7,nhan_vien,Da Nang,2,49.0
KH18517,40.0,30.8,21.3,ky_su,Ha Noi,3,75.0
KH18518,41.0,45.4,17.0,bac_si,TP HCM,4,41.0
KH18519,33.0,5.9,0.5,sinh_vien,Can Tho,0,8.0
KH18520,32.0,9.1,5.8,ky_su,Da Nang,2,73.0
KH18521,22.0,8.9,9.8,giao_vien,Can Tho,4,100.0
KH18522,24.0,7.2,4.2,sinh_vien,TP HCM,0,57.0
KH18523,32.0,11.7,3.3,nhan_vien,Hai Phong,1,24.0
KH18524,37.0,1.8,2.4,sinh_vien,Ha Noi,3,100.0
KH18525,26.0,17.2,12.7,giao_vien,Ha Noi,3,89.0
KH18526,27.0,11.6,7.6,nhan_vien,Hai Phong,2,69.0
KH18527,38.0,37.7,25.5,kinh_doanh,Ha Noi,10,66.0
KH18528,52.0,14.7,8.4,ky_su,TP HCM,5,49.0
KH18529,65.0,18.8,14.5,nhan_vien,Ha Noi,9,83.0
KH18530,27.0,17.3,5.3,nhan_vien,Da Nang,1,26.0
KH18531,46.0,4.7,5.8,sinh_vien,TP HCM,0,100.0
KH18532,18.0,34.9,21.0,ky_su,Ha Noi,4,58.0
KH18533,25.0,20.7,10.9,kinh_doanh,TP HCM,3,54.0
KH18534,26.0,4.1,5.9,sinh_vien,TP HCM,2,100.0
KH18535,56.0,24.6,11.2,ky_su,Ha Noi,3,47.0
KH18536,42.0,7.7,6.3,giao_vien,TP HCM,4,72.0
KH18537,53.0,12.6,8.3,nhan_vien,TP HCM,1,69.0
KH18538,54.0,14.8,8.0,bac_si,Hai Phong,3,63.0
KH18539,24.0,41.5,21.2,ky_su,Ha Noi,5,43.0
KH18540,27.0,16.1,6.1,ky_su,Ha Noi,4,30.0
KH18541,23.0,46.3,32.2,ky_su,TP HCM,14,74.0
KH18542,41.0,50.7,41.1,bac_si,Ha Noi,11,96.0
KH18543,26.0,9.6,8.1,ky_su,TP HCM,2,96.0
KH18544,46.0,5.4,2.8,sinh_vien,TP HCM,0,60.0
KH18545,28.0,15.4,4.4,giao_vien,TP HCM,1,28.0
KH18546,38.0,10.6,5.9,ky_su,Ha Noi,4,58.0
KH18547,38.0,14.6,11.9,giao_vien,Ha Noi,4,85.0
KH18548,49.0,7.9,6.5,nhan_vien,TP HCM,1,96.0
KH18549,36.0,15.8,9.1,nhan_vien,Can Tho,3,68.0
KH18550,28.0,14.1,6.4,nhan_vien,Ha Noi,1,54.0
KH18551,18.0,13.2,9.6,kinh_doanh,Ha Noi,2,65.0
KH18552,35.0,13.5,4.7,giao_vien,Hai Phong,1,41.0
KH18553,43.0,30.0,20.7,kinh_doanh,Ha Noi,8,74.0
KH18554,28.0,12.8,9.9,nhan_vien,TP HCM,6,93.0
KH18555,27.0,3.5,1.7,sinh_vien,Can Tho,0,57.0
KH18556,27.0,27.7,16.4,kinh_doanh,TP HCM,3,47.0
KH18557,23.0,61.6,27.0,bac_si,TP HCM,4,44.0
KH18558,30.0,46.1,17.0,kinh_doanh,TP HCM,8,39.0
KH18559,60.0,36.3,24.1,kinh_doanh,Da Nang,6,69.0
KH18560,34.0,4.9,4.0,sinh_vien,TP HCM,1,84.0
KH18561,42.0,46.6,19.9,ky_su,Ha Noi,2,38.0
KH18562,31.0,13.2,2.6,nhan_vien,Can Tho,0,17.0
KH18563,41.0,9.2,7.8,giao_vien,TP HCM,1,72.0
KH18564,52.0,1.4,1.0,sinh_vien,TP HCM,0,60.0
KH18565,41.0,64.5,40.2,nhan_vien,TP HCM,11,52.0
KH18566,35.0,13.1,10.5,giao_vien,Ha Noi,3,84.0
KH18567,40.0,10.4,5.0,sinh_vien,TP HCM,0,55.0
KH18568,53.0,52.8,20.5,ky_su,TP HCM,4,42.0
KH18569,57.0,13.6,9.6,nhan_vien,Ha Noi,5,77.0
KH18570,36.0,13.2,9.2,nhan_vien,TP HCM,1,59.0
KH18571,43.0,18.6,4.7,ky_su,TP HCM,0,26.0
KH18572,31.0,6.4,7.4,nhan_vien,TP HCM,2,100.0
KH18573,32.0,26.4,18.2,nhan_vien,Can Tho,5,63.0
KH18574,40.0,5.2,4.2,sinh_vien,Ha Noi,0,84.0
KH18575,32.0,18.1,13.3,bac_si,TP HCM,1,72.0
KH18576,40.0,51.1,17.0,bac_si,TP HCM,3,31.0
KH18577,44.0,15.8,15.9,giao_vien,Ha Noi,6,100.0
KH18578,38.0,24.4,21.1,nhan_vien,TP HCM,4,92.0
KH18579,26.0,11.6,3.6,nhan_vien,Ha Noi,1,26.0
KH18580,19.0,44.3,22.1,kinh_doanh,Ha Noi,3,56.0
KH18581,40.0,30.1,12.8,giao_vien,TP HCM,3,35.0
KH18582,36.0,13.8,7.1,kinh_doanh,Ha Noi,2,55.0
KH18583,43.0,10.1,7.1,giao_vien,TP HCM,1,84.0
KH18584,18.0,21.1,9.3,kinh_doanh,Da Nang,4,40.0
KH18585,31.0,26.9,13.4,kinh_doanh,Hai Phong,8,55.0
KH18586,35.0,12.8,10.2,ky_su,Ha Noi,1,88.0
KH18587,36.0,16.3,8.5,kinh_doanh,TP HCM,2,55.0
KH18588,49.0,24.6,18.8,kinh_doanh,Ha Noi,3,78.0
KH18589,46.0,26.7,15.5,kinh_doanh,Ha Noi,2,55.0
KH18590,31.0,30.1,21.6,kinh_doanh,Hai Phong,3,65.0
KH18591,42.0,18.7,15.2,ky_su,Ha Noi,6,95.0
KH18592,21.0,11.3,11.2,nhan_vien,Da Nang,4,89.0
KH18593,47.0,25.6,11.5,bac_si,Da Nang,3,41.0
KH18594,32.0,15.9,8.2,kinh_doanh,Hai Phong,0,51.0
KH18595,37.0,15.0,4.6,giao_vien,TP HCM,1,27.0
KH18596,42.0,3.3,0.9,sinh_vien,Ha Noi,0,27.0
KH18597,37.0,30.6,13.9,ky_su,Ha Noi,0,53.0
KH18598,31.0,5.6,4.3,sinh_vien,Can Tho,1,62.0
KH18599,23.0,73.3,36.9,bac_si,Can Tho,13,48.0
KH18600,37.0,18.1,15.9,ky_su,TP HCM,7,93.0
KH18601,20.0,13.4,7.2,nhan_vien,Da Nang,3,50.0
KH18602,19.0,14.5,7.7,nhan_vien,Ha Noi,2,58.0
KH18603,25.0,8.8,7.7,nhan_vien,Hai Phong,3,74.0
KH18604,39.0,6.6,3.3,ky_su,Ha Noi,1,45.0
KH18605,47.0,6.6,3.2,sinh_vien,Da Nang,0,52.0
KH18606,46.0,33.3,15.8,kinh_doanh,Da Nang,2,53.0
KH18607,19.0,16.8,9.5,ky_su,Da Nang,2,66.0
KH18608,29.0,15.0,7.4,kinh_doanh,Can Tho,0,46.0
KH18609,58.0,18.6,9.9,nhan_vien,TP HCM,3,45.0
KH18610,38.0,5.9,5.3,sinh_vien,TP HCM,2,100.0
KH18611,32.0,44.4,15.7,kinh_doanh,TP HCM,7,39.0
KH18612,31.0,12.5,6.2,nhan_vien,TP HCM,1,54.0
KH18613,43.0,21.7,9.2,kinh_doanh,Can Tho,3,48.0
KH18614,43.0,25.1,16.3,ky_su,TP HCM,3,55.0
KH18615,43.0,24.2,20.2,nhan_vien,TP HCM,4,82.0
KH18616,29.0,32.3,17.9,kinh_doanh,Hai Phong,3,48.0
KH18617,18.0,7.5,2.3,sinh_vien,Ha Noi,1,29.0
KH18618,58.0,11.9,10.8,nhan_vien,TP HCM,1,100.0
KH18619,35.0,20.1,7.5,nhan_vien,Ha Noi,0,34.0
KH18620,41.0,8.2,6.2,nhan_vien,Ha Noi,1,78.0
KH18621,50.0,19.3,12.5,nhan_vien,Hai Phong,3,77.0
KH18622,18.0,12.4,6.4,nhan_vien,TP HCM,2,61.0
KH18623,44.0,14.5,11.9,bac_si,Can Tho,2,87.0
KH18624,53.0,17.5,10.6,kinh_doanh,Ha Noi,5,70.0
KH18625,27.0,17.2,12.3,giao_vien,Da Nang,7,74.0
KH18626,28.0,17.0,6.0,nhan_vien,TP HCM,1,34.0
KH18627,53.0,16.5,9.6,nhan_vien,Da Nang,1,55.0
KH18628,35.0,20.8,9.3,ky_su,TP HCM,2,41.0
KH18629,28.0,14.4,8.4,bac_si,Hai Phong,1,51.0
KH18630,44.0,25.5,19.0,ky_su,Ha Noi,3,74.0
KH18631,30.0,23.7,18.2,ky_su,Can Tho,6,66.0
KH18632,50.0,6.5,4.3,sinh_vien,TP HCM,1,78.0
KH18633,38.0,12.4,3.2,nhan_vien,TP HCM,1,23.0
KH18634,52.0,22.3,12.5,nhan_vien,Hai Phong,0,50.0
KH18635,34.0,25.3,7.3,ky_su,Ha Noi,3,29.0
KH18636,52.0,8.0,4.9,giao_vien,TP HCM,1,51.0
KH18637,22.0,18.8,15.1,ky_su,TP HCM,9,65.0
KH18638,30.0,6.2,3.1,nhan_vien,Can Tho,0,53.0
KH18639,30.0,17.4,14.2,ky_su,TP HCM,5,69.0
KH18640,30.0,24.9,11.3,kinh_doanh,Ha Noi,2,49.0
KH18641,43.0,4.7,2.1,sinh_vien,TP HCM,0,40.0
KH18642,26.0,60.1,37.3,bac_si,Ha Noi,9,61.0
KH18643,22.0,11.2,11.7,nhan_vien,Can Tho,2,100.0
KH18644,36.0,35.5,18.0,bac_si,TP HCM,3,60.0
KH18645,32.0,26.4,11.1,kinh_doanh,TP HCM,5,50.0
KH18646,31.0,11.0,5.9,nhan_vien,TP HCM,1,59.0
KH18647,28.0,53.9,39.1,bac_si,Da Nang,11,79.0
KH18648,52.0,19.0,10.1,ky_su,Ha Noi,1,53.0
KH18649,30.0,19.4,10.8,kinh_doanh,TP HCM,7,46.0
KH18650,20.0,31.8,22.9,nhan_vien,Hai Phong,10,62.0
KH18651,25.0,27.3,18.8,kinh_doanh,Ha Noi,6,62.0
KH18652,34.0,16.8,6.2,nhan_vien,TP HCM,1,34.0
KH18653,43.0,8.8,1.0,giao_vien,Hai Phong,0,10.0
KH18654,41.0,4.7,1.7,sinh_vien,Can Tho,0,41.0
KH18655,44.0,23.2,11.7,ky_su,Hai Phong,3,48.0
KH18656,34.0,15.1,6.7,giao_vien,Ha Noi,3,50.0
KH18657,40.0,30.0,16.3,ky_su,TP HCM,4,57.0
KH18658,30.0,6.6,6.2,giao_vien,Ha Noi,0,100.0
KH18659,26.0,12.6,4.2,nhan_vien,TP HCM,3,38.0
KH18660,39.0,8.6,3.6,nhan_vien,Ha Noi,0,43.0
KH18661,33.0,44.3,34.1,ky_su,Hai Phong,4,66.0
KH18662,28.0,14.6,4.7,ky_su,TP HCM,1,27.0
KH18663,35.0,32.0,13.6,kinh_doanh,Ha Noi,4,48.0
KH18664,45.0,11.6,6.0,giao_vien,TP HCM,3,42.0
KH18665,22.0,10.7,9.6,nhan_vien,Ha Noi,2,100.0
KH18666,46.0,29.4,21.0,kinh_doanh,Ha Noi,8,66.0
KH18667,42.0,19.7,6.8,nhan_vien,TP HCM,4,40.0
KH18668,18.0,10.9,9.8,nhan_vien,Ha Noi,2,76.0
KH18669,37.0,19.2,10.3,nhan_vien,TP HCM,2,46.0
KH18670,18.0,26.0,12.5,ky_su,Can Tho,2,41.0
KH18671,41.0,19.4,17.1,kinh_doanh,TP HCM,3,93.0
KH18672,29.0,13.6,8.0,ky_su,TP HCM,1,54.0
KH18673,40.0,9.1,3.2,kinh_doanh,Can Tho,1,28.0
KH18674,23.0,29.1,10.9,kinh_doanh,Can Tho,2,41.0
KH18675,50.0,16.0,10.7,giao_vien,TP HCM,5,63.0
KH18676,37.0,18.5,13.5,nhan_vien,Can Tho,1,75.0
KH18677,29.0,11.5,8.7,nhan_vien,Can Tho,3,70.0
KH18678,45.0,16.2,12.6,giao_vien,Da Nang,3,62.0
KH18679,35.0,21.6,8.6,nhan_vien,Ha Noi,4,42.0
KH18680,38.0,24.7,19.8,giao_vien,Da Nang,5,65.0
KH18681,38.0,16.5,10.6,ky_su,TP HCM,5,54.0
KH18682,30.0,27.1,11.3,kinh_doanh,Hai Phong,6,34.0
KH18683,53.0,12.4,8.7,sinh_vien,Hai Phong,2,75.0
KH18684,47.0,18.6,14.2,nhan_vien,TP HCM,2,91.0
KH18685,18.0,15.2,11.7,nhan_vien,Can Tho,2,82.0
KH18686,39.0,19.4,4.8,nhan_vien,TP HCM,1,21.0
KH18687,46.0,10.8,2.5,giao_vien,Ha Noi,0,27.0
KH18688,34.0,19.7,14.6,ky_su,TP HCM,3,75.0
KH18689,28.0,33.0,17.7,kinh_doanh,Ha Noi,2,59.0
KH18690,30.0,25.8,20.6,ky_su,Ha Noi,4,86.0
KH18691,40.0,10.4,9.4,nhan_vien,TP HCM,3,76.0
KH18692,25.0,4.6,2.8,giao_vien,Hai Phong,1,58.0
KH18693,39.0,10.7,8.1,giao_vien,TP HCM,1,88.0
KH18694,54.0,9.6,7.3,nhan_vien,Ha Noi,2,67.0
KH18695,29.0,13.6,5.9,nhan_vien,Hai Phong,2,38.0
KH18696,26.0,6.1,2.4,sinh_vien,Ha Noi,0,39.0
KH18697,39.0,30.7,13.7,ky_su,Da Nang,4,46.0
KH18698,39.0,15.5,11.6,nhan_vien,TP HCM,3,60.0
KH18699,55.0,20.3,12.7,bac_si,Ha Noi,4,68.0
KH18700,24.0,17.5,13.4,ky_su,TP HCM,4,85.0
KH18701,31.0,17.7,14.5,kinh_doanh,Ha Noi,5,89.0
KH18702,47.0,6.0,0.5,giao_vien,Ha Noi,0,10.0
KH18703,64.0,11.9,11.0,nhan_vien,Ha Noi,4,81.0
KH18704,18.0,17.9,9.8,kinh_doanh,TP HCM,4,51.0
KH18705,22.0,17.0,7.0,nhan_vien,Ha Noi,1,42.0
KH18706,45.0,16.3,15.2,nhan_vien,Can Tho,3,75.0
KH18707,35.0,25.5,14.7,ky_su,Can Tho,0,65.0
KH18708,41.0,9.6,7.4,sinh_vien,TP HCM,0,79.0
KH18709,34.0,9.5,5.4,nhan_vien,Ha Noi,1,66.0
KH18710,40.0,10.4,4.5,giao_vien,TP HCM,4,45.0
KH18711,47.0,31.8,21.2,ky_su,TP HCM,4,79.0
KH18712,33.0,62.7,33.0,kinh_doanh,TP HCM,8,48.0
KH18713,35.0,21.9,13.2,nhan_vien,TP HCM,3,70.0
KH18714,23.0,22.3,10.5,kinh_doanh,Ha Noi,3,49.0
KH18715,34.0,24.7,15.6,ky_su,TP HCM,1,53.0
KH18716,63.0,28.5,24.4,nhan_vien,TP HCM,3,80.0
KH18717,30.0,36.6,26.4,ky_su,TP HCM,9,79.0
KH18718,37.0,39.7,21.6,kinh_doanh,Ha Noi,8,61.0
KH18719,26.0,3.1,0.5,sinh_vien,Ha Noi,0,18.0
KH18720,48.0,13.9,9.8,ky_su,TP HCM,4,76.0
KH18721,30.0,29.4,17.0,giao_vien,Can Tho,4,66.0
KH18722,42.0,7.3,7.9,giao_vien,TP HCM,0,91.0
KH18723,29.0,10.0,3.7,nhan_vien,Da Nang,2,35.0
KH18724,42.0,45.2,37.7,kinh_doanh,TP HCM,7,78.0
KH18725,44.0,9.7,4.5,ky_su,Can Tho,0,43.0
KH18726,30.0,15.1,5.0,nhan_vien,TP HCM,1,35.0
KH18727,24.0,31.0,11.1,ky_su,Can Tho,3,37.0
KH18728,53.0,13.0,4.9,nhan_vien,Hai Phong,2,43.0
KH18729,18.0,4.0,1.7,sinh_vien,Hai Phong,0,48.0
KH18730,25.0,17.5,9.1,kinh_doanh,TP HCM,2,43.0
KH18731,23.0,10.7,8.6,kinh_doanh,TP HCM,4,91.0
KH18732,47.0,35.6,15.7,ky_su,TP HCM,6,49.0
KH18733,55.0,8.5,5.4,giao_vien,Da Nang,1,75.0
KH18734,39.0,35.6,26.6,ky_su,TP HCM,8,73.0
KH18735,48.0,17.3,13.4,nhan_vien,TP HCM,2,92.0
KH18736,23.0,30.9,19.2,kinh_doanh,TP HCM,4,66.0
KH18737,31.0,14.2,5.7,nhan_vien,TP HCM,2,41.0
KH18738,38.0,14.2,5.2,nhan_vien,Can Tho,1,30.0
KH18739,58.0,27.2,23.0,giao_vien,Hai Phong,5,96.0
KH18740,47.0,23.1,19.2,nhan_vien,Ha Noi,4,83.0
KH18741,25.0,26.5,8.7,nhan_vien,TP HCM,3,31.0
KH18742,38.0,11.7,10.1,nhan_vien,TP HCM,3,95.0
KH18743,33.0,8.6,3.5,nhan_vien,Ha Noi,0,46.0
KH18744,36.0,5.3,0.5,sinh_vien,Can Tho,1,8.0
KH18745,25.0,18.0,10.8,kinh_doanh,TP HCM,0,53.0
KH18746,52.0,10.2,6.5,nhan_vien,TP HCM,1,75.0
KH18747,31.0,12.0,4.8,ky_su,Da Nang,6,38.0
KH18748,29.0,13.8,7.0,nhan_vien,TP HCM,3,49.0
KH18749,29.0,16.1,6.4,ky_su,Can Tho,0,47.0
KH18750,34.0,34.6,15.0,kinh_doanh,TP HCM,2,48.0
KH18751,43.0,15.6,6.7,nhan_vien,Ha Noi,0,49.0
KH18752,33.0,12.6,4.3,ky_su,TP HCM,3,35.0
KH18753,31.0,6.5,2.6,bac_si,Ha Noi,1,47.0
KH18754,34.0,3.2,4.4,sinh_vien,TP HCM,1,100.0
KH18755,36.0,5.2,3.4,sinh_vien,TP HCM,2,62.0
KH18756,45.0,11.2,7.4,giao_vien,Ha Noi,0,70.0
KH18757,32.0,16.8,14.1,giao_vien,Ha Noi,2,89.0
KH18758,31.0,12.3,9.9,nhan_vien,TP HCM,1,70.0
KH18759,21.0,18.1,16.3,giao_vien,TP HCM,6,100.0
KH18760,36.0,38.7,20.4,ky_su,Da Nang,9,44.0
KH18761,34.0,29.0,18.7,kinh_doanh,Hai Phong,5,68.0
KH18762,51.0,17.3,10.5,nhan_vien,Ha Noi,1,63.0
KH18763,39.0,20.2,8.2,bac_si,TP HCM,5,37.0
KH18764,30.0,16.5,9.8,kinh_doanh,TP HCM,3,58.0
KH18765,30.0,21.4,10.7,nhan_vien,Ha Noi,3,47.0
KH18766,47.0,25.6,21.9,nhan_vien,TP HCM,8,100.0
KH18767,28.0,6.1,4.5,nhan_vien,Ha Noi,0,81.0
KH18768,37.0,34.6,14.7,ky_su,Can Tho,3,37.0
KH18769,27.0,24.1,16.7,kinh_doanh,TP HCM,3,66.0
KH18770,29.0,17.2,4.8,nhan_vien,Can Tho,2,27.0
KH18771,49.0,14.6,10.6,nhan_vien,TP HCM,3,78.0
KH18772,27.0,12.5,7.3,nhan_vien,Da Nang,4,69.0
KH18773,48.0,14.8,10.2,nhan_vien,Ha Noi,2,80.0
KH18774,37.0,9.2,6.0,giao_vien,Da Nang,1,55.0
KH18775,52.0,25.4,11.6,giao_vien,TP HCM,5,50.0
KH18776,46.0,6.1,2.9,sinh_vien,TP HCM,0,43.0
KH18777,31.0,6.0,2.0,sinh_vien,TP HCM,0,36.0
KH18778,22.0,18.6,14.3,ky_su,Ha Noi,8,76.0
KH18779,18.0,45.5,27.4,ky_su,TP HCM,10,55.0
KH18780,63.0,8.6,6.2,giao_vien,Da Nang,2,68.0
KH18781,48.0,32.2,25.2,bac_si,TP HCM,5,66.0
KH18782,44.0,21.3,8.7,ky_su,Da Nang,5,34.0
KH18783,37.0,15.0,8.6,nhan_vien,TP HCM,5,64.0
KH18784,27.0,40.6,13.5,kinh_doanh,Ha Noi,3,30.0
KH18785,48.0,9.1,1.7,giao_vien,Ha Noi,2,21.0
KH18786,22.0,12.5,4.7,giao_vien,Ha Noi,2,44.0
KH18787,26.0,48.5,26.4,kinh_doanh,TP HCM,6,55.0
KH18788,44.0,20.2,8.0,bac_si,Can Tho,0,38.0
KH18789,25.0,13.3,10.0,nhan_vien,Can Tho,3,64.0
KH18790,34.0,55.6,38.4,ky_su,Ha Noi,5,82.0
KH18791,46.0,7.8,5.4,nhan_vien,TP HCM,1,59.0
KH18792,50.0,21.5,7.5,ky_su,Da Nang,2,29.0
KH18793,38.0,45.6,34.0,giao_vien,Hai Phong,11,81.0
KH18794,62.0,15.9,10.1,ky_su,TP HCM,4,60.0
KH18795,30.0,7.1,4.1,giao_vien,Can Tho,0,64.0
KH18796,41.0,35.0,19.5,kinh_doanh,TP HCM,6,57.0
KH18797,54.0,14.7,5.1,nhan_vien,Ha Noi,2,29.0
KH18798,44.0,73.8,37.5,bac_si,TP HCM,8,60.0
KH18799,43.0,19.4,11.2,bac_si,TP HCM,3,53.0
KH18800,26.0,8.2,6.6,nhan_vien,Da Nang,2,96.0
KH18801,35.0,7.4,7.7,nhan_vien,Can Tho,0,85.0
KH18802,55.0,22.9,11.4,ky_su,Ha Noi,5,46.0
KH18803,32.0,25.8,17.0,kinh_doanh,Hai Phong,7,64.0
KH18804,40.0,12.1,8.1,giao_vien,Hai Phong,2,67.0
KH18805,31.0,13.5,7.7,nhan_vien,TP HCM,1,60.0
KH18806,48.0,16.8,13.7,nhan_vien,Ha Noi,4,85.0
KH18807,54.0,36.9,25.9,ky_su,Da Nang,5,75.0
KH18808,36.0,43.2,29.6,ky_su,Da Nang,6,72.0
KH18809,18.0,29.3,22.9,kinh_doanh,Ha Noi,15,76.0
KH18810,35.0,16.2,12.9,kinh_doanh,Hai Phong,5,84.0
KH18811,72.0,4.7,2.3,sinh_vien,Hai Phong,0,48.0
KH18812,37.0,8.2,3.7,nhan_vien,TP HCM,1,49.0
KH18813,39.0,8.1,0.5,nhan_vien,Ha Noi,0,6.0
KH18814,26.0,17.9,8.4,kinh_doanh,Ha Noi,0,54.0
KH18815,30.0,25.5,10.8,kinh_doanh,Ha Noi,1,36.0
KH18816,57.0,6.8,4.0,sinh_vien,Ha Noi,1,62.0
KH18817,30.0,12.8,6.5,bac_si,Ha Noi,4,49.0
KH18818,30.0,55.8,30.4,kinh_doanh,Ha Noi,9,60.0
KH18819,46.0,46.8,38.5,giao_vien,TP HCM,9,91.0
KH18820,32.0,39.3,27.5,kinh_doanh,Da Nang,8,62.0
KH18821,37.0,22.7,13.7,giao_vien,Da Nang,2,51.0
KH18822,28.0,12.9,1.4,ky_su,Da Nang,0,13.0
KH18823,35.0,54.4,37.5,ky_su,TP HCM,13,70.0
KH18824,33.0,10.8,9.2,kinh_doanh,TP HCM,0,71.0
KH18825,24.0,15.0,5.7,nhan_vien,Ha Noi,1,37.0
KH18826,45.0,12.6,8.9,giao_vien,Ha Noi,3,58.0
KH18827,46.0,27.0,14.1,kinh_doanh,TP HCM,5,49.0
KH18828,32.0,44.4,27.2,ky_su,Ha Noi,4,54.0
KH18829,38.0,12.0,4.7,giao_vien,Da Nang,2,43.0
KH18830,46.0,18.8,11.1,giao_vien,Can Tho,1,67.0
KH18831,28.0,13.5,8.2,giao_vien,Da Nang,0,63.0
KH18832,51.0,30.1,22.7,nhan_vien,Da Nang,10,71.0
KH18833,34.0,49.4,36.1,kinh_doanh,Ha Noi,5,85.0
KH18834,22.0,31.2,20.7,kinh_doanh,Can Tho,9,57.0
KH18835,25.0,3.4,2.0,sinh_vien,Ha Noi,0,61.0
KH18836,21.0,26.5,11.2,kinh_doanh,Hai Phong,4,37.0
KH18837,39.0,16.9,8.4,ky_su,Ha Noi,4,51.0
KH18838,31.0,30.0,22.1,giao_vien,TP HCM,6,84.0
KH18839,47.0,3.6,4.2,sinh_vien,TP HCM,0,100.0
KH18840,32.0,12.6,8.1,nhan_vien,Ha Noi,2,63.0
KH18841,26.0,12.1,9.1,nhan_vien,TP HCM,4,63.0
KH18842,70.0,5.6,1.9,sinh_vien,TP HCM,1,31.0
KH18843,27.0,30.6,11.7,ky_su,Ha Noi,1,31.0
KH18844,33.0,37.2,14.9,kinh_doanh,TP HCM,1,41.0
KH18845,39.0,32.1,21.0,ky_su,TP HCM,10,58.0
KH18846,40.0,38.5,18.3,kinh_doanh,Da Nang,8,50.0
KH18847,44.0,16.2,4.9,kinh_doanh,TP HCM,2,29.0
KH18848,47.0,34.8,24.7,kinh_doanh,TP HCM,5,64.0
KH18849,41.0,30.4,19.0,nhan_vien,Ha Noi,5,66.0
KH18850,29.0,9.1,5.1,bac_si,TP HCM,0,50.0
KH18851,28.0,24.3,16.8,ky_su,Da Nang,9,81.0
KH18852,50.0,25.9,13.6,nhan_vien,Da Nang,1,61.0
KH18853,42.0,16.0,8.0,giao_vien,Da Nang,4,51.0
KH18854,18.0,2.0,0.5,sinh_vien,Hai Phong,0,21.0
KH18855,34.0,34.1,28.2,kinh_doanh,Ha Noi,4,91.0
KH18856,28.0,18.5,12.5,kinh_doanh,Ha Noi,2,61.0
KH18857,61.0,16.2,12.6,nhan_vien,Ha Noi,2,82.0
KH18858,35.0,52.6,29.9,ky_su,Ha Noi,10,46.0
KH18859,46.0,7.8,6.2,giao_vien,Can Tho,2,94.0
KH18860,36.0,27.0,15.7,giao_vien,Ha Noi,5,48.0
KH18861,33.0,32.0,20.3,ky_su,Ha Noi,4,69.0
KH18862,23.0,23.6,11.0,ky_su,TP HCM,1,56.0
KH18863,36.0,27.8,17.6,kinh_doanh,Da Nang,4,65.0
KH18864,45.0,18.1,12.2,kinh_doanh,TP HCM,4,56.0
KH18865,32.0,16.4,12.0,bac_si,TP HCM,3,82.0
KH18866,39.0,11.8,5.3,nhan_vien,Ha Noi,0,37.0
KH18867,33.0,3.7,2.4,nhan_vien,Can Tho,0,70.0
KH18868,68.0,7.9,1.2,giao_vien,Ha Noi,0,12.0
KH18869,40.0,4.4,3.2,sinh_vien,TP HCM,1,61.0
KH18870,23.0,5.0,0.7,sinh_vien,TP HCM,0,13.0
KH18871,33.0,14.8,10.0,giao_vien,Ha Noi,1,68.0
KH18872,50.0,20.8,17.7,bac_si,TP HCM,8,95.0
KH18873,43.0,21.1,15.0,bac_si,TP HCM,1,62.0
KH18874,45.0,20.4,14.8,nhan_vien,Hai Phong,9,67.0
KH18875,40.0,20.7,12.6,nhan_vien,TP HCM,3,49.0
KH18876,47.0,28.3,15.4,kinh_doanh,TP HCM,4,45.0
KH18877,41.0,10.1,5.1,giao_vien,TP HCM,0,56.0
KH18878,42.0,30.9,19.6,nhan_vien,Can Tho,6,71.0
KH18879,44.0,16.5,10.3,kinh_doanh,Can Tho,0,67.0
KH18880,22.0,10.0,5.3,giao_vien,Hai Phong,0,49.0
KH18881,52.0,9.8,6.3,nhan_vien,Ha Noi,2,68.0
KH18882,51.0,9.7,5.1,nhan_vien,TP HCM,1,54.0
KH18883,48.0,13.7,7.4,giao_vien,TP HCM,2,57.0
KH18884,20.0,13.7,9.0,bac_si,Ha Noi,0,75.0
KH18885,46.0,11.1,11.3,nhan_vien,TP HCM,2,100.0
KH18886,38.0,30.2,12.3,kinh_doanh,Ha Noi,7,34.0
KH18887,53.0,14.6,8.0,giao_vien,TP HCM,0,52.0
KH18888,34.0,34.7,25.0,ky_su,TP HCM,4,62.0
KH18889,34.0,14.8,14.0,ky_su,Hai Phong,2,100.0
KH18890,36.0,37.2,22.3,ky_su,Ha Noi,3,58.0
KH18891,24.0,37.7,31.3,kinh_doanh,Ha Noi,7,86.0
KH18892,21.0,32.2,23.7,ky_su,TP HCM,7,79.0
KH18893,18.0,15.5,5.8,ky_su,Ha Noi,4,40.0
KH18894,38.0,17.3,6.1,nhan_vien,Ha Noi,2,32.0
KH18895,37.0,13.2,7.4,nhan_vien,Da Nang,2,51.0
KH18896,39.0,12.6,7.7,giao_vien,Ha Noi,3,63.0
KH18897,37.0,33.9,19.5,kinh_doanh,TP HCM,7,59.0
KH18898,30.0,26.1,16.1,kinh_doanh,Da Nang,6,69.0
KH18899,59.0,10.7,1.7,nhan_vien,Ha Noi,1,13.0
KH18900,43.0,9.6,4.9,nhan_vien,Hai Phong,3,56.0
KH18901,40.0,13.6,5.5,nhan_vien,Ha Noi,2,40.0
KH18902,32.0,16.7,11.3,giao_vien,Ha Noi,5,65.0
KH18903,34.0,56.0,20.4,nhan_vien,Ha Noi,6,42.0
KH18904,24.0,12.8,9.2,kinh_doanh,TP HCM,3,79.0
KH18905,38.0,4.2,2.0,sinh_vien,Da Nang,0,56.0
KH18906,18.0,15.2,11.7,ky_su,Ha Noi,6,81.0
KH18907,24.0,34.3,19.3,kinh_doanh,Da Nang,5,56.0
KH18908,18.0,2.9,1.0,sinh_vien,TP HCM,0,35.0
KH18909,34.0,20.6,8.0,kinh_doanh,Can Tho,3,33.0
KH18910,18.0,5.0,5.3,sinh_vien,Ha Noi,4,95.0
KH18911,48.0,28.5,17.5,ky_su,Ha Noi,3,57.0
KH18912,48.0,11.3,8.0,giao_vien,TP HCM,1,69.0
KH18913,43.0,11.1,9.2,bac_si,Ha Noi,1,81.0
KH18914,27.0,14.7,7.8,kinh_doanh,Ha Noi,0,49.0
KH18915,37.0,15.4,6.7,nhan_vien,Can Tho,2,38.0
KH18916,37.0,20.5,9.1,nhan_vien,Hai Phong,0,37.0
KH18917,36.0,23.5,12.7,kinh_doanh,Ha Noi,2,62.0
KH18918,41.0,12.8,3.8,nhan_vien,Ha Noi,0,33.0
KH18919,36.0,13.5,7.5,nhan_vien,TP HCM,2,51.0
KH18920,18.0,17.9,14.5,nhan_vien,Da Nang,8,83.0
KH18921,21.0,40.0,35.4,ky_su,Ha Noi,7,81.0
KH18922,40.0,24.9,10.6,kinh_doanh,TP HCM,1,48.0
KH18923,38.0,15.3,8.9,nhan_vien,Da Nang,1,50.0
KH18924,56.0,8.8,4.3,giao_vien,TP HCM,1,49.0
KH18925,37.0,30.3,18.8,kinh_doanh,Ha Noi,8,74.0
KH18926,54.0,29.8,18.8,kinh_doanh,Ha Noi,4,63.0
KH18927,34.0,14.8,6.8,ky_su,TP HCM,3,51.0
KH18928,38.0,19.9,13.4,ky_su,Hai Phong,4,70.0
KH18929,24.0,31.1,16.1,ky_su,TP HCM,1,54.0
KH18930,29.0,6.1,1.6,nhan_vien,Ha Noi,0,28.0
KH18931,46.0,12.3,7.6,kinh_doanh,Can Tho,1,65.0
KH18932,46.0,26.8,21.1,ky_su,Ha Noi,7,89.0
KH18933,53.0,14.8,12.4,giao_vien,Ha Noi,3,72.0
KH18934,51.0,32.5,23.7,kinh_doanh,TP HCM,4,79.0
KH18935,18.0,34.6,12.1,nhan_vien,TP HCM,1,31.0
KH18936,18.0,5.0,2.3,ky_su,TP HCM,1,49.0
KH18937,31.0,17.6,12.3,nhan_vien,TP HCM,3,71.0
KH18938,18.0,16.9,11.6,ky_su,TP HCM,6,77.0
KH18939,38.0,23.7,13.8,kinh_doanh,TP HCM,2,61.0
KH18940,33.0,5.4,3.3,sinh_vien,Ha Noi,2,65.0
KH18941,42.0,26.8,16.6,nhan_vien,Ha Noi,1,70.0
KH18942,25.0,20.2,9.9,giao_vien,TP HCM,3,58.0
KH18943,32.0,13.5,10.1,nhan_vien,Ha Noi,1,80.0
KH18944,33.0,19.5,17.0,ky_su,Hai Phong,1,82.0
KH18945,49.0,21.4,14.5,kinh_doanh,Can Tho,3,59.0
KH18946,42.0,15.7,12.3,nhan_vien,Ha Noi,1,69.0
KH18947,33.0,33.7,21.0,bac_si,Can Tho,6,72.0
KH18948,26.0,23.1,14.9,kinh_doanh,TP HCM,2,61.0
KH18949,52.0,30.3,11.4,nhan_vien,TP HCM,4,45.0
KH18950,37.0,17.6,14.7,kinh_doanh,Can Tho,4,79.0
KH18951,41.0,10.6,6.3,nhan_vien,Ha Noi,0,49.0
KH18952,40.0,23.3,10.3,ky_su,TP HCM,2,36.0
KH18953,36.0,20.3,15.5,ky_su,Ha Noi,3,70.0
KH18954,45.0,27.4,21.2,bac_si,TP HCM,5,65.0
KH18955,25.0,44.7,20.5,ky_su,Hai Phong,3,49.0
KH18956,28.0,34.3,26.7,nhan_vien,Da Nang,8,63.0
KH18957,35.0,5.4,2.4,nhan_vien,Da Nang,1,53.0
KH18958,19.0,21.0,5.8,ky_su,TP HCM,1,26.0
KH18959,50.0,11.9,8.8,kinh_doanh,TP HCM,5,81.0
KH18960,46.0,30.2,21.0,giao_vien,TP HCM,3,61.0
KH18961,31.0,13.4,9.7,sinh_vien,Ha Noi,3,78.0
KH18962,35.0,13.6,9.2,kinh_doanh,Da Nang,1,64.0
KH18963,20.0,13.6,7.2,giao_vien,TP HCM,3,63.0
KH18964,34.0,11.7,4.9,giao_vien,Da Nang,1,35.0
KH18965,47.0,12.8,9.1,nhan_vien,Hai Phong,2,62.0
KH18966,36.0,14.5,12.2,nhan_vien,TP HCM,1,84.0
KH18967,24.0,25.1,14.3,ky_su,Can Tho,3,64.0
KH18968,47.0,5.7,1.3,giao_vien,TP HCM,0,23.0
KH18969,35.0,18.5,10.4,nhan_vien,Ha Noi,1,61.0
KH18970,34.0,4.0,3.7,sinh_vien,Da Nang,0,81.0
KH18971,53.0,13.7,7.1,kinh_doanh,Hai Phong,4,46.0
KH18972,47.0,27.6,7.6,nhan_vien,Ha Noi,2,25.0
KH18973,41.0,4.0,2.5,sinh_vien,Can Tho,2,54.0
KH18974,38.0,20.1,17.1,giao_vien,TP HCM,3,82.0
KH18975,36.0,20.7,6.1,kinh_doanh,TP HCM,1,32.0
KH18976,57.0,18.1,8.0,nhan_vien,TP HCM,2,41.0
KH18977,41.0,26.3,12.8,bac_si,Ha Noi,5,40.0
KH18978,34.0,6.3,2.8,sinh_vien,Ha Noi,1,50.0
KH18979,36.0,9.6,8.9,giao_vien,Hai Phong,1,99.0
KH18980,51.0,23.8,19.8,nhan_vien,TP HCM,9,95.0
KH18981,39.0,2.2,1.2,sinh_vien,TP HCM,0,65.0
KH18982,30.0,32.0,14.2,kinh_doanh,Ha Noi,2,45.0
KH18983,31.0,35.6,13.2,bac_si,Ha Noi,6,37.0
KH18984,41.0,5.9,4.8,sinh_vien,TP HCM,1,72.0
KH18985,52.0,11.9,4.2,giao_vien,TP HCM,2,35.0
KH18986,58.0,15.2,12.8,nhan_vien,TP HCM,3,70.0
KH18987,18.0,29.3,18.9,nhan_vien,Can Tho,2,61.0
KH18988,60.0,12.2,7.8,nhan_vien,Da Nang,1,74.0
KH18989,38.0,29.8,17.3,nhan_vien,TP HCM,7,51.0
KH18990,50.0,11.7,7.0,nhan_vien,TP HCM,2,56.0
KH18991,40.0,62.0,44.7,ky_su,TP HCM,10,81.0
KH18992,27.0,16.6,8.5,nhan_vien,Ha Noi,3,60.0
KH18993,40.0,15.8,9.2,nhan_vien,Ha Noi,3,53.0
KH18994,40.0,17.4,14.4,nhan_vien,Can Tho,8,80.0
KH18995,28.0,29.1,17.3,kinh_doanh,Ha Noi,7,48.0
KH18996,22.0,17.0,10.2,nhan_vien,Ha Noi,4,61.0
KH18997,23.0,6.7,9.5,sinh_vien,TP HCM,0,100.0
KH18998,40.0,11.2,8.5,nhan_vien,Ha Noi,1,80.0
KH18999,29.0,7.6,3.3,nhan_vien,Da Nang,0,45.0
KH19000,44.0,10.9,4.9,sinh_vien,TP HCM,2,42.0
KH19001,37.0,9.8,2.9,nhan_vien,TP HCM,0,25.0
KH19002,21.0,10.1,7.2,kinh_doanh,Ha Noi,3,68.0
KH19003,29.0,26.3,15.7,giao_vien,TP HCM,1,67.0
KH19004,18.0,17.4,11.4,ky_su,Da Nang,4,76.0
KH19005,50.0,29.5,12.7,ky_su,TP HCM,3,50.0
KH19006,34.0,14.3,5.6,nhan_vien,Hai Phong,1,43.0
KH19007,41.0,13.7,10.3,giao_vien,Can Tho,1,65.0
KH19008,49.0,20.8,15.7,bac_si,Ha Noi,6,74.0
KH19009,20.0,13.8,5.7,bac_si,TP HCM,2,36.0
KH19010,25.0,36.6,21.2,kinh_doanh,Ha Noi,8,58.0
KH19011,46.0,21.8,15.8,nhan_vien,Ha Noi,3,72.0
KH19012,36.0,18.7,11.8,ky_su,Ha Noi,3,54.0
KH19013,26.0,11.0,7.1,nhan_vien,Ha Noi,2,58.0
KH19014,27.0,9.9,8.4,nhan_vien,TP HCM,3,97.0
KH19015,49.0,6.3,1.1,sinh_vien,TP HCM,1,18.0
KH19016,38.0,3.7,1.0,sinh_vien,Hai Phong,0,30.0
KH19017,27.0,12.9,8.8,giao_vien,Hai Phong,3,79.0
KH19018,38.0,21.2,13.2,bac_si,Hai Phong,1,69.0
KH19019,39.0,26.0,19.9,kinh_doanh,Ha Noi,8,89.0
KH19020,32.0,30.1,13.9,ky_su,Ha Noi,3,44.0
KH19021,63.0,19.1,11.0,bac_si,Ha Noi,3,48.0
KH19022,29.0,16.6,10.9,ky_su,TP HCM,3,54.0
KH19023,35.0,11.0,4.3,nhan_vien,Ha Noi,0,35.0
KH19024,50.0,15.7,8.6,giao_vien,Ha Noi,3,58.0
KH19025,27.0,9.7,8.4,nhan_vien,Ha Noi,1,94.0
KH19026,53.0,40.8,18.7,kinh_doanh,Ha Noi,2,44.0
KH19027,26.0,33.6,25.0,bac_si,Hai Phong,9,78.0
KH19028,26.0,10.5,3.1,giao_vien,Hai Phong,0,27.0
KH19029,34.0,22.8,17.6,nhan_vien,Ha Noi,7,80.0
KH19030,26.0,9.1,5.1,nhan_vien,TP HCM,3,59.0
KH19031,31.0,5.8,5.2,nhan_vien,Ha Noi,5,78.0
KH19032,18.0,27.7,24.0,giao_vien,Ha Noi,5,79.0
KH19033,38.0,9.7,1.7,giao_vien,Da Nang,0,17.0
KH19034,42.0,29.6,20.0,nhan_vien,Ha Noi,3,78.0
KH19035,40.0,5.4,4.5,sinh_vien,Can Tho,1,90.0
KH19036,28.0,4.8,0.5,sinh_vien,Hai Phong,0,9.0
KH19037,49.0,61.6,31.6,ky_su,Ha Noi,7,50.0
KH19038,45.0,20.3,7.8,giao_vien,Ha Noi,3,45.0
KH19039,20.0,25.7,15.6,ky_su,TP HCM,11,55.0
KH19040,34.0,12.8,8.3,nhan_vien,TP HCM,3,70.0
KH19041,37.0,6.7,5.9,giao_vien,Ha Noi,3,92.0
KH19042,47.0,15.9,7.6,nhan_vien,Ha Noi,3,53.0
KH19043,34.0,22.0,12.0,ky_su,TP HCM,3,45.0
KH19044,37.0,11.2,3.5,nhan_vien,Ha Noi,0,25.0
KH19045,30.0,16.8,10.9,giao_vien,Hai Phong,0,60.0
KH19046,42.0,21.5,17.8,kinh_doanh,Can Tho,1,85.0
KH19047,24.0,23.4,9.9,giao_vien,TP HCM,1,43.0
KH19048,26.0,11.4,6.4,nhan_vien,Can Tho,1,66.0
KH19049,41.0,36.1,24.6,bac_si,Ha Noi,1,61.0
KH19050,54.0,23.4,14.7,kinh_doanh,Can Tho,1,74.0
KH19051,25.0,28.4,14.5,kinh_doanh,TP HCM,7,49.0
KH19052,48.0,14.1,15.0,bac_si,TP HCM,2,100.0
KH19053,43.0,5.3,3.6,giao_vien,Ha Noi,0,64.0
KH19054,35.0,50.4,37.5,ky_su,Da Nang,10,72.0
KH19055,45.0,16.7,13.2,ky_su,Can Tho,3,65.0
KH19056,57.0,15.4,8.6,nhan_vien,Ha Noi,2,61.0
KH19057,18.0,22.8,10.2,ky_su,Da Nang,1,48.0
KH19058,34.0,22.6,16.0,nhan_vien,Ha Noi,1,59.0
KH19059,40.0,22.4,6.9,giao_vien,TP HCM,2,29.0
KH19060,33.0,18.3,6.1,nhan_vien,TP HCM,0,32.0
KH19061,56.0,40.4,18.5,kinh_doanh,Can Tho,9,55.0
KH19062,24.0,15.3,9.1,bac_si,Ha Noi,3,66.0
KH19063,40.0,28.2,16.1,bac_si,Ha Noi,5,49.0
KH19064,38.0,19.5,15.6,kinh_doanh,Hai Phong,5,94.0
KH19065,32.0,23.7,16.5,kinh_doanh,TP HCM,4,70.0
KH19066,32.0,21.8,16.0,giao_vien,Hai Phong,4,60.0
KH19067,45.0,21.7,11.6,ky_su,TP HCM,6,58.0
KH19068,31.0,26.6,19.9,ky_su,Ha Noi,5,83.0
KH19069,46.0,14.8,9.7,nhan_vien,Da Nang,2,62.0
KH19070,43.0,11.4,7.0,kinh_doanh,TP HCM,0,66.0
KH19071,42.0,7.6,3.5,sinh_vien,TP HCM,0,46.0
KH19072,29.0,29.4,23.4,nhan_vien,TP HCM,7,67.0
KH19073,50.0,21.9,8.6,kinh_doanh,Ha Noi,1,33.0
KH19074,35.0,41.0,18.7,nhan_vien,Ha Noi,6,43.0
KH19075,44.0,34.0,14.5,ky_su,Ha Noi,2,39.0
KH19076,27.0,29.6,21.2,nhan_vien,TP HCM,10,61.0
KH19077,34.0,16.7,10.6,kinh_doanh,Hai Phong,2,58.0
KH19078,29.0,33.0,12.8,kinh_doanh,Ha Noi,1,37.0
KH19079,38.0,39.3,21.0,ky_su,Ha Noi,6,45.0
KH19080,33.0,26.7,10.3,giao_vien,Ha Noi,3,34.0
KH19081,44.0,17.2,14.3,nhan_vien,Can Tho,1,75.0
KH19082,47.0,18.4,10.1,kinh_doanh,Ha Noi,0,47.0
KH19083,26.0,36.4,26.4,kinh_doanh,Da Nang,7,70.0
KH19084,18.0,22.5,13.4,ky_su,TP HCM,2,71.0
KH19085,50.0,31.4,10.3,bac_si,Can Tho,3,39.0
KH19086,25.0,31.5,18.8,bac_si,TP HCM,7,56.0
KH19087,40.0,12.2,7.4,nhan_vien,TP HCM,0,51.0
KH19088,18.0,35.1,16.6,ky_su,Can Tho,2,45.0
KH19089,40.0,7.4,3.3,giao_vien,TP HCM,0,44.0
KH19090,28.0,27.0,12.2,ky_su,Ha Noi,6,54.0
KH19091,21.0,29.9,16.6,kinh_doanh,Da Nang,0,61.0
KH19092,20.0,8.5,6.0,sinh_vien,Ha Noi,0,75.0
KH19093,53.0,16.6,12.4,nhan_vien,TP HCM,2,71.0
KH19094,34.0,8.1,4.5,nhan_vien,Can Tho,1,47.0
KH19095,27.0,1.8,0.8,sinh_vien,Hai Phong,2,51.0
KH19096,32.0,29.9,19.2,kinh_doanh,Da Nang,7,52.0
KH19097,49.0,31.3,24.7,ky_su,TP HCM,10,84.0
KH19098,28.0,20.1,13.6,nhan_vien,TP HCM,3,68.0
KH19099,32.0,4.0,2.9,sinh_vien,TP HCM,1,62.0
KH19100,46.0,19.1,14.8,ky_su,TP HCM,3,84.0
KH19101,37.0,19.4,9.5,bac_si,Ha Noi,5,40.0
KH19102,26.0,4.7,4.4,sinh_vien,Ha Noi,1,84.0
KH19103,30.0,5.4,1.7,sinh_vien,TP HCM,1,34.0
KH19104,25.0,11.2,9.2,nhan_vien,TP HCM,1,76.0
KH19105,36.0,32.7,21.0,giao_vien,Ha Noi,8,75.0
KH19106,39.0,19.2,7.3,nhan_vien,Ha Noi,2,45.0
KH19107,24.0,9.7,4.4,nhan_vien,TP HCM,0,42.0
KH19108,37.0,4.7,4.8,giao_vien,Da Nang,1,97.0
KH19109,57.0,32.3,23.3,bac_si,Ha Noi,6,63.0
KH19110,42.0,5.7,4.7,sinh_vien,Da Nang,1,78.0
KH19111,50.0,56.4,46.9,kinh_doanh,TP HCM,15,84.0
KH19112,55.0,23.7,8.6,nhan_vien,TP HCM,1,37.0
KH19113,27.0,14.2,10.8,kinh_doanh,Ha Noi,4,81.0
KH19114,26.0,20.4,14.8,nhan_vien,Da Nang,2,84.0
KH19115,52.0,9.1,5.5,kinh_doanh,Da Nang,0,63.0
KH19116,18.0,25.2,21.0,giao_vien,Hai Phong,9,90.0
KH19117,45.0,12.3,3.0,giao_vien,Ha Noi,2,20.0
KH19118,48.0,14.0,10.4,giao_vien,Ha Noi,4,71.0
KH19119,69.0,46.0,20.4,bac_si,TP HCM,5,42.0
KH19120,42.0,13.1,6.8,giao_vien,TP HCM,2,48.0
KH19121,35.0,22.5,9.5,ky_su,Ha Noi,4,44.0
KH19122,18.0,63.4,39.0,ky_su,Ha Noi,13,52.0
KH19123,18.0,15.8,13.1,kinh_doanh,Ha Noi,3,71.0
KH19124,35.0,20.1,9.8,ky_su,TP HCM,3,55.0
KH19125,44.0,13.6,9.7,giao_vien,Hai Phong,1,77.0
KH19126,35.0,32.4,14.9,kinh_doanh,Ha Noi,3,54.0
KH19127,34.0,9.4,7.6,nhan_vien,Ha Noi,4,81.0
KH19128,41.0,37.9,22.0,bac_si,TP HCM,9,50.0
KH19129,40.0,45.3,17.0,kinh_doanh,Da Nang,6,34.0
KH19130,37.0,10.4,10.6,giao_vien,Ha Noi,4,96.0
KH19131,29.0,18.6,13.0,nhan_vien,Ha Noi,1,82.0
KH19132,32.0,22.6,9.3,kinh_doanh,Ha Noi,3,41.0
KH19133,35.0,16.5,11.4,kinh_doanh,Ha Noi,3,72.0
KH19134,38.0,25.8,20.2,ky_su,TP HCM,4,66.0
KH19135,54.0,18.4,9.4,kinh_doanh,TP HCM,3,47.0
KH19136,60.0,1.6,2.1,sinh_vien,TP HCM,0,100.0
KH19137,32.0,18.2,13.6,kinh_doanh,Ha Noi,5,77.0
KH19138,33.0,70.2,51.8,kinh_doanh,TP HCM,13,85.0
KH19139,48.0,11.1,5.8,nhan_vien,TP HCM,0,63.0
KH19140,47.0,27.6,8.5,nhan_vien,Can Tho,1,27.0
KH19141,26.0,16.5,7.5,nhan_vien,Hai Phong,3,43.0
KH19142,53.0,60.1,39.1,ky_su,Da Nang,8,61.0
KH19143,38.0,14.6,6.3,ky_su,TP HCM,4,40.0
KH19144,20.0,12.3,9.0,ky_su,Da Nang,2,80.0
KH19145,29.0,15.0,8.4,bac_si,TP HCM,3,50.0
KH19146,45.0,38.2,18.5,ky_su,Hai Phong,4,50.0
KH19147,28.0,14.0,8.3,sinh_vien,Ha Noi,1,68.0
KH19148,38.0,21.1,10.8,kinh_doanh,TP HCM,2,46.0
KH19149,18.0,29.4,14.7,ky_su,TP HCM,2,59.0
KH19150,53.0,9.1,8.3,nhan_vien,Can Tho,0,73.0
KH19151,18.0,23.9,9.3,nhan_vien,Hai Phong,1,43.0
KH19152,36.0,12.7,6.2,giao_vien,TP HCM,1,46.0
KH19153,19.0,8.3,2.1,nhan_vien,TP HCM,2,29.0
KH19154,27.0,22.8,9.1,nhan_vien,Hai Phong,0,32.0
KH19155,38.0,42.5,25.4,ky_su,Can Tho,3,61.0
KH19156,21.0,17.9,13.2,kinh_doanh,Ha Noi,7,71.0
KH19157,43.0,4.6,4.7,sinh_vien,Can Tho,0,100.0
KH19158,30.0,15.5,9.1,ky_su,Ha Noi,3,50.0
KH19159,33.0,15.2,13.3,ky_su,Hai Phong,6,83.0
KH19160,29.0,8.1,7.6,nhan_vien,Da Nang,2,91.0
KH19161,57.0,14.3,10.7,nhan_vien,Can Tho,3,82.0
KH19162,41.0,27.3,11.6,kinh_doanh,Ha Noi,1,45.0
KH19163,55.0,30.7,16.2,ky_su,Hai Phong,5,45.0
KH19164,31.0,13.8,12.5,ky_su,TP HCM,5,98.0
KH19165,57.0,18.3,14.7,bac_si,Da Nang,6,96.0
KH19166,18.0,12.9,8.2,nhan_vien,TP HCM,3,71.0
KH19167,26.0,23.8,17.3,ky_su,Can Tho,3,61.0
KH19168,23.0,14.5,7.6,giao_vien,TP HCM,0,55.0
KH19169,40.0,22.2,11.5,kinh_doanh,TP HCM,1,60.0
KH19170,26.0,14.3,7.9,nhan_vien,Hai Phong,3,57.0
KH19171,18.0,13.1,11.1,nhan_vien,Hai Phong,8,84.0
KH19172,28.0,2.6,1.2,sinh_vien,Da Nang,0,41.0
KH19173,34.0,19.7,10.2,nhan_vien,Ha Noi,2,56.0
KH19174,45.0,26.2,11.7,kinh_doanh,Da Nang,1,44.0
KH19175,35.0,13.7,9.2,ky_su,Hai Phong,2,57.0
KH19176,31.0,5.7,2.8,sinh_vien,Ha Noi,1,58.0
KH19177,51.0,8.5,5.5,nhan_vien,TP HCM,4,62.0
KH19178,19.0,20.4,11.6,kinh_doanh,Hai Phong,1,62.0
KH19179,30.0,29.6,23.4,kinh_doanh,TP HCM,10,81.0
KH19180,58.0,9.0,6.2,sinh_vien,Da Nang,3,59.0
KH19181,43.0,11.4,4.9,giao_vien,Can Tho,3,47.0
KH19182,28.0,6.5,4.9,sinh_vien,Hai Phong,0,83.0
KH19183,31.0,23.5,14.0,ky_su,Can Tho,4,61.0
KH19184,50.0,20.7,15.5,ky_su,Hai Phong,2,69.0
KH19185,40.0,6.0,5.1,nhan_vien,Da Nang,1,100.0
KH19186,44.0,21.2,10.4,ky_su,Ha Noi,0,57.0
KH19187,47.0,21.1,14.4,kinh_doanh,Ha Noi,2,71.0
KH19188,24.0,15.9,8.0,nhan_vien,Da Nang,0,41.0
KH19189,33.0,5.4,4.9,sinh_vien,Ha Noi,2,86.0
KH19190,41.0,25.2,13.1,bac_si,TP HCM,2,53.0
KH19191,34.0,27.5,8.9,ky_su,TP HCM,2,30.0
KH19192,28.0,31.1,17.8,ky_su,TP HCM,4,60.0
KH19193,38.0,20.7,17.0,nhan_vien,Can Tho,5,80.0
KH19194,32.0,3.6,3.4,sinh_vien,TP HCM,2,100.0
KH19195,46.0,25.6,14.8,nhan_vien,TP HCM,1,49.0
KH19196,18.0,2.5,1.1,sinh_vien,Can Tho,0,46.0
KH19197,37.0,16.6,7.5,nhan_vien,Can Tho,5,50.0
KH19198,32.0,20.3,4.6,kinh_doanh,Ha Noi,3,24.0
KH19199,32.0,12.9,6.8,kinh_doanh,Ha Noi,1,62.0
KH19200,53.0,11.3,5.9,giao_vien,Hai Phong,1,52.0
KH19201,41.0,13.5,5.7,nhan_vien,Can Tho,0,36.0
KH19202,19.0,17.2,13.9,nhan_vien,TP HCM,7,82.0
KH19203,51.0,41.5,30.8,kinh_doanh,Ha Noi,13,77.0
KH19204,36.0,6.9,5.2,nhan_vien,Ha Noi,0,88.0
KH19205,37.0,19.5,7.5,ky_su,TP HCM,2,36.0
KH19206,50.0,12.6,5.1,ky_su,Ha Noi,2,37.0
KH19207,36.0,16.6,8.2,kinh_doanh,Ha Noi,2,52.0
KH19208,26.0,4.3,4.5,sinh_vien,Ha Noi,2,85.0
KH19209,19.0,5.2,4.0,nhan_vien,Can Tho,0,83.0
KH19210,40.0,31.0,22.2,ky_su,Hai Phong,12,73.0
KH19211,32.0,14.0,11.1,nhan_vien,TP HCM,3,65.0
KH19212,27.0,9.5,5.9,nhan_vien,TP HCM,1,53.0
KH19213,38.0,21.3,18.5,kinh_doanh,Ha Noi,5,75.0
KH19214,38.0,8.0,3.3,sinh_vien,Hai Phong,1,41.0
KH19215,24.0,32.3,21.9,kinh_doanh,Ha Noi,2,81.0
KH19216,36.0,13.9,7.1,ky_su,TP HCM,2,56.0
KH19217,40.0,18.4,16.8,kinh_doanh,Hai Phong,4,88.0
KH19218,28.0,20.8,17.6,kinh_doanh,Hai Phong,4,77.0
KH19219,20.0,48.6,20.1,ky_su,Ha Noi,7,45.0
KH19220,56.0,31.3,19.4,bac_si,Hai Phong,5,70.0
KH19221,35.0,14.6,8.6,ky_su,Ha Noi,2,66.0
KH19222,39.0,40.9,24.0,nhan_vien,TP HCM,7,53.0
KH19223,31.0,18.2,15.2,kinh_doanh,Can Tho,2,94.0
KH19224,41.0,9.9,9.1,nhan_vien,TP HCM,4,93.0
KH19225,46.0,4.0,3.7,sinh_vien,TP HCM,1,88.0
KH19226,32.0,18.2,12.2,kinh_doanh,Da Nang,0,78.0
KH19227,41.0,51.1,18.4,ky_su,Hai Phong,5,42.0
KH19228,51.0,48.3,23.3,bac_si,TP HCM,3,42.0
KH19229,49.0,7.3,3.6,giao_vien,Can Tho,0,53.0
KH19230,31.0,28.4,18.1,giao_vien,TP HCM,1,66.0
KH19231,29.0,12.7,5.8,nhan_vien,TP HCM,2,54.0
KH19232,53.0,14.4,2.4,ky_su,Da Nang,1,14.0
KH19233,49.0,15.0,9.1,kinh_doanh,Can Tho,2,63.0
KH19234,49.0,23.4,11.4,ky_su,Da Nang,4,48.0
KH19235,18.0,14.2,5.6,kinh_doanh,TP HCM,0,35.0
KH19236,19.0,8.2,5.9,sinh_vien,TP HCM,3,60.0
KH19237,48.0,17.9,7.8,nhan_vien,TP HCM,4,38.0
KH19238,21.0,12.9,9.0,nhan_vien,TP HCM,1,82.0
KH19239,44.0,26.7,15.8,ky_su,Ha Noi,4,61.0
KH19240,35.0,37.5,14.7,kinh_doanh,Da Nang,5,47.0
KH19241,25.0,13.4,8.4,nhan_vien,Da Nang,2,73.0
KH19242,32.0,20.5,10.3,nhan_vien,Can Tho,3,53.0
KH19243,28.0,7.4,1.8,nhan_vien,Can Tho,1,22.0
KH19244,32.0,18.0,15.3,giao_vien,Ha Noi,2,70.0
KH19245,43.0,16.8,8.9,kinh_doanh,TP HCM,3,46.0
KH19246,40.0,32.0,24.7,ky_su,Da Nang,2,70.0
KH19247,32.0,18.0,12.1,nhan_vien,TP HCM,5,63.0
KH19248,37.0,23.1,9.7,kinh_doanh,Ha Noi,2,49.0
KH19249,31.0,24.8,21.7,giao_vien,Ha Noi,3,76.0
KH19250,43.0,35.8,10.5,ky_su,TP HCM,1,32.0
KH19251,53.0,24.7,23.0,ky_su,TP HCM,7,98.0
KH19252,45.0,23.5,19.0,nhan_vien,TP HCM,7,95.0
KH19253,37.0,8.7,5.3,nhan_vien,Da Nang,1,63.0
KH19254,41.0,15.9,13.1,bac_si,TP HCM,6,79.0
KH19255,40.0,24.1,13.7,giao_vien,Ha Noi,3,46.0
KH19256,21.0,12.7,7.6,giao_vien,Ha Noi,2,69.0
KH19257,56.0,16.7,5.6,giao_vien,TP HCM,2,33.0
KH19258,24.0,13.9,8.6,giao_vien,TP HCM,1,62.0
KH19259,24.0,24.8,13.3,giao_vien,TP HCM,4,47.0
KH19260,31.0,6.5,3.5,giao_vien,Hai Phong,0,52.0
KH19261,31.0,30.0,11.0,nhan_vien,Can Tho,6,34.0
KH19262,41.0,3.8,1.7,sinh_vien,Ha Noi,0,39.0
KH19263,36.0,22.8,8.9,ky_su,Ha Noi,2,41.0
KH19264,29.0,15.7,8.7,giao_vien,Ha Noi,3,60.0
KH19265,44.0,32.1,21.7,ky_su,Can Tho,5,74.0
KH19266,36.0,23.1,11.2,ky_su,TP HCM,4,44.0
KH19267,45.0,22.0,12.5,sinh_vien,TP HCM,2,55.0
KH19268,46.0,11.6,5.2,nhan_vien,TP HCM,0,48.0
KH19269,27.0,36.0,20.4,bac_si,Ha Noi,7,68.0
KH19270,41.0,12.4,7.1,kinh_doanh,Ha Noi,1,54.0
KH19271,18.0,7.2,5.8,ky_su,TP HCM,4,96.0
KH19272,39.0,62.7,38.3,nhan_vien,Da Nang,9,49.0
KH19273,43.0,28.8,12.3,ky_su,TP HCM,4,35.0
KH19274,29.0,20.1,11.3,giao_vien,Ha Noi,5,65.0
KH19275,24.0,19.8,17.4,ky_su,Ha Noi,6,85.0
KH19276,21.0,29.5,13.2,kinh_doanh,Ha Noi,2,37.0
KH19277,38.0,19.7,8.8,nhan_vien,TP HCM,1,38.0
KH19278,31.0,4.8,3.2,sinh_vien,TP HCM,0,67.0
KH19279,23.0,28.7,11.4,bac_si,TP HCM,4,43.0
KH19280,39.0,15.2,6.8,ky_su,TP HCM,3,46.0
KH19281,37.0,18.9,17.1,giao_vien,Ha Noi,6,80.0
KH19282,29.0,21.4,20.0,nhan_vien,Ha Noi,1,100.0
KH19283,31.0,23.2,14.6,ky_su,TP HCM,2,58.0
KH19284,46.0,7.6,5.8,sinh_vien,Hai Phong,3,75.0
KH19285,28.0,3.2,3.0,sinh_vien,TP HCM,1,100.0
KH19286,49.0,3.6,0.5,sinh_vien,Da Nang,0,16.0
KH19287,45.0,6.9,5.9,sinh_vien,Ha Noi,1,71.0
KH19288,52.0,4.8,2.7,sinh_vien,Ha Noi,1,67.0
KH19289,26.0,20.6,7.5,kinh_doanh,TP HCM,1,38.0
KH19290,46.0,33.1,19.5,kinh_doanh,Can Tho,7,56.0
KH19291,25.0,29.5,23.2,ky_su,Da Nang,9,77.0
KH19292,37.0,14.7,8.2,kinh_doanh,TP HCM,3,66.0
KH19293,32.0,11.9,9.6,ky_su,Can Tho,2,78.0
KH19294,37.0,17.3,12.4,nhan_vien,Ha Noi,5,67.0
KH19295,36.0,31.0,13.9,ky_su,Can Tho,1,46.0
KH19296,54.0,4.2,1.6,nhan_vien,Can Tho,0,43.0
KH19297,29.0,41.6,22.3,bac_si,Hai Phong,5,45.0
KH19298,29.0,17.2,15.1,nhan_vien,Ha Noi,7,100.0
KH19299,50.0,15.0,10.5,ky_su,Ha Noi,4,72.0
KH19300,24.0,5.6,5.9,sinh_vien,Ha Noi,1,91.0
KH19301,44.0,16.7,7.5,nhan_vien,Ha Noi,5,42.0
KH19302,29.0,33.6,14.2,ky_su,Ha Noi,3,41.0
KH19303,47.0,23.5,19.4,nhan_vien,TP HCM,7,71.0
KH19304,36.0,24.8,14.8,ky_su,TP HCM,5,54.0
KH19305,40.0,6.7,4.9,giao_vien,Can Tho,2,84.0
KH19306,36.0,8.7,4.9,giao_vien,TP HCM,1,49.0
KH19307,26.0,8.0,5.0,giao_vien,Da Nang,1,58.0
KH19308,54.0,7.9,3.1,nhan_vien,Ha Noi,0,41.0
KH19309,50.0,32.5,20.1,bac_si,TP HCM,3,72.0
KH19310,35.0,4.6,3.7,sinh_vien,TP HCM,1,84.0
KH19311,30.0,36.5,14.2,ky_su,TP HCM,5,39.0
KH19312,34.0,14.4,8.4,kinh_doanh,Hai Phong,7,59.0
KH19313,32.0,14.7,10.3,nhan_vien,TP HCM,0,75.0
KH19314,30.0,9.4,7.5,nhan_vien,Ha Noi,2,72.0
KH19315,35.0,15.5,7.4,nhan_vien,Da Nang,2,51.0
KH19316,22.0,15.6,8.9,kinh_doanh,Da Nang,1,65.0
KH19317,33.0,24.2,18.5,nhan_vien,TP HCM,3,79.0
KH19318,35.0,11.6,11.0,giao_vien,TP HCM,0,100.0
KH19319,34.0,20.6,13.2,bac_si,TP HCM,5,66.0
KH19320,29.0,15.3,9.4,ky_su,Ha Noi,3,53.0
KH19321,22.0,7.9,4.4,nhan_vien,TP HCM,2,51.0
KH19322,26.0,25.4,15.6,kinh_doanh,Da Nang,10,57.0
KH19323,25.0,27.5,14.1,ky_su,Ha Noi,8,57.0
KH19324,43.0,22.8,8.6,ky_su,TP HCM,2,36.0
KH19325,18.0,15.8,15.1,sinh_vien,TP HCM,4,94.0
KH19326,24.0,17.2,11.7,nhan_vien,Can Tho,1,75.0
KH19327,42.0,18.6,12.8,ky_su,Can Tho,5,56.0
KH19328,22.0,9.2,6.2,nhan_vien,Ha Noi,2,74.0
KH19329,55.0,26.6,16.5,nhan_vien,TP HCM,2,65.0
KH19330,52.0,33.9,18.3,bac_si,Ha Noi,4,53.0
KH19331,26.0,6.0,1.3,sinh_vien,Hai Phong,0,19.0
KH19332,47.0,11.9,10.6,kinh_doanh,TP HCM,2,89.0
KH19333,18.0,3.3,5.8,sinh_vien,TP HCM,2,100.0
KH19334,35.0,15.4,5.0,giao_vien,TP HCM,0,37.0
KH19335,36.0,11.7,7.6,sinh_vien,Ha Noi,6,66.0
KH19336,42.0,18.9,12.4,nhan_vien,Da Nang,5,72.0
KH19337,37.0,11.7,6.5,nhan_vien,Ha Noi,1,52.0
KH19338,25.0,8.3,8.9,sinh_vien,Ha Noi,2,100.0
KH19339,50.0,4.6,4.7,nhan_vien,Ha Noi,1,100.0
KH19340,33.0,19.0,11.1,giao_vien,TP HCM,2,64.0
KH19341,38.0,17.9,10.3,ky_su,TP HCM,0,66.0
KH19342,36.0,11.7,5.8,ky_su,Hai Phong,3,51.0
KH19343,27.0,8.2,4.8,giao_vien,Da Nang,0,60.0
KH19344,30.0,20.8,9.2,giao_vien,TP HCM,3,49.0
KH19345,42.0,21.3,13.8,bac_si,Ha Noi,6,58.0
KH19346,56.0,13.8,3.5,nhan_vien,TP HCM,0,28.0
KH19347,41.0,10.3,8.2,ky_su,TP HCM,3,92.0
KH19348,33.0,16.5,13.2,nhan_vien,Ha Noi,1,78.0
KH19349,39.0,11.6,7.3,giao_vien,TP HCM,0,70.0
KH19350,34.0,13.6,7.3,ky_su,Hai Phong,2,44.0
KH19351,31.0,15.2,3.2,nhan_vien,Ha Noi,0,23.0
KH19352,30.0,10.0,5.4,kinh_doanh,Ha Noi,1,56.0
KH19353,36.0,38.0,18.5,ky_su,TP HCM,1,49.0
KH19354,25.0,23.7,10.5,kinh_doanh,TP HCM,3,49.0
KH19355,43.0,39.8,20.4,ky_su,Da Nang,7,52.0
KH19356,29.0,24.9,17.6,bac_si,Ha Noi,3,67.0
KH19357,33.0,12.4,4.8,giao_vien,TP HCM,1,40.0
KH19358,37.0,11.5,8.7,giao_vien,Da Nang,2,86.0
KH19359,36.0,5.1,3.0,nhan_vien,Ha Noi,0,69.0
KH19360,46.0,23.1,9.8,ky_su,Ha Noi,2,37.0
KH19361,66.0,31.8,17.0,nhan_vien,TP HCM,7,58.0
KH19362,36.0,25.3,16.2,kinh_doanh,Can Tho,5,64.0
KH19363,26.0,14.8,12.9,giao_vien,TP HCM,4,92.0
KH19364,27.0,4.6,1.5,sinh_vien,Ha Noi,0,28.0
KH19365,43.0,10.1,5.6,nhan_vien,TP HCM,1,60.0
KH19366,43.0,23.3,13.9,nhan_vien,Can Tho,4,59.0
KH19367,26.0,4.9,2.2,nhan_vien,Da Nang,0,50.0
KH19368,26.0,49.1,31.3,bac_si,Da Nang,6,52.0
KH19369,37.0,39.6,19.0,ky_su,TP HCM,7,44.0
KH19370,29.0,21.0,14.1,ky_su,TP HCM,3,70.0
KH19371,44.0,17.0,4.4,kinh_doanh,Can Tho,0,28.0
KH19372,35.0,17.7,6.2,nhan_vien,TP HCM,0,31.0
KH19373,38.0,29.6,18.5,giao_vien,TP HCM,4,60.0
KH19374,40.0,12.6,8.4,giao_vien,Da Nang,4,72.0
KH19375,39.0,11.9,9.1,sinh_vien,Can Tho,2,62.0
KH19376,45.0,16.7,8.2,ky_su,Da Nang,4,48.0
KH19377,27.0,22.8,20.2,ky_su,TP HCM,5,100.0
KH19378,21.0,33.4,14.5,ky_su,Ha Noi,3,48.0
KH19379,23.0,16.9,10.5,giao_vien,TP HCM,1,68.0
KH19380,19.0,25.3,16.2,nhan_vien,TP HCM,4,71.0
KH19381,51.0,8.3,7.6,sinh_vien,Ha Noi,0,79.0
KH19382,33.0,6.3,2.8,sinh_vien,TP HCM,1,52.0
KH19383,18.0,10.4,6.2,nhan_vien,TP HCM,2,60.0
KH19384,30.0,25.8,12.3,kinh_doanh,TP HCM,7,42.0
KH19385,57.0,16.4,8.2,giao_vien,Da Nang,3,57.0
KH19386,37.0,19.7,13.1,kinh_doanh,Ha Noi,2,79.0
KH19387,24.0,8.6,5.1,nhan_vien,Ha Noi,1,69.0
KH19388,36.0,2.0,0.5,sinh_vien,Ha Noi,1,23.0
KH19389,34.0,26.1,20.8,kinh_doanh,TP HCM,7,67.0
KH19390,43.0,28.9,17.3,ky_su,Da Nang,6,65.0
KH19391,52.0,12.2,6.5,ky_su,Ha Noi,1,44.0
KH19392,52.0,26.7,11.1,kinh_doanh,Da Nang,2,37.0
KH19393,43.0,6.4,2.5,nhan_vien,TP HCM,0,42.0
KH19394,29.0,22.8,12.4,ky_su,Hai Phong,3,52.0
KH19395,42.0,35.0,11.4,bac_si,Ha Noi,4,37.0
KH19396,33.0,24.1,15.9,nhan_vien,Ha Noi,3,79.0
KH19397,18.0,34.2,23.1,bac_si,Can Tho,5,62.0
KH19398,29.0,10.4,11.4,giao_vien,Can Tho,6,100.0
KH19399,23.0,37.3,33.1,ky_su,Ha Noi,4,98.0
KH19400,33.0,13.6,6.4,giao_vien,Can Tho,3,39.0
KH19401,36.0,13.5,6.9,nhan_vien,TP HCM,2,43.0
KH19402,24.0,7.0,7.2,nhan_vien,Can Tho,0,98.0
KH19403,54.0,53.2,39.3,bac_si,TP HCM,9,85.0
KH19404,33.0,4.7,2.1,sinh_vien,TP HCM,0,47.0
KH19405,34.0,13.3,6.9,nhan_vien,TP HCM,1,44.0
KH19406,23.0,9.6,6.1,giao_vien,Da Nang,2,53.0
KH19407,18.0,12.2,7.7,giao_vien,Can Tho,1,51.0
KH19408,49.0,34.3,13.3,nhan_vien,TP HCM,3,34.0
KH19409,47.0,18.7,15.3,kinh_doanh,Ha Noi,0,91.0
KH19410,39.0,24.3,13.1,kinh_doanh,TP HCM,2,56.0
KH19411,32.0,11.3,4.1,kinh_doanh,Hai Phong,2,43.0
KH19412,26.0,24.3,14.4,ky_su,TP HCM,4,51.0
KH19413,53.0,15.6,7.4,nhan_vien,Ha Noi,3,47.0
KH19414,53.0,54.6,27.3,kinh_doanh,Can Tho,5,59.0
KH19415,59.0,26.2,12.0,ky_su,Ha Noi,4,37.0
KH19416,32.0,8.6,4.9,nhan_vien,TP HCM,1,66.0
KH19417,48.0,2.8,3.9,sinh_vien,Ha Noi,0,100.0
KH19418,31.0,12.6,2.5,nhan_vien,Da Nang,0,20.0
KH19419,31.0,23.9,19.2,ky_su,Hai Phong,5,93.0
KH19420,42.0,15.5,12.8,giao_vien,Ha Noi,5,68.0
KH19421,20.0,19.4,9.0,bac_si,TP HCM,2,42.0
KH19422,53.0,5.4,0.5,sinh_vien,TP HCM,0,10.0
KH19423,42.0,16.8,13.8,ky_su,TP HCM,1,77.0
KH19424,31.0,33.4,25.4,ky_su,TP HCM,8,73.0
KH19425,35.0,31.8,17.4,ky_su,TP HCM,5,58.0
KH19426,38.0,16.5,8.3,nhan_vien,Ha Noi,4,52.0
KH19427,56.0,15.5,13.1,giao_vien,Ha Noi,2,81.0
KH19428,29.0,15.8,12.8,giao_vien,Ha Noi,6,75.0
KH19429,19.0,51.4,21.2,kinh_doanh,TP HCM,5,48.0
KH19430,39.0,25.5,11.8,nhan_vien,Ha Noi,2,50.0
KH19431,39.0,12.9,6.4,nhan_vien,TP HCM,1,59.0
KH19432,40.0,27.6,18.3,ky_su,Can Tho,6,71.0
KH19433,26.0,46.7,39.8,nhan_vien,Ha Noi,10,79.0
KH19434,39.0,21.5,10.0,bac_si,Can Tho,1,45.0
KH19435,46.0,5.7,3.9,nhan_vien,Ha Noi,2,74.0
KH19436,40.0,13.3,7.8,ky_su,TP HCM,5,61.0
KH19437,36.0,7.5,6.8,giao_vien,Can Tho,1,92.0
KH19438,29.0,16.1,12.7,bac_si,Ha Noi,3,64.0
KH19439,66.0,4.8,0.5,sinh_vien,Ha Noi,1,9.0
KH19440,18.0,12.2,9.7,giao_vien,TP HCM,3,68.0
KH19441,45.0,17.8,10.8,nhan_vien,Ha Noi,1,58.0
KH19442,32.0,21.2,8.0,nhan_vien,Da Nang,2,30.0
KH19443,32.0,25.2,18.7,ky_su,TP HCM,3,68.0
KH19444,30.0,3.4,1.4,sinh_vien,TP HCM,0,34.0
KH19445,30.0,29.6,21.2,ky_su,TP HCM,4,61.0
KH19446,31.0,25.9,10.9,kinh_doanh,TP HCM,3,45.0
KH19447,25.0,15.6,6.5,giao_vien,Can Tho,0,37.0
KH19448,36.0,18.3,18.8,ky_su,Ha Noi,1,99.0
KH19449,32.0,17.3,8.6,nhan_vien,TP HCM,4,42.0
KH19450,27.0,10.2,4.5,nhan_vien,Ha Noi,1,48.0
KH19451,29.0,30.5,12.7,ky_su,Ha Noi,2,47.0
KH19452,29.0,21.8,15.5,nhan_vien,TP HCM,5,73.0
KH19453,32.0,22.0,8.3,ky_su,Da Nang,3,35.0
KH19454,38.0,61.1,22.9,kinh_doanh,Ha Noi,7,45.0
KH19455,26.0,32.8,10.2,nhan_vien,Can Tho,1,30.0
KH19456,21.0,12.0,6.1,nhan_vien,TP HCM,2,42.0
KH19457,54.0,8.4,7.4,sinh_vien,TP HCM,3,84.0
KH19458,30.0,11.8,4.5,giao_vien,Can Tho,1,44.0
KH19459,18.0,47.0,30.3,ky_su,Hai Phong,10,75.0
KH19460,31.0,12.9,9.7,kinh_doanh,Da Nang,1,79.0
KH19461,50.0,41.6,33.7,bac_si,TP HCM,8,71.0
KH19462,55.0,8.4,5.0,sinh_vien,TP HCM,2,70.0
KH19463,57.0,9.7,2.4,nhan_vien,Ha Noi,0,27.0
KH19464,24.0,13.3,7.1,nhan_vien,Ha Noi,3,64.0
KH19465,32.0,11.9,5.8,kinh_doanh,Ha Noi,1,42.0
KH19466,45.0,13.9,7.1,ky_su,Ha Noi,2,41.0
KH19467,33.0,21.2,7.2,nhan_vien,Ha Noi,3,38.0
KH19468,40.0,32.6,24.7,nhan_vien,Ha Noi,7,86.0
KH19469,42.0,11.7,4.9,giao_vien,TP HCM,0,46.0
KH19470,34.0,3.9,1.6,sinh_vien,TP HCM,0,35.0
KH19471,29.0,30.3,19.7,ky_su,Ha Noi,3,66.0
KH19472,36.0,21.7,10.8,kinh_doanh,Da Nang,2,40.0
KH19473,35.0,15.5,10.0,kinh_doanh,Da Nang,2,53.0
KH19474,46.0,22.8,12.1,ky_su,Ha Noi,5,60.0
KH19475,40.0,21.0,17.0,nhan_vien,Da Nang,5,74.0
KH19476,34.0,15.7,10.7,nhan_vien,TP HCM,4,67.0
KH19477,36.0,24.4,17.6,nhan_vien,Ha Noi,2,86.0
KH19478,47.0,24.7,9.2,bac_si,TP HCM,1,38.0
KH19479,52.0,19.5,10.1,kinh_doanh,Ha Noi,5,47.0
KH19480,27.0,20.8,18.4,kinh_doanh,Da Nang,8,83.0
KH19481,38.0,17.6,10.9,kinh_doanh,Da Nang,1,66.0
KH19482,47.0,32.2,19.0,kinh_doanh,Ha Noi,5,49.0
KH19483,48.0,20.2,17.2,ky_su,TP HCM,6,76.0
KH19484,52.0,19.3,9.1,kinh_doanh,TP HCM,1,42.0
KH19485,49.0,2.8,0.5,sinh_vien,Ha Noi,0,17.0
KH19486,25.0,16.8,8.7,kinh_doanh,Ha Noi,0,47.0
KH19487,33.0,73.2,59.0,ky_su,TP HCM,22,69.0
KH19488,37.0,9.4,6.4,giao_vien,Ha Noi,1,80.0
KH19489,44.0,35.9,24.6,ky_su,Da Nang,6,62.0
KH19490,31.0,19.0,16.9,bac_si,Can Tho,2,100.0
KH19491,48.0,15.2,9.9,giao_vien,Ha Noi,1,56.0
KH19492,49.0,49.9,30.3,ky_su,TP HCM,2,54.0
KH19493,40.0,27.1,23.7,nhan_vien,TP HCM,9,92.0
KH19494,32.0,17.5,12.6,ky_su,TP HCM,3,71.0
KH19495,26.0,15.1,8.3,ky_su,Can Tho,3,49.0
KH19496,18.0,11.7,8.6,sinh_vien,TP HCM,3,65.0
KH19497,41.0,12.8,8.8,nhan_vien,Ha Noi,2,56.0
KH19498,49.0,40.5,30.0,bac_si,Can Tho,6,63.0
KH19499,21.0,13.8,9.0,nhan_vien,Da Nang,3,66.0
KH19500,28.0,36.6,30.0,kinh_doanh,Ha Noi,6,69.0
KH19501,37.0,24.7,8.8,bac_si,Ha Noi,1,39.0
KH19502,40.0,53.8,41.6,ky_su,Ha Noi,14,73.0
KH19503,23.0,7.8,5.4,nhan_vien,Ha Noi,1,68.0
KH19504,18.0,16.3,7.3,ky_su,Da Nang,0,38.0
KH19505,32.0,25.4,17.4,ky_su,TP HCM,7,63.0
KH19506,40.0,4.1,1.5,sinh_vien,TP HCM,0,30.0
KH19507,40.0,18.8,12.8,kinh_doanh,Ha Noi,3,70.0
KH19508,23.0,36.0,20.5,ky_su,Da Nang,4,66.0
KH19509,28.0,10.2,7.6,sinh_vien,Hai Phong,0,82.0
KH19510,51.0,15.8,8.8,ky_su,Da Nang,3,51.0
KH19511,39.0,4.1,4.6,sinh_vien,TP HCM,3,100.0
KH19512,52.0,8.0,6.5,nhan_vien,Can Tho,0,89.0
KH19513,30.0,15.7,13.4,nhan_vien,Da Nang,4,74.0
KH19514,26.0,11.3,3.4,nhan_vien,Ha Noi,1,26.0
KH19515,24.0,4.3,2.4,nhan_vien,TP HCM,1,64.0
KH19516,57.0,52.3,24.6,giao_vien,Ha Noi,7,49.0
KH19517,38.0,11.9,6.7,ky_su,Can Tho,3,57.0
KH19518,33.0,17.5,10.1,ky_su,Can Tho,4,67.0
KH19519,56.0,20.2,7.6,nhan_vien,Ha Noi,0,34.0
KH19520,21.0,28.6,21.2,ky_su,Ha Noi,10,66.0
KH19521,33.0,28.4,19.6,giao_vien,Can Tho,6,60.0
KH19522,40.0,21.5,14.5,ky_su,Ha Noi,2,77.0
KH19523,37.0,18.1,7.9,nhan_vien,TP HCM,3,41.0
KH19524,46.0,14.0,10.3,kinh_doanh,Ha Noi,4,88.0
KH19525,35.0,32.4,28.1,kinh_doanh,TP HCM,6,85.0
KH19526,26.0,6.2,5.1,nhan_vien,Ha Noi,2,77.0
KH19527,38.0,111.5,67.9,bac_si,Hai Phong,15,53.0
KH19528,44.0,5.9,2.0,sinh_vien,Ha Noi,0,39.0
KH19529,38.0,24.9,9.2,nhan_vien,Ha Noi,2,43.0
KH19530,28.0,19.3,16.9,giao_vien,Ha Noi,3,100.0
KH19531,59.0,43.3,19.2,ky_su,TP HCM,4,46.0
KH19532,50.0,12.2,7.4,bac_si,TP HCM,3,51.0
KH19533,32.0,14.7,6.7,ky_su,TP HCM,2,50.0
KH19534,21.0,12.5,10.5,nhan_vien,TP HCM,3,87.0
KH19535,32.0,28.1,17.2,kinh_doanh,TP HCM,3,71.0
KH19536,51.0,4.8,3.6,sinh_vien,Hai Phong,0,62.0
KH19537,42.0,13.6,7.7,kinh_doanh,Hai Phong,1,64.0
KH19538,18.0,23.2,16.5,kinh_doanh,TP HCM,5,69.0
KH19539,37.0,16.7,12.8,ky_su,Da Nang,0,79.0
KH19540,31.0,11.1,10.0,nhan_vien,Ha Noi,1,83.0
KH19541,50.0,22.0,8.9,ky_su,Ha Noi,3,47.0
KH19542,23.0,12.9,7.8,ky_su,TP HCM,1,66.0
KH19543,37.0,37.7,32.6,bac_si,TP HCM,5,78.0
KH19544,38.0,37.8,20.5,ky_su,Ha Noi,5,55.0
KH19545,38.0,12.5,7.3,nhan_vien,Da Nang,1,67.0
KH19546,28.0,11.7,7.9,nhan_vien,Can Tho,1,79.0
KH19547,35.0,18.7,14.7,ky_su,TP HCM,4,78.0
KH19548,28.0,20.3,17.7,bac_si,TP HCM,4,74.0
KH19549,57.0,11.5,8.3,giao_vien,Da Nang,2,64.0
KH19550,56.0,26.9,15.3,nhan_vien,Da Nang,4,51.0
KH19551,43.0,18.3,14.5,ky_su,Ha Noi,3,67.0
KH19552,23.0,18.0,14.2,nhan_vien,TP HCM,1,87.0
KH19553,55.0,6.1,3.0,sinh_vien,Hai Phong,0,58.0
KH19554,31.0,12.0,7.7,giao_vien,Ha Noi,0,63.0
KH19555,39.0,4.4,1.2,sinh_vien,Ha Noi,0,22.0
KH19556,44.0,18.0,10.1,nhan_vien,Ha Noi,5,62.0
KH19557,18.0,25.1,14.4,ky_su,Ha Noi,7,67.0
KH19558,43.0,19.4,10.1,nhan_vien,Ha Noi,3,48.0
KH19559,41.0,13.9,4.8,giao_vien,Da Nang,0,31.0
KH19560,48.0,24.2,16.8,kinh_doanh,TP HCM,5,83.0
KH19561,30.0,4.6,1.7,sinh_vien,Ha Noi,0,37.0
KH19562,36.0,14.9,7.9,kinh_doanh,Hai Phong,1,45.0
KH19563,57.0,11.4,5.6,nhan_vien,TP HCM,1,49.0
KH19564,36.0,32.7,24.1,ky_su,Can Tho,4,81.0
KH19565,18.0,20.1,8.0,kinh_doanh,Ha Noi,1,36.0
KH19566,41.0,18.3,10.7,nhan_vien,TP HCM,1,50.0
KH19567,40.0,14.1,6.1,ky_su,Ha Noi,2,52.0
KH19568,48.0,11.4,8.8,bac_si,TP HCM,1,78.0
KH19569,42.0,7.5,7.1,sinh_vien,Da Nang,1,85.0
KH19570,18.0,32.6,26.4,kinh_doanh,TP HCM,5,93.0
KH19571,41.0,29.9,19.1,ky_su,Ha Noi,6,53.0
KH19572,48.0,21.7,7.5,giao_vien,Hai Phong,1,40.0
KH19573,25.0,8.6,3.7,giao_vien,Ha Noi,3,41.0
KH19574,34.0,16.0,8.7,giao_vien,TP HCM,5,47.0
KH19575,18.0,18.5,10.8,bac_si,Ha Noi,5,59.0
KH19576,42.0,48.1,17.3,kinh_doanh,TP HCM,8,33.0
KH19577,33.0,9.1,4.4,nhan_vien,Ha Noi,1,50.0
KH19578,48.0,11.5,8.4,nhan_vien,Da Nang,3,70.0
KH19579,56.0,5.4,3.1,giao_vien,TP HCM,1,55.0
KH19580,27.0,20.4,13.3,ky_su,Da Nang,3,63.0
KH19581,47.0,11.8,4.4,kinh_doanh,TP HCM,0,33.0
KH19582,51.0,15.5,13.6,bac_si,TP HCM,4,98.0
KH19583,30.0,6.3,4.0,giao_vien,Ha Noi,0,63.0
KH19584,41.0,57.9,27.5,kinh_doanh,Can Tho,7,42.0
KH19585,18.0,42.0,36.7,bac_si,TP HCM,11,92.0
KH19586,28.0,8.4,6.8,nhan_vien,TP HCM,1,97.0
KH19587,28.0,54.2,39.6,kinh_doanh,TP HCM,11,84.0
KH19588,26.0,2.6,0.5,sinh_vien,Ha Noi,0,19.0
KH19589,38.0,9.0,7.2,sinh_vien,Ha Noi,3,90.0
KH19590,43.0,10.9,5.8,nhan_vien,Can Tho,3,63.0
KH19591,26.0,20.1,12.7,nhan_vien,TP HCM,0,64.0
KH19592,32.0,23.4,17.7,ky_su,Can Tho,3,82.0
KH19593,35.0,19.4,8.2,ky_su,TP HCM,4,38.0
KH19594,37.0,20.4,14.4,ky_su,Hai Phong,3,57.0
KH19595,46.0,14.4,5.3,nhan_vien,Ha Noi,1,36.0
KH19596,39.0,11.3,8.0,sinh_vien,Ha Noi,0,61.0
KH19597,54.0,11.5,7.2,giao_vien,TP HCM,4,55.0
KH19598,44.0,5.9,1.7,nhan_vien,Hai Phong,0,26.0
KH19599,38.0,18.5,11.7,nhan_vien,Ha Noi,6,74.0
KH19600,28.0,25.0,13.7,kinh_doanh,Ha Noi,4,49.0
KH19601,31.0,6.4,3.1,sinh_vien,Hai Phong,0,49.0
KH19602,51.0,5.6,5.7,sinh_vien,Ha Noi,1,100.0
KH19603,32.0,15.2,5.9,kinh_doanh,TP HCM,1,37.0
KH19604,41.0,11.9,7.6,nhan_vien,TP HCM,3,61.0
KH19605,36.0,25.3,17.6,nhan_vien,TP HCM,5,66.0
KH19606,42.0,49.0,26.2,kinh_doanh,Ha Noi,5,50.0
KH19607,52.0,16.8,10.6,nhan_vien,Ha Noi,2,70.0
KH19608,26.0,48.8,30.0,bac_si,TP HCM,5,61.0
KH19609,27.0,16.4,8.2,nhan_vien,Da Nang,2,57.0
KH19610,33.0,16.0,7.3,ky_su,Da Nang,1,47.0
KH19611,30.0,18.2,8.3,giao_vien,Ha Noi,1,45.0
KH19612,35.0,14.3,11.7,giao_vien,Ha Noi,2,83.0
KH19613,32.0,26.7,17.8,ky_su,TP HCM,7,76.0
KH19614,39.0,11.6,8.6,nhan_vien,Ha Noi,3,87.0
KH19615,37.0,17.6,8.7,kinh_doanh,TP HCM,1,56.0
KH19616,41.0,19.1,16.5,kinh_doanh,Ha Noi,4,72.0
KH19617,32.0,5.2,3.5,nhan_vien,Ha Noi,0,80.0
KH19618,34.0,33.9,18.2,ky_su,Ha Noi,2,61.0
KH19619,39.0,24.3,9.2,bac_si,Da Nang,2,43.0
KH19620,26.0,48.4,31.3,kinh_doanh,Can Tho,13,77.0
KH19621,45.0,17.6,9.2,ky_su,Da Nang,5,48.0
KH19622,49.0,8.0,3.3,nhan_vien,Ha Noi,1,47.0
KH19623,28.0,24.1,13.0,kinh_doanh,TP HCM,2,54.0
KH19624,31.0,20.2,15.0,nhan_vien,Ha Noi,4,86.0
KH19625,39.0,48.8,30.0,nhan_vien,Ha Noi,7,65.0
KH19626,31.0,19.3,10.2,ky_su,Hai Phong,0,47.0
KH19627,51.0,16.0,8.8,giao_vien,TP HCM,3,45.0
KH19628,37.0,15.8,5.0,ky_su,TP HCM,1,30.0
KH19629,48.0,17.5,9.7,nhan_vien,TP HCM,4,59.0
KH19630,38.0,50.2,39.4,kinh_doanh,Ha Noi,9,89.0
KH19631,32.0,4.1,1.5,sinh_vien,TP HCM,0,31.0
KH19632,51.0,37.0,29.7,bac_si,Ha Noi,5,90.0
KH19633,40.0,15.6,5.8,kinh_doanh,Da Nang,2,37.0
KH19634,20.0,24.0,9.5,giao_vien,Ha Noi,7,32.0
KH19635,43.0,19.5,16.6,nhan_vien,TP HCM,6,70.0
KH19636,35.0,13.6,7.9,giao_vien,Ha Noi,0,48.0
KH19637,44.0,29.5,11.9,nhan_vien,TP HCM,2,36.0
KH19638,36.0,16.9,12.1,nhan_vien,Can Tho,1,84.0
KH19639,26.0,21.1,16.6,ky_su,Hai Phong,5,70.0
KH19640,30.0,11.0,6.1,ky_su,Hai Phong,1,66.0
KH19641,28.0,10.4,3.3,nhan_vien,TP HCM,0,27.0
KH19642,38.0,10.5,2.6,kinh_doanh,Hai Phong,0,20.0
KH19643,46.0,28.5,9.1,nhan_vien,TP HCM,6,31.0
KH19644,49.0,18.2,10.9,nhan_vien,TP HCM,2,56.0
KH19645,48.0,8.3,8.2,nhan_vien,Ha Noi,0,100.0
KH19646,18.0,26.2,18.5,nhan_vien,TP HCM,1,73.0
KH19647,36.0,24.9,18.9,kinh_doanh,TP HCM,9,90.0
KH19648,35.0,14.1,7.1,kinh_doanh,TP HCM,3,49.0
KH19649,39.0,25.0,18.2,kinh_doanh,Can Tho,6,77.0
KH19650,51.0,19.6,4.7,kinh_doanh,Ha Noi,3,29.0
KH19651,48.0,12.0,5.0,nhan_vien,Hai Phong,0,35.0
KH19652,43.0,18.6,16.4,nhan_vien,Da Nang,5,72.0
KH19653,50.0,8.9,4.3,nhan_vien,TP HCM,2,54.0
KH19654,26.0,25.0,12.1,bac_si,Ha Noi,1,49.0
KH19655,36.0,9.3,7.9,nhan_vien,Da Nang,1,100.0
KH19656,19.0,8.4,3.1,giao_vien,TP HCM,2,35.0
KH19657,20.0,15.4,8.8,nhan_vien,Da Nang,0,61.0
KH19658,54.0,18.5,11.0,nhan_vien,Hai Phong,1,52.0
KH19659,23.0,9.4,7.7,giao_vien,TP HCM,0,81.0
KH19660,45.0,13.1,9.1,sinh_vien,TP HCM,1,75.0
KH19661,24.0,13.2,9.2,kinh_doanh,Da Nang,3,61.0
KH19662,35.0,6.8,5.4,nhan_vien,Ha Noi,0,92.0
KH19663,36.0,33.2,25.3,kinh_doanh,Hai Phong,8,72.0
KH19664,37.0,13.5,3.0,ky_su,TP HCM,0,26.0
KH19665,18.0,14.6,12.7,nhan_vien,TP HCM,3,100.0
KH19666,43.0,8.9,2.8,sinh_vien,TP HCM,0,37.0
KH19667,19.0,25.0,14.7,bac_si,TP HCM,2,58.0
KH19668,43.0,7.8,5.6,giao_vien,TP HCM,2,64.0
KH19669,39.0,13.5,6.8,ky_su,Ha Noi,0,53.0
KH19670,60.0,15.4,6.6,nhan_vien,Ha Noi,3,51.0
KH19671,37.0,20.9,6.6,ky_su,TP HCM,5,28.0
KH19672,26.0,2.5,3.3,sinh_vien,TP HCM,0,100.0
KH19673,40.0,13.3,5.4,kinh_doanh,TP HCM,0,40.0
KH19674,32.0,33.7,26.2,ky_su,Ha Noi,7,78.0
KH19675,30.0,35.0,13.6,bac_si,Hai Phong,6,41.0
KH19676,37.0,36.8,14.8,ky_su,TP HCM,6,39.0
KH19677,55.0,12.7,6.7,giao_vien,TP HCM,1,48.0
KH19678,25.0,5.0,0.9,nhan_vien,TP HCM,1,15.0
KH19679,33.0,8.3,1.3,nhan_vien,TP HCM,0,15.0
KH19680,31.0,31.6,13.9,ky_su,TP HCM,5,42.0
KH19681,30.0,18.6,14.7,giao_vien,Ha Noi,3,75.0
KH19682,49.0,21.2,15.6,ky_su,Ha Noi,5,61.0
KH19683,50.0,9.6,1.1,nhan_vien,TP HCM,0,9.0
KH19684,29.0,17.9,6.9,nhan_vien,Ha Noi,2,31.0
KH19685,37.0,23.4,17.8,ky_su,TP HCM,3,80.0
KH19686,30.0,5.0,1.1,sinh_vien,Can Tho,1,24.0
KH19687,48.0,98.0,54.8,ky_su,Ha Noi,8,50.0
KH19688,18.0,38.2,15.9,ky_su,TP HCM,2,43.0
KH19689,62.0,7.5,5.4,giao_vien,TP HCM,1,77.0
KH19690,24.0,12.8,7.7,nhan_vien,TP HCM,3,65.0
KH19691,29.0,6.7,3.5,nhan_vien,TP HCM,1,53.0
KH19692,40.0,9.2,5.0,ky_su,Ha Noi,2,65.0
KH19693,22.0,26.9,12.1,ky_su,Da Nang,2,47.0
KH19694,48.0,37.7,19.2,kinh_doanh,TP HCM,7,57.0
KH19695,47.0,54.1,32.4,ky_su,TP HCM,7,49.0
KH19696,37.0,11.3,11.3,nhan_vien,TP HCM,2,100.0
KH19697,50.0,19.0,6.3,nhan_vien,TP HCM,0,36.0
KH19698,61.0,32.3,13.5,ky_su,TP HCM,5,38.0
KH19699,41.0,29.2,20.8,bac_si,Ha Noi,3,81.0
KH19700,38.0,13.8,8.8,nhan_vien,TP HCM,3,55.0
KH19701,45.0,19.6,8.0,ky_su,Ha Noi,2,38.0
KH19702,43.0,8.9,5.3,giao_vien,Da Nang,2,69.0
KH19703,45.0,59.0,28.0,bac_si,TP HCM,8,43.0
KH19704,31.0,6.0,4.0,sinh_vien,Can Tho,0,74.0
KH19705,36.0,13.2,7.5,sinh_vien,Ha Noi,3,63.0
KH19706,46.0,15.2,6.2,giao_vien,TP HCM,1,43.0
KH19707,33.0,4.1,4.3,sinh_vien,Ha Noi,1,100.0
KH19708,47.0,12.3,7.5,nhan_vien,TP HCM,2,53.0
KH19709,35.0,16.4,6.4,nhan_vien,TP HCM,3,43.0
KH19710,34.0,30.8,23.8,ky_su,Hai Phong,12,71.0
KH19711,34.0,13.2,7.0,ky_su,TP HCM,0,46.0
KH19712,27.0,17.8,12.8,kinh_doanh,Can Tho,1,84.0
KH19713,41.0,34.2,22.4,bac_si,Ha Noi,6,54.0
KH19714,41.0,19.5,8.0,nhan_vien,TP HCM,2,47.0
KH19715,18.0,25.7,17.0,ky_su,Ha Noi,8,72.0
KH19716,44.0,12.3,3.2,kinh_doanh,Da Nang,2,22.0
KH19717,53.0,32.8,25.7,kinh_doanh,TP HCM,6,87.0
KH19718,40.0,33.7,17.9,ky_su,Ha Noi,8,49.0
KH19719,25.0,27.9,15.5,kinh_doanh,Ha Noi,1,49.0
KH19720,28.0,21.4,12.0,nhan_vien,Can Tho,5,50.0
KH19721,19.0,10.2,9.5,nhan_vien,TP HCM,5,87.0
KH19722,39.0,6.1,1.2,nhan_vien,Ha Noi,0,22.0
KH19723,25.0,39.1,22.9,giao_vien,Can Tho,7,66.0
KH19724,42.0,16.1,8.8,nhan_vien,Can Tho,5,54.0
KH19725,42.0,9.0,6.4,nhan_vien,TP HCM,1,64.0
KH19726,40.0,16.7,4.6,ky_su,Hai Phong,3,27.0
KH19727,35.0,22.0,20.6,giao_vien,Can Tho,2,100.0
KH19728,50.0,8.1,5.6,giao_vien,Can Tho,2,68.0
KH19729,60.0,12.9,8.3,bac_si,TP HCM,1,62.0
KH19730,22.0,11.3,10.3,sinh_vien,Ha Noi,1,99.0
KH19731,32.0,12.3,8.6,nhan_vien,Da Nang,2,78.0
KH19732,45.0,12.3,8.7,giao_vien,Hai Phong,2,70.0
KH19733,37.0,10.2,4.0,nhan_vien,Hai Phong,1,34.0
KH19734,41.0,3.6,0.5,sinh_vien,Hai Phong,0,14.0
KH19735,49.0,19.3,13.5,ky_su,TP HCM,3,57.0
KH19736,47.0,24.4,16.4,ky_su,TP HCM,6,55.0
KH19737,28.0,28.2,9.4,ky_su,Da Nang,3,39.0
KH19738,53.0,15.2,6.2,giao_vien,TP HCM,1,37.0
KH19739,60.0,22.5,12.1,ky_su,Ha Noi,6,52.0
KH19740,35.0,13.5,10.1,bac_si,Ha Noi,2,63.0
KH19741,67.0,22.6,11.6,kinh_doanh,TP HCM,7,52.0
KH19742,18.0,18.1,8.4,nhan_vien,Hai Phong,0,37.0
KH19743,48.0,36.5,18.7,ky_su,Hai Phong,7,46.0
KH19744,18.0,21.0,9.6,ky_su,Hai Phong,1,37.0
KH19745,47.0,17.6,14.2,bac_si,Ha Noi,6,91.0
KH19746,30.0,32.9,24.0,kinh_doanh,Da Nang,6,64.0
KH19747,48.0,8.0,4.0,nhan_vien,TP HCM,2,54.0
KH19748,18.0,19.1,9.4,nhan_vien,Hai Phong,1,56.0
KH19749,31.0,22.8,12.1,bac_si,Ha Noi,1,55.0
KH19750,25.0,8.5,4.7,kinh_doanh,Hai Phong,1,48.0
KH19751,51.0,9.7,9.4,giao_vien,Ha Noi,2,100.0
KH19752,18.0,26.3,13.0,ky_su,TP HCM,2,41.0
KH19753,18.0,17.0,11.6,ky_su,TP HCM,4,66.0
KH19754,36.0,11.6,4.9,nhan_vien,Can Tho,1,35.0
KH19755,33.0,25.9,15.9,ky_su,Ha Noi,4,71.0
KH19756,36.0,6.7,2.9,sinh_vien,Ha Noi,1,46.0
KH19757,34.0,2.7,2.8,sinh_vien,TP HCM,0,89.0
KH19758,41.0,6.1,2.4,sinh_vien,TP HCM,0,41.0
KH19759,53.0,5.0,2.1,giao_vien,TP HCM,0,38.0
KH19760,41.0,7.6,2.3,sinh_vien,Da Nang,0,34.0
KH19761,18.0,25.1,11.3,giao_vien,Can Tho,2,42.0
KH19762,33.0,16.3,8.9,nhan_vien,Ha Noi,3,58.0
KH19763,38.0,9.4,7.2,giao_vien,Ha Noi,2,65.0
KH19764,37.0,10.0,6.2,giao_vien,TP HCM,1,69.0
KH19765,31.0,4.0,3.3,sinh_vien,TP HCM,2,82.0
KH19766,28.0,14.1,6.6,nhan_vien,Hai Phong,4,38.0
KH19767,54.0,23.8,20.5,ky_su,Ha Noi,5,100.0
KH19768,39.0,18.3,9.3,giao_vien,Can Tho,2,55.0
KH19769,27.0,19.4,5.6,bac_si,TP HCM,0,27.0
KH19770,34.0,20.6,8.1,ky_su,Da Nang,1,43.0
KH19771,24.0,11.6,7.3,giao_vien,TP HCM,1,63.0
KH19772,23.0,49.0,38.1,ky_su,Ha Noi,20,63.0
KH19773,21.0,54.3,27.0,kinh_doanh,Ha Noi,14,58.0
KH19774,35.0,37.5,28.8,bac_si,TP HCM,7,69.0
KH19775,27.0,20.9,13.1,nhan_vien,Hai Phong,2,66.0
KH19776,44.0,18.6,14.0,nhan_vien,Can Tho,3,72.0
KH19777,34.0,18.8,16.8,giao_vien,Da Nang,5,74.0
KH19778,35.0,15.2,9.8,nhan_vien,Hai Phong,2,53.0
KH19779,51.0,18.8,7.5,giao_vien,TP HCM,4,39.0
KH19780,46.0,16.4,13.0,bac_si,TP HCM,4,74.0
KH19781,25.0,12.0,7.8,nhan_vien,TP HCM,1,52.0
KH19782,29.0,11.7,4.8,nhan_vien,Ha Noi,1,38.0
KH19783,43.0,17.4,5.6,nhan_vien,Can Tho,0,38.0
KH19784,24.0,12.7,10.6,giao_vien,TP HCM,4,92.0
KH19785,45.0,11.7,6.8,giao_vien,Ha Noi,3,59.0
KH19786,29.0,21.4,15.9,giao_vien,TP HCM,4,74.0
KH19787,45.0,16.8,9.4,nhan_vien,Hai Phong,2,62.0
KH19788,35.0,29.2,13.6,ky_su,Hai Phong,3,43.0
KH19789,44.0,13.1,10.4,ky_su,Ha Noi,2,80.0
KH19790,32.0,16.5,15.1,giao_vien,Can Tho,4,74.0
KH19791,45.0,13.9,9.7,kinh_doanh,Can Tho,3,70.0
KH19792,18.0,28.1,6.9,nhan_vien,Hai Phong,3,25.0
KH19793,46.0,30.8,23.6,bac_si,TP HCM,5,83.0
KH19794,31.0,12.4,4.2,kinh_doanh,Ha Noi,0,30.0
KH19795,43.0,21.9,8.5,kinh_doanh,Ha Noi,2,35.0
KH19796,59.0,9.1,6.7,nhan_vien,Ha Noi,0,76.0
KH19797,36.0,11.7,8.8,nhan_vien,Hai Phong,2,70.0
KH19798,25.0,2.2,2.6,sinh_vien,Da Nang,2,100.0
KH19799,39.0,11.8,8.8,nhan_vien,Hai Phong,2,63.0
KH19800,34.0,42.9,32.9,bac_si,Da Nang,8,68.0
KH19801,44.0,24.0,18.9,kinh_doanh,TP HCM,5,63.0
KH19802,33.0,24.8,9.1,nhan_vien,TP HCM,6,39.0
KH19803,39.0,18.0,9.8,nhan_vien,TP HCM,1,51.0
KH19804,30.0,11.0,6.6,giao_vien,Ha Noi,0,52.0
KH19805,37.0,30.7,9.9,ky_su,TP HCM,5,33.0
KH19806,31.0,31.4,25.5,ky_su,Hai Phong,5,70.0
KH19807,30.0,26.0,19.7,bac_si,Hai Phong,5,74.0
KH19808,50.0,13.0,8.3,nhan_vien,Ha Noi,0,52.0
KH19809,18.0,11.8,5.2,nhan_vien,TP HCM,1,41.0
KH19810,38.0,61.2,47.1,kinh_doanh,Can Tho,14,84.0
KH19811,27.0,5.5,0.9,sinh_vien,Da Nang,0,17.0
KH19812,43.0,23.6,13.8,kinh_doanh,Ha Noi,4,66.0
KH19813,29.0,16.4,11.8,ky_su,Ha Noi,4,71.0
KH19814,40.0,26.0,21.6,nhan_vien,Ha Noi,8,69.0
KH19815,45.0,30.1,20.8,kinh_doanh,Da Nang,5,62.0
KH19816,30.0,14.7,7.1,ky_su,Ha Noi,2,56.0
KH19817,28.0,20.7,11.2,bac_si,Ha Noi,1,52.0
KH19818,43.0,13.8,11.9,bac_si,Ha Noi,6,79.0
KH19819,30.0,23.3,20.3,bac_si,Ha Noi,5,81.0
KH19820,64.0,29.9,26.3,nhan_vien,Ha Noi,3,89.0
KH19821,36.0,13.6,14.5,giao_vien,Hai Phong,5,91.0
KH19822,43.0,9.2,6.7,nhan_vien,Ha Noi,2,79.0
KH19823,36.0,17.2,12.2,nhan_vien,TP HCM,0,64.0
KH19824,33.0,10.4,1.8,ky_su,Ha Noi,1,19.0
KH19825,56.0,25.6,11.2,bac_si,Can Tho,3,49.0
KH19826,49.0,30.2,16.9,kinh_doanh,Ha Noi,8,47.0
KH19827,18.0,5.2,2.9,nhan_vien,Ha Noi,1,64.0
KH19828,21.0,9.0,3.0,sinh_vien,TP HCM,1,36.0
KH19829,44.0,7.3,2.9,nhan_vien,TP HCM,1,33.0
KH19830,27.0,9.5,2.4,nhan_vien,Ha Noi,0,28.0
KH19831,27.0,6.9,2.5,sinh_vien,TP HCM,0,43.0
KH19832,43.0,14.4,13.1,giao_vien,Can Tho,4,79.0
KH19833,30.0,20.5,15.4,kinh_doanh,TP HCM,4,84.0
KH19834,24.0,14.2,12.6,kinh_doanh,TP HCM,1,75.0
KH19835,28.0,30.0,20.5,ky_su,Da Nang,5,68.0
KH19836,24.0,11.4,3.9,ky_su,Can Tho,0,28.0
KH19837,32.0,10.3,7.5,giao_vien,Ha Noi,1,59.0
KH19838,24.0,17.9,7.2,ky_su,Can Tho,2,33.0
KH19839,26.0,41.2,25.5,nhan_vien,Ha Noi,11,64.0
KH19840,34.0,15.2,7.0,giao_vien,TP HCM,3,53.0
KH19841,29.0,31.3,20.7,ky_su,Can Tho,1,79.0
KH19842,49.0,14.5,10.0,kinh_doanh,Hai Phong,1,76.0
KH19843,34.0,39.5,22.8,kinh_doanh,Da Nang,3,61.0
KH19844,18.0,17.0,6.1,nhan_vien,Ha Noi,2,40.0
KH19845,50.0,26.7,14.8,ky_su,TP HCM,5,52.0
KH19846,33.0,11.5,5.4,nhan_vien,TP HCM,1,45.0
KH19847,59.0,11.2,8.5,nhan_vien,Hai Phong,4,84.0
KH19848,46.0,11.4,6.1,nhan_vien,Da Nang,2,64.0
KH19849,40.0,14.8,12.9,nhan_vien,TP HCM,2,85.0
KH19850,19.0,27.8,11.8,kinh_doanh,Da Nang,1,40.0
KH19851,52.0,38.8,23.1,kinh_doanh,TP HCM,3,70.0
KH19852,51.0,14.6,8.4,giao_vien,TP HCM,2,65.0
KH19853,42.0,30.1,24.4,ky_su,TP HCM,6,85.0
KH19854,18.0,25.0,11.8,ky_su,TP HCM,2,46.0
KH19855,21.0,10.5,7.3,nhan_vien,Hai Phong,1,72.0
KH19856,35.0,16.6,7.1,ky_su,Ha Noi,3,37.0
KH19857,49.0,19.5,12.2,nhan_vien,TP HCM,6,52.0
KH19858,47.0,8.5,3.4,nhan_vien,Ha Noi,0,38.0
KH19859,40.0,24.9,20.7,nhan_vien,Hai Phong,6,79.0
KH19860,54.0,13.7,6.8,ky_su,Ha Noi,0,47.0
KH19861,28.0,22.0,12.3,ky_su,Hai Phong,3,49.0
KH19862,59.0,15.1,6.4,nhan_vien,Da Nang,1,50.0
KH19863,45.0,5.6,6.5,sinh_vien,Da Nang,1,100.0
KH19864,36.0,4.4,1.3,sinh_vien,TP HCM,0,34.0
KH19865,33.0,93.2,56.9,kinh_doanh,Ha Noi,18,64.0
KH19866,31.0,13.9,4.4,ky_su,Ha Noi,5,32.0
KH19867,39.0,12.0,8.3,ky_su,Ha Noi,1,59.0
KH19868,25.0,36.0,21.0,giao_vien,TP HCM,6,53.0
KH19869,30.0,25.0,9.5,ky_su,TP HCM,4,35.0
KH19870,38.0,4.4,3.2,sinh_vien,Da Nang,0,84.0
KH19871,42.0,29.0,14.4,kinh_doanh,Ha Noi,2,58.0
KH19872,34.0,31.0,12.8,kinh_doanh,Ha Noi,3,39.0
KH19873,44.0,46.5,18.2,ky_su,TP HCM,4,32.0
KH19874,38.0,15.7,8.6,nhan_vien,TP HCM,1,49.0
KH19875,37.0,6.9,1.8,sinh_vien,TP HCM,1,22.0
KH19876,35.0,3.9,1.5,sinh_vien,Ha Noi,1,46.0
KH19877,51.0,12.9,3.7,nhan_vien,TP HCM,2,32.0
KH19878,33.0,18.8,13.7,kinh_doanh,Ha Noi,4,81.0
KH19879,47.0,8.0,5.3,nhan_vien,Ha Noi,2,71.0
KH19880,40.0,16.7,7.3,bac_si,Ha Noi,2,38.0
KH19881,31.0,20.5,13.1,kinh_doanh,Ha Noi,5,76.0
KH19882,56.0,23.8,11.7,kinh_doanh,Ha Noi,2,44.0
KH19883,28.0,18.9,15.1,nhan_vien,Hai Phong,5,67.0
KH19884,18.0,14.0,6.2,ky_su,Da Nang,3,38.0
KH19885,38.0,10.1,6.0,nhan_vien,Can Tho,3,55.0
KH19886,43.0,21.6,18.8,bac_si,TP HCM,5,72.0
KH19887,41.0,17.2,12.0,ky_su,TP HCM,3,62.0
KH19888,44.0,7.3,5.3,giao_vien,TP HCM,1,65.0
KH19889,33.0,20.2,5.8,kinh_doanh,Ha Noi,0,24.0
KH19890,18.0,13.4,4.3,ky_su,Hai Phong,0,35.0
KH19891,34.0,41.7,33.1,ky_su,Ha Noi,9,71.0
KH19892,32.0,10.9,2.8,sinh_vien,TP HCM,0,25.0
KH19893,57.0,34.0,26.2,bac_si,Da Nang,5,62.0
KH19894,37.0,22.3,18.4,ky_su,TP HCM,2,95.0
KH19895,40.0,28.5,24.7,ky_su,Da Nang,11,80.0
KH19896,48.0,7.6,2.5,giao_vien,Can Tho,1,37.0
KH19897,27.0,17.9,7.0,nhan_vien,Da Nang,4,45.0
KH19898,38.0,33.4,24.5,kinh_doanh,Ha Noi,6,80.0
KH19899,18.0,27.7,20.0,nhan_vien,TP HCM,8,59.0
KH19900,32.0,22.5,11.1,giao_vien,TP HCM,0,57.0
KH19901,41.0,5.0,4.9,sinh_vien,Da Nang,1,100.0
KH19902,28.0,23.6,11.3,ky_su,TP HCM,7,54.0
KH19903,51.0,30.5,17.0,nhan_vien,TP HCM,1,59.0
KH19904,48.0,22.7,10.0,nhan_vien,TP HCM,2,37.0
KH19905,48.0,21.1,6.3,nhan_vien,TP HCM,2,30.0
KH19906,31.0,13.8,6.5,nhan_vien,TP HCM,0,56.0
KH19907,36.0,13.4,8.0,ky_su,Da Nang,3,50.0
KH19908,34.0,29.3,19.9,ky_su,TP HCM,5,62.0
KH19909,35.0,16.3,7.6,nhan_vien,TP HCM,2,56.0
KH19910,35.0,33.6,26.6,kinh_doanh,TP HCM,7,82.0
KH19911,38.0,15.9,10.9,nhan_vien,Da Nang,2,63.0
KH19912,21.0,14.9,7.3,nhan_vien,TP HCM,3,49.0
KH19913,33.0,11.5,3.3,giao_vien,Can Tho,0,26.0
KH19914,50.0,30.2,10.4,kinh_doanh,TP HCM,5,35.0
KH19915,46.0,15.7,9.3,nhan_vien,TP HCM,2,57.0
KH19916,46.0,28.9,18.8,nhan_vien,Ha Noi,4,63.0
KH19917,47.0,16.3,9.4,ky_su,TP HCM,4,51.0
KH19918,41.0,5.9,1.6,giao_vien,Ha Noi,1,27.0
KH19919,50.0,8.9,4.7,nhan_vien,Ha Noi,1,50.0
KH19920,52.0,8.6,7.0,ky_su,Ha Noi,0,92.0
KH19921,19.0,18.3,13.3,nhan_vien,TP HCM,3,70.0
KH19922,33.0,8.5,6.8,nhan_vien,Ha Noi,0,84.0
KH19923,23.0,34.1,21.8,kinh_doanh,TP HCM,2,64.0
KH19924,36.0,37.9,25.4,ky_su,Da Nang,6,64.0
KH19925,38.0,22.7,14.9,nhan_vien,Ha Noi,4,54.0
KH19926,35.0,36.3,22.1,ky_su,Can Tho,4,60.0
KH19927,21.0,17.8,16.0,ky_su,TP HCM,3,100.0
KH19928,23.0,13.7,8.4,nhan_vien,Ha Noi,2,62.0
KH19929,59.0,6.4,4.3,giao_vien,Hai Phong,0,66.0
KH19930,25.0,18.9,7.9,giao_vien,TP HCM,0,44.0
KH19931,51.0,15.1,9.5,nhan_vien,TP HCM,2,57.0
KH19932,30.0,14.8,7.3,nhan_vien,TP HCM,2,59.0
KH19933,24.0,17.6,10.9,kinh_doanh,TP HCM,0,62.0
KH19934,55.0,10.0,6.7,nhan_vien,TP HCM,0,71.0
KH19935,34.0,33.2,13.8,bac_si,Ha Noi,5,45.0
KH19936,29.0,3.4,1.5,nhan_vien,TP HCM,1,38.0
KH19937,38.0,15.7,5.8,ky_su,TP HCM,2,40.0
KH19938,47.0,10.0,9.5,ky_su,Ha Noi,4,99.0
KH19939,38.0,23.8,11.8,ky_su,TP HCM,1,51.0
KH19940,18.0,11.2,4.7,giao_vien,TP HCM,0,37.0
KH19941,31.0,9.1,4.6,nhan_vien,Da Nang,1,56.0
KH19942,38.0,10.8,7.3,nhan_vien,Da Nang,6,64.0
KH19943,18.0,15.0,11.8,nhan_vien,Can Tho,2,69.0
KH19944,37.0,25.9,13.5,giao_vien,Da Nang,4,50.0
KH19945,31.0,38.1,22.3,kinh_doanh,Da Nang,9,54.0
KH19946,53.0,30.4,17.3,ky_su,TP HCM,5,64.0
KH19947,40.0,22.8,13.6,nhan_vien,TP HCM,4,61.0
KH19948,25.0,80.9,67.8,ky_su,Da Nang,16,93.0
KH19949,51.0,10.2,3.9,giao_vien,TP HCM,1,42.0
KH19950,23.0,14.3,8.6,nhan_vien,Ha Noi,0,72.0
KH19951,42.0,4.7,4.7,nhan_vien,Hai Phong,0,100.0
KH19952,37.0,43.4,33.1,kinh_doanh,Ha Noi,8,72.0
KH19953,27.0,37.6,33.2,nhan_vien,Da Nang,6,76.0
KH19954,51.0,37.8,17.8,giao_vien,Ha Noi,2,40.0
KH19955,44.0,8.2,6.3,sinh_vien,TP HCM,0,82.0
KH19956,39.0,36.7,22.3,ky_su,TP HCM,2,63.0
KH19957,35.0,7.4,5.3,giao_vien,TP HCM,3,82.0
KH19958,56.0,22.1,15.6,bac_si,Ha Noi,3,81.0
KH19959,31.0,20.1,6.2,kinh_doanh,Da Nang,0,36.0
KH19960,18.0,30.8,18.7,kinh_doanh,TP HCM,4,69.0
KH19961,29.0,23.0,19.0,bac_si,Ha Noi,7,85.0
KH19962,18.0,31.7,21.4,kinh_doanh,Ha Noi,3,72.0
KH19963,22.0,30.1,14.3,nhan_vien,Ha Noi,3,39.0
KH19964,37.0,33.5,14.5,bac_si,TP HCM,3,50.0
KH19965,35.0,18.1,7.0,nhan_vien,Da Nang,1,44.0
KH19966,24.0,23.4,15.4,ky_su,TP HCM,4,78.0
KH19967,36.0,36.8,23.4,kinh_doanh,Da Nang,6,65.0
KH19968,25.0,2.4,2.1,sinh_vien,TP HCM,1,80.0
KH19969,23.0,14.5,9.7,giao_vien,TP HCM,2,78.0
KH19970,26.0,14.5,10.3,giao_vien,Ha Noi,2,77.0
KH19971,41.0,72.5,30.2,ky_su,Da Nang,9,42.0
KH19972,32.0,17.6,5.1,giao_vien,TP HCM,1,30.0
KH19973,38.0,18.5,12.0,ky_su,Can Tho,1,68.0
KH19974,34.0,18.4,10.3,nhan_vien,Can Tho,5,60.0
KH19975,30.0,12.4,8.3,ky_su,TP HCM,3,58.0
KH19976,47.0,10.1,3.6,nhan_vien,Ha Noi,0,34.0
KH19977,55.0,12.8,6.2,nhan_vien,Can Tho,0,58.0
KH19978,18.0,10.5,5.8,nhan_vien,Ha Noi,0,49.0
KH19979,40.0,9.2,3.9,nhan_vien,Can Tho,2,42.0
KH19980,30.0,12.3,6.9,kinh_doanh,Da Nang,1,60.0
KH19981,30.0,13.4,10.7,nhan_vien,Ha Noi,3,90.0
KH19982,26.0,8.5,3.9,kinh_doanh,Can Tho,1,46.0
KH19983,18.0,11.0,4.8,sinh_vien,Ha Noi,1,36.0
KH19984,51.0,6.7,4.7,sinh_vien,TP HCM,1,80.0
KH19985,22.0,11.1,8.7,giao_vien,Ha Noi,6,83.0
KH19986,50.0,26.9,9.8,nhan_vien,Ha Noi,6,32.0
KH19987,45.0,8.3,4.3,sinh_vien,Da Nang,1,48.0
KH19988,38.0,17.3,12.3,nhan_vien,Da Nang,3,68.0
KH19989,41.0,24.0,11.0,giao_vien,TP HCM,4,44.0
KH19990,54.0,22.4,12.3,bac_si,Da Nang,3,47.0
KH19991,18.0,13.2,11.6,ky_su,Da Nang,3,91.0
KH19992,47.0,7.6,7.1,giao_vien,TP HCM,3,78.0
KH19993,59.0,7.6,3.6,sinh_vien,Can Tho,1,53.0
KH19994,38.0,5.9,4.8,sinh_vien,Hai Phong,3,72.0
KH19995,46.0,19.6,18.5,giao_vien,Hai Phong,9,94.0
KH19996,36.0,17.0,11.5,nhan_vien,TP HCM,4,69.0
KH19997,22.0,12.0,4.6,nhan_vien,TP HCM,0,42.0
KH19998,59.0,14.9,11.4,giao_vien,Can Tho,6,90.0
KH19999,28.0,19.7,16.2,ky_su,TP HCM,6,81.0
KH20000,29.0,22.7,15.8,kinh_doanh,Can Tho,4,73.0
